ticker,epic,instrument_name,instrument_type,currency,market_status,search_term
AAPL,UA.D.AAPL.CASH.IP,Apple Inc (24 Hours),SHARES,N/A,TRADEABLE,AA
AAONUS,UA.D.AAONUS.CASH.IP,AAON Inc,SHARES,N/A,TRADEABLE,AA
APCGY,ED.D.APCGY.CASH.IP,Apple Inc (DE),SHARES,N/A,EDITS_ONLY,AA
ARL0GY,ED.D.ARL0GY.CASH.IP,Aareal Bank AG,SHARES,N/A,CLOSED,AA
ARLGY,ED.D.ARLGY.CASH.IP,Aareal Bank AG,SHARES,N/A,CLOSED,AA
AACSS,EH.D.AACSS.CASH.IP,AAC Clyde Space AB,SHARES,N/A,EDITS_ONLY,AA
AAKSS,EH.D.AAKSS.CASH.IP,AarhusKarlshamn AB,SHARES,N/A,EDITS_ONLY,AA
AAQGY,ED.D.AAQGY.CASH.IP,aap Implantate AG,SHARES,N/A,EDITS_ONLY,AA
AALBNA,EG.D.AALBNA.CASH.IP,Aalberts Industries NV,SHARES,N/A,EDITS_ONLY,AA
AARDUS,UA.D.AARDUS.CASH.IP,Aardvark Therapeutics Inc,SHARES,N/A,TRADEABLE,AA
AAAGLN,KA.D.AAAGLN.CASH.IP,Fair Oaks AAA CLO Fund // ETF,SHARES,N/A,EDITS_ONLY,AA
FAAALN,KA.D.FAAALN.CASH.IP,Fair Oaks AAA CLO Fund // ETF (EUR),SHARES,N/A,EDITS_ONLY,AA
XAAALN,KA.D.XAAALN.CASH.IP,Fair Oaks AAA CLO Fund // ETF (XAAA LN),SHARES,N/A,EDITS_ONLY,AA
ICLOLN,KA.D.ICLOLN.CASH.IP,Invesco USD AAA CLO UCITS ETF,SHARES,N/A,EDITS_ONLY,AA
JAAAUS,SI.D.JAAAUS.CASH.IP,Janus Henderson AAA CLO ETF,SHARES,N/A,TRADEABLE,AA
PAALBDC,EP.D.PAALBDC.CASH.IP,Per Aarsleff Holding AS,SHARES,N/A,EDITS_ONLY,AA
SAAALN,KA.D.SAAALN.CASH.IP,iShares Global AAA-AA Government Bond UCITS ETF,SHARES,N/A,EDITS_ONLY,AA
AAPILN,KA.D.AAPILN.CASH.IP,IncomeShares Apple AAPL Options ETP,SHARES,N/A,EDITS_ONLY,AA
JCLGLN,KA.D.JCLGLN.CASH.IP,Janus Henderson Tabula EUR AAA CLO UCITS ETF,SHARES,N/A,EDITS_ONLY,AA
APLYUS,SI.D.APLYUS.CASH.IP,YieldMax AAPL Option Income Strategy ETF,SHARES,N/A,TRADEABLE,AA
QLTAUS,SI.D.QLTAUS.CASH.IP,iShares Aaa - A Rated Corporate Bond ETF,SHARES,N/A,TRADEABLE,AA
3SAALN,KA.D.3SAALN.CASH.IP,Leverage Shares -3x Short Apple AAPL ETP Securities,SHARES,N/A,EDITS_ONLY,AA
ABFP,EC.D.ABFP.CASH.IP,AB Science SA,SHARES,N/A,EDITS_ONLY,AB
SCAB,EH.D.SCAB.CASH.IP,Svenska Cellulosa AB,SHARES,N/A,EDITS_ONLY,AB
ABNBUS,UA.D.ABNBUS.CASH.IP,Airbnb Inc (24 Hours),SHARES,N/A,TRADEABLE,AB
JMSS,EH.D.JMSS.CASH.IP,JM AB,SHARES,N/A,EDITS_ONLY,AB
SKFB,EH.D.SKFB.CASH.IP,AB SKF (publ),SHARES,N/A,EDITS_ONLY,AB
SKFASS,EH.D.SKFASS.CASH.IP,AB SKF (publ),SHARES,N/A,EDITS_ONLY,AB
ABB,EH.D.ABB.CASH.IP,ABB Ltd (SE),SHARES,N/A,EDITS_ONLY,AB
AFBSS,EH.D.AFBSS.CASH.IP,AFRY AB,SHARES,N/A,EDITS_ONLY,AB
ARJOBSS,EH.D.ARJOBSS.CASH.IP,Arjo AB (publ),SHARES,N/A,EDITS_ONLY,AB
CLNKBSS,EH.D.CLNKBSS.CASH.IP,BICO AB,SHARES,N/A,EDITS_ONLY,AB
CRADBSS,EH.D.CRADBSS.CASH.IP,C-Rad AB,SHARES,N/A,EDITS_ONLY,AB
CDONSS,EH.D.CDONSS.CASH.IP,CDON AB,SHARES,N/A,EDITS_ONLY,AB
CTEKSS,EH.D.CTEKSS.CASH.IP,CTEK AB (publ),SHARES,N/A,EDITS_ONLY,AB
DOROSS,EH.D.DOROSS.CASH.IP,Doro AB,SHARES,N/A,CLOSED,AB
DOXASS,EH.D.DOXASS.CASH.IP,Doxa AB,SHARES,N/A,EDITS_ONLY,AB
DUNISS,EH.D.DUNISS.CASH.IP,Duni AB (publ),SHARES,N/A,EDITS_ONLY,AB
ELECSS,EH.D.ELECSS.CASH.IP,Elon AB,SHARES,N/A,EDITS_ONLY,AB
ENEA,EH.D.ENEA.CASH.IP,Enea AB (publ),SHARES,N/A,EDITS_ONLY,AB
FUUDSS,EH.D.FUUDSS.CASH.IP,FUUD AB,SHARES,N/A,CLOSED,AB
K33SS,EH.D.K33SS.CASH.IP,K33 AB,SHARES,N/A,EDITS_ONLY,AB
LINCSS,EH.D.LINCSS.CASH.IP,Linc AB,SHARES,N/A,EDITS_ONLY,AB
MEKOSS,EH.D.MEKOSS.CASH.IP,MEKO AB,SHARES,N/A,EDITS_ONLY,AB
MIPSSS,EH.D.MIPSSS.CASH.IP,Mips AB,SHARES,N/A,EDITS_ONLY,AB
NCCB,EH.D.NCCB.CASH.IP,NCC AB (publ),SHARES,N/A,EDITS_ONLY,AB
NCCASS,EH.D.NCCASS.CASH.IP,NCC AB (publ) - A,SHARES,N/A,EDITS_ONLY,AB
NOTESS,EH.D.NOTESS.CASH.IP,NOTE AB (publ),SHARES,N/A,EDITS_ONLY,AB
NEPASS,EH.D.NEPASS.CASH.IP,Nepa AB (publ),SHARES,N/A,EDITS_ONLY,AB
NYABSESS,EH.D.NYABSESS.CASH.IP,Nyab AB,SHARES,N/A,EDITS_ONLY,AB
OX2SS,EH.D.OX2SS.CASH.IP,OX2 AB,SHARES,N/A,CLOSED,AB
PEABB,EH.D.PEABB.CASH.IP,Peab AB,SHARES,N/A,EDITS_ONLY,AB
ROKOBSS,EH.D.ROKOBSS.CASH.IP,Roko AB,SHARES,N/A,EDITS_ONLY,AB
SASSS,EH.D.SASSS.CASH.IP,SAS AB,SHARES,N/A,CLOSED,AB
SASDC,EP.D.SASDC.CASH.IP,SAS AB (Danish),SHARES,N/A,CLOSED,AB
SSABA,EH.D.SSABA.CASH.IP,SSAB AB (publ) - A,SHARES,N/A,EDITS_ONLY,AB
SAABBSS,EH.D.SAABBSS.CASH.IP,Saab AB,SHARES,N/A,EDITS_ONLY,AB
SHBA,EH.D.SHBA.CASH.IP,Svenska Handelsbanken AB,SHARES,N/A,EDITS_ONLY,AB
URBITSS,EH.D.URBITSS.CASH.IP,URB-IT AB,SHARES,N/A,CLOSED,AB
ASSAB,EH.D.ASSAB.CASH.IP,Assa Abloy AB - B,SHARES,N/A,EDITS_ONLY,AB
ABSOSS,EH.D.ABSOSS.CASH.IP,Absolent Group AB (publ),SHARES,N/A,EDITS_ONLY,AB
2CUREXSS,EH.D.2CUREXSS.CASH.IP,2cureX AB,SHARES,N/A,EDITS_ONLY,AB
4CSS,EH.D.4CSS.CASH.IP,4c Group AB,SHARES,N/A,EDITS_ONLY,AB
SAGAASS,EH.D.SAGAASS.CASH.IP,AB Sagax (publ) - A,SHARES,N/A,EDITS_ONLY,AB
SAGABSS,EH.D.SAGABSS.CASH.IP,AB Sagax - B,SHARES,N/A,EDITS_ONLY,AB
SAGADSS,EH.D.SAGADSS.CASH.IP,AB Sagax - D,SHARES,N/A,EDITS_ONLY,AB
ABVXFP,EC.D.ABVXFP.CASH.IP,ABIVAX SA,SHARES,N/A,EDITS_ONLY,AB
AB9GY,ED.D.AB9GY.CASH.IP,ABO Wind AG,SHARES,N/A,EDITS_ONLY,AB
ALKB,EP.D.ALKB.CASH.IP,ALK-Abello AS,SHARES,N/A,EDITS_ONLY,AB
AQSS,EH.D.AQSS.CASH.IP,AQ Group AB (publ),SHARES,N/A,EDITS_ONLY,AB
ABCLN,KA.D.ABCLN.CASH.IP,Abcam PLC,SHARES,N/A,CLOSED,AB
ACARIXSS,EH.D.ACARIXSS.CASH.IP,Acarix AB,SHARES,N/A,EDITS_ONLY,AB
ACCP,EC.D.ACCP.CASH.IP,Accor SA,SHARES,N/A,EDITS_ONLY,AC
ACE,EF.D.ACE.CASH.IP,ACEA SpA,SHARES,N/A,EDITS_ONLY,AC
ACASTSS,EH.D.ACASTSS.CASH.IP,Acast AB,SHARES,N/A,EDITS_ONLY,AC
ACOMONA,EG.D.ACOMONA.CASH.IP,Acomo N.V,SHARES,N/A,EDITS_ONLY,AC
AKRNLI,PK.D.AKRNLI.CASH.IP,Acron PJSC,SHARES,N/A,CLOSED,AC
NETGSS,EH.D.NETGSS.CASH.IP,Acroud AB,SHARES,N/A,EDITS_ONLY,AC
PIEZOSS,EH.D.PIEZOSS.CASH.IP,Acuvi AB,SHARES,N/A,EDITS_ONLY,AC
ACIUUS,UA.D.ACIUUS.CASH.IP,AC Immune SA,SHARES,N/A,TRADEABLE,AC
ACGLN,KC.D.ACGLN.CASH.IP,ACG Metals Ltd,SHARES,N/A,EDITS_ONLY,AC
ATIFP,EC.D.ATIFP.CASH.IP,ACTIA Group SA,SHARES,N/A,EDITS_ONLY,AC
ACADSS,EH.D.ACADSS.CASH.IP,AcadeMedia AB (publ),SHARES,N/A,EDITS_ONLY,AC
ACCELNA,EG.D.ACCELNA.CASH.IP,Accell Group,SHARES,N/A,CLOSED,AC
ACCDUS,UA.D.ACCDUS.CASH.IP,Accolade Inc,SHARES,N/A,CLOSED,AC
ACCONSS,EH.D.ACCONSS.CASH.IP,Acconeer AB,SHARES,N/A,EDITS_ONLY,AC
ARAYUS,UA.D.ARAYUS.CASH.IP,Accuray Inc,SHARES,N/A,TRADEABLE,AC
IDRAUS,UB.D.IDRAUS.CASH.IP,Aceragen Inc,SHARES,N/A,CLOSED,AC
AKAOUS,UA.D.AKAOUS.CASH.IP,Achaogen Inc,SHARES,N/A,CLOSED,AC
ACONUS,UA.D.ACONUS.CASH.IP,Aclarion Inc,SHARES,N/A,TRADEABLE,AC
ACOUSS,EH.D.ACOUSS.CASH.IP,AcouSort AB,SHARES,N/A,EDITS_ONLY,AC
ATICSS,EH.D.ATICSS.CASH.IP,Actic Group AB,SHARES,N/A,EDITS_ONLY,AC
ACIW,UA.D.ACIW.CASH.IP,ACI Worldwide Inc,SHARES,N/A,TRADEABLE,AC
ACMRUS,UA.D.ACMRUS.CASH.IP,ACM Research Inc,SHARES,N/A,TRADEABLE,AC
ADTN,UA.D.ADTN.CASH.IP,ACORN HOLDCO INC COM,SHARES,N/A,TRADEABLE,AC
ACVAUS,UA.D.ACVAUS.CASH.IP,ACV Auctions Inc,SHARES,N/A,TRADEABLE,AC
ABGLN,KA.D.ABGLN.CASH.IP,Acacia Mining PLC,SHARES,N/A,CLOSED,AC
ACFNUS,UA.D.ACFNUS.CASH.IP,Acorn Energy Inc,SHARES,N/A,TRADEABLE,AC
ACTISS,EH.D.ACTISS.CASH.IP,Active Biotech AB (publ),SHARES,N/A,EDITS_ONLY,AC
AOMLN,KC.D.AOMLN.CASH.IP,ActiveOps Limited,SHARES,N/A,EDITS_ONLY,AC
ENGILN,KC.D.ENGILN.CASH.IP,Acuity RM Group PLC,SHARES,N/A,EDITS_ONLY,AC
AFIBUS,UA.D.AFIBUS.CASH.IP,Acutus Medical Inc,SHARES,N/A,OFFLINE,AC
MACQUUS,UC.D.MACQUUS.CASH.IP,M I Acquisitions Inc,SHARES,N/A,OFFLINE,AC
ZIGUS,SI.D.ZIGUS.CASH.IP,The Acquirers Fund,SHARES,N/A,TRADEABLE,AC
ACACUUS,UA.D.ACACUUS.CASH.IP,Acies Acquisition Corporation,SHARES,N/A,CLOSED,AC
ACKITUS,UA.D.ACKITUS.CASH.IP,Ackrell SPAC Partners I Company (Unit) - ACKIT,SHARES,N/A,CLOSED,AC
FVAMUS,UB.D.FVAMUS.CASH.IP,5:01 Acquisition Corporation (Ord),SHARES,N/A,OFFLINE,AC
ACADUS,UA.D.ACADUS.CASH.IP,ACADIA Pharmaceuticals Inc,SHARES,N/A,TRADEABLE,AC
AMCIUUS,UA.D.AMCIUUS.CASH.IP,AMCI Acquisition Corp II,SHARES,N/A,TRADEABLE,AC
ACPHBB,EA.D.ACPHBB.CASH.IP,Acacia Pharma Group PLC,SHARES,N/A,CLOSED,AC
ACTGUS,UA.D.ACTGUS.CASH.IP,Acacia Research Corp,SHARES,N/A,TRADEABLE,AC
ASOUS,UA.D.ASOUS.CASH.IP,Academy Sports and Outdoors Inc,SHARES,N/A,TRADEABLE,AC
ACHCUS,UA.D.ACHCUS.CASH.IP,Acadia Healthcare Co Inc,SHARES,N/A,TRADEABLE,AC
AC8LN,KC.D.AC8LN.CASH.IP,Acceler8 Ventures PLC,SHARES,N/A,EDITS_ONLY,AC
AXDXUS,UA.D.AXDXUS.CASH.IP,Accelerate Diagnostics Inc,SHARES,N/A,CLOSED,AC
XLRNUS,UD.D.XLRNUS.CASH.IP,Acceleron Pharma Inc,SHARES,N/A,CLOSED,AC
E7SGY,ED.D.E7SGY.CASH.IP,Accentro Real Estate AG,SHARES,N/A,EDITS_ONLY,AC
LOQ,KC.D.LOQ.CASH.IP,Accesso Technology Group Plc,SHARES,N/A,EDITS_ONLY,AC
ACRLLN,KC.D.ACRLLN.CASH.IP,Accrol Group Holdings PLC,SHARES,N/A,CLOSED,AC
AXSLN,KA.D.AXSLN.CASH.IP,Accsys Technologies PLC,SHARES,N/A,EDITS_ONLY,AC
AXSNA,EG.D.AXSNA.CASH.IP,Accsys Technologies PLC (Amsterdam),SHARES,N/A,EDITS_ONLY,AC
YYUS,UD.D.YYUS.CASH.IP,JOYY Inc - ADR,SHARES,N/A,TRADEABLE,AD
ADOCFP,EC.D.ADOCFP.CASH.IP,Adocia,SHARES,N/A,EDITS_ONLY,AD
HIMFP,EC.D.HIMFP.CASH.IP,Adux SA,SHARES,N/A,CLOSED,AD
AFN,KC.D.AFN.CASH.IP,ADVFN PLC,SHARES,N/A,CLOSED,AD
ADAALN,KC.D.ADAALN.CASH.IP,Adams PLC (GBp),SHARES,N/A,CLOSED,AD
ALIFBSS,EH.D.ALIFBSS.CASH.IP,AddLife AB (publ),SHARES,N/A,EDITS_ONLY,AD
ADDTBSS,EH.D.ADDTBSS.CASH.IP,AddTech AB,SHARES,N/A,EDITS_ONLY,AD
TSRA,UD.D.TSRA.CASH.IP,Adeia Inc.,SHARES,N/A,TRADEABLE,AD
ADSGY,ED.D.ADSGY.CASH.IP,Adidas AG,SHARES,N/A,EDITS_ONLY,AD
ADTXUS,UA.D.ADTXUS.CASH.IP,Aditxt Inc,SHARES,N/A,TRADEABLE,AD
ADYENNA,EG.D.ADYENNA.CASH.IP,Adyen NV,SHARES,N/A,EDITS_ONLY,AD
RYAAY,UC.D.RYAAY.CASH.IP,Ryanair Holdings PLC - ADR,SHARES,N/A,TRADEABLE,AD
WPPGY,UD.D.WPPGY.CASH.IP,WPP PLC - ADR,SHARES,N/A,TRADEABLE,AD
ADN1GY,ED.D.ADN1GY.CASH.IP,adesso AG,SHARES,N/A,EDITS_ONLY,AD
JOBS,UB.D.JOBS.CASH.IP,51job Inc - ADR,SHARES,N/A,CLOSED,AD
ASTALN,KC.D.ASTALN.CASH.IP,ADM Energy PLC,SHARES,N/A,EDITS_ONLY,AD
ABCMUS,UA.D.ABCMUS.CASH.IP,Abcam PLC - ADR,SHARES,N/A,CLOSED,AD
ABVXUS,UA.D.ABVXUS.CASH.IP,Abivax SA ADR,SHARES,N/A,TRADEABLE,AD
ADAGUS,UA.D.ADAGUS.CASH.IP,Adagene Inc,SHARES,N/A,TRADEABLE,AD
ADAPTSS,EH.D.ADAPTSS.CASH.IP,Adapteo Oyj,SHARES,N/A,CLOSED,AD
TORCUS,UD.D.TORCUS.CASH.IP,Adicet Bio Inc,SHARES,N/A,TRADEABLE,AD
ADMCMFH,EB.D.ADMCMFH.CASH.IP,Admicom Oyj,SHARES,N/A,EDITS_ONLY,AD
ADVESS,EH.D.ADVESS.CASH.IP,Advenica AB,SHARES,N/A,EDITS_ONLY,AD
BIDU,UA.D.BIDU.CASH.IP,Baidu Inc ADR (24 Hours),SHARES,N/A,TRADEABLE,AD
CRESY,UA.D.CRESY.CASH.IP,Cresud SA - ADR,SHARES,N/A,TRADEABLE,AD
ERICY,UB.D.ERICY.CASH.IP,Ericsson (LM) - B - ADR,SHARES,N/A,TRADEABLE,AD
GRFSUS,UB.D.GRFSUS.CASH.IP,Grifols SA - ADR,SHARES,N/A,TRADEABLE,AD
GCVRZ,UB.D.GCVRZ.CASH.IP,Sanofi - CVR - ADR,SHARES,N/A,CLOSED,AD
NCTY,UC.D.NCTY.CASH.IP,The9 Ltd - ADR,SHARES,N/A,TRADEABLE,AD
VIPUS,SH.D.VIPUS.CASH.IP,VEON Ltd - ADR,SHARES,N/A,TRADEABLE,AD
VALNUS,UD.D.VALNUS.CASH.IP,Valneva SE - ADR,SHARES,N/A,TRADEABLE,AD
VELTUS,UD.D.VELTUS.CASH.IP,Velti PLC - ADR,SHARES,N/A,CLOSED,AD
YJUS,UD.D.YJUS.CASH.IP,Yunji Inc - ADR,SHARES,N/A,TRADEABLE,AD
QFINUS,UC.D.QFINUS.CASH.IP,360 Finance Inc - ADR,SHARES,N/A,TRADEABLE,AD
LBPSUS,UB.D.LBPSUS.CASH.IP,4d pharma plc - US ADR,SHARES,N/A,CLOSED,AD
ZAIMLN,KA.D.ZAIMLN.CASH.IP,ADALAN VENTURES PLC,SHARES,N/A,SUSPENDED,AD
ADDVBSS,EH.D.ADDVBSS.CASH.IP,ADDvise Group AB (publ),SHARES,N/A,CLOSED,AD
ADLGY,ED.D.ADLGY.CASH.IP,ADLER Real Estate AG,SHARES,N/A,CLOSED,AD
ADMAUS,UA.D.ADMAUS.CASH.IP,ADMA Biologics Inc,SHARES,N/A,TRADEABLE,AD
ADJGY,ED.D.ADJGY.CASH.IP,ADO Properties SA,SHARES,N/A,EDITS_ONLY,AD
ADSEUS,UA.D.ADSEUS.CASH.IP,ADS-TEC Energy PLC,SHARES,N/A,TRADEABLE,AD
ADHSJ,AR.D.ADHSJ.CASH.IP,ADvTECH Limited,SHARES,N/A,EDITS_ONLY,AD
ARMUS,UA.D.ARMUS.CASH.IP,ARM Holdings PLC ADR (24 Hours),SHARES,N/A,TRADEABLE,AD
ADTLN,KC.D.ADTLN.CASH.IP,AdEPT Telecom PLC,SHARES,N/A,CLOSED,AD
JEWLUS,UB.D.JEWLUS.CASH.IP,Adamas One Corp,SHARES,N/A,OFFLINE,AD
ADRSJ,AR.D.ADRSJ.CASH.IP,Adcorp Holdings Ltd,SHARES,N/A,EDITS_ONLY,AD
ANODBSS,EH.D.ANODBSS.CASH.IP,Addnode Group AB (publ),SHARES,N/A,EDITS_ONLY,AD
ADUSUS,UA.D.ADUSUS.CASH.IP,Addus HomeCare Corp,SHARES,N/A,TRADEABLE,AD
ANLUS,UA.D.ANLUS.CASH.IP,Adlai Nortye Ltd,SHARES,N/A,TRADEABLE,AD
ADDGY,ED.D.ADDGY.CASH.IP,Adler Modemarkte AG,SHARES,N/A,CLOSED,AD
AEDI,EF.D.AEDI.CASH.IP,Aedes SpA,SHARES,N/A,CLOSED,AE
AEX,IX.D.AEX.IFD.IP,Netherlands 25 Cash (€200),INDICES,N/A,TRADEABLE,AE
AEX,IX.D.AEX.IFM.IP,Netherlands 25 Cash (€40),INDICES,N/A,TRADEABLE,AE
AEX,IX.D.AEX.FWS2.IP,Netherlands 25 (€200),INDICES,N/A,TRADEABLE,AE
AEX,IX.D.AEX.FWM2.IP,Netherlands 25 (€40),INDICES,N/A,TRADEABLE,AE
CFACUS,UA.D.CFACUS.CASH.IP,AEye Inc,SHARES,N/A,TRADEABLE,AE
AFESJ,AR.D.AFESJ.CASH.IP,Aeci Ltd,SHARES,N/A,EDITS_ONLY,AE
AEFIM,EF.D.AEFIM.CASH.IP,Aeffe SpA,SHARES,N/A,EDITS_ONLY,AE
AEGN,EG.D.AEGN.CASH.IP,Aegon NV,SHARES,N/A,EDITS_ONLY,AE
ALMUUS,UA.D.ALMUUS.CASH.IP,Aeluma Inc,SHARES,N/A,TRADEABLE,AE
AEWULN,KC.D.AEWULN.CASH.IP,AEW UK REIT PLC,SHARES,N/A,EDITS_ONLY,AE
INSU,UB.D.INSU.CASH.IP,Aegion Corp,SHARES,N/A,CLOSED,AE
AEGIRT02S,EH.D.AEGIRT02S.CASH.IP,Aegirbio AB (Warrants),SHARES,N/A,CLOSED,AE
AMTXUS,UA.D.AMTXUS.CASH.IP,Aemetis Inc,SHARES,N/A,TRADEABLE,AE
FGAFP,EC.D.FGAFP.CASH.IP,Figeac-Aero SA,SHARES,N/A,EDITS_ONLY,AE
GECLN,KA.D.GECLN.CASH.IP,GE Aerospace,SHARES,N/A,CLOSED,AE
AEPLN,KA.D.AEPLN.CASH.IP,AEP Plantations PLC,SHARES,N/A,EDITS_ONLY,AE
LIDRWUS,UB.D.LIDRWUS.CASH.IP,AEye Inc - warrants,SHARES,N/A,TRADEABLE,AE
AEHRUS,UA.D.AEHRUS.CASH.IP,Aehr Test Systems,SHARES,N/A,TRADEABLE,AE
ADPFP,EC.D.ADPFP.CASH.IP,Aeroports de Paris,SHARES,N/A,EDITS_ONLY,AE
AVAV,UA.D.AVAV.CASH.IP,Aerovironment Inc,SHARES,N/A,TRADEABLE,AE
AEMDUS,UA.D.AEMDUS.CASH.IP,Aethlon Medical Inc,SHARES,N/A,TRADEABLE,AE
MTX,ED.D.MTX.CASH.IP,MTU Aero Engines AG,SHARES,N/A,EDITS_ONLY,AE
TCBKUS,UD.D.TCBKUS.CASH.IP,TriCo Bancsh AE,SHARES,N/A,TRADEABLE,AE
INPXUS,UB.D.INPXUS.CASH.IP,XTI Aerospace Inc,SHARES,N/A,TRADEABLE,AE
AEBIUS,UA.D.AEBIUS.CASH.IP,Aebi Schmidt Holding AG,SHARES,N/A,TRADEABLE,AE
AEOLN,KC.D.AEOLN.CASH.IP,Aeorema Communications PLC,SHARES,N/A,EDITS_ONLY,AE
ASLEUS,UA.D.ASLEUS.CASH.IP,AerSale Corporation,SHARES,N/A,TRADEABLE,AE
AERIUS,UA.D.AERIUS.CASH.IP,Aerie Pharmaceuticals Inc,SHARES,N/A,CLOSED,AE
AERTUS,UA.D.AERTUS.CASH.IP,Aeries Technology Inc,SHARES,N/A,TRADEABLE,AE
AMRBUS,UA.D.AMRBUS.CASH.IP,American River Banksh AE,SHARES,N/A,CLOSED,AE
DACDC,EP.D.DACDC.CASH.IP,Danish Aerospace and Defence Co A/S,SHARES,N/A,CLOSED,AE
FLYUS,UB.D.FLYUS.CASH.IP,Firefly Aerospace Inc,SHARES,N/A,TRADEABLE,AE
IAEX,KA.D.IAEX.CASH.IP,iShares AEX UCITS ETF,SHARES,N/A,EDITS_ONLY,AE
ARBGUUS,UA.D.ARBGUUS.CASH.IP,Aequi Acquisition Corporation,SHARES,N/A,CLOSED,AE
BAERUS,UA.D.BAERUS.CASH.IP,Bridger Aerospace Group Holdings Inc,SHARES,N/A,TRADEABLE,AE
DFENUS,SI.D.DFENUS.CASH.IP,Direxion Daily Aerospace & Defense Bull 3X ETF,SHARES,N/A,TRADEABLE,AE
OTMTLI,PK.D.OTMTLI.CASH.IP,Orascom Investment Holding S. AE,SHARES,N/A,SUSPENDED,AE
DFNDLN,KA.D.DFNDLN.CASH.IP,iShares Global Aerospace & Defence UCITS ETF (GBP),SHARES,N/A,EDITS_ONLY,AE
AIHUS,UA.D.AIHUS.CASH.IP,Aesthetic Medical International Holdings Group Limited,SHARES,N/A,OFFLINE,AE
COMIFP,EC.D.COMIFP.CASH.IP,Constructions Industrielles de la Mediterr AE,SHARES,N/A,CLOSED,AE
SHNYUS,SI.D.SHNYUS.CASH.IP,Direxion Daily Silver Miners Index Bull 2X Sh AE,SHARES,N/A,CLOSED,AE
ICBMLN,KA.D.ICBMLN.CASH.IP,First Trust Indxx Global Aerospace & Defence UCITS ETF,SHARES,N/A,EDITS_ONLY,AE
OMABUS,UC.D.OMABUS.CASH.IP,Grupo Aeroportuario del Centro Norte S.A.B. de CV,SHARES,N/A,TRADEABLE,AE
AEJLLN,KA.D.AEJLLN.CASH.IP,Lyxor UCITS ETF MSCI AC Asia-Pacific ex Japan C-USD - AEJL,SHARES,N/A,EDITS_ONLY,AE
EDS3LN,KA.D.EDS3LN.CASH.IP,WisdomTree STOXX Europe Aerospace & Defence 3x Daily Short,SHARES,N/A,EDITS_ONLY,AE
DAEX,DO.D.DAEX.68.IP,Daily AEX 25 1000 PUT,OPT_INDICES,N/A,SUSPENDED,AE
DAEX,DO.D.DAEX.66.IP,Daily AEX 25 1002 PUT,OPT_INDICES,N/A,SUSPENDED,AE
DAEX,DO.D.DAEX.64.IP,Daily AEX 25 1004 PUT,OPT_INDICES,N/A,SUSPENDED,AE
DAEX,DO.D.DAEX.62.IP,Daily AEX 25 1006 PUT,OPT_INDICES,N/A,SUSPENDED,AE
AF,EC.D.AF.CASH.IP,Air France-KLM,SHARES,N/A,EDITS_ONLY,AF
1AFIM,EF.D.1AFIM.CASH.IP,Air France-KLM (ITA),SHARES,N/A,EDITS_ONLY,AF
SAF,IX.D.SAF.FWM2X.IP,South Africa 40 (R10),INDICES,N/A,TRADEABLE,AF
SAF,IX.D.SAF.FWT2X.IP,South Africa 40 (ZAR2),INDICES,N/A,TRADEABLE,AF
SAF,IX.D.SAF.IFMX.IP,South Africa 40 Cash (R10),INDICES,N/A,TRADEABLE,AF
SAF,IX.D.SAF.IFMMX.IP,South Africa 40 Cash (R2),INDICES,N/A,TRADEABLE,AF
SAF,IX.D.SAF.IFDX.IP,South Africa 40 Cash (R50),INDICES,N/A,TRADEABLE,AF
EMGMKT,IX.D.EMGMKT.SING.IP,Emerging Markets Index ($1),INDICES,N/A,TRADEABLE,AF
EMGMKT,IX.D.EMGMKT.IFM.IP,Emerging Markets Index ($10),INDICES,N/A,TRADEABLE,AF
EMGMKT,IX.D.EMGMKT.IFD.IP,Emerging Markets Index ($50),INDICES,N/A,TRADEABLE,AF
AJAXNA,EG.D.AJAXNA.CASH.IP,AFC Ajax NV,SHARES,N/A,EDITS_ONLY,AF
AMO,KC.D.AMO.CASH.IP,AFERIAN,SHARES,N/A,CLOSED,AF
AFMDUS,UA.D.AFMDUS.CASH.IP,Affimed NV,SHARES,N/A,OFFLINE,AF
AFRLN,KA.D.AFRLN.CASH.IP,Afren PLC,SHARES,N/A,SUSPENDED,AF
AFRILN,KC.D.AFRILN.CASH.IP,AfriAg PLC,SHARES,N/A,CLOSED,AF
SEY,KA.D.SEY.CASH.IP,Afentra Plc,SHARES,N/A,EDITS_ONLY,AF
AFFYUS,UA.D.AFFYUS.CASH.IP,Affymax Inc,SHARES,N/A,OFFLINE,AF
AFYAUS,UA.D.AFYAUS.CASH.IP,Afya Limited,SHARES,N/A,TRADEABLE,AF
RUG1V,EB.D.RUG1V.CASH.IP,Afarak Group OYJ,SHARES,N/A,EDITS_ONLY,AF
AFRKLN,KC.D.AFRKLN.CASH.IP,Afarak Group Oyj,SHARES,N/A,EDITS_ONLY,AF
AFRMUS,UA.D.AFRMUS.CASH.IP,Affirm Holdings Inc (24 Hours),SHARES,N/A,TRADEABLE,AF
AECSS,EH.D.AECSS.CASH.IP,Africa Energy Corp,SHARES,N/A,EDITS_ONLY,AF
AFDDSS,EH.D.AFDDSS.CASH.IP,African Diamond AB (Unlisted),SHARES,N/A,CLOSED,AF
ASPLN,KC.D.ASPLN.CASH.IP,African Pioneer Plc,SHARES,N/A,EDITS_ONLY,AF
AFTSJ,AR.D.AFTSJ.CASH.IP,Afrimat Limited,SHARES,N/A,EDITS_ONLY,AF
AAFLN,KA.D.AAFLN.CASH.IP,Airtel Africa PLC,SHARES,N/A,EDITS_ONLY,AF
LZM,KC.D.LZM.CASH.IP,Cambria Africa PLC,SHARES,N/A,CLOSED,AF
AFHPLN,KC.D.AFHPLN.CASH.IP,AFH Financial Group PLC,SHARES,N/A,CLOSED,AF
AFID,PK.D.AFID.CASH.IP,AFI Development PLC - GDR,SHARES,N/A,CLOSED,AF
AMI,KA.D.AMI.CASH.IP,African Minerals Limited,SHARES,N/A,CLOSED,AF
ARISJ,AR.D.ARISJ.CASH.IP,African Rainbow Minerals Ltd,SHARES,N/A,EDITS_ONLY,AF
AAOGLN,KA.D.AAOGLN.CASH.IP,Anglo African Oil & Gas PLC,SHARES,N/A,CLOSED,AF
PAF,KA.D.PAF.CASH.IP,Pan African Resources PLC,SHARES,N/A,EDITS_ONLY,AF
PANSJ,AR.D.PANSJ.CASH.IP,Pan African Resources PLC (SA),SHARES,N/A,EDITS_ONLY,AF
PREMLN,KC.D.PREMLN.CASH.IP,Premier African Minerals Ltd,SHARES,N/A,EDITS_ONLY,AF
SMALN,KC.D.SMALN.CASH.IP,Sovereign Mines Of Africa PLC,SHARES,N/A,CLOSED,AF
SCAIUS,UD.D.SCAIUS.CASH.IP,Surgical Care Affiliates Inc,SHARES,N/A,CLOSED,AF
ZZDSJ,AR.D.ZZDSJ.CASH.IP,Zeda Ltd/South Africa,SHARES,N/A,EDITS_ONLY,AF
AILSJ,AR.D.AILSJ.CASH.IP,African Rainbow Capital Investments Limited,SHARES,N/A,CLOSED,AF
MLASJ,AR.D.MLASJ.CASH.IP,ArcelorMittal South Africa Ltd,SHARES,N/A,CLOSED,AF
ADSSLN,KC.D.ADSSLN.CASH.IP,Atlas African Industries Limited,SHARES,N/A,CLOSED,AF
FILAIM,EF.D.FILAIM.CASH.IP,F.I.L.A. - Fabbrica Italiana Lapis ed Affini SpA,SHARES,N/A,EDITS_ONLY,AF
SAFRIIM,EF.D.SAFRIIM.CASH.IP,Lyxor MSCI South Africa UCITS ETF,SHARES,N/A,CLOSED,AF
XMAFLN,KA.D.XMAFLN.CASH.IP,Xtrackers MSCI Africa Top 50 Swap UCITS ETF 1C,SHARES,N/A,EDITS_ONLY,AF
IRSALN,KA.D.IRSALN.CASH.IP,iShares MSCI South Africa UCITS ETF - IRSA,SHARES,N/A,EDITS_ONLY,AF
SRSALN,KA.D.SRSALN.CASH.IP,iShares MSCI South Africa UCITS ETF - SRSA,SHARES,N/A,EDITS_ONLY,AF
JRSLN,KA.D.JRSLN.CASH.IP,"JP Morgan Emerging Europe, Middle East & Africa Securities PLC",SHARES,N/A,EDITS_ONLY,AF
DRIGY,ED.D.DRIGY.CASH.IP,1&1 AG,SHARES,N/A,EDITS_ONLY,AG
WASGY,ED.D.WASGY.CASH.IP,H&R AG,SHARES,N/A,EDITS_ONLY,AG
SDF,ED.D.SDF.CASH.IP,K+S AG,SHARES,N/A,EDITS_ONLY,AG
VOW,ED.D.VOW.CASH.IP,Volkswagen AG (Ord),SHARES,N/A,EDITS_ONLY,AG
VSCGY,ED.D.VSCGY.CASH.IP,4SC AG,SHARES,N/A,CLOSED,AG
FOR,EA.D.FOR.CASH.IP,Ageas,SHARES,N/A,EDITS_ONLY,AG
ANOGY,ED.D.ANOGY.CASH.IP,Alno AG,SHARES,N/A,CLOSED,AG
KSCGY,ED.D.KSCGY.CASH.IP,KPS AG,SHARES,N/A,EDITS_ONLY,AG
IWKGY,ED.D.IWKGY.CASH.IP,KUKA AG,SHARES,N/A,CLOSED,AG
M5ZGY,ED.D.M5ZGY.CASH.IP,Manz AG,SHARES,N/A,CLOSED,AG
NFNGY,ED.D.NFNGY.CASH.IP,NFON AG,SHARES,N/A,EDITS_ONLY,AG
OHBGY,ED.D.OHBGY.CASH.IP,OHB AG,SHARES,N/A,EDITS_ONLY,AG
PNE3GY,ED.D.PNE3GY.CASH.IP,PNE AG,SHARES,N/A,EDITS_ONLY,AG
SAPG,ED.D.SAPG.CASH.IP,SAP AG (DE),SHARES,N/A,EDITS_ONLY,AG
SW1GY,ED.D.SW1GY.CASH.IP,SHW AG,SHARES,N/A,CLOSED,AG
SIX2GY,ED.D.SIX2GY.CASH.IP,Sixt AG,SHARES,N/A,EDITS_ONLY,AG
TUI,ED.D.TUI.CASH.IP,TUI AG,SHARES,N/A,EDITS_ONLY,AG
TUILN,KA.D.TUILN.CASH.IP,TUI AG (LSE),SHARES,N/A,CLOSED,AG
VT9,ED.D.VT9.CASH.IP,VTG AG,SHARES,N/A,CLOSED,AG
YOCGY,ED.D.YOCGY.CASH.IP,YOC AG,SHARES,N/A,EDITS_ONLY,AG
CYRGY,ED.D.CYRGY.CASH.IP,cyan AG,SHARES,N/A,EDITS_ONLY,AG
LIO1GY,ED.D.LIO1GY.CASH.IP,2Invest AG,SHARES,N/A,CLOSED,AG
AZ2GR,ED.D.AZ2GR.CASH.IP,ANDRITZ AG (DE),SHARES,N/A,EDITS_ONLY,AG
AGENUS,UA.D.AGENUS.CASH.IP,Agenus Inc,SHARES,N/A,TRADEABLE,AG
APIUS,UA.D.APIUS.CASH.IP,Agora Inc,SHARES,N/A,TRADEABLE,AG
ASLGY,ED.D.ASLGY.CASH.IP,Akasol AG,SHARES,N/A,CLOSED,AG
AAGGY,ED.D.AAGGY.CASH.IP,Aumann AG,SHARES,N/A,EDITS_ONLY,AG
NDAGY,ED.D.NDAGY.CASH.IP,Aurubis AG,SHARES,N/A,EDITS_ONLY,AG
BSLGY,ED.D.BSLGY.CASH.IP,Basler AG,SHARES,N/A,EDITS_ONLY,AG
B5AGY,ED.D.B5AGY.CASH.IP,Bauer AG,SHARES,N/A,CLOSED,AG
BAY,ED.D.BAY.CASH.IP,Bayer AG,SHARES,N/A,EDITS_ONLY,AG
1BAYNIM,EF.D.1BAYNIM.CASH.IP,Bayer AG (ITA),SHARES,N/A,EDITS_ONLY,AG
BMW,ED.D.BMW.CASH.IP,Bayerische Motoren Werke AG,SHARES,N/A,EDITS_ONLY,AG
BC8,ED.D.BC8.CASH.IP,Bechtle AG,SHARES,N/A,EDITS_ONLY,AG
MA1GY,ED.D.MA1GY.CASH.IP,Binect AG,SHARES,N/A,EDITS_ONLY,AG
BIOGY,ED.D.BIOGY.CASH.IP,Biotest AG,SHARES,N/A,CLOSED,AG
O2CGY,ED.D.O2CGY.CASH.IP,CAT Oil AG,SHARES,N/A,CLOSED,AG
CSHGY,ED.D.CSHGY.CASH.IP,CENIT AG,SHARES,N/A,EDITS_ONLY,AG
C3RYGY,ED.D.C3RYGY.CASH.IP,Cherry AG,SHARES,N/A,EDITS_ONLY,AG
BADGY,ED.D.BADGY.CASH.IP,Clere AG,SHARES,N/A,CLOSED,AG
CNWKGY,ED.D.CNWKGY.CASH.IP,Codon AG,SHARES,N/A,EDITS_ONLY,AG
DARGY,ED.D.DARGY.CASH.IP,DATRON AG,SHARES,N/A,EDITS_ONLY,AG
DEZGY,ED.D.DEZGY.CASH.IP,Deutz AG,SHARES,N/A,EDITS_ONLY,AG
DOUGY,ED.D.DOUGY.CASH.IP,Douglas AG,SHARES,N/A,EDITS_ONLY,AG
DUEGY,ED.D.DUEGY.CASH.IP,Duerr AG,SHARES,N/A,EDITS_ONLY,AG
CAPGY,ED.D.CAPGY.CASH.IP,Encavis AG,SHARES,N/A,CLOSED,AG
ECV1GY,ED.D.ECV1GY.CASH.IP,Encavis AG (Tender),SHARES,N/A,CLOSED,AG
EVTGY,ED.D.EVTGY.CASH.IP,Evotec AG,SHARES,N/A,EDITS_ONLY,AG
AHLN,EG.D.AHLN.CASH.IP,Koninklijke Ahold Delhaize NV,SHARES,N/A,EDITS_ONLY,AH
GOG,KA.D.GOG.CASH.IP,Go-Ahead Group PLC,SHARES,N/A,CLOSED,AH
AM1FH,EB.D.AM1FH.CASH.IP,Ahlstrom-Munksjo Oyj,SHARES,N/A,CLOSED,AH
AJABSS,EH.D.AJABSS.CASH.IP,Byggmastare Anders J Ahlstrom Holding AB (publ),SHARES,N/A,EDITS_ONLY,AH
AI,EC.D.AI.CASH.IP,L'Air Liquide SA,SHARES,N/A,EDITS_ONLY,AI
C3AIUSsb01000G6,ON.D.C3AIUSsb01000G6.CASH.IP,C3.ai Inc 1000 CALL,OPT_SHARES,N/A,TRADEABLE,AI
C3AIUSsb01000F6,ON.D.C3AIUSsb01000F6.CASH.IP,C3.ai Inc 1000 CALL,OPT_SHARES,N/A,TRADEABLE,AI
C3AIUSsb01000R6,ON.D.C3AIUSsb01000R6.CASH.IP,C3.ai Inc 1000 PUT,OPT_SHARES,N/A,TRADEABLE,AI
C3AIUSsb01000S6,ON.D.C3AIUSsb01000S6.CASH.IP,C3.ai Inc 1000 PUT,OPT_SHARES,N/A,TRADEABLE,AI
C3AIUSsb01050F6,ON.D.C3AIUSsb01050F6.CASH.IP,C3.ai Inc 1050 CALL,OPT_SHARES,N/A,TRADEABLE,AI
C3AIUSsb01050R6,ON.D.C3AIUSsb01050R6.CASH.IP,C3.ai Inc 1050 PUT,OPT_SHARES,N/A,TRADEABLE,AI
C3AIUSsb01100F6,ON.D.C3AIUSsb01100F6.CASH.IP,C3.ai Inc 1100 CALL,OPT_SHARES,N/A,TRADEABLE,AI
C3AIUSsb01100R6,ON.D.C3AIUSsb01100R6.CASH.IP,C3.ai Inc 1100 PUT,OPT_SHARES,N/A,TRADEABLE,AI
C3AIUSsb01150F6,ON.D.C3AIUSsb01150F6.CASH.IP,C3.ai Inc 1150 CALL,OPT_SHARES,N/A,TRADEABLE,AI
C3AIUSsb01150R6,ON.D.C3AIUSsb01150R6.CASH.IP,C3.ai Inc 1150 PUT,OPT_SHARES,N/A,TRADEABLE,AI
C3AIUSsb01200F6,ON.D.C3AIUSsb01200F6.CASH.IP,C3.ai Inc 1200 CALL,OPT_SHARES,N/A,TRADEABLE,AI
C3AIUSsb01200R6,ON.D.C3AIUSsb01200R6.CASH.IP,C3.ai Inc 1200 PUT,OPT_SHARES,N/A,TRADEABLE,AI
C3AIUSsb01250G6,ON.D.C3AIUSsb01250G6.CASH.IP,C3.ai Inc 1250 CALL,OPT_SHARES,N/A,TRADEABLE,AI
C3AIUSsb01250R6,ON.D.C3AIUSsb01250R6.CASH.IP,C3.ai Inc 1250 PUT,OPT_SHARES,N/A,TRADEABLE,AI
C3AIUSsb01250S6,ON.D.C3AIUSsb01250S6.CASH.IP,C3.ai Inc 1250 PUT,OPT_SHARES,N/A,TRADEABLE,AI
C3AIUSsb01300R6,ON.D.C3AIUSsb01300R6.CASH.IP,C3.ai Inc 1300 PUT,OPT_SHARES,N/A,TRADEABLE,AI
C3AIUSsb01350F6,ON.D.C3AIUSsb01350F6.CASH.IP,C3.ai Inc 1350 CALL,OPT_SHARES,N/A,TRADEABLE,AI
C3AIUSsb01400F6,ON.D.C3AIUSsb01400F6.CASH.IP,C3.ai Inc 1400 CALL,OPT_SHARES,N/A,TRADEABLE,AI
C3AIUSsb01400R6,ON.D.C3AIUSsb01400R6.CASH.IP,C3.ai Inc 1400 PUT,OPT_SHARES,N/A,TRADEABLE,AI
C3AIUSsb01450F6,ON.D.C3AIUSsb01450F6.CASH.IP,C3.ai Inc 1450 CALL,OPT_SHARES,N/A,TRADEABLE,AI
C3AIUSsb01450R6,ON.D.C3AIUSsb01450R6.CASH.IP,C3.ai Inc 1450 PUT,OPT_SHARES,N/A,TRADEABLE,AI
C3AIUSsb01500F6,ON.D.C3AIUSsb01500F6.CASH.IP,C3.ai Inc 1500 CALL,OPT_SHARES,N/A,TRADEABLE,AI
C3AIUSsb01500G6,ON.D.C3AIUSsb01500G6.CASH.IP,C3.ai Inc 1500 CALL,OPT_SHARES,N/A,TRADEABLE,AI
C3AIUSsb01600F6,ON.D.C3AIUSsb01600F6.CASH.IP,C3.ai Inc 1600 CALL,OPT_SHARES,N/A,TRADEABLE,AI
C3AIUSsb01700F6,ON.D.C3AIUSsb01700F6.CASH.IP,C3.ai Inc 1700 CALL,OPT_SHARES,N/A,TRADEABLE,AI
C3AIUSsb01750F6,ON.D.C3AIUSsb01750F6.CASH.IP,C3.ai Inc 1750 CALL,OPT_SHARES,N/A,TRADEABLE,AI
C3AIUSsb01750G6,ON.D.C3AIUSsb01750G6.CASH.IP,C3.ai Inc 1750 CALL,OPT_SHARES,N/A,TRADEABLE,AI
C3AIUSsb00250R6,ON.D.C3AIUSsb00250R6.CASH.IP,C3.ai Inc 250 PUT,OPT_SHARES,N/A,OFFLINE,AI
C3AIUSsb00250S6,ON.D.C3AIUSsb00250S6.CASH.IP,C3.ai Inc 250 PUT,OPT_SHARES,N/A,OFFLINE,AI
C3AIUSsb00500F6,ON.D.C3AIUSsb00500F6.CASH.IP,C3.ai Inc 500 CALL,OPT_SHARES,N/A,TRADEABLE,AI
C3AIUSsb00500R6,ON.D.C3AIUSsb00500R6.CASH.IP,C3.ai Inc 500 PUT,OPT_SHARES,N/A,OFFLINE,AI
C3AIUSsb00500S6,ON.D.C3AIUSsb00500S6.CASH.IP,C3.ai Inc 500 PUT,OPT_SHARES,N/A,TRADEABLE,AI
C3AIUSsb00550F6,ON.D.C3AIUSsb00550F6.CASH.IP,C3.ai Inc 550 CALL,OPT_SHARES,N/A,TRADEABLE,AI
C3AIUSsb00550R6,ON.D.C3AIUSsb00550R6.CASH.IP,C3.ai Inc 550 PUT,OPT_SHARES,N/A,OFFLINE,AI
C3AIUSsb00600F6,ON.D.C3AIUSsb00600F6.CASH.IP,C3.ai Inc 600 CALL,OPT_SHARES,N/A,TRADEABLE,AI
C3AIUSsb00600R6,ON.D.C3AIUSsb00600R6.CASH.IP,C3.ai Inc 600 PUT,OPT_SHARES,N/A,TRADEABLE,AI
C3AIUSsb00650F6,ON.D.C3AIUSsb00650F6.CASH.IP,C3.ai Inc 650 CALL,OPT_SHARES,N/A,TRADEABLE,AI
C3AIUSsb00650R6,ON.D.C3AIUSsb00650R6.CASH.IP,C3.ai Inc 650 PUT,OPT_SHARES,N/A,OFFLINE,AI
C3AIUSsb00700F6,ON.D.C3AIUSsb00700F6.CASH.IP,C3.ai Inc 700 CALL,OPT_SHARES,N/A,TRADEABLE,AI
C3AIUSsb00750F6,ON.D.C3AIUSsb00750F6.CASH.IP,C3.ai Inc 750 CALL,OPT_SHARES,N/A,TRADEABLE,AI
C3AIUSsb00750G6,ON.D.C3AIUSsb00750G6.CASH.IP,C3.ai Inc 750 CALL,OPT_SHARES,N/A,TRADEABLE,AI
C3AIUSsb00750R6,ON.D.C3AIUSsb00750R6.CASH.IP,C3.ai Inc 750 PUT,OPT_SHARES,N/A,TRADEABLE,AI
C3AIUSsb00750S6,ON.D.C3AIUSsb00750S6.CASH.IP,C3.ai Inc 750 PUT,OPT_SHARES,N/A,TRADEABLE,AI
C3AIUSsb00800F6,ON.D.C3AIUSsb00800F6.CASH.IP,C3.ai Inc 800 CALL,OPT_SHARES,N/A,TRADEABLE,AI
C3AIUSsb00800R6,ON.D.C3AIUSsb00800R6.CASH.IP,C3.ai Inc 800 PUT,OPT_SHARES,N/A,TRADEABLE,AI
C3AIUSsb00850R6,ON.D.C3AIUSsb00850R6.CASH.IP,C3.ai Inc 850 PUT,OPT_SHARES,N/A,TRADEABLE,AI
C3AIUSsb00900F6,ON.D.C3AIUSsb00900F6.CASH.IP,C3.ai Inc 900 CALL,OPT_SHARES,N/A,TRADEABLE,AI
C3AIUSsb00900R6,ON.D.C3AIUSsb00900R6.CASH.IP,C3.ai Inc 900 PUT,OPT_SHARES,N/A,TRADEABLE,AI
C3AIUSsb00950F6,ON.D.C3AIUSsb00950F6.CASH.IP,C3.ai Inc 950 CALL,OPT_SHARES,N/A,TRADEABLE,AI
AJBLN,KA.D.AJBLN.CASH.IP,AJ Bell Limited,SHARES,N/A,EDITS_ONLY,AJ
AJAXLN,KC.D.AJAXLN.CASH.IP,Ajax Resources PLC,SHARES,N/A,EDITS_ONLY,AJ
MGICFP,EC.D.MGICFP.CASH.IP,AKWEL,SHARES,N/A,EDITS_ONLY,AK
DNAAUS,UB.D.DNAAUS.CASH.IP,AKILI INC,SHARES,N/A,CLOSED,AK
SONGUS,UD.D.SONGUS.CASH.IP,Akazoo SA,SHARES,N/A,CLOSED,AK
AKUSUS,UA.D.AKUSUS.CASH.IP,Akouos Inc,SHARES,N/A,CLOSED,AK
AKUUS,UA.D.AKUUS.CASH.IP,Akumin Inc,SHARES,N/A,CLOSED,AK
AKZO,EG.D.AKZO.CASH.IP,Akzo Nobel NV,SHARES,N/A,EDITS_ONLY,AK
HXUS,UB.D.HXUS.CASH.IP,Akso Health Group,SHARES,N/A,TRADEABLE,AK
AKTIAFH,EB.D.AKTIAFH.CASH.IP,Aktia Pankki Oyj,SHARES,N/A,EDITS_ONLY,AK
AKTS,UA.D.AKTS.CASH.IP,Aktis Oncology Inc,SHARES,N/A,TRADEABLE,AK
EOLUBSS,EH.D.EOLUBSS.CASH.IP,Eolus Aktiebolag (publ),SHARES,N/A,EDITS_ONLY,AK
GAROSS,EH.D.GAROSS.CASH.IP,Garo Aktiebolag (publ),SHARES,N/A,EDITS_ONLY,AK
HOLMB,EH.D.HOLMB.CASH.IP,Holmen Aktiebolag (publ.),SHARES,N/A,EDITS_ONLY,AK
NYIGASDC,EP.D.NYIGASDC.CASH.IP,Nykredit Invest Globale Aktier SRI Akk.,SHARES,N/A,CLOSED,AK
SEBNDAKDC,EP.D.SEBNDAKDC.CASH.IP,SEBinvest - Nordiske Aktier AKL,SHARES,N/A,CLOSED,AK
AKAFP,EC.D.AKAFP.CASH.IP,AKKA Technologies SE,SHARES,N/A,CLOSED,AK
AKAM,UA.D.AKAM.CASH.IP,Akamai Technologies Inc (24 Hours),SHARES,N/A,TRADEABLE,AK
CLTXUS,UA.D.CLTXUS.CASH.IP,Akari Therapeutics PLC,SHARES,N/A,TRADEABLE,AK
AKBAUS,UA.D.AKBAUS.CASH.IP,Akebia Therapeutics Inc,SHARES,N/A,TRADEABLE,AK
AKROUS,UA.D.AKROUS.CASH.IP,Akero Therapeutics Inc,SHARES,N/A,CLOSED,AK
AKTSUS,UA.D.AKTSUS.CASH.IP,Akoustis Technologies Inc,SHARES,N/A,CLOSED,AK
AKYAUS,UA.D.AKYAUS.CASH.IP,Akoya Biosciences Inc,SHARES,N/A,CLOSED,AK
GILGY,ED.D.GILGY.CASH.IP,DMG MORI AKTIENGESELLSCHAFT,SHARES,N/A,EDITS_ONLY,AK
FPIDKADC,EP.D.FPIDKADC.CASH.IP,Formuepleje - Danske Aktier,SHARES,N/A,CLOSED,AK
JYIHDC,EP.D.JYIHDC.CASH.IP,Jyske Invest Danske Aktier KL,SHARES,N/A,CLOSED,AK
JYIUSADC,EP.D.JYIUSADC.CASH.IP,Jyske Invest USA Aktier KL,SHARES,N/A,CLOSED,AK
BAIGAADC,EP.D.BAIGAADC.CASH.IP,Investeringsforeningen Bankinvest Globale Aktier Akk A Fund,SHARES,N/A,EDITS_ONLY,AK
AKELDSS,EH.D.AKELDSS.CASH.IP,Akelius Residential Property AB (publ),SHARES,N/A,CLOSED,AK
SCHODC,EP.D.SCHODC.CASH.IP,Aktieselskabet Schouw & Company,SHARES,N/A,EDITS_ONLY,AK
ALMBIGBDC,EP.D.ALMBIGBDC.CASH.IP,Alm Brand Invest - Globale Aktier,SHARES,N/A,CLOSED,AK
ABDFUDC,EP.D.ABDFUDC.CASH.IP,Alm Brand Invest - Nordiske Aktier,SHARES,N/A,CLOSED,AK
ALMBIEADC,EP.D.ALMBIEADC.CASH.IP,Alm. Brand Invest - Europaeiske Aktier,SHARES,N/A,CLOSED,AK
DTD2GY,ED.D.DTD2GY.CASH.IP,B+S Banksysteme Aktiengesellschaft,SHARES,N/A,EDITS_ONLY,AK
BAIGAIDC,EP.D.BAIGAIDC.CASH.IP,BankInvest BIX Glob Akt ESG Universal KL,SHARES,N/A,CLOSED,AK
BEZGY,ED.D.BEZGY.CASH.IP,Berentzen-Gruppe Aktiengesellschaft,SHARES,N/A,EDITS_ONLY,AK
DKIGSFUTD,EP.D.DKIGSFUTD.CASH.IP,Danske Invest - Global Sustainable Future Akk,SHARES,N/A,EDITS_ONLY,AK
FIE,ED.D.FIE.CASH.IP,Fielmann Aktiengesellschaft,SHARES,N/A,EDITS_ONLY,AK
JYIIDC,EP.D.JYIIDC.CASH.IP,Jyske Invest - Europaeiske Aktier KL,SHARES,N/A,CLOSED,AK
JYIBDADC,EP.D.JYIBDADC.CASH.IP,Jyske Invest Aktier Ansvarlig Udvikling KL,SHARES,N/A,EDITS_ONLY,AK
JYIFAVDC,EP.D.JYIFAVDC.CASH.IP,Jyske Invest Favorit Aktier KL,SHARES,N/A,CLOSED,AK
JYIEDC,EP.D.JYIEDC.CASH.IP,Jyske Invest Globale Aktier KL,SHARES,N/A,CLOSED,AK
JYIINADC,EP.D.JYIINADC.CASH.IP,Jyske Invest Indiske Aktier KL,SHARES,N/A,CLOSED,AK
JYIKIDC,EP.D.JYIKIDC.CASH.IP,Jyske Invest Kinesiske Aktier KL,SHARES,N/A,CLOSED,AK
LUSGY,ED.D.LUSGY.CASH.IP,Lang & Schwarz Aktiengesellschaft,SHARES,N/A,EDITS_ONLY,AK
MRCG,ED.D.MRCG.CASH.IP,MERCK Kommanditgesellschaft auf Aktien,SHARES,N/A,EDITS_ONLY,AK
NYKGSRIDC,EP.D.NYKGSRIDC.CASH.IP,Nykredit Invest Globale Aktier SRI,SHARES,N/A,CLOSED,AK
PWO,ED.D.PWO.CASH.IP,Progress-Werk Oberkirch Aktiengesellschaft,SHARES,N/A,CLOSED,AK
RHKGY,ED.D.RHKGY.CASH.IP,RHON-KLINIKUM Aktiengesellschaft,SHARES,N/A,EDITS_ONLY,AK
SEBEUGHID,EP.D.SEBEUGHID.CASH.IP,SEBinvest AKL Europa Hojt Udbytte I,SHARES,N/A,CLOSED,AK
EGNHUDTDC,EP.D.EGNHUDTDC.CASH.IP,Sparinvest Momentum Aktier KL,SHARES,N/A,CLOSED,AK
DAX,IX.D.DAX.IFD.IP,Germany 40 Cash (E25),INDICES,N/A,TRADEABLE,AL
DAX,IX.D.DAX.IFM1.IP,Germany 40 Cash (E5),INDICES,N/A,TRADEABLE,AL
DAX,IX.D.DAX.IFS.IP,Germany 40 Cash (GBP1),INDICES,N/A,TRADEABLE,AL
BCHXBT,CS.D.BCHXBT.CFD.IP,Bitcoin Cash/Bitcoin ($1),CURRENCIES,N/A,TRADEABLE,AL
DAX,IX.D.DAX.FN2A.IP,Germany 40 (E1),INDICES,N/A,TRADEABLE,AL
ALS,EC.D.ALS.CASH.IP,Alstom SA,SHARES,N/A,EDITS_ONLY,AL
ALUMINIUM,CS.D.ALUMINIUM.CFD.IP,Aluminium,CURRENCIES,N/A,TRADEABLE,AL
ALUMINIUM,CS.D.ALUMINIUM.MINI.IP,Aluminium ($5 Mini Contract),CURRENCIES,N/A,TRADEABLE,AL
ALOLN,KC.D.ALOLN.CASH.IP,Alecto,SHARES,N/A,CLOSED,AL
SECHFP,EC.D.SECHFP.CASH.IP,ALBIOMA,SHARES,N/A,CLOSED,AL
ALFENNA,EG.D.ALFENNA.CASH.IP,Alfen NV,SHARES,N/A,EDITS_ONLY,AL
ALFUS,UA.D.ALFUS.CASH.IP,Alfi Inc,SHARES,N/A,OFFLINE,AL
ALCOUS,UA.D.ALCOUS.CASH.IP,Alico Inc,SHARES,N/A,TRADEABLE,AL
ALVGY,ED.D.ALVGY.CASH.IP,Allianz SE,SHARES,N/A,EDITS_ONLY,AL
MMGRBSS,EH.D.MMGRBSS.CASH.IP,Alligo AB,SHARES,N/A,EDITS_ONLY,AL
ALMBDC,EP.D.ALMBDC.CASH.IP,Alm. Brand AS,SHARES,N/A,EDITS_ONLY,AL
AEIUS,UA.D.AEIUS.CASH.IP,Alset Inc,SHARES,N/A,TRADEABLE,AL
LTAFP,EC.D.LTAFP.CASH.IP,Altamir,SHARES,N/A,EDITS_ONLY,AL
ATE,EC.D.ATE.CASH.IP,Alten SA,SHARES,N/A,EDITS_ONLY,AL
ALMSUS,UA.D.ALMSUS.CASH.IP,Alumis Inc,SHARES,N/A,TRADEABLE,AL
AESEUS,UA.D.AESEUS.CASH.IP,All In FutureTech Alliance Inc,SHARES,N/A,OFFLINE,AL
SYDBDC,EP.D.SYDBDC.CASH.IP,AL Sydbank A/S,SHARES,N/A,EDITS_ONLY,AL
ALMSS,EH.D.ALMSS.CASH.IP,ALM Equity AB (publ),SHARES,N/A,EDITS_ONLY,AL
ALECUS,UA.D.ALECUS.CASH.IP,Alector Inc,SHARES,N/A,TRADEABLE,AL
PHYFP,EC.D.PHYFP.CASH.IP,Ales Groupe,SHARES,N/A,CLOSED,AL
ALFA,EH.D.ALFA.CASH.IP,Alfa Laval AB,SHARES,N/A,EDITS_ONLY,AL
ALKS,UA.D.ALKS.CASH.IP,Alkermes PLC,SHARES,N/A,TRADEABLE,AL
ALLKUS,UA.D.ALLKUS.CASH.IP,Allakos Inc,SHARES,N/A,CLOSED,AL
BIRDUS,UA.D.BIRDUS.CASH.IP,Allbirds Inc,SHARES,N/A,TRADEABLE,AL
AEIGY,ED.D.AEIGY.CASH.IP,Allgeier SE,SHARES,N/A,EDITS_ONLY,AL
AMOTUS,UA.D.AMOTUS.CASH.IP,Allient Inc.,SHARES,N/A,TRADEABLE,AL
ALMAFH,EB.D.ALMAFH.CASH.IP,Alma Media Oyj,SHARES,N/A,EDITS_ONLY,AL
AIWIM,EF.D.AIWIM.CASH.IP,Almawave SpA,SHARES,N/A,CLOSED,AL
ATFGY,ED.D.ATFGY.CASH.IP,Alphaform AG,SHARES,N/A,CLOSED,AL
ALPUS,UA.D.ALPUS.CASH.IP,Alps Group Inc,SHARES,N/A,TRADEABLE,AL
ALTUS,UA.D.ALTUS.CASH.IP,Altimmune Inc,SHARES,N/A,TRADEABLE,AL
ALTRPL,PO.D.ALTRPL.CASH.IP,Altri SGPS SA,SHARES,N/A,EDITS_ONLY,AL
HMBLN,KA.D.HMBLN.CASH.IP,Altyngold PLC,SHARES,N/A,EDITS_ONLY,AL
ALU,KC.D.ALU.CASH.IP,Alumasc Group,SHARES,N/A,EDITS_ONLY,AL
ALVOUS,UA.D.ALVOUS.CASH.IP,Alvotech SA,SHARES,N/A,TRADEABLE,AL
ALVOSDBSS,EH.D.ALVOSDBSS.CASH.IP,Alvotech SA (SE),SHARES,N/A,EDITS_ONLY,AL
ALZSS,EH.D.ALZSS.CASH.IP,Alzinova AB,SHARES,N/A,EDITS_ONLY,AL
BEIABSS,EH.D.BEIABSS.CASH.IP,Beijer Alma AB (publ),SHARES,N/A,EDITS_ONLY,AL
DOW,IX.D.DOW.IFD.IP,Wall Street Cash ($10),INDICES,N/A,TRADEABLE,AM
DOW,IX.D.DOW.IFM.IP,Wall Street Cash ($2),INDICES,N/A,TRADEABLE,AM
DOW,IX.D.DOW.IFS.IP,Wall Street Cash (£1),INDICES,N/A,TRADEABLE,AM
DOW,IX.D.DOW.FWS2.IP,Wall Street ($10),INDICES,N/A,TRADEABLE,AM
DOW,IX.D.DOW.FWM2.IP,Wall Street ($2),INDICES,N/A,TRADEABLE,AM
AMBUBDC,EP.D.AMBUBDC.CASH.IP,Ambu AS,SHARES,N/A,EDITS_ONLY,AM
AMUNFP,EC.D.AMUNFP.CASH.IP,Amundi,SHARES,N/A,EDITS_ONLY,AM
POWWUS,UC.D.POWWUS.CASH.IP,AMMO Inc,SHARES,N/A,TRADEABLE,AM
AEXGLN,KC.D.AEXGLN.CASH.IP,Amaroq Ltd,SHARES,N/A,EDITS_ONLY,AM
AMBEASS,EH.D.AMBEASS.CASH.IP,Ambea AB (publ),SHARES,N/A,EDITS_ONLY,AM
DOXUS,UB.D.DOXUS.CASH.IP,Amdocs Ltd,SHARES,N/A,TRADEABLE,AM
AMGN,UA.D.AMGN.CASH.IP,Amgen Inc (24 Hours),SHARES,N/A,TRADEABLE,AM
AEXLN,KC.D.AEXLN.CASH.IP,Aminex PLC,SHARES,N/A,EDITS_ONLY,AM
ALMIBFP,EC.D.ALMIBFP.CASH.IP,Amoeba SA,SHARES,N/A,EDITS_ONLY,AM
AMRSUS,UA.D.AMRSUS.CASH.IP,Amyris Inc,SHARES,N/A,CLOSED,AM
AMZN,UA.D.AMZN.CASH.IP,Amazon.com Inc (24 Hours),SHARES,N/A,TRADEABLE,AM
AMSFUS,UA.D.AMSFUS.CASH.IP,AMERISAFE Inc,SHARES,N/A,TRADEABLE,AM
AMBAUS,UA.D.AMBAUS.CASH.IP,Ambarella Inc,SHARES,N/A,TRADEABLE,AM
AMED,UA.D.AMED.CASH.IP,Amedisys Inc,SHARES,N/A,CLOSED,AM
AMSTUS,UA.D.AMSTUS.CASH.IP,Amesite Inc,SHARES,N/A,TRADEABLE,AM
AMPIM,EF.D.AMPIM.CASH.IP,Amplifon SpA,SHARES,N/A,EDITS_ONLY,AM
AMPLUS,UA.D.AMPLUS.CASH.IP,Amplitude Inc,SHARES,N/A,TRADEABLE,AM
AMTELN,KC.D.AMTELN.CASH.IP,Amte Power Plc,SHARES,N/A,CLOSED,AM
ABNNA,EG.D.ABNNA.CASH.IP,ABN AMRO Group NV,SHARES,N/A,EDITS_ONLY,AM
AMCXV,UA.D.AMCXV.CASH.IP,AMC Networks Inc,SHARES,N/A,TRADEABLE,AM
AADGY,ED.D.AADGY.CASH.IP,Amadeus Fire AG,SHARES,N/A,EDITS_ONLY,AM
DISHLN,KC.D.DISHLN.CASH.IP,Amala Foods PLC,SHARES,N/A,EDITS_ONLY,AM
AMRN,UA.D.AMRN.CASH.IP,Amarin Corp PLC - ADR,SHARES,N/A,TRADEABLE,AM
0R1OLN,KC.D.0R1OLN.CASH.IP,Amazon.com Inc - UK,SHARES,N/A,CLOSED,AM
AMZGY,ED.D.AMZGY.CASH.IP,Amazon.com Inc -Ger,SHARES,N/A,EDITS_ONLY,AM
AMCOLN,KC.D.AMCOLN.CASH.IP,Amcomri Group PLC,SHARES,N/A,EDITS_ONLY,AM
AMTBUS,UA.D.AMTBUS.CASH.IP,Amerant Bancorp Inc,SHARES,N/A,TRADEABLE,AM
CRMTUS,UA.D.CRMTUS.CASH.IP,America's Car-Mart Inc,SHARES,N/A,TRADEABLE,AM
AMGOLN,KA.D.AMGOLN.CASH.IP,Amigo Holdings PLC,SHARES,N/A,EDITS_ONLY,AM
ARLLN,KC.D.ARLLN.CASH.IP,Ampeak Energy Ltd,SHARES,N/A,EDITS_ONLY,AM
AMPGUS,UA.D.AMPGUS.CASH.IP,AmpliTech Group Inc,SHARES,N/A,TRADEABLE,AM
AMYTLN,KC.D.AMYTLN.CASH.IP,Amryt Pharma PLC,SHARES,N/A,CLOSED,AM
AMYTUS,UA.D.AMYTUS.CASH.IP,Amryt Pharma PLC - ADR,SHARES,N/A,CLOSED,AM
ASYSUS,UA.D.ASYSUS.CASH.IP,Amtech Systems Inc,SHARES,N/A,TRADEABLE,AM
AAL,KA.D.AAL.CASH.IP,Anglo American PLC,SHARES,N/A,EDITS_ONLY,AM
AGLSJ,AR.D.AGLSJ.CASH.IP,Anglo American PLC (SA),SHARES,N/A,EDITS_ONLY,AM
MWRLLN,KA.D.MWRLLN.CASH.IP,Amundi ETF ICAV - Amundi MSCI World UCITS ETF (GBP),SHARES,N/A,EDITS_ONLY,AM
ALAGLN,KA.D.ALAGLN.CASH.IP,Amundi MSCI Em Latin America UCITS ETF-C USD,SHARES,N/A,EDITS_ONLY,AM
AMZDLN,KA.D.AMZDLN.CASH.IP,IncomeShares Amazon AMZN Options ETP - GBP,SHARES,N/A,EDITS_ONLY,AM
AMGNA,EG.D.AMGNA.CASH.IP,AMG Critical Materials N.V,SHARES,N/A,EDITS_ONLY,AM
AOLN,KA.D.AOLN.CASH.IP,AO World PLC,SHARES,N/A,EDITS_ONLY,AO
AOTILN,KC.D.AOTILN.CASH.IP,AOTI Inc,SHARES,N/A,EDITS_ONLY,AO
APAM,EG.D.APAM.CASH.IP,Aperam SA,SHARES,N/A,EDITS_ONLY,AP
APETITFH,EB.D.APETITFH.CASH.IP,Apetit Oyj,SHARES,N/A,EDITS_ONLY,AP
0R2VLN,KA.D.0R2VLN.CASH.IP,Apple Inc,SHARES,N/A,CLOSED,AP
APRUS,UA.D.APRUS.CASH.IP,Apria Inc,SHARES,N/A,CLOSED,AP
BCACUS,UA.D.BCACUS.CASH.IP,Apexigen Inc,SHARES,N/A,CLOSED,AP
APPFUS,UA.D.APPFUS.CASH.IP,AppFolio Inc,SHARES,N/A,TRADEABLE,AP
AUVIUS,UA.D.AUVIUS.CASH.IP,Applied UV Inc,SHARES,N/A,OFFLINE,AP
APTXUS,UA.D.APTXUS.CASH.IP,Aptinyx Inc,SHARES,N/A,CLOSED,AP
MAERA,EP.D.MAERA.CASH.IP,AP Moeller - Maersk AS - A,SHARES,N/A,EDITS_ONLY,AP
MAERB,EP.D.MAERB.CASH.IP,AP Moeller - Maersk AS - B,SHARES,N/A,EDITS_ONLY,AP
APQLN,KC.D.APQLN.CASH.IP,APQ Global Limited,SHARES,N/A,CLOSED,AP
REDCLN,KC.D.REDCLN.CASH.IP,Apertura Energy Plc,SHARES,N/A,EDITS_ONLY,AP
APLMUS,UA.D.APLMUS.CASH.IP,Apollomics Inc,SHARES,N/A,TRADEABLE,AP
APOTEASS,EH.D.APOTEASS.CASH.IP,Apotea Sverige AB,SHARES,N/A,EDITS_ONLY,AP
NOVSUS,UC.D.NOVSUS.CASH.IP,AppHarvest Inc,SHARES,N/A,CLOSED,AP
APPNUS,UA.D.APPNUS.CASH.IP,Appian Corporation,SHARES,N/A,TRADEABLE,AP
APTALN,KC.D.APTALN.CASH.IP,Aptamer Group PLC,SHARES,N/A,EDITS_ONLY,AP
SEVAUS,UD.D.SEVAUS.CASH.IP,Aptera Motors Corp,SHARES,N/A,TRADEABLE,AP
AAANA,EG.D.AAANA.CASH.IP,AP Alternative Assets LP,SHARES,N/A,CLOSED,AP
APAXLN,KA.D.APAXLN.CASH.IP,Apax Global Alpha Limited,SHARES,N/A,CLOSED,AP
APLSUS,UA.D.APLSUS.CASH.IP,Apellis Pharmaceuticals Inc,SHARES,N/A,CLOSED,AP
CHKEUS,UA.D.CHKEUS.CASH.IP,Apex Global Brands Inc,SHARES,N/A,CLOSED,AP
APGNWUS,UA.D.APGNWUS.CASH.IP,Apexigen Inc - Warrants,SHARES,N/A,CLOSED,AP
APOGUS,UA.D.APOGUS.CASH.IP,Apogee Enterprises Inc,SHARES,N/A,TRADEABLE,AP
APGEUS,UA.D.APGEUS.CASH.IP,Apogee Therapeutics Inc,SHARES,N/A,TRADEABLE,AP
APENUS,UA.D.APENUS.CASH.IP,Apollo Endosurgery Inc,SHARES,N/A,CLOSED,AP
APPUS,UA.D.APPUS.CASH.IP,AppLovin Corporation (24 Hours),SHARES,N/A,TRADEABLE,AP
APDNUS,UA.D.APDNUS.CASH.IP,Applied DNA Sciences Inc,SHARES,N/A,TRADEABLE,AP
APLDUS,UA.D.APLDUS.CASH.IP,Applied Digital Corp (24 Hours),SHARES,N/A,TRADEABLE,AP
AMAT,UA.D.AMAT.CASH.IP,Applied Materials Inc (24 Hours),SHARES,N/A,TRADEABLE,AP
APNLN,KC.D.APNLN.CASH.IP,Applied Nutrition PLC,SHARES,N/A,EDITS_ONLY,AP
AAOIUS,UA.D.AAOIUS.CASH.IP,Applied Optoelectronics Inc,SHARES,N/A,TRADEABLE,AP
APLTUS,UA.D.APLTUS.CASH.IP,Applied Therapeutics Inc,SHARES,N/A,CLOSED,AP
PKGLN,KA.D.PKGLN.CASH.IP,Appreciate Group PLC,SHARES,N/A,CLOSED,AP
APREUS,UA.D.APREUS.CASH.IP,Aprea Therapeutics Inc,SHARES,N/A,TRADEABLE,AP
APVOUS,UA.D.APVOUS.CASH.IP,Aptevo Therapeutics Inc,SHARES,N/A,TRADEABLE,AP
MCGN,KC.D.MCGN.CASH.IP,Aptitude Software Group PLC,SHARES,N/A,EDITS_ONLY,AP
APMUS,UA.D.APMUS.CASH.IP,Aptorum Group Limited,SHARES,N/A,TRADEABLE,AP
APTOUS,UA.D.APTOUS.CASH.IP,Aptose Biosciences Inc,SHARES,N/A,OFFLINE,AP
DRSKUS,SI.D.DRSKUS.CASH.IP,Aptus Defined Risk ETF,SHARES,N/A,TRADEABLE,AP
APYXUS,UA.D.APYXUS.CASH.IP,Apyx Medical Corporation,SHARES,N/A,TRADEABLE,AP
GIIIUS,UB.D.GIIIUS.CASH.IP,G-III Apparel Group Ltd,SHARES,N/A,TRADEABLE,AP
IBABBB,EA.D.IBABBB.CASH.IP,Ion Beam Applications SA,SHARES,N/A,EDITS_ONLY,AP
SAPLLN,KA.D.SAPLLN.CASH.IP,Leverage Shares -1x Apple ETP,SHARES,N/A,EDITS_ONLY,AP
APLSLN,KA.D.APLSLN.CASH.IP,Leverage Shares -1x Apple ETP (USD),SHARES,N/A,EDITS_ONLY,AP
3AAPLN,KA.D.3AAPLN.CASH.IP,Leverage Shares 3x Apple ETP,SHARES,N/A,EDITS_ONLY,AP
3APELN,KA.D.3APELN.CASH.IP,Leverage Shares 3x Apple ETP (EUR),SHARES,N/A,EDITS_ONLY,AP
AQPDC,EP.D.AQPDC.CASH.IP,Aquaporin AS,SHARES,N/A,CLOSED,AQ
ECNLIM,EF.D.ECNLIM.CASH.IP,Aquafil SpA,SHARES,N/A,EDITS_ONLY,AQ
AQMSUS,UA.D.AQMSUS.CASH.IP,Aqua Metals Inc,SHARES,N/A,TRADEABLE,AQ
AQXLN,KC.D.AQXLN.CASH.IP,Aquis Exchange PLC,SHARES,N/A,CLOSED,AQ
ABTULN,KC.D.ABTULN.CASH.IP,AquaBounty Technologies Inc (LSE),SHARES,N/A,CLOSED,AQ
AQBTVUS,UA.D.AQBTVUS.CASH.IP,AquaBounty Technologies Inc (US),SHARES,N/A,TRADEABLE,AQ
AQSTUS,UA.D.AQSTUS.CASH.IP,Aquestive Therapeutics Inc,SHARES,N/A,TRADEABLE,AQ
AQSGLN,KC.D.AQSGLN.CASH.IP,Aquila Services Group PLC,SHARES,N/A,CLOSED,AQ
AEETLN,KC.D.AEETLN.CASH.IP,Aquila Energy Efficiency Trust PLC,SHARES,N/A,EDITS_ONLY,AQ
AERSLN,KA.D.AERSLN.CASH.IP,Aquila European Renewables Income PLC,SHARES,N/A,EDITS_ONLY,AQ
AERILN,KA.D.AERILN.CASH.IP,Aquila European Renewables Income PLC (Eur),SHARES,N/A,EDITS_ONLY,AQ
CFDSILVER,CS.D.CFDSILVER.CFM.IP,Mini Spot Silver (500oz),CURRENCIES,N/A,TRADEABLE,AR
CFDSILVER,CS.D.CFDSILVER.CFDSI.IP,Spot Silver (5000oz),CURRENCIES,N/A,TRADEABLE,AR
SI,MT.D.SI.FWM3.IP,Silver ($10),COMMODITIES,N/A,TRADEABLE,AR
SI,MT.D.SI.FWS3.IP,Silver ($50),COMMODITIES,N/A,TRADEABLE,AR
JXRFP,EC.D.JXRFP.CASH.IP,Archos,SHARES,N/A,EDITS_ONLY,AR
ADESUS,UA.D.ADESUS.CASH.IP,Arq Inc,SHARES,N/A,TRADEABLE,AR
HYACUS,UB.D.HYACUS.CASH.IP,ARKO Corp,SHARES,N/A,TRADEABLE,AR
ARCADNA,EG.D.ARCADNA.CASH.IP,Arcadis NV,SHARES,N/A,EDITS_ONLY,AR
ARHSUS,UA.D.ARHSUS.CASH.IP,Arhaus Inc,SHARES,N/A,TRADEABLE,AR
ARISESS,EH.D.ARISESS.CASH.IP,Arise AB (publ),SHARES,N/A,CLOSED,AR
AKEFP,EC.D.AKEFP.CASH.IP,Arkema SA,SHARES,N/A,EDITS_ONLY,AR
AROCSS,EH.D.AROCSS.CASH.IP,AroCell AB,SHARES,N/A,CLOSED,AR
AROCBTASS,EH.D.AROCBTASS.CASH.IP,AroCell AB (publ),SHARES,N/A,CLOSED,AR
ARXSUS,UA.D.ARXSUS.CASH.IP,Arxis Inc,SHARES,N/A,TRADEABLE,AR
ARGXBB,EA.D.ARGXBB.CASH.IP,arGEN-X N.V,SHARES,N/A,EDITS_ONLY,AR
ARGXUS,UA.D.ARGXUS.CASH.IP,argenx SE,SHARES,N/A,TRADEABLE,AR
ARTGY,ED.D.ARTGY.CASH.IP,artnet AG,SHARES,N/A,CLOSED,AR
AIIDX,IX.D.AIIDX.IGD.IP,AI Index ($1),INDICES,N/A,TRADEABLE,AR
ARKWUS,SI.D.ARKWUS.CASH.IP,ARK Web x.0 ETF,SHARES,N/A,TRADEABLE,AR
VSARUS,UD.D.VSARUS.CASH.IP,Aravive Inc,SHARES,N/A,CLOSED,AR
ARCBUS,UA.D.ARCBUS.CASH.IP,ArcBest Corp,SHARES,N/A,TRADEABLE,AR
AROGY,ED.D.AROGY.CASH.IP,Arcandor AG,SHARES,N/A,CLOSED,AR
ACLXUS,UA.D.ACLXUS.CASH.IP,Arcellx Inc,SHARES,N/A,OFFLINE,AR
FUVUS,UB.D.FUVUS.CASH.IP,Arcimoto Inc,SHARES,N/A,OFFLINE,AR
ARDXUS,UA.D.ARDXUS.CASH.IP,Ardelyx Inc,SHARES,N/A,TRADEABLE,AR
ARGO,KC.D.ARGO.CASH.IP,Argo Group Ltd,SHARES,N/A,CLOSED,AR
ARIONSDBS,EH.D.ARIONSDBS.CASH.IP,Arion Bank hf.,SHARES,N/A,EDITS_ONLY,AR
ARPLSS,EH.D.ARPLSS.CASH.IP,Arla Plast AB,SHARES,N/A,EDITS_ONLY,AR
CIICUS,UA.D.CIICUS.CASH.IP,Arrival Group,SHARES,N/A,ON_AUCTION,AR
ARAIUS,UA.D.ARAIUS.CASH.IP,Arrive AI Inc,SHARES,N/A,TRADEABLE,AR
ALATFFP,EC.D.ALATFFP.CASH.IP,Artefact SA,SHARES,N/A,CLOSED,AR
AIPUS,UA.D.AIPUS.CASH.IP,Arteris Inc,SHARES,N/A,TRADEABLE,AR
ARVNUS,UA.D.ARVNUS.CASH.IP,Arvinas Inc,SHARES,N/A,TRADEABLE,AR
KC,CC.D.KC.UNC.IP,Coffee Arabica ($3.75),COMMODITIES,N/A,TRADEABLE,AR
KC,CC.D.KC.UMP.IP,Coffee Arabica (£1),COMMODITIES,N/A,TRADEABLE,AR
ABCAFP,EC.D.ABCAFP.CASH.IP,ABC Arbitrage SA,SHARES,N/A,EDITS_ONLY,AR
ARBBUS,UA.D.ARBBUS.CASH.IP,ARB IOT Group Ltd,SHARES,N/A,TRADEABLE,AR
ARKKUS,SI.D.ARKKUS.CASH.IP,ARK Innovation ETF,SHARES,N/A,TRADEABLE,AR
ARAMIFP,EC.D.ARAMIFP.CASH.IP,Aramis Group SAS,SHARES,N/A,EDITS_ONLY,AR
MTNA,EG.D.MTNA.CASH.IP,ArcelorMittal (NL),SHARES,N/A,EDITS_ONLY,AR
ARCLN,KC.D.ARCLN.CASH.IP,Arcontech Group PLC,SHARES,N/A,EDITS_ONLY,AR
ARPSS,EH.D.ARPSS.CASH.IP,Arctic Paper SA,SHARES,N/A,EDITS_ONLY,AR
ARDNLN,KC.D.ARDNLN.CASH.IP,Arden Partners PLC,SHARES,N/A,CLOSED,AR
AGFXLN,KA.D.AGFXLN.CASH.IP,Argentex Group PLC,SHARES,N/A,CLOSED,AR
ARBLN,KC.D.ARBLN.CASH.IP,Argo Blockchain PLC,SHARES,N/A,CLOSED,AR
ARISIM,EF.D.ARISIM.CASH.IP,Ariston Holding NV,SHARES,N/A,EDITS_ONLY,AR
ARIXLN,KA.D.ARIXLN.CASH.IP,Arix Bioscience Plc,SHARES,N/A,CLOSED,AR
CONLN,KC.D.CONLN.CASH.IP,Arkle Resources PLC,SHARES,N/A,EDITS_ONLY,AR
ATIM,EF.D.ATIM.CASH.IP,ASTM SpA,SHARES,N/A,CLOSED,AT
ATOFP,EC.D.ATOFP.CASH.IP,AtoS,SHARES,N/A,EDITS_ONLY,AT
ALHYGFP,EC.D.ALHYGFP.CASH.IP,Aton SA,SHARES,N/A,EDITS_ONLY,AT
ATCOA,EH.D.ATCOA.CASH.IP,Atlas Copco AB - A,SHARES,N/A,EDITS_ONLY,AT
ATCOB,EH.D.ATCOB.CASH.IP,Atlas Copco AB - B,SHARES,N/A,EDITS_ONLY,AT
ATEMEFP,EC.D.ATEMEFP.CASH.IP,ATEME SA,SHARES,N/A,EDITS_ONLY,AT
IFG,EC.D.IFG.CASH.IP,Atari SA,SHARES,N/A,EDITS_ONLY,AT
ATEBBB,EA.D.ATEBBB.CASH.IP,Atenor SA,SHARES,N/A,EDITS_ONLY,AT
ATOMLN,KC.D.ATOMLN.CASH.IP,Atome PLC,SHARES,N/A,EDITS_ONLY,AT
BCELUS,UA.D.BCELUS.CASH.IP,Atreca Inc,SHARES,N/A,CLOSED,AT
ATRAVFH,EB.D.ATRAVFH.CASH.IP,Atria Oyj,SHARES,N/A,EDITS_ONLY,AT
ATTSS,EH.D.ATTSS.CASH.IP,Attendo AB (publ),SHARES,N/A,EDITS_ONLY,AT
MWKUS,UC.D.MWKUS.CASH.IP,Aterian Inc,SHARES,N/A,OFFLINE,AT
ATNLN,KC.D.ATNLN.CASH.IP,Aterian PLC,SHARES,N/A,EDITS_ONLY,AT
ATNXUS,UA.D.ATNXUS.CASH.IP,Athenex Inc,SHARES,N/A,CLOSED,AT
ATHXUS,UA.D.ATHXUS.CASH.IP,Athersys Inc,SHARES,N/A,ON_AUCTION,AT
AUT,EF.D.AUT.CASH.IP,Atlantia SpA,SHARES,N/A,CLOSED,AT
ATOMUS,UA.D.ATOMUS.CASH.IP,Atomera Inc,SHARES,N/A,TRADEABLE,AT
ATRCUS,UA.D.ATRCUS.CASH.IP,AtriCure Inc,SHARES,N/A,TRADEABLE,AT
ATRIUS,UA.D.ATRIUS.CASH.IP,Atrion Corp,SHARES,N/A,CLOSED,AT
ROROUS,SI.D.ROROUS.CASH.IP,ATAC US Rotation ETF,SHARES,N/A,OFFLINE,AT
ZBAIUS,UD.D.ZBAIUS.CASH.IP,ATIF Holdings Ltd,SHARES,N/A,OFFLINE,AT
ATPG,UA.D.ATPG.CASH.IP,ATP Oil & Gas Corp,SHARES,N/A,CLOSED,AT
ATAI,UA.D.ATAI.CASH.IP,AtaiBecley Inc,SHARES,N/A,TRADEABLE,AT
EMED,KC.D.EMED.CASH.IP,Atalaya Mining PLC,SHARES,N/A,EDITS_ONLY,AT
ATYLN,KC.D.ATYLN.CASH.IP,Athelney Trust PLC,SHARES,N/A,EDITS_ONLY,AT
ATCLN,KC.D.ATCLN.CASH.IP,Atlantic Coal PLC,SHARES,N/A,CLOSED,AT
TEAMUS,UD.D.TEAMUS.CASH.IP,Atlassian Corp PLC (24 Hours),SHARES,N/A,TRADEABLE,AT
AOFGY,ED.D.AOFGY.CASH.IP,Atoss Software AG,SHARES,N/A,EDITS_ONLY,AT
ATOSUS,UA.D.ATOSUS.CASH.IP,Atossa Genetics Inc,SHARES,N/A,TRADEABLE,AT
LJGRBSS,EH.D.LJGRBSS.CASH.IP,Atrium Ljungberg AB,SHARES,N/A,EDITS_ONLY,AT
ATQTLN,KC.D.ATQTLN.CASH.IP,Attraqt Group Ltd,SHARES,N/A,CLOSED,AT
ACXGY,ED.D.ACXGY.CASH.IP,Bet-At-Home.com AG,SHARES,N/A,EDITS_ONLY,AT
LIFEUS,UB.D.LIFEUS.CASH.IP,aTyr Pharma Inc,SHARES,N/A,TRADEABLE,AT
AACGBU,UA.D.AACGBU.CASH.IP,ATA Creativity Global,SHARES,N/A,TRADEABLE,AT
ATAIUS,UA.D.ATAIUS.CASH.IP,ATA Creativity Global,SHARES,N/A,OFFLINE,AT
JOJOUS,SI.D.JOJOUS.CASH.IP,ATAC Credit Rotation ETF,SHARES,N/A,TRADEABLE,AT
ATS,KA.D.ATS.CASH.IP,ATS - Artemis Alpha Trust PLC,SHARES,N/A,CLOSED,AT
ATRAUS,UA.D.ATRAUS.CASH.IP,Atara Biotherapeutics Inc,SHARES,N/A,TRADEABLE,AT
AVIRUS,UA.D.AVIRUS.CASH.IP,Atea Pharmaceuticals Inc,SHARES,N/A,TRADEABLE,AT
GESDC,EP.D.GESDC.CASH.IP,Athena Investments SA,SHARES,N/A,CLOSED,AT
BATRKUS,UA.D.BATRKUS.CASH.IP,Atlanta Braves Holdings Inc,SHARES,N/A,TRADEABLE,AT
IRRLN,KC.D.IRRLN.CASH.IP,Atlantic Lithium Limited,SHARES,N/A,EDITS_ONLY,AT
ATNIUS,UA.D.ATNIUS.CASH.IP,Atlantic Tele-Network Inc,SHARES,N/A,TRADEABLE,AT
AFHUS,UA.D.AFHUS.CASH.IP,Atlas Financial Holdings Inc,SHARES,N/A,CLOSED,AT
ATLXUS,UA.D.ATLXUS.CASH.IP,Atlas Lithium Corporation,SHARES,N/A,TRADEABLE,AT
MNRGLN,KC.D.MNRGLN.CASH.IP,Atlas Metals Group PLC,SHARES,N/A,EDITS_ONLY,AT
ATATUS,UA.D.ATATUS.CASH.IP,Atour Lifestyle Holdings Ltd,SHARES,N/A,TRADEABLE,AT
ROOFLN,KC.D.ROOFLN.CASH.IP,Atrato Onsite Energy PLC,SHARES,N/A,CLOSED,AT
RNATUS,UC.D.RNATUS.CASH.IP,Atrium Therapeutics Inc,SHARES,N/A,TRADEABLE,AT
AUDUSD,CS.D.AUDUSD.CFD.IP,AUD/USD,CURRENCIES,N/A,TRADEABLE,AU
AUDJPY,CS.D.AUDJPY.CFD.IP,AUD/JPY,CURRENCIES,N/A,TRADEABLE,AU
AUDNZD,CS.D.AUDNZD.CFD.IP,AUD/NZD,CURRENCIES,N/A,TRADEABLE,AU
ASX,IX.D.ASX.IFD.IP,Australia 200 Cash (A$25),INDICES,N/A,TRADEABLE,AU
AUDCAD,CS.D.AUDCAD.CFD.IP,AUD/CAD,CURRENCIES,N/A,TRADEABLE,AU
AUDCHF,CS.D.AUDCHF.CFD.IP,AUD/CHF,CURRENCIES,N/A,TRADEABLE,AU
AUDSGD,CS.D.AUDSGD.CFD.IP,AUD/SGD,CURRENCIES,N/A,TRADEABLE,AU
AUDCAD,CS.D.AUDCAD.MINI.IP,AUD/CAD Mini,CURRENCIES,N/A,TRADEABLE,AU
AUDCHF,CS.D.AUDCHF.MINI.IP,AUD/CHF Mini,CURRENCIES,N/A,TRADEABLE,AU
AUDNZD,CS.D.AUDNZD.MINI.IP,AUD/NZD Mini,CURRENCIES,N/A,TRADEABLE,AU
AUDSGD,CS.D.AUDSGD.MINI.IP,AUD/SGD Mini,CURRENCIES,N/A,TRADEABLE,AU
EURAUD,CS.D.EURAUD.CFD.IP,EUR/AUD,CURRENCIES,N/A,TRADEABLE,AU
GBPAUD,CS.D.GBPAUD.CFD.IP,GBP/AUD,CURRENCIES,N/A,TRADEABLE,AU
AUDGBP,CS.D.AUDGBP.CFD.IP,AUD/GBP,CURRENCIES,N/A,TRADEABLE,AU
AUDGBP,CS.D.AUDGBP.MINI.IP,AUD/GBP Mini,CURRENCIES,N/A,TRADEABLE,AU
NZDAUD,CS.D.NZDAUD.CFD.IP,NZD/AUD,CURRENCIES,N/A,TRADEABLE,AU
ASX,IX.D.ASX.IFM.IP,Australia 200 Cash (A$5),INDICES,N/A,TRADEABLE,AU
NZDAUD,CS.D.NZDAUD.MINI.IP,NZD/AUD Mini,CURRENCIES,N/A,TRADEABLE,AU
AUDCNH,CS.D.AUDCNH.CFD.IP,AUD/CNH,CURRENCIES,N/A,TRADEABLE,AU
AUDCNH,CS.D.AUDCNH.MINI.IP,AUD/CNH Mini,CURRENCIES,N/A,TRADEABLE,AU
ASX,IX.D.ASX.IN2.IP,Australia 200 Cash (A$1),INDICES,N/A,TRADEABLE,AU
ASX,IX.D.ASX.IFS.IP,Australia 200 Cash (GBP1),INDICES,N/A,TRADEABLE,AU
ASX,IX.D.ASX.FWS2.IP,Australia 200 (A$25),INDICES,N/A,TRADEABLE,AU
ASX,IX.D.ASX.FWM2.IP,Australia 200 (A$5),INDICES,N/A,TRADEABLE,AU
AUDEUR,CS.D.AUDEUR.CFD.IP,AUD/EUR,CURRENCIES,N/A,TRADEABLE,AU
AUDEUR,CS.D.AUDEUR.MINI.IP,AUD/EUR Mini,CURRENCIES,N/A,TRADEABLE,AU
AUBFP,EC.D.AUBFP.CASH.IP,Aubay,SHARES,N/A,EDITS_ONLY,AU
SUNASX,IX.D.SUNASX.IFS.IP,Weekend Australia 200 (GBP1),INDICES,N/A,EDITS_ONLY,AU
AUUDUS,UA.D.AUUDUS.CASH.IP,Auddia Inc,SHARES,N/A,TRADEABLE,AU
AUG,KC.D.AUG.CASH.IP,Augean PLC,SHARES,N/A,CLOSED,AU
AMV0GY,ED.D.AMV0GY.CASH.IP,Aumovio SE,SHARES,N/A,EDITS_ONLY,AU
LIUS,UB.D.LIUS.CASH.IP,Li Auto Inc,SHARES,N/A,TRADEABLE,AU
AUIDUS,UA.D.AUIDUS.CASH.IP,authID Inc,SHARES,N/A,TRADEABLE,AU
AG1GY,ED.D.AG1GY.CASH.IP,AUTO1 Group SE,SHARES,N/A,EDITS_ONLY,AU
AEYEUS,UA.D.AEYEUS.CASH.IP,AudioEye Inc,SHARES,N/A,TRADEABLE,AU
AUGXUS,UA.D.AUGXUS.CASH.IP,Augmedix Inc,SHARES,N/A,CLOSED,AU
PWMUS,UC.D.PWMUS.CASH.IP,Aurelion Inc,SHARES,N/A,TRADEABLE,AU
AR4GY,ED.D.AR4GY.CASH.IP,Aurelius AG,SHARES,N/A,EDITS_ONLY,AU
ABTLUS,UA.D.ABTLUS.CASH.IP,Autobytel Inc,SHARES,N/A,CLOSED,AU
ADSK,UA.D.ADSK.CASH.IP,Autodesk Inc (24 Hours),SHARES,N/A,TRADEABLE,AU
AGL,EF.D.AGL.CASH.IP,Autogrill SpA,SHARES,N/A,CLOSED,AU
ALIV,EH.D.ALIV.CASH.IP,Autoliv Inc (SE),SHARES,N/A,EDITS_ONLY,AU
AUDUSD,CS.D.AUDUSD.MINI.IP,AUD/USD Mini,CURRENCIES,N/A,TRADEABLE,AU
AUCTLN,KC.D.AUCTLN.CASH.IP,Auctus Growth PLC,SHARES,N/A,CLOSED,AU
AUDCUS,UA.D.AUDCUS.CASH.IP,AudioCodes Ltd,SHARES,N/A,TRADEABLE,AU
BOOMLN,KC.D.BOOMLN.CASH.IP,Audioboom Group PLC,SHARES,N/A,EDITS_ONLY,AU
ALAUPFP,EC.D.ALAUPFP.CASH.IP,Auplata Mining,SHARES,N/A,CLOSED,AU
AV,KA.D.AV.CASH.IP,Aviva PLC,SHARES,N/A,EDITS_ONLY,AV
AVISJ,AR.D.AVISJ.CASH.IP,AVI Ltd,SHARES,N/A,EDITS_ONLY,AV
AVSTLN,KA.D.AVSTLN.CASH.IP,Avast PLC,SHARES,N/A,CLOSED,AV
AVDRUS,UA.D.AVDRUS.CASH.IP,Avedro Inc,SHARES,N/A,CLOSED,AV
AEGSJ,AR.D.AEGSJ.CASH.IP,Aveng Ltd,SHARES,N/A,EDITS_ONLY,AV
AVENSS,EH.D.AVENSS.CASH.IP,Avensia AB,SHARES,N/A,EDITS_ONLY,AV
AVIDLYFH,EB.D.AVIDLYFH.CASH.IP,Avidly Oyj,SHARES,N/A,CLOSED,AV
AVIOIM,EF.D.AVIOIM.CASH.IP,Avio SpA,SHARES,N/A,EDITS_ONLY,AV
AVLN7875P,KC.D.AVLN7875P.CASH.IP,AVLN 7 7/8 PERP,SHARES,N/A,CLOSED,AV
INSP,UB.D.INSP.CASH.IP,"Avantax, Inc",SHARES,N/A,CLOSED,AV
AVTXNA,EG.D.AVTXNA.CASH.IP,Avantium NV,SHARES,N/A,EDITS_ONLY,AV
TFBANKSS,EH.D.TFBANKSS.CASH.IP,Avarda Bank AB (publ),SHARES,N/A,CLOSED,AV
AVAPLN,KC.D.AVAPLN.CASH.IP,Avation PLC,SHARES,N/A,EDITS_ONLY,AV
APXTUS,UA.D.APXTUS.CASH.IP,AvePoint Inc,SHARES,N/A,TRADEABLE,AV
AVGRUS,UA.D.AVGRUS.CASH.IP,Avinger Inc,SHARES,N/A,CLOSED,AV
BTEM,KA.D.BTEM.CASH.IP,AVI Global Trust PLC,SHARES,N/A,EDITS_ONLY,AV
AVTBSS,EH.D.AVTBSS.CASH.IP,AVTECH Sweden AB,SHARES,N/A,EDITS_ONLY,AV
AVCTLN,KC.D.AVCTLN.CASH.IP,Avacta Group PLC,SHARES,N/A,EDITS_ONLY,AV
AVALN,KC.D.AVALN.CASH.IP,Avanti Capital PLC,SHARES,N/A,CLOSED,AV
AVTFP,EC.D.AVTFP.CASH.IP,Avenir Telecom,SHARES,N/A,EDITS_ONLY,AV
AVS,KC.D.AVS.CASH.IP,Avesco Group PLC,SHARES,N/A,CLOSED,AV
AVV,KA.D.AVV.CASH.IP,Aveva Group PLC,SHARES,N/A,CLOSED,AV
HSTX,UB.D.HSTX.CASH.IP,Aviat Networks Inc,SHARES,N/A,TRADEABLE,AV
AVIDUS,UA.D.AVIDUS.CASH.IP,Avid Technology Inc,SHARES,N/A,CLOSED,AV
AVGLN,KC.D.AVGLN.CASH.IP,Avingtrans PLC,SHARES,N/A,EDITS_ONLY,AV
RCELUS,UC.D.RCELUS.CASH.IP,Avita Medical Inc,SHARES,N/A,TRADEABLE,AV
AVBLN,KC.D.AVBLN.CASH.IP,Aviva PLC 8 3/8 PERP,SHARES,N/A,CLOSED,AV
AVM,KA.D.AVM.CASH.IP,Avocet Mining PLC,SHARES,N/A,CLOSED,AV
AVON,KA.D.AVON.CASH.IP,Avon Protection plc,SHARES,N/A,EDITS_ONLY,AV
ENFAUUS,UB.D.ENFAUUS.CASH.IP,890 5th Avenue Partners Inc (unit),SHARES,N/A,CLOSED,AV
AGRIUS,UA.D.AGRIUS.CASH.IP,AVAX One Technology Ltd,SHARES,N/A,TRADEABLE,AV
AVEOUS,UA.D.AVEOUS.CASH.IP,AVEO Pharmaceuticals Inc,SHARES,N/A,CLOSED,AV
CERCUS,UA.D.CERCUS.CASH.IP,Avalo Therapeutics Inc,SHARES,N/A,TRADEABLE,AV
AVUSUS,SI.D.AVUSUS.CASH.IP,Avantis US Equity ETF,SHARES,N/A,TRADEABLE,AV
AZASS,EH.D.AZASS.CASH.IP,Avanza Bank Holding AB,SHARES,N/A,EDITS_ONLY,AV
ATXIUS,UA.D.ATXIUS.CASH.IP,Avenue Therapeutics Inc,SHARES,N/A,OFFLINE,AV
AUE,KC.D.AUE.CASH.IP,Avesoro Resources Inc,SHARES,N/A,CLOSED,AV
PPHMUS,UC.D.PPHMUS.CASH.IP,Avid Bioservices Inc,SHARES,N/A,CLOSED,AV
AVDXUS,UA.D.AVDXUS.CASH.IP,AvidXchange Holdings Inc,SHARES,N/A,CLOSED,AV
RNAUS,UC.D.RNAUS.CASH.IP,Avidity Biosciences Inc,SHARES,N/A,EDITS_ONLY,AV
CARUS,UA.D.CARUS.CASH.IP,Avis Budget Group Inc,SHARES,N/A,TRADEABLE,AV
AVLN,KC.D.AVLN.CASH.IP,Aviva PLC 8.75 12/31/49 pfd,SHARES,N/A,CLOSED,AV
AMFP,EC.D.AMFP.CASH.IP,Dassault Aviation SA,SHARES,N/A,EDITS_ONLY,AV
BBA,KA.D.BBA.CASH.IP,Signature Aviation PLC,SHARES,N/A,CLOSED,AV
HGR8LN,KC.D.HGR8LN.CASH.IP,Gama Aviation,SHARES,N/A,CLOSED,AV
AWRDSS,EH.D.AWRDSS.CASH.IP,Awardit AB (publ),SHARES,N/A,CLOSED,AW
AWREUS,UA.D.AWREUS.CASH.IP,Aware Inc,SHARES,N/A,TRADEABLE,AW
EAGGUS,SI.D.EAGGUS.CASH.IP,iShares ESG Aware US Aggregate Bond ETF,SHARES,N/A,TRADEABLE,AW
ESGDUS,UB.D.ESGDUS.CASH.IP,iShares Trust iShares ESG Aware MSCI EAFE ETF,SHARES,N/A,TRADEABLE,AW
CS,EC.D.CS.CASH.IP,AXA SA,SHARES,N/A,EDITS_ONLY,AX
AXTIUS,UA.D.AXTIUS.CASH.IP,AXT Inc,SHARES,N/A,TRADEABLE,AX
AXFOSS,EH.D.AXFOSS.CASH.IP,Axfood AB (publ),SHARES,N/A,EDITS_ONLY,AX
AXICASS,EH.D.AXICASS.CASH.IP,Axichem AB,SHARES,N/A,EDITS_ONLY,AX
AXGNUS,UA.D.AXGNUS.CASH.IP,AxoGen Inc,SHARES,N/A,TRADEABLE,AX
AXBLI,PK.D.AXBLI.CASH.IP,Axis Bank Ltd,SHARES,N/A,EDITS_ONLY,AX
AXLAUS,UA.D.AXLAUS.CASH.IP,Axcella Health Inc,SHARES,N/A,CLOSED,AX
SKLNUS,UD.D.SKLNUS.CASH.IP,Axe Compute Inc,SHARES,N/A,TRADEABLE,AX
TASR,UD.D.TASR.CASH.IP,Axon Enterprise Inc (24 Hours),SHARES,N/A,TRADEABLE,AX
BOFIUS,UA.D.BOFIUS.CASH.IP,Axos Financial Inc,SHARES,N/A,TRADEABLE,AX
HYLDUS,SI.D.HYLDUS.CASH.IP,AXS Real Estate Income ETF,SHARES,N/A,OFFLINE,AX
ACLSUS,UA.D.ACLSUS.CASH.IP,Axcelis Technologies Inc,SHARES,N/A,TRADEABLE,AX
AXSMUS,UA.D.AXSMUS.CASH.IP,Axsome Therapeutics Inc,SHARES,N/A,TRADEABLE,AX
AXNXUS,UA.D.AXNXUS.CASH.IP,Axonics Modulation Technologies Inc,SHARES,N/A,CLOSED,AX
ALDFP,EC.D.ALDFP.CASH.IP,Ayvens,SHARES,N/A,EDITS_ONLY,AY
AYTUUS,UA.D.AYTUUS.CASH.IP,Aytu BioScience Inc,SHARES,N/A,TRADEABLE,AY
AYAUS,UA.D.AYAUS.CASH.IP,Aya Gold & Silver Inc - US ADR,SHARES,N/A,TRADEABLE,AY
AYLAUS,UA.D.AYLAUS.CASH.IP,Ayala Pharmaceuticals Inc,SHARES,N/A,CLOSED,AY
ADXSUS,UA.D.ADXSUS.CASH.IP,"Ayala Pharmaceuticals, Inc.",SHARES,N/A,CLOSED,AY
AZUS,UA.D.AZUS.CASH.IP,A2Z Cust2Mate Solutions Corp,SHARES,N/A,TRADEABLE,AZ
AZELIOSS,EH.D.AZELIOSS.CASH.IP,Azelio AB,SHARES,N/A,CLOSED,AZ
BRKSUS,UA.D.BRKSUS.CASH.IP,Azenta Inc,SHARES,N/A,TRADEABLE,AZ
AZEBB,EA.D.AZEBB.CASH.IP,Azelis Group NV,SHARES,N/A,EDITS_ONLY,AZ
AZMIM,EF.D.AZMIM.CASH.IP,Azimut Holding SpA,SHARES,N/A,EDITS_ONLY,AZ
AZELTO33S,EH.D.AZELTO33S.CASH.IP,Azelio AB Rights Issue,SHARES,N/A,CLOSED,AZ
TRNIM,EF.D.TRNIM.CASH.IP,Terna - Rete Elettrica Nazionale Societa per Azioni,SHARES,N/A,EDITS_ONLY,AZ
BA,KA.D.BA.CASH.IP,BAE Systems PLC,SHARES,N/A,EDITS_ONLY,BA
LLOY,KA.D.LLOY.CASH.IP,Lloyds Banking Group PLC,SHARES,N/A,EDITS_ONLY,BA
DX,CO.D.DX.FWS2.IP,US Dollar Basket ($10),COMMODITIES,N/A,TRADEABLE,BA
DX,CO.D.DX.FWM2.IP,US Dollar Basket ($5),COMMODITIES,N/A,TRADEABLE,BA
BAY,KA.D.BAY.CASH.IP,International Consolidated Airlines Group SA (LSE),SHARES,N/A,EDITS_ONLY,BA
BAS,ED.D.BAS.CASH.IP,BASF SE,SHARES,N/A,EDITS_ONLY,BA
BWBGY,ED.D.BWBGY.CASH.IP,Baader Bank AG,SHARES,N/A,EDITS_ONLY,BA
BARC,KA.D.BARC.CASH.IP,Barclays PLC,SHARES,N/A,EDITS_ONLY,BA
BPEIM,EF.D.BPEIM.CASH.IP,Banca Popolare dell'Emilia Romagna SCRL,SHARES,N/A,EDITS_ONLY,BA
BAG,KA.D.BAG.CASH.IP,BARR (A.G.) PLC,SHARES,N/A,EDITS_ONLY,BA
VIHUS,UD.D.VIHUS.CASH.IP,Bakkt Inc,SHARES,N/A,TRADEABLE,BA
BALYOFP,EC.D.BALYOFP.CASH.IP,Balyo SA,SHARES,N/A,CLOSED,BA
BMPS,EF.D.BMPS.CASH.IP,Banca Monte dei Paschi di Siena SpA,SHARES,N/A,EDITS_ONLY,BA
BGO,KC.D.BGO.CASH.IP,Bango PLC,SHARES,N/A,EDITS_ONLY,BA
OZRKUS,UC.D.OZRKUS.CASH.IP,Bank OZK,SHARES,N/A,TRADEABLE,BA
BZUNUS,UA.D.BZUNUS.CASH.IP,Baozun Inc,SHARES,N/A,TRADEABLE,BA
BARBB,EA.D.BARBB.CASH.IP,Barco NV,SHARES,N/A,EDITS_ONLY,BA
FRBAUS,UB.D.FRBAUS.CASH.IP,First Bank,SHARES,N/A,TRADEABLE,BA
JYSK,EP.D.JYSK.CASH.IP,Jyske Bank AS,SHARES,N/A,EDITS_ONLY,BA
LEASS,EH.D.LEASS.CASH.IP,Lea Bank AB,SHARES,N/A,EDITS_ONLY,BA
MNBADC,EP.D.MNBADC.CASH.IP,Mons Bank,SHARES,N/A,EDITS_ONLY,BA
SPKSJFDC,EP.D.SPKSJFDC.CASH.IP,SJF Bank A/S,SHARES,N/A,CLOSED,BA
TOWNUS,UD.D.TOWNUS.CASH.IP,Towne Bank,SHARES,N/A,TRADEABLE,BA
BMRCUS,UA.D.BMRCUS.CASH.IP,Bank of Marin Ban Corporation,SHARES,N/A,TRADEABLE,BA
BYWGY,ED.D.BYWGY.CASH.IP,BYW - BayWa AG,SHARES,N/A,EDITS_ONLY,BA
BYW6GY,ED.D.BYW6GY.CASH.IP,BYW6 - BayWa AG,SHARES,N/A,EDITS_ONLY,BA
BLZEUS,UA.D.BLZEUS.CASH.IP,Backblaze Inc,SHARES,N/A,TRADEABLE,BA
ALBKKFP,EC.D.ALBKKFP.CASH.IP,Baikowski SAS,SHARES,N/A,EDITS_ONLY,BA
BCPCUS,UA.D.BCPCUS.CASH.IP,Balchem Corp,SHARES,N/A,TRADEABLE,BA
BALCOSS,EH.D.BALCOSS.CASH.IP,Balco Group AB,SHARES,N/A,EDITS_ONLY,BA
BUSERSS,EH.D.BUSERSS.CASH.IP,Bambuser AB,SHARES,N/A,EDITS_ONLY,BA
IFIM,EF.D.IFIM.CASH.IP,Banca IFIS SpA,SHARES,N/A,EDITS_ONLY,BA
BAMIIM,EF.D.BAMIIM.CASH.IP,Banco BPM SpA,SHARES,N/A,EDITS_ONLY,BA
TBBKUS,UD.D.TBBKUS.CASH.IP,Bancorp Inc,SHARES,N/A,TRADEABLE,BA
BANDUS,UA.D.BANDUS.CASH.IP,Bandwidth Inc,SHARES,N/A,TRADEABLE,BA
BOBDC,EP.D.BOBDC.CASH.IP,Bang & Olufsen AS - B,SHARES,N/A,EDITS_ONLY,BA
BBFP,EC.D.BBFP.CASH.IP,Societe BIC SA,SHARES,N/A,EDITS_ONLY,BB
BBGILN,KA.D.BBGILN.CASH.IP,BBGI SICAV SA Fund,SHARES,N/A,CLOSED,BB
CLOZUS,SI.D.CLOZUS.CASH.IP,Eldridge BBB B CLO ETF,SHARES,N/A,TRADEABLE,BB
IEBBLN,KA.D.IEBBLN.CASH.IP,iShares Euro Corporate Bond BBB-BB UCITS ETF - IEBB,SHARES,N/A,CLOSED,BB
BSUSLN,KA.D.BSUSLN.CASH.IP,UBS BBG MSCI US Liquid Corp Sustainable UCITS ETF,SHARES,N/A,EDITS_ONLY,BB
BCIM,EF.D.BCIM.CASH.IP,Brunello Cucinelli SpA,SHARES,N/A,EDITS_ONLY,BC
LANFP,EC.D.LANFP.CASH.IP,Lanson-BCC,SHARES,N/A,EDITS_ONLY,BC
KCAPUS,UB.D.KCAPUS.CASH.IP,BCP Investment Corporation,SHARES,N/A,ON_AUCTION,BC
CCAPUS,UA.D.CCAPUS.CASH.IP,Crescent Capital BDC Inc,SHARES,N/A,TRADEABLE,BD
BIZDUS,SI.D.BIZDUS.CASH.IP,Market Vectors BDC Income ETF,SHARES,N/A,TRADEABLE,BD
GLABLN,KA.D.GLABLN.CASH.IP,SPDR Bloomberg Global Aggrt Bd UCITS ETF GBPH Dist,SHARES,N/A,EDITS_ONLY,BD
MTUFP,EC.D.MTUFP.CASH.IP,Manitou BF SA,SHARES,N/A,EDITS_ONLY,BF
BGCP,UA.D.BGCP.CASH.IP,BGC Group Inc,SHARES,N/A,TRADEABLE,BG
BGBL,KC.D.BGBL.CASH.IP,Bglobal PLC,SHARES,N/A,CLOSED,BG
QLIUS,UC.D.QLIUS.CASH.IP,BGM Group Limited,SHARES,N/A,TRADEABLE,BG
BHFP,EC.D.BHFP.CASH.IP,Savencia SA,SHARES,N/A,EDITS_ONLY,BH
BLT,KA.D.BLT.CASH.IP,BHP Group PLC (LSE),SHARES,N/A,EDITS_ONLY,BH
BILSJ,AR.D.BILSJ.CASH.IP,BHP Group PLC (SA),SHARES,N/A,EDITS_ONLY,BH
BHGG,KA.D.BHGG.CASH.IP,BH Global Ltd - GBP,SHARES,N/A,CLOSED,BH
BHGU,KA.D.BHGU.CASH.IP,BH Global Ltd - USD,SHARES,N/A,CLOSED,BH
BHMULN,KA.D.BHMULN.CASH.IP,BH Macro Limited,SHARES,N/A,EDITS_ONLY,BH
BHMG,KA.D.BHMG.CASH.IP,BH Macro Ltd - GBP,SHARES,N/A,EDITS_ONLY,BH
BILIUS,UA.D.BILIUS.CASH.IP,Bilibili (24 Hours),SHARES,N/A,TRADEABLE,BI
BIONLN,KC.D.BIONLN.CASH.IP,BiON PLC,SHARES,N/A,CLOSED,BI
BSSIM,EF.D.BSSIM.CASH.IP,Biesse SpA,SHARES,N/A,EDITS_ONLY,BI
BILIASS,EH.D.BILIASS.CASH.IP,Bilia AB,SHARES,N/A,EDITS_ONLY,BI
BIOGBSS,EH.D.BIOGBSS.CASH.IP,BioGaia AB,SHARES,N/A,EDITS_ONLY,BI
BIOPORDC,EP.D.BIOPORDC.CASH.IP,BioPorto AS,SHARES,N/A,EDITS_ONLY,BI
BIVIUS,UA.D.BIVIUS.CASH.IP,BioVie Inc,SHARES,N/A,TRADEABLE,BI
BIOBVFH,EB.D.BIOBVFH.CASH.IP,Biohit Oyj,SHARES,N/A,EDITS_ONLY,BI
BIOTSS,EH.D.BIOTSS.CASH.IP,Biotage AB,SHARES,N/A,CLOSED,BI
BTMDUS,UA.D.BTMDUS.CASH.IP,Biote Corp,SHARES,N/A,TRADEABLE,BI
VLONUS,UD.D.VLONUS.CASH.IP,GRI BIO INC,SHARES,N/A,TRADEABLE,BI
FIXXUS,UB.D.FIXXUS.CASH.IP,Q32 Bio Inc,SHARES,N/A,TRADEABLE,BI
BIMSS,EH.D.BIMSS.CASH.IP,BIMobject AB,SHARES,N/A,EDITS_ONLY,BI
BIOLUS,UA.D.BIOLUS.CASH.IP,BIOLASE Inc,SHARES,N/A,OFFLINE,BI
BXRXUS,UA.D.BXRXUS.CASH.IP,Baudax Bio Inc,SHARES,N/A,OFFLINE,BI
BLTEUS,UA.D.BLTEUS.CASH.IP,Belite Bio Inc,SHARES,N/A,TRADEABLE,BI
GBF,ED.D.GBF.CASH.IP,Bilfinger SE,SHARES,N/A,EDITS_ONLY,BI
BILLSS,EH.D.BILLSS.CASH.IP,Billerud AB,SHARES,N/A,EDITS_ONLY,BI
BIOABSS,EH.D.BIOABSS.CASH.IP,BioArctic AB (publ),SHARES,N/A,EDITS_ONLY,BI
BCABUS,UA.D.BCABUS.CASH.IP,BioAtla Inc,SHARES,N/A,TRADEABLE,BI
BCDAUS,UA.D.BCDAUS.CASH.IP,BioCardia Inc,SHARES,N/A,TRADEABLE,BI
BIMFP,EC.D.BIMFP.CASH.IP,BioMerieux,SHARES,N/A,EDITS_ONLY,BI
BNTXUS,UA.D.BNTXUS.CASH.IP,BioNTech SE (24 Hours),SHARES,N/A,TRADEABLE,BI
22UAGY,ED.D.22UAGY.CASH.IP,BioNTech SE - DE,SHARES,N/A,EDITS_ONLY,BI
BIOCUS,UA.D.BIOCUS.CASH.IP,Biocept Inc,SHARES,N/A,OFFLINE,BI
BDSXUS,UA.D.BDSXUS.CASH.IP,Biodesix Inc,SHARES,N/A,TRADEABLE,BI
BMRAUS,UA.D.BMRAUS.CASH.IP,Biomerica Inc,SHARES,N/A,TRADEABLE,BI
BNOXUS,UA.D.BNOXUS.CASH.IP,Bionomics Ltd,SHARES,N/A,TRADEABLE,BI
ALBPSFP,EC.D.ALBPSFP.CASH.IP,Biophytis SA,SHARES,N/A,EDITS_ONLY,BI
BOTHEBB,EA.D.BOTHEBB.CASH.IP,Biosenic SA,SHARES,N/A,SUSPENDED,BI
ALBIOFP,EC.D.ALBIOFP.CASH.IP,Biosynex SA,SHARES,N/A,EDITS_ONLY,BI
BTLSBB,EA.D.BTLSBB.CASH.IP,Biotalys NV,SHARES,N/A,EDITS_ONLY,BI
BIO3GY,ED.D.BIO3GY.CASH.IP,Biotest AG - Pfd,SHARES,N/A,CLOSED,BI
BVXPLN,KC.D.BVXPLN.CASH.IP,Bioventix PLC,SHARES,N/A,EDITS_ONLY,BI
BVSUS,UA.D.BVSUS.CASH.IP,Bioventus Inc,SHARES,N/A,TRADEABLE,BI
PLINUS,UC.D.PLINUS.CASH.IP,Bit Origin Ltd,SHARES,N/A,TRADEABLE,BI
FUFUUS,UB.D.FUFUUS.CASH.IP,BitFuFu Inc,SHARES,N/A,TRADEABLE,BI
BITTIFH,EB.D.BITTIFH.CASH.IP,Bittium Oyj,SHARES,N/A,EDITS_ONLY,BI
BLBDUS,UA.D.BLBDUS.CASH.IP,Blue Bird Corp,SHARES,N/A,TRADEABLE,BI
ELYMUS,UB.D.ELYMUS.CASH.IP,Climb Bio Inc,SHARES,N/A,TRADEABLE,BI
INMBUS,UB.D.INMBUS.CASH.IP,INmune Bio Inc,SHARES,N/A,TRADEABLE,BI
IOBTUS,UB.D.IOBTUS.CASH.IP,IO Biotech Inc,SHARES,N/A,OFFLINE,BI
TILUS,UD.D.TILUS.CASH.IP,Instil Bio Inc,SHARES,N/A,TRADEABLE,BI
OPHTUS,UC.D.OPHTUS.CASH.IP,Iveric Bio Inc,SHARES,N/A,CLOSED,BI
FREQUS,UB.D.FREQUS.CASH.IP,Korro Bio Inc,SHARES,N/A,TRADEABLE,BI
BORGSS,EH.D.BORGSS.CASH.IP,Bjorn Borg AB,SHARES,N/A,EDITS_ONLY,BJ
BJRIUS,UA.D.BJRIUS.CASH.IP,BJ's Restaurants Inc,SHARES,N/A,TRADEABLE,BJ
BLUS,UA.D.BLUS.CASH.IP,BlackLine Inc,SHARES,N/A,TRADEABLE,BL
RIMM,UC.D.RIMM.CASH.IP,Blackberry Ltd (US),SHARES,N/A,TRADEABLE,BL
SMI,IX.D.SMI.IFD.IP,Switzerland Blue Chip Cash (CHF10),INDICES,N/A,TRADEABLE,BL
SMI,IX.D.SMI.IFM.IP,Switzerland Blue Chip Cash (CHF2),INDICES,N/A,TRADEABLE,BL
SMI,IX.D.SMI.FN2B.IP,Switzerland Blue Chip (CHF1),INDICES,N/A,TRADEABLE,BL
SMI,IX.D.SMI.FWM2.IP,Switzerland Blue Chip (CHF2),INDICES,N/A,TRADEABLE,BL
SINGAPORE,IX.D.SINGAPORE.IFD.IP,Singapore Blue Chip Cash (SD100),INDICES,N/A,TRADEABLE,BL
SINGAPORE,IX.D.SINGAPORE.IFM.IP,Singapore Blue Chip Cash (SD40),INDICES,N/A,TRADEABLE,BL
W,CO.D.W.FWM2.IP,Chicago Wheat ($25),COMMODITIES,N/A,TRADEABLE,BL
W,CO.D.W.FWM3.IP,Chicago Wheat ($25),COMMODITIES,N/A,TRADEABLE,BL
W,CO.D.W.FWS3.IP,Chicago Wheat ($50),COMMODITIES,N/A,TRADEABLE,BL
W,CO.D.W.FWS2.IP,Chicago Wheat ($50),COMMODITIES,N/A,TRADEABLE,BL
BLKB,UA.D.BLKB.CASH.IP,Blackbaud Inc,SHARES,N/A,TRADEABLE,BL
FBTLN,KC.D.FBTLN.CASH.IP,Blackbird PLC,SHARES,N/A,EDITS_ONLY,BL
BGLUS,UA.D.BGLUS.CASH.IP,Blue Gold Ltd,SHARES,N/A,TRADEABLE,BL
PRSMLN,KC.D.PRSMLN.CASH.IP,Blue Prism PLC,SHARES,N/A,CLOSED,BL
SINGAPORE,IX.D.SINGAPORE.FWM2.IP,Singapore Blue Chip (SD40),INDICES,N/A,TRADEABLE,BL
BTTCUS,UA.D.BTTCUS.CASH.IP,Black Titan Corp,SHARES,N/A,TRADEABLE,BL
BZAIUS,UA.D.BZAIUS.CASH.IP,Blaize Holdings Inc,SHARES,N/A,TRADEABLE,BL
BLOELN,KC.D.BLOELN.CASH.IP,Block Energy PLC,SHARES,N/A,EDITS_ONLY,BL
BLMNUS,UA.D.BLMNUS.CASH.IP,Bloomin' Brands Inc,SHARES,N/A,TRADEABLE,BL
BLUEFP,EC.D.BLUEFP.CASH.IP,Blue Solutions,SHARES,N/A,EDITS_ONLY,BL
BSFCUS,UA.D.BSFCUS.CASH.IP,Blue Star Foods Corp,SHARES,N/A,OFFLINE,BL
BLUEUS,UA.D.BLUEUS.CASH.IP,Bluebird Bio Inc,SHARES,N/A,CLOSED,BL
ALTBGFP,EC.D.ALTBGFP.CASH.IP,The Blockchain Group,SHARES,N/A,EDITS_ONLY,BL
ATVI,UA.D.ATVI.CASH.IP,Activision Blizzard Inc,SHARES,N/A,CLOSED,BL
ARBKUS,UA.D.ARBKUS.CASH.IP,Argo Blockchain PLC - US ADR,SHARES,N/A,TRADEABLE,BL
BRCBUS,UA.D.BRCBUS.CASH.IP,Black Rock Coffee Bar Inc,SHARES,N/A,TRADEABLE,BL
BKCCUS,UA.D.BKCCUS.CASH.IP,BlackRock Kelso Capital Corp,SHARES,N/A,CLOSED,BL
BFSPLN,KC.D.BFSPLN.CASH.IP,Blackfinch Spring Vct PLC,SHARES,N/A,EDITS_ONLY,BL
RGSLN,KC.D.RGSLN.CASH.IP,Blancco Technology Group PLC,SHARES,N/A,CLOSED,BL
BRESLN,KC.D.BRESLN.CASH.IP,Blencowe Resources PLC,SHARES,N/A,EDITS_ONLY,BL
BLNKUS,UA.D.BLNKUS.CASH.IP,Blink Charging Company,SHARES,N/A,TRADEABLE,BL
TBGBSFP,EC.D.TBGBSFP.CASH.IP,Blockchain Group/The - Warrants (FR),SHARES,N/A,CLOSED,BL
ISIGUS,UB.D.ISIGUS.CASH.IP,Bloomia Holdings Inc,SHARES,N/A,OFFLINE,BL
BMY,KA.D.BMY.CASH.IP,Bloomsbury Publishing PLC,SHARES,N/A,EDITS_ONLY,BL
BLULN,KC.D.BLULN.CASH.IP,Blue Star Capital PLC,SHARES,N/A,EDITS_ONLY,BL
BLCTUS,UA.D.BLCTUS.CASH.IP,BlueCity Holdings Limited,SHARES,N/A,CLOSED,BL
BRDLN,KC.D.BRDLN.CASH.IP,BlueRock Diamonds PLC,SHARES,N/A,CLOSED,BL
BMVLN,KC.D.BMVLN.CASH.IP,Bluebird Mining Ventures Ltd,SHARES,N/A,EDITS_ONLY,BL
BJDXUS,UA.D.BJDXUS.CASH.IP,Bluejay Diagnostics Inc,SHARES,N/A,TRADEABLE,BL
BPMCUS,UA.D.BPMCUS.CASH.IP,Blueprint Medicines Corp,SHARES,N/A,CLOSED,BL
BKCGLN,KA.D.BKCGLN.CASH.IP,Global X Blockchain UCITS ETF,SHARES,N/A,EDITS_ONLY,BL
LTEAUS,UB.D.LTEAUS.CASH.IP,Long Blockchain Corporation,SHARES,N/A,CLOSED,BL
ONLLN,KC.D.ONLLN.CASH.IP,Online Blockchain PLC,SHARES,N/A,CLOSED,BL
BLCK,KC.D.BLCK.CASH.IP,Tiso Blackstar Group SE (LSE),SHARES,N/A,CLOSED,BL
BCKSJ,AR.D.BCKSJ.CASH.IP,Tiso Blackstar Group SE (SA),SHARES,N/A,CLOSED,BL
ARKFUS,SI.D.ARKFUS.CASH.IP,ARK Blockchain And Fintech Innovation ETF,SHARES,N/A,TRADEABLE,BL
ELYSUS,UB.D.ELYSUS.CASH.IP,Elys BMG Group Inc,SHARES,N/A,OFFLINE,BM
BMTLN,KC.D.BMTLN.CASH.IP,BMT - T.F. & J.H. Braime (Holdings) PLC,SHARES,N/A,EDITS_ONLY,BM
BMTOLN,KC.D.BMTOLN.CASH.IP,BMTO - T.F. & J.H. Braime (Holdings) PLC,SHARES,N/A,EDITS_ONLY,BM
FCPT,KA.D.FCPT.CASH.IP,BMO Commercial Property Trust Limited,SHARES,N/A,CLOSED,BM
YBMNLN,KA.D.YBMNLN.CASH.IP,IncomeShares Bitmine BMNR Options ETP,SHARES,N/A,EDITS_ONLY,BM
DANO,EC.D.DANO.CASH.IP,Danone SA,SHARES,N/A,EDITS_ONLY,BN
BNPP,EC.D.BNPP.CASH.IP,BNP Paribas SA,SHARES,N/A,EDITS_ONLY,BN
DJILN,KC.D.DJILN.CASH.IP,BNN Technology plc,SHARES,N/A,CLOSED,BN
ISTMGY,ED.D.ISTMGY.CASH.IP,BNP Paribas Easy - iSTOXX MUTB Japan Quality 150,SHARES,N/A,CLOSED,BN
BOIM,EF.D.BOIM.CASH.IP,Borgosesi ASA,SHARES,N/A,CLOSED,BO
BOND100,IR.D.BOND100.FWS.IP,Treasury Bond Decimalised ($10),RATES,N/A,TRADEABLE,BO
BOND100,IR.D.BOND100.FWM.IP,Treasury Bond Decimalised ($2),RATES,N/A,TRADEABLE,BO
ULTRA100,IR.D.ULTRA100.FWS.IP,Ultra Treasury Bond Decimalised ($10),RATES,N/A,TRADEABLE,BO
ULTRA100,IR.D.ULTRA100.FWM.IP,Ultra Treasury Bond Decimalised ($2),RATES,N/A,TRADEABLE,BO
10YEAR100,IR.D.10YEAR100.FWS.IP,10-Year T-Note Decimalised ($10),RATES,N/A,TRADEABLE,BO
10YEAR100,IR.D.10YEAR100.FWM.IP,10-Year T-Note Decimalised ($2),RATES,N/A,TRADEABLE,BO
02YEAR100,IR.D.02YEAR100.FWA.IP,2-Year T-Note Decimalised ($1),RATES,N/A,TRADEABLE,BO
02YEAR100,IR.D.02YEAR100.FWS.IP,2-Year T-Note Decimalised ($10),RATES,N/A,TRADEABLE,BO
02YEAR100,IR.D.02YEAR100.FWM.IP,2-Year T-Note Decimalised ($2),RATES,N/A,TRADEABLE,BO
05YEAR100,IR.D.05YEAR100.FWS.IP,5-Year T-Note Decimalised ($10),RATES,N/A,TRADEABLE,BO
05YEAR100,IR.D.05YEAR100.FWM.IP,5-Year T-Note Decimalised ($2),RATES,N/A,TRADEABLE,BO
FLG,IR.D.FLG.FWS2.IP,Long Gilt (£10),RATES,N/A,EDITS_ONLY,BO
FLG,IR.D.FLG.FWM2.IP,Long Gilt (£2),RATES,N/A,EDITS_ONLY,BO
JGB,IR.D.JGB.FWS1.IP,Japanese Government Bond (¥10000),RATES,N/A,TRADEABLE,BO
JGB,IR.D.JGB.FWM1.IP,Japanese Government Bond (¥2000),RATES,N/A,TRADEABLE,BO
FGBM,IR.D.FGBM.FN2B.IP,Bobl (E1),RATES,N/A,TRADEABLE,BO
FGBM,IR.D.FGBM.FN2A.IP,Bobl (E1),RATES,N/A,TRADEABLE,BO
FGBM,IR.D.FGBM.FWS2.IP,Bobl (€10),RATES,N/A,TRADEABLE,BO
FGBM,IR.D.FGBM.FWS1.IP,Bobl (€10),RATES,N/A,TRADEABLE,BO
FGBM,IR.D.FGBM.FWM2.IP,Bobl (€2),RATES,N/A,TRADEABLE,BO
FGBM,IR.D.FGBM.FWM1.IP,Bobl (€2),RATES,N/A,TRADEABLE,BO
FGBX,IR.D.FGBX.FWS2.IP,Buxl (€10),RATES,N/A,TRADEABLE,BO
FGBX,IR.D.FGBX.FWS1.IP,Buxl (€10),RATES,N/A,TRADEABLE,BO
FGBX,IR.D.FGBX.FWM2.IP,Buxl (€2),RATES,N/A,TRADEABLE,BO
FGBX,IR.D.FGBX.FWM1.IP,Buxl (€2),RATES,N/A,TRADEABLE,BO
FGBL,IR.D.FGBL.FN2B.IP,Bund (€1),RATES,N/A,TRADEABLE,BO
FGBL,IR.D.FGBL.FN2A.IP,Bund (€1),RATES,N/A,TRADEABLE,BO
FGBL,IR.D.FGBL.FWS2.IP,Bund (€10),RATES,N/A,TRADEABLE,BO
FGBL,IR.D.FGBL.FWJ1.IP,Bund (€10),RATES,N/A,TRADEABLE,BO
FGBL,IR.D.FGBL.FWM2.IP,Bund (€2),RATES,N/A,TRADEABLE,BO
FGBL,IR.D.FGBL.FWM1.IP,Bund (€2),RATES,N/A,TRADEABLE,BO
FBTP,IR.D.FBTP.FN2B.IP,Long-Term BTP (E1),RATES,N/A,EDITS_ONLY,BO
FBTP,IR.D.FBTP.FN2A.IP,Long-Term BTP (E1),RATES,N/A,EDITS_ONLY,BO
FBTP,IR.D.FBTP.FWS2.IP,Long-Term BTP (€10),RATES,N/A,EDITS_ONLY,BO
FBTP,IR.D.FBTP.FWS1.IP,Long-Term BTP (€10),RATES,N/A,EDITS_ONLY,BO
FBTP,IR.D.FBTP.FWM2.IP,Long-Term BTP (€2),RATES,N/A,EDITS_ONLY,BO
FBTP,IR.D.FBTP.FWM1.IP,Long-Term BTP (€2),RATES,N/A,EDITS_ONLY,BO
FBTS,IR.D.FBTS.FWS2.IP,Short-Term BTP (E10),RATES,N/A,EDITS_ONLY,BO
FBTS,IR.D.FBTS.FWS1.IP,Short-Term BTP (E10),RATES,N/A,EDITS_ONLY,BO
FBTS,IR.D.FBTS.FWM2.IP,Short-Term BTP (E2),RATES,N/A,EDITS_ONLY,BO
FBTS,IR.D.FBTS.FWM1.IP,Short-Term BTP (E2),RATES,N/A,EDITS_ONLY,BO
BOIFP,EC.D.BOIFP.CASH.IP,Boiron SA,SHARES,N/A,EDITS_ONLY,BO
BOKULN,KC.D.BOKULN.CASH.IP,Boku Inc,SHARES,N/A,EDITS_ONLY,BO
BOLSS,EH.D.BOLSS.CASH.IP,Boliden AB,SHARES,N/A,EDITS_ONLY,BO
ALBFP,EC.D.ALBFP.CASH.IP,Bollore SE,SHARES,N/A,EDITS_ONLY,BO
BONAVBSS,EH.D.BONAVBSS.CASH.IP,Bonava AB,SHARES,N/A,EDITS_ONLY,BO
JUPWUS,UB.D.JUPWUS.CASH.IP,Bonk Inc,SHARES,N/A,TRADEABLE,BO
BHY,KA.D.BHY.CASH.IP,Boot (Henry) PLC,SHARES,N/A,EDITS_ONLY,BO
BP,KA.D.BP.CASH.IP,BP PLC,SHARES,N/A,EDITS_ONLY,BP
XX3000223,KC.D.XX3000223.CASH.IP,BP PLC - Pfd,SHARES,N/A,EDITS_ONLY,BP
XX300021E,KA.D.XX300021E.CASH.IP,BPLN 8 PERP,SHARES,N/A,EDITS_ONLY,BP
BPOSTBB,EA.D.BPOSTBB.CASH.IP,bpost SA,SHARES,N/A,EDITS_ONLY,BP
BPMLN,KC.D.BPMLN.CASH.IP,BP Marsh & Partners PLC,SHARES,N/A,EDITS_ONLY,BP
3BPELN,KA.D.3BPELN.CASH.IP,Leverage Shares 3x BP ETP - EUR,SHARES,N/A,EDITS_ONLY,BP
3BPLN,KA.D.3BPLN.CASH.IP,Leverage Shares 3x BP ETP - GBp,SHARES,N/A,EDITS_ONLY,BP
BP3LLN,KA.D.BP3LLN.CASH.IP,Leverage Shares 3x BP ETP - USD,SHARES,N/A,EDITS_ONLY,BP
3LBPLN,KA.D.3LBPLN.CASH.IP,GraniteShares 3x Long BP Daily ETP,SHARES,N/A,EDITS_ONLY,BP
3SBPLN,KA.D.3SBPLN.CASH.IP,GraniteShares 3x Short BP Daily ETP,SHARES,N/A,EDITS_ONLY,BP
SBPELN,KA.D.SBPELN.CASH.IP,Leverage Shares -1x Short BP ETP - EUR,SHARES,N/A,CLOSED,BP
SBPLN,KA.D.SBPLN.CASH.IP,Leverage Shares -1x Short BP ETP - GBp,SHARES,N/A,CLOSED,BP
BPSLN,KA.D.BPSLN.CASH.IP,Leverage Shares -1x Short BP ETP - USD,SHARES,N/A,CLOSED,BP
LCO,CC.D.LCO.UNC.IP,Oil - Brent Crude ($10),COMMODITIES,N/A,TRADEABLE,BR
LCO,CC.D.LCO.UMP.IP,Oil - Brent Crude (£1),COMMODITIES,N/A,TRADEABLE,BR
LCO,EN.D.LCO.FWS4.IP,Oil - Brent Crude ($10),COMMODITIES,N/A,TRADEABLE,BR
LCO,EN.D.LCO.FWM4.IP,Oil - Brent Crude ($5),COMMODITIES,N/A,TRADEABLE,BR
BT,KA.D.BT.CASH.IP,BT Group PLC,SHARES,N/A,EDITS_ONLY,BR
USDBRL,CS.D.USDBRL.MINI.IP,EMFX USD/BRL ($1 Mini Contract),CURRENCIES,N/A,TRADEABLE,BR
USDBRL,CS.D.USDBRL.CFD.IP,EMFX USD/BRL ($10 Contract),CURRENCIES,N/A,TRADEABLE,BR
BRLJPY,CS.D.BRLJPY.CFD.IP,EMFX BRL/JPY,CURRENCIES,N/A,TRADEABLE,BR
CNA,KA.D.CNA.CASH.IP,Centrica PLC,SHARES,N/A,EDITS_ONLY,BR
BRLJPY,CS.D.BRLJPY.MINI.IP,EMFX BRL/JPY Mini,CURRENCIES,N/A,TRADEABLE,BR
ABF,KA.D.ABF.CASH.IP,Associated British Foods PLC,SHARES,N/A,EDITS_ONLY,BR
BATSJ,AR.D.BATSJ.CASH.IP,Brait SE (SA),SHARES,N/A,EDITS_ONLY,BR
BRZEUS,UA.D.BRZEUS.CASH.IP,Braze Inc,SHARES,N/A,TRADEABLE,BR
BREIM,EF.D.BREIM.CASH.IP,Brembo SpA,SHARES,N/A,EDITS_ONLY,BR
BRCKLN,KC.D.BRCKLN.CASH.IP,BRCK Group PLC,SHARES,N/A,EDITS_ONLY,BR
BTBDUS,UA.D.BTBDUS.CASH.IP,BT Brands Inc,SHARES,N/A,TRADEABLE,BR
BMSLN,KA.D.BMSLN.CASH.IP,Braemar Plc,SHARES,N/A,EDITS_ONLY,BR
BRAINSS,EH.D.BRAINSS.CASH.IP,BrainCool AB,SHARES,N/A,EDITS_ONLY,BR
BRAM,KA.D.BRAM.CASH.IP,Brammer PLC,SHARES,N/A,CLOSED,BR
BREBBB,EA.D.BREBBB.CASH.IP,Brederode SA,SHARES,N/A,EDITS_ONLY,BR
BNRGY,ED.D.BNRGY.CASH.IP,Brenntag AG,SHARES,N/A,EDITS_ONLY,BR
PUNKLN,KC.D.PUNKLN.CASH.IP,BrewDog PLC,SHARES,N/A,CLOSED,BR
BRIGSS,EH.D.BRIGSS.CASH.IP,Brighter AB,SHARES,N/A,CLOSED,BR
BVIC,KA.D.BVIC.CASH.IP,Britvic PLC,SHARES,N/A,CLOSED,BR
AVGO,UA.D.AVGO.CASH.IP,Broadcom Inc (24 Hours),SHARES,N/A,TRADEABLE,BR
BRKR,UA.D.BRKR.CASH.IP,Bruker Corp,SHARES,N/A,TRADEABLE,BR
FATUS,UB.D.FATUS.CASH.IP,FAT Brands Inc,SHARES,N/A,OFFLINE,BR
FARMUS,UB.D.FARMUS.CASH.IP,Farmer Bros Co,SHARES,N/A,CLOSED,BR
BIJGY,ED.D.BIJGY.CASH.IP,Bijou Brigitte AG,SHARES,N/A,EDITS_ONLY,BR
MYTUS,UC.D.MYTUS.CASH.IP,Bit Brother Ltd,SHARES,N/A,OFFLINE,BR
BWAYUS,UA.D.BWAYUS.CASH.IP,Brainsway Limited,SHARES,N/A,TRADEABLE,BR
BOFUS,UA.D.BOFUS.CASH.IP,BranchOut Food Inc,SHARES,N/A,TRADEABLE,BR
DAZGY,ED.D.DAZGY.CASH.IP,Branicks Group AG,SHARES,N/A,EDITS_ONLY,BR
BRAVSS,EH.D.BRAVSS.CASH.IP,Bravida Holding AB (publ),SHARES,N/A,EDITS_ONLY,BR
BREELN,KC.D.BREELN.CASH.IP,Breedon Group Ltd,SHARES,N/A,EDITS_ONLY,BR
BDGEUS,UA.D.BDGEUS.CASH.IP,Bridge Bancorp Inc,SHARES,N/A,OFFLINE,BR
BGXXUS,UA.D.BGXXUS.CASH.IP,Bright Green Corp,SHARES,N/A,OFFLINE,BR
SPEQTSS,EH.D.SPEQTSS.CASH.IP,BrightBid Group AB,SHARES,N/A,EDITS_ONLY,BR
BCOVUS,UA.D.BCOVUS.CASH.IP,Brightcove Inc,SHARES,N/A,CLOSED,BR
AOJPDC,EP.D.AOJPDC.CASH.IP,Brodrene A & O Johansen AS,SHARES,N/A,EDITS_ONLY,BR
HARTDC,EP.D.HARTDC.CASH.IP,Brodrene Hartmann AS,SHARES,N/A,CLOSED,BR
BROGUS,UA.D.BROGUS.CASH.IP,Brooge Energy Ltd,SHARES,N/A,OFFLINE,BR
BRSHUS,UA.D.BRSHUS.CASH.IP,Bruush Oral Care Inc,SHARES,N/A,OFFLINE,BR
BSY,KA.D.BSY.CASH.IP,Sky Plc,SHARES,N/A,CLOSED,BS
BLZ,KA.D.BLZ.CASH.IP,BSD Crown Ltd,SHARES,N/A,CLOSED,BS
BSQRUS,UA.D.BSQRUS.CASH.IP,BSQUARE Corp,SHARES,N/A,CLOSED,BS
BSFALN,KC.D.BSFALN.CASH.IP,BSF Enterprise PLC,SHARES,N/A,EDITS_ONLY,BS
BGC,KA.D.BGC.CASH.IP,BTG PLC,SHARES,N/A,CLOSED,BT
BTCSUS,UA.D.BTCSUS.CASH.IP,BTCS Inc,SHARES,N/A,TRADEABLE,BT
BTSBSS,EH.D.BTSBSS.CASH.IP,BTS Group AB (publ),SHARES,N/A,EDITS_ONLY,BT
XX301042E,KC.D.XX301042E.CASH.IP,BTW 8 3/4 PERP,SHARES,N/A,EDITS_ONLY,BT
METXUS,UC.D.METXUS.CASH.IP,BTC Digital Ltd,SHARES,N/A,TRADEABLE,BT
BEG,KA.D.BEG.CASH.IP,BTG Consulting plc,SHARES,N/A,CLOSED,BT
SMMCUS,UD.D.SMMCUS.CASH.IP,BTRS Holdings Inc,SHARES,N/A,CLOSED,BT
BTQUS,UA.D.BTQUS.CASH.IP,BTQ Technologies Corp,SHARES,N/A,TRADEABLE,BT
BTCLN,KC.D.BTCLN.CASH.IP,London BTC Company Limited,SHARES,N/A,EDITS_ONLY,BT
CANUS,UA.D.CANUS.CASH.IP,Canaan Inc,SHARES,N/A,TRADEABLE,BT
MARAUS,UC.D.MARAUS.CASH.IP,MARA Holdings Inc (24 Hours),SHARES,N/A,TRADEABLE,BT
MSTR,UC.D.MSTR.CASH.IP,Strategy Inc (24 Hours),SHARES,N/A,TRADEABLE,BT
COINUS,UA.D.COINUS.CASH.IP,Coinbase Global Inc (24 Hours),SHARES,N/A,TRADEABLE,BT
HVBTUS,UB.D.HVBTUS.CASH.IP,HIVE Digital Technologies Ltd - US (24 Hours),SHARES,N/A,TRADEABLE,BT
HUTUS,UB.D.HUTUS.CASH.IP,Hut 8 Mining Corp - US (24 Hours),SHARES,N/A,TRADEABLE,BT
RIOTUS,UC.D.RIOTUS.CASH.IP,Riot Blockchain Inc (24 Hours),SHARES,N/A,TRADEABLE,BT
BULTENSS,EH.D.BULTENSS.CASH.IP,Bulten AB (publ),SHARES,N/A,EDITS_ONLY,BU
BMBLUS,UA.D.BMBLUS.CASH.IP,Bumble Inc,SHARES,N/A,TRADEABLE,BU
BNZL,KA.D.BNZL.CASH.IP,Bunzl PLC,SHARES,N/A,EDITS_ONLY,BU
BURFP,EC.D.BURFP.CASH.IP,Burelle SA,SHARES,N/A,EDITS_ONLY,BU
BZUIM,EF.D.BZUIM.CASH.IP,Buzzi SpA,SHARES,N/A,EDITS_ONLY,BU
BURESS,EH.D.BURESS.CASH.IP,Bure Equity AB,SHARES,N/A,EDITS_ONLY,BU
BZFDUS,UA.D.BZFDUS.CASH.IP,BuzzFeed Inc,SHARES,N/A,TRADEABLE,BU
WBAGGY,ED.D.WBAGGY.CASH.IP,Wild Bunch AG,SHARES,N/A,CLOSED,BU
BUFABSS,EH.D.BUFABSS.CASH.IP,Bufab Holding AB,SHARES,N/A,EDITS_ONLY,BU
BRBY,KA.D.BRBY.CASH.IP,Burberry Group PLC,SHARES,N/A,EDITS_ONLY,BU
BVIFP,EC.D.BVIFP.CASH.IP,Bureau Veritas SA,SHARES,N/A,EDITS_ONLY,BU
BURF,KC.D.BURF.CASH.IP,Burford Capital Ltd,SHARES,N/A,EDITS_ONLY,BU
BUSEUS,UA.D.BUSEUS.CASH.IP,First Busey Corp,SHARES,N/A,TRADEABLE,BU
WBCSJ,AR.D.WBCSJ.CASH.IP,We Buy Cars Pty Ltd,SHARES,N/A,EDITS_ONLY,BU
BYBGLN,KA.D.BYBGLN.CASH.IP,Amundi S&P 500 Buyback ETF-C USD,SHARES,N/A,EDITS_ONLY,BU
INTB,EA.D.INTB.CASH.IP,Anheuser-Busch InBev NV,SHARES,N/A,EDITS_ONLY,BU
ANBSJ,AR.D.ANBSJ.CASH.IP,Anheuser-Busch InBev SA NV,SHARES,N/A,EDITS_ONLY,BU
NTOG,KC.D.NTOG.CASH.IP,Buccaneer Energy plc,SHARES,N/A,EDITS_ONLY,BU
BUFFLN,KA.D.BUFFLN.CASH.IP,Buffettique Growth ETP,SHARES,N/A,EDITS_ONLY,BU
BLDRUS,UA.D.BLDRUS.CASH.IP,Builders FirstSource Inc (24 Hours),SHARES,N/A,TRADEABLE,BU
AUKLN,KC.D.AUKLN.CASH.IP,Built Cybernetics Plc,SHARES,N/A,EDITS_ONLY,BU
BFRGUS,UA.D.BFRGUS.CASH.IP,Bullfrog AI Holdings Inc,SHARES,N/A,TRADEABLE,BU
OPESUS,UC.D.OPESUS.CASH.IP,BurgerFi International Inc,SHARES,N/A,CLOSED,BU
BNRUS,UA.D.BNRUS.CASH.IP,Burning Rock Biotech Limited,SHARES,N/A,TRADEABLE,BU
BMNLN,KC.D.BMNLN.CASH.IP,Bushveld Minerals Ltd,SHARES,N/A,CLOSED,BU
BZFDWUS,UA.D.BZFDWUS.CASH.IP,BuzzFeed Inc - Warrants,SHARES,N/A,TRADEABLE,BU
EGLE,UB.D.EGLE.CASH.IP,Eagle Bulk Shipping Inc,SHARES,N/A,CLOSED,BU
FOXLN,KC.D.FOXLN.CASH.IP,Eco Buildings Group PLC,SHARES,N/A,EDITS_ONLY,BU
GBSSLN,KA.D.GBSSLN.CASH.IP,Gold Bullion Securities,SHARES,N/A,EDITS_ONLY,BU
GBS,KA.D.GBS.CASH.IP,Gold Bullion Securities Ltd,SHARES,N/A,EDITS_ONLY,BU
HBPUS,UB.D.HBPUS.CASH.IP,Huttig Building Products Inc,SHARES,N/A,CLOSED,BU
MAB,KA.D.MAB.CASH.IP,Mitchells & Butlers PLC,SHARES,N/A,EDITS_ONLY,BU
NBSLN,KC.D.NBSLN.CASH.IP,Nationwide Building Society,SHARES,N/A,EDITS_ONLY,BU
RRGBUS,UC.D.RRGBUS.CASH.IP,Red Robin Gourmet Burgers Inc,SHARES,N/A,TRADEABLE,BU
SBLKUS,UD.D.SBLKUS.CASH.IP,Star Bulk Carriers Corp,SHARES,N/A,TRADEABLE,BU
BBSIUS,UA.D.BBSIUS.CASH.IP,Barrett Business Services Inc,SHARES,N/A,TRADEABLE,BU
3BUSLN,KA.D.3BUSLN.CASH.IP,Boost Bund 10Y 3x Short Daily ETP,SHARES,N/A,CLOSED,BU
BHSEUS,UA.D.BHSEUS.CASH.IP,Bull Horn Holdings Corporation,SHARES,N/A,OFFLINE,BU
PLAYUS,UC.D.PLAYUS.CASH.IP,Dave & Buster's Entertainment Inc,SHARES,N/A,TRADEABLE,BU
HAVASNA,EG.D.HAVASNA.CASH.IP,Havas BV,SHARES,N/A,EDITS_ONLY,BV
JDEPNA,EG.D.JDEPNA.CASH.IP,JDE Peet's BV,SHARES,N/A,CLOSED,BV
CNCKUS,UA.D.CNCKUS.CASH.IP,Coincheck Group BV,SHARES,N/A,TRADEABLE,BV
GVNVNA,EG.D.GVNVNA.CASH.IP,GrandVision BV,SHARES,N/A,CLOSED,BV
CLIKUS,UA.D.CLIKUS.CASH.IP,Click Holdings Ltd/BVI,SHARES,N/A,TRADEABLE,BV
BOLSNA,EG.D.BOLSNA.CASH.IP,Lucas Bols Holding BV,SHARES,N/A,CLOSED,BV
BVDFP,EC.D.BVDFP.CASH.IP,Marie Brizard Wine & Spirits S.A.,SHARES,N/A,EDITS_ONLY,BV
BZUS,UA.D.BZUS.CASH.IP,Kanzhun Limited,SHARES,N/A,TRADEABLE,BZ
CA,EC.D.CA.CASH.IP,Carrefour SA,SHARES,N/A,EDITS_ONLY,CA
USDCAD,CS.D.USDCAD.CFD.IP,USD/CAD,CURRENCIES,N/A,TRADEABLE,CA
EURCAD,CS.D.EURCAD.CFD.IP,EUR/CAD,CURRENCIES,N/A,TRADEABLE,CA
GBPUSD,CS.D.GBPUSD.CFD.IP,GBP/USD,CURRENCIES,N/A,TRADEABLE,CA
CADJPY,CS.D.CADJPY.CFD.IP,CAD/JPY,CURRENCIES,N/A,TRADEABLE,CA
CAC,IX.D.CAC.IFD.IP,France 40 Cash (€10),INDICES,N/A,TRADEABLE,CA
CADJPY,CS.D.CADJPY.MINI.IP,CAD/JPY Mini,CURRENCIES,N/A,TRADEABLE,CA
EURCAD,CS.D.EURCAD.MINI.IP,EUR/CAD Mini,CURRENCIES,N/A,TRADEABLE,CA
TOPIX,IX.D.TOPIX.IFU.IP,Tokyo First Section Index Cash ($1),INDICES,N/A,TRADEABLE,CA
TOPIX,IX.D.TOPIX.IFD.IP,"Tokyo First Section Index Cash (Y10,000)",INDICES,N/A,TRADEABLE,CA
TOPIX,IX.D.TOPIX.IFM.IP,"Tokyo First Section Index Cash (Y2,000)",INDICES,N/A,TRADEABLE,CA
CADCHF,CS.D.CADCHF.CFD.IP,CAD/CHF,CURRENCIES,N/A,TRADEABLE,CA
CAC,IX.D.CAC.IFS.IP,France 40 Cash (£1),INDICES,N/A,TRADEABLE,CA
CAC,IX.D.CAC.IFM.IP,France 40 Cash (€2),INDICES,N/A,TRADEABLE,CA
CADCHF,CS.D.CADCHF.MINI.IP,CAD/CHF Mini,CURRENCIES,N/A,TRADEABLE,CA
CADNOK,CS.D.CADNOK.CFD.IP,CAD/NOK,CURRENCIES,N/A,TRADEABLE,CA
CADNOK,CS.D.CADNOK.MINI.IP,CAD/NOK Mini,CURRENCIES,N/A,TRADEABLE,CA
GBPCAD,CS.D.GBPCAD.CFD.IP,GBP/CAD,CURRENCIES,N/A,TRADEABLE,CA
GBPCAD,CS.D.GBPCAD.MINI.IP,GBP/CAD Mini,CURRENCIES,N/A,TRADEABLE,CA
SPTRD,IX.D.SPTRD.IFD.IP,US 500 Cash ($250),INDICES,N/A,TRADEABLE,CA
CADCNH,CS.D.CADCNH.CFD.IP,CAD/CNH,CURRENCIES,N/A,TRADEABLE,CA
CADCNH,CS.D.CADCNH.MINI.IP,CAD/CNH Mini,CURRENCIES,N/A,TRADEABLE,CA
FTSE,IX.D.FTSE.CFD.IP,FTSE 100 Cash (£10),INDICES,N/A,TRADEABLE,CA
OBX,IX.D.OBX.IFD.IP,Norway 25 Cash (NK100),INDICES,N/A,EDITS_ONLY,CA
OBX,IX.D.OBX.IFM.IP,Norway 25 Cash (NK20),INDICES,N/A,EDITS_ONLY,CA
CAC,IX.D.CAC.IFE.IP,France 40 Cash (€1),INDICES,N/A,TRADEABLE,CA
FTSE,IX.D.FTSE.IFM.IP,FTSE 100 Cash (£2),INDICES,N/A,TRADEABLE,CA
CAC,IX.D.CAC.FWM1.IP,France 40 (€2),INDICES,N/A,TRADEABLE,CA
IBEX,IX.D.IBEX.IFD.IP,Spain 35 Cash (€10),INDICES,N/A,TRADEABLE,CA
STXE,IX.D.STXE.IFD.IP,EU Stocks 50 Cash (€10),INDICES,N/A,TRADEABLE,CA
STXE,IX.D.STXE.IFM.IP,EU Stocks 50 Cash (€2),INDICES,N/A,TRADEABLE,CA
NIKKEI,IX.D.NIKKEI.IFD.IP,Japan 225 Cash ($5),INDICES,N/A,TRADEABLE,CA
SPTRD,IX.D.SPTRD.IFM.IP,US 500 Cash ($50),INDICES,N/A,TRADEABLE,CA
SPTRD,IX.D.SPTRD.IFS.IP,US 500 Cash (£1),INDICES,N/A,TRADEABLE,CA
NASDAQ,IX.D.NASDAQ.IFD.IP,US Tech 100 Cash ($100),INDICES,N/A,TRADEABLE,CA
NASDAQ,IX.D.NASDAQ.IFM.IP,US Tech 100 Cash ($20),INDICES,N/A,TRADEABLE,CA
HANGSENG,IX.D.HANGSENG.IFM.IP,Hong Kong HS50 Cash (HK10),INDICES,N/A,TRADEABLE,CA
HANGSENG,IX.D.HANGSENG.IFD.IP,Hong Kong HS50 Cash (HK50),INDICES,N/A,TRADEABLE,CA
MIB,IX.D.MIB.IFD.IP,Italy 40 Cash (€5),INDICES,N/A,TRADEABLE,CA
CBRAINDC,EP.D.CBRAINDC.CASH.IP,cBrain AS,SHARES,N/A,EDITS_ONLY,CB
ALCBO,EC.D.ALCBO.CASH.IP,CBo Territoria,SHARES,N/A,EDITS_ONLY,CB
CBATUS,UA.D.CBATUS.CASH.IP,CBAK Energy Technology Inc,SHARES,N/A,TRADEABLE,CB
CBOE,UA.D.CBOE.CASH.IP,Cboe Global Markets Inc (24 Hours),SHARES,N/A,TRADEABLE,CB
CCHHUS,UA.D.CCHHUS.CASH.IP,CCH Holdings Ltd,SHARES,N/A,TRADEABLE,CC
CCJSLN,KC.D.CCJSLN.CASH.IP,CC Japan Income & Growth Trust PLC - CCJS,SHARES,N/A,CLOSED,CC
CCJILN,KC.D.CCJILN.CASH.IP,CC Japan Income & Growth Trust PLC,SHARES,N/A,EDITS_ONLY,CC
MFHUS,UC.D.MFHUS.CASH.IP,Chaince Digital Holdings Inc,SHARES,N/A,TRADEABLE,CD
CDUS,UA.D.CDUS.CASH.IP,Chindata Group Holdings Limited,SHARES,N/A,CLOSED,CD
CDWUS,UA.D.CDWUS.CASH.IP,CDW Corp/DE (24 Hours),SHARES,N/A,TRADEABLE,CD
CDKVVUS,UA.D.CDKVVUS.CASH.IP,CDK Global Inc,SHARES,N/A,CLOSED,CD
REPHUS,UC.D.REPHUS.CASH.IP,Societal CDMO Inc,SHARES,N/A,CLOSED,CD
CDTIUS,UA.D.CDTIUS.CASH.IP,CDTi Advanced Materials Inc,SHARES,N/A,OFFLINE,CD
CEIM,EF.D.CEIM.CASH.IP,Credito Emiliano SpA,SHARES,N/A,EDITS_ONLY,CE
CEY,KA.D.CEY.CASH.IP,Centamin PLC,SHARES,N/A,CLOSED,CE
CARDBB,EA.D.CARDBB.CASH.IP,Celyad,SHARES,N/A,EDITS_ONLY,CE
CECVGY,ED.D.CECVGY.CASH.IP,CECONOMY AG [CECV],SHARES,N/A,EDITS_ONLY,CE
CEPSLN,KC.D.CEPSLN.CASH.IP,CEPS PLC,SHARES,N/A,EDITS_ONLY,CE
CEVAUS,UA.D.CEVAUS.CASH.IP,CEVA Inc,SHARES,N/A,TRADEABLE,CE
CGMFP,EC.D.CGMFP.CASH.IP,Cegedim SA,SHARES,N/A,EDITS_ONLY,CE
ALCLSFP,EC.D.ALCLSFP.CASH.IP,Cellectis,SHARES,N/A,EDITS_ONLY,CE
CCPLN,KC.D.CCPLN.CASH.IP,Celtic PLC,SHARES,N/A,EDITS_ONLY,CE
CMBIM,EF.D.CMBIM.CASH.IP,Cembre SpA,SHARES,N/A,EDITS_ONLY,CE
CVOUS,UA.D.CVOUS.CASH.IP,Cenveo Inc,SHARES,N/A,CLOSED,CE
CPTNUS,UA.D.CPTNUS.CASH.IP,Cepton Inc,SHARES,N/A,CLOSED,CE
CERSUS,UA.D.CERSUS.CASH.IP,Cerus Corp,SHARES,N/A,TRADEABLE,CE
CNKS,KC.D.CNKS.CASH.IP,Cenkos Securities PLC,SHARES,N/A,CLOSED,CE
MEO,ED.D.MEO.CASH.IP,Ceconomy AG,SHARES,N/A,EDITS_ONLY,CE
MEO3GY,ED.D.MEO3GY.CASH.IP,Ceconomy AG,SHARES,N/A,CLOSED,CE
CELCUS,UA.D.CELCUS.CASH.IP,Celcuity Inc,SHARES,N/A,TRADEABLE,CE
CIBSS,EH.D.CIBSS.CASH.IP,Cell Impact,SHARES,N/A,EDITS_ONLY,CE
CLTV,KC.D.CLTV.CASH.IP,Cellcast PLC,SHARES,N/A,CLOSED,CE
CLLSUS,UA.D.CLLSUS.CASH.IP,Cellectis SA,SHARES,N/A,TRADEABLE,CE
CETXUS,UA.D.CETXUS.CASH.IP,Cemtrex Inc,SHARES,N/A,TRADEABLE,CE
CNTGUS,UA.D.CNTGUS.CASH.IP,Centogene NV,SHARES,N/A,OFFLINE,CE
CEKGY,ED.D.CEKGY.CASH.IP,Ceotronics AG,SHARES,N/A,EDITS_ONLY,CE
CRNCVUS,UA.D.CRNCVUS.CASH.IP,Cerence Inc,SHARES,N/A,TRADEABLE,CE
CERN,UA.D.CERN.CASH.IP,Cerner Corp,SHARES,N/A,CLOSED,CE
CERTUS,UA.D.CERTUS.CASH.IP,Certara Inc,SHARES,N/A,TRADEABLE,CE
DFFNUS,UB.D.DFFNUS.CASH.IP,CervoMed Inc,SHARES,N/A,TRADEABLE,CE
BNCUS,UA.D.BNCUS.CASH.IP,CEA Industries Inc,SHARES,N/A,TRADEABLE,CE
TWCTUS,UD.D.TWCTUS.CASH.IP,CELLEBRITE DI LTD,SHARES,N/A,TRADEABLE,CE
CEVISS,EH.D.CEVISS.CASH.IP,CellaVision AB,SHARES,N/A,EDITS_ONLY,CE
AGLLN,KC.D.AGLLN.CASH.IP,Cellbxhealth PLC,SHARES,N/A,EDITS_ONLY,CE
CLNVFP,EC.D.CLNVFP.CASH.IP,Cellnovo Limited,SHARES,N/A,CLOSED,CE
GXGXUS,UB.D.GXGXUS.CASH.IP,Celularity Inc,SHARES,N/A,TRADEABLE,CE
CAU,KA.D.CAU.CASH.IP,Centaur Media PLC,SHARES,N/A,CLOSED,CE
CENX,UA.D.CENX.CASH.IP,Century Aluminum Co,SHARES,N/A,TRADEABLE,CE
CNBKAUS,UA.D.CNBKAUS.CASH.IP,Century Bancorp Inc,SHARES,N/A,CLOSED,CE
CNTYUS,UA.D.CNTYUS.CASH.IP,Century Casinos Inc,SHARES,N/A,TRADEABLE,CE
CPTNWUS,UA.D.CPTNWUS.CASH.IP,Cepton Inc - Warrants,SHARES,N/A,CLOSED,CE
GMDAUS,UB.D.GMDAUS.CASH.IP,Gamida Cell Limited,SHARES,N/A,CLOSED,CE
QCEGY,ED.D.QCEGY.CASH.IP,Hanwha Q-CELLS GmbH,SHARES,N/A,CLOSED,CE
PLAZ,KC.D.PLAZ.CASH.IP,Plaza Centers NV,SHARES,N/A,EDITS_ONLY,CE
RY8GY,ED.D.RY8GY.CASH.IP,ROY Ceramics SE,SHARES,N/A,CLOSED,CE
STCM,KC.D.STCM.CASH.IP,Steppe Cement Ltd,SHARES,N/A,EDITS_ONLY,CE
YYYUS,SI.D.YYYUS.CASH.IP,Amplify CEF High Income ETF,SHARES,N/A,TRADEABLE,CE
SWCLN,KC.D.SWCLN.CASH.IP,CELADON PHARMACEUTICALS PLC,SHARES,N/A,CLOSED,CE
CEVGY,ED.D.CEVGY.CASH.IP,CENTROTEC Sustainable AG,SHARES,N/A,EDITS_ONLY,CE
CBALN,KA.D.CBALN.CASH.IP,Ceiba Investments Ltd,SHARES,N/A,EDITS_ONLY,CE
CFLN,KC.D.CFLN.CASH.IP,Canaccord Genuity Group Inc,SHARES,N/A,CLOSED,CF
CFAO,EC.D.CFAO.CASH.IP,CFAO SA,SHARES,N/A,CLOSED,CF
CFIVUUS,UA.D.CFIVUUS.CASH.IP,CF Acquisition Corp. IV (unit),SHARES,N/A,CLOSED,CF
CFACUUS,UA.D.CFACUUS.CASH.IP,CF Finance Acquisition Corp. III,SHARES,N/A,CLOSED,CF
CFEBBB,EA.D.CFEBBB.CASH.IP,Compagnie d' Entreprises CFE SA,SHARES,N/A,EDITS_ONLY,CF
CGUS,UA.D.CGUS.CASH.IP,Carlyle Group LP,SHARES,N/A,TRADEABLE,CG
CHFJPY,CS.D.CHFJPY.CFD.IP,CHF/JPY,CURRENCIES,N/A,TRADEABLE,CH
EURCHF,CS.D.EURCHF.CFD.IP,EUR/CHF,CURRENCIES,N/A,TRADEABLE,CH
USDCHF,CS.D.USDCHF.CFD.IP,USD/CHF,CURRENCIES,N/A,TRADEABLE,CH
CHFNOK,CS.D.CHFNOK.CFD.IP,CHF/NOK,CURRENCIES,N/A,TRADEABLE,CH
CHFNOK,CS.D.CHFNOK.MINI.IP,CHF/NOK Mini,CURRENCIES,N/A,TRADEABLE,CH
GBPCHF,CS.D.GBPCHF.CFD.IP,GBP/CHF,CURRENCIES,N/A,TRADEABLE,CH
USDCNH,CS.D.USDCNH.CFD.IP,USD/CNH,CURRENCIES,N/A,TRADEABLE,CH
USDCNH,CS.D.USDCNH.MINI.IP,USD/CNH Mini,CURRENCIES,N/A,TRADEABLE,CH
EURCNH,CS.D.EURCNH.CFD.IP,EUR/CNH,CURRENCIES,N/A,TRADEABLE,CH
GBPCNH,CS.D.GBPCNH.CFD.IP,GBP/CNH,CURRENCIES,N/A,OFFLINE,CH
EURCNH,CS.D.EURCNH.MINI.IP,EUR/CNH Mini,CURRENCIES,N/A,TRADEABLE,CH
GBPCNH,CS.D.GBPCNH.MINI.IP,GBP/CNH Mini,CURRENCIES,N/A,TRADEABLE,CH
NZDCHF,CS.D.NZDCHF.CFD.IP,NZD/CHF,CURRENCIES,N/A,TRADEABLE,CH
NZDCHF,CS.D.NZDCHF.MINI.IP,NZD/CHF Mini,CURRENCIES,N/A,TRADEABLE,CH
CNHJPY,CS.D.CNHJPY.CFD.IP,CNH/JPY,CURRENCIES,N/A,TRADEABLE,CH
CNHJPY,CS.D.CNHJPY.MINI.IP,CNH/JPY Mini,CURRENCIES,N/A,TRADEABLE,CH
NZDCNH,CS.D.NZDCNH.CFD.IP,NZD/CNH,CURRENCIES,N/A,TRADEABLE,CH
NZDCNH,CS.D.NZDCNH.MINI.IP,NZD/CNH Mini,CURRENCIES,N/A,TRADEABLE,CH
HSCHIN,IX.D.HSCHIN.IFM.IP,China H-Shares Cash (HK10),INDICES,N/A,TRADEABLE,CH
HSCHIN,IX.D.HSCHIN.IFD.IP,China H-Shares Cash (HK50),INDICES,N/A,TRADEABLE,CH
CHFHUF,CS.D.CHFHUF.CFD.IP,CHF/HUF,CURRENCIES,N/A,TRADEABLE,CH
XINHUA,IX.D.XINHUA.IFM.IP,China A50 Cash ($0.2),INDICES,N/A,TRADEABLE,CH
XINHUA,IX.D.XINHUA.IFD.IP,China A50 Cash ($1),INDICES,N/A,TRADEABLE,CH
CHFHUF,CS.D.CHFHUF.MINI.IP,CHF/HUF Mini,CURRENCIES,N/A,TRADEABLE,CH
HSCHIN,IX.D.HSCHIN.FWM2.IP,China H-Shares (HK10),INDICES,N/A,TRADEABLE,CH
HSCHIN,IX.D.HSCHIN.IFU.IP,China H-Shares Cash ($1),INDICES,N/A,TRADEABLE,CH
CHFTRY,CS.D.CHFTRY.CFD.IP,CHF/TRY,CURRENCIES,N/A,TRADEABLE,CH
CHFTRY,CS.D.CHFTRY.MINI.IP,CHF/TRY Mini,CURRENCIES,N/A,TRADEABLE,CH
CHHLN,KC.D.CHHLN.CASH.IP,Churchill China PLC,SHARES,N/A,EDITS_ONLY,CH
CLXTUS,UA.D.CLXTUS.CASH.IP,Cibus Inc,SHARES,N/A,TRADEABLE,CI
WANDLN,KC.D.WANDLN.CASH.IP,Cirata PLC,SHARES,N/A,EDITS_ONLY,CI
CDAFP,EC.D.CDAFP.CASH.IP,Cie des Alpes,SHARES,N/A,EDITS_ONLY,CI
CMPRUS,UA.D.CMPRUS.CASH.IP,Cimpress NV,SHARES,N/A,TRADEABLE,CI
CINGUS,UA.D.CINGUS.CASH.IP,Cingulate Inc,SHARES,N/A,TRADEABLE,CI
CINTSS,EH.D.CINTSS.CASH.IP,Cint Group AB (publ),SHARES,N/A,EDITS_ONLY,CI
CTAS,UA.D.CTAS.CASH.IP,Cintas Corp (24 Hours),SHARES,N/A,TRADEABLE,CI
TRVCGY,ED.D.TRVCGY.CASH.IP,Citigroup Inc (DE),SHARES,N/A,EDITS_ONLY,CI
CTY1S,EB.D.CTY1S.CASH.IP,Citycon OYJ,SHARES,N/A,EDITS_ONLY,CI
RINFP,EC.D.RINFP.CASH.IP,Vilmorin & Cie,SHARES,N/A,CLOSED,CI
GWACUS,UB.D.GWACUS.CASH.IP,CIPHER MINING INC (24 Hours),SHARES,N/A,TRADEABLE,CI
CISOUS,UA.D.CISOUS.CASH.IP,CISO Global Inc,SHARES,N/A,TRADEABLE,CI
CIBUSSS,EH.D.CIBUSSS.CASH.IP,Cibus Real Estate AB (publ),SHARES,N/A,EDITS_ONLY,CI
CIMCOSS,EH.D.CIMCOSS.CASH.IP,Cimco Marine AB,SHARES,N/A,CLOSED,CI
CINCUS,UA.D.CINCUS.CASH.IP,CinCor Pharma Inc,SHARES,N/A,CLOSED,CI
CIDMUS,UA.D.CIDMUS.CASH.IP,Cineverse Corp,SHARES,N/A,TRADEABLE,CI
CINE,KA.D.CINE.CASH.IP,Cineworld Group PLC,SHARES,N/A,CLOSED,CI
CINISSS,EH.D.CINISSS.CASH.IP,Cinis Fertilizer AB,SHARES,N/A,CLOSED,CI
CIRCLN,KA.D.CIRCLN.CASH.IP,Circle Holdings Ltd,SHARES,N/A,CLOSED,CI
CRCLN,KC.D.CRCLN.CASH.IP,Circle Property PLC,SHARES,N/A,CLOSED,CI
CRUS,UA.D.CRUS.CASH.IP,Cirrus Logic Inc,SHARES,N/A,TRADEABLE,CI
CSCO,UA.D.CSCO.CASH.IP,Cisco Systems Inc (24 Hours),SHARES,N/A,TRADEABLE,CI
CTRNUS,UA.D.CTRNUS.CASH.IP,Citi Trends Inc,SHARES,N/A,TRADEABLE,CI
CTXS,UA.D.CTXS.CASH.IP,Citrix Systems Inc,SHARES,N/A,CLOSED,CI
CHCOUS,UA.D.CHCOUS.CASH.IP,City Holding Co,SHARES,N/A,TRADEABLE,CI
CITYVAFF,EB.D.CITYVAFF.CASH.IP,Cityvarasto Oyj,SHARES,N/A,EDITS_ONLY,CI
VCTFP,EC.D.VCTFP.CASH.IP,Sa des Ciments Vicat,SHARES,N/A,EDITS_ONLY,CI
GRALN,KC.D.GRALN.CASH.IP,Software Circle Plc,SHARES,N/A,EDITS_ONLY,CI
CPCLN,KC.D.CPCLN.CASH.IP,The City Pub Company PLC,SHARES,N/A,CLOSED,CI
ACHL,KC.D.ACHL.CASH.IP,Asian Citrus Holdings Ltd (LSE),SHARES,N/A,CLOSED,CI
CICGLN,KC.D.CICGLN.CASH.IP,CIC Gold Group Limited,SHARES,N/A,CLOSED,CI
CCBGUS,UA.D.CCBGUS.CASH.IP,Capital City Bank Group Inc,SHARES,N/A,TRADEABLE,CI
CDTXUS,UA.D.CDTXUS.CASH.IP,Cidara Therapeutics Inc,SHARES,N/A,CLOSED,CI
CFROSJ,AR.D.CFROSJ.CASH.IP,Cie Financiere Richemont SA (Warrants),SHARES,N/A,CLOSED,CI
CODLN,KC.D.CODLN.CASH.IP,Cie de Saint-Gobain SA,SHARES,N/A,CLOSED,CI
SGO,EC.D.SGO.CASH.IP,Cie de St-Gobain,SHARES,N/A,EDITS_ONLY,CI
CINF,UA.D.CINF.CASH.IP,Cincinnati Financial Corp (24 Hours),SHARES,N/A,TRADEABLE,CI
CINPHASS,EH.D.CINPHASS.CASH.IP,Cinclus Pharma Holding AB,SHARES,N/A,EDITS_ONLY,CI
CINHLN,KC.D.CINHLN.CASH.IP,Cindrigo Holdings Limited,SHARES,N/A,EDITS_ONLY,CI
CHALLN,KC.D.CHALLN.CASH.IP,Cindrigo Holdings Ltd,SHARES,N/A,CLOSED,CI
CTXRUS,UA.D.CTXRUS.CASH.IP,Citius Pharmaceuticals Inc,SHARES,N/A,TRADEABLE,CI
CLHSJ,AR.D.CLHSJ.CASH.IP,City Lodge Hotels Ltd,SHARES,N/A,EDITS_ONLY,CI
FCZAUS,UB.D.FCZAUS.CASH.IP,Civista Bancshares Inc,SHARES,N/A,TRADEABLE,CI
CSHL,KA.D.CSHL.CASH.IP,Civitas Social Housing PLC,SHARES,N/A,CLOSED,CI
GYCGY,ED.D.GYCGY.CASH.IP,Grand City Properties SA,SHARES,N/A,EDITS_ONLY,CI
NCMIUS,UC.D.NCMIUS.CASH.IP,National CineMedia Inc,SHARES,N/A,TRADEABLE,CI
NCYF,KA.D.NCYF.CASH.IP,New City High Yield Fund Ltd,SHARES,N/A,EDITS_ONLY,CI
COFIM,EF.D.COFIM.CASH.IP,CIR SpA - Compagnie Industriali,SHARES,N/A,EDITS_ONLY,CI
ML,EC.D.ML.CASH.IP,Cie Generale des Etablissements Michelin,SHARES,N/A,EDITS_ONLY,CI
CZNCUS,UA.D.CZNCUS.CASH.IP,Citizens & Northern Corporation,SHARES,N/A,TRADEABLE,CI
CKILN,KC.D.CKILN.CASH.IP,CK Infrastructure Holdings Ltd,SHARES,N/A,EDITS_ONLY,CK
CL,CC.D.CL.UNC.IP,Oil - US Crude ($10),COMMODITIES,N/A,TRADEABLE,CL
CL,CC.D.CL.UMP.IP,Oil - US Crude (£1),COMMODITIES,N/A,TRADEABLE,CL
CL,EN.D.CL.FWS2.IP,Oil - US Crude ($10),COMMODITIES,N/A,TRADEABLE,CL
CL,EN.D.CL.FWS1.IP,Oil - US Crude ($10),COMMODITIES,N/A,TRADEABLE,CL
CL,EN.D.CL.FWM2.IP,Oil - US Crude ($5),COMMODITIES,N/A,TRADEABLE,CL
CL,EN.D.CL.FWM1.IP,Oil - US Crude ($5),COMMODITIES,N/A,TRADEABLE,CL
CL,EN.D.CL.FWP3.IP,Oil - US Crude (£1),COMMODITIES,N/A,TRADEABLE,CL
CL,EN.D.CL.FWP2.IP,Oil - US Crude (£1),COMMODITIES,N/A,TRADEABLE,CL
TOTAUS,UD.D.TOTAUS.CASH.IP,Clene Inc,SHARES,N/A,TRADEABLE,CL
CLIMEBSS,EH.D.CLIMEBSS.CASH.IP,Climeon AB,SHARES,N/A,EDITS_ONLY,CL
CLABSS,EH.D.CLABSS.CASH.IP,Cloetta AB (publ),SHARES,N/A,EDITS_ONLY,CL
AVQFP,EC.D.AVQFP.CASH.IP,Claranova SA,SHARES,N/A,CLOSED,CL
CKN,KA.D.CKN.CASH.IP,Clarkson PLC,SHARES,N/A,EDITS_ONLY,CL
CLAVSS,EH.D.CLAVSS.CASH.IP,Clavister AB,SHARES,N/A,EDITS_ONLY,CL
CLROUS,UA.D.CLROUS.CASH.IP,ClearOne Inc,SHARES,N/A,TRADEABLE,CL
SCONUS,UD.D.SCONUS.CASH.IP,Clearday Inc,SHARES,N/A,OFFLINE,CL
ABOGY,ED.D.ABOGY.CASH.IP,Clearvise AG,SHARES,N/A,EDITS_ONLY,CL
CTO,KA.D.CTO.CASH.IP,T Clarke PLC,SHARES,N/A,CLOSED,CL
CLPSUS,UA.D.CLPSUS.CASH.IP,CLPS In Corporation,SHARES,N/A,TRADEABLE,CL
CLI,KA.D.CLI.CASH.IP,CLS Holdings PLC,SHARES,N/A,EDITS_ONLY,CL
KORIFP,EC.D.KORIFP.CASH.IP,Clariane Group,SHARES,N/A,EDITS_ONLY,CL
BDEUS,UA.D.BDEUS.CASH.IP,Clarus Corporation,SHARES,N/A,TRADEABLE,CL
CLASB,EH.D.CLASB.CASH.IP,Clas Ohlson AB - B,SHARES,N/A,EDITS_ONLY,CL
CAPLN,KC.D.CAPLN.CASH.IP,Clean Air Power Ltd,SHARES,N/A,CLOSED,CL
CLSKUS,UA.D.CLSKUS.CASH.IP,CleanSpark Inc (24 Hours),SHARES,N/A,TRADEABLE,CL
CLSKWUS,UA.D.CLSKWUS.CASH.IP,Cleanspark Inc (Warrants),SHARES,N/A,TRADEABLE,CL
CLFDUS,UA.D.CLFDUS.CASH.IP,Clearfield Inc,SHARES,N/A,TRADEABLE,CL
CLEMSS,EH.D.CLEMSS.CASH.IP,Clemondo Group AB (publ),SHARES,N/A,EDITS_ONLY,CL
NCLSJ,AR.D.NCLSJ.CASH.IP,Clicks Group Ltd,SHARES,N/A,EDITS_ONLY,CL
CLIN,KA.D.CLIN.CASH.IP,Clinigen Group PLC,SHARES,N/A,CLOSED,CL
CLIQGY,ED.D.CLIQGY.CASH.IP,Cliq Digital AG,SHARES,N/A,EDITS_ONLY,CL
PNG,KC.D.PNG.CASH.IP,Clontarf Energy PLC,SHARES,N/A,EDITS_ONLY,CL
ZENLN,KC.D.ZENLN.CASH.IP,Cloudcall Group PLC,SHARES,N/A,CLOSED,CL
PINNLN,KC.D.PINNLN.CASH.IP,Cloudcoco Group PLC,SHARES,N/A,EDITS_ONLY,CL
CLVSUS,UA.D.CLVSUS.CASH.IP,Clovis Oncology Inc,SHARES,N/A,CLOSED,CL
CMCSA,UA.D.CMCSA.CASH.IP,Comcast Corp - Class A (24 Hours),SHARES,N/A,TRADEABLE,CL
GCLALI,PK.D.GCLALI.CASH.IP,Grupo Clarin SA,SHARES,N/A,CLOSED,CL
MCLLN,KA.D.MCLLN.CASH.IP,Morses Club PLC,SHARES,N/A,CLOSED,CL
SDIPBSS,EH.D.SDIPBSS.CASH.IP,Sdiptech AB (publ)-  Class B,SHARES,N/A,EDITS_ONLY,CL
CYBGLN,KA.D.CYBGLN.CASH.IP,Virgin Money UK PLC (LSE),SHARES,N/A,CLOSED,CL
ADURUS,UA.D.ADURUS.CASH.IP,Aduro Clean Technologies Inc,SHARES,N/A,TRADEABLE,CL
ARNIM,EF.D.ARNIM.CASH.IP,Alerion Cleanpower SpA,SHARES,N/A,EDITS_ONLY,CL
AUHULN,KC.D.AUHULN.CASH.IP,Auhua Clean Energy PLC,SHARES,N/A,CLOSED,CL
BCGLN,KA.D.BCGLN.CASH.IP,Baltic Classifieds Group PLC,SHARES,N/A,EDITS_ONLY,CL
DSYUS,UB.D.DSYUS.CASH.IP,Big Tree Cloud Holdings Ltd,SHARES,N/A,TRADEABLE,CL
KIDZUS,UB.D.KIDZUS.CASH.IP,Classover Holdings Inc,SHARES,N/A,TRADEABLE,CL
CLNE,UA.D.CLNE.CASH.IP,Clean Energy Fuels Corp,SHARES,N/A,TRADEABLE,CL
CMCOMNA,EG.D.CMCOMNA.CASH.IP,CM.com NV,SHARES,N/A,EDITS_ONLY,CM
EURN,EA.D.EURN.CASH.IP,CMB.TECH NV,SHARES,N/A,EDITS_ONLY,CM
0HR2LN,KA.D.0HR2LN.CASH.IP,CME Group Inc,SHARES,N/A,CLOSED,CM
CMOLN,KC.D.CMOLN.CASH.IP,CMO Group PLC,SHARES,N/A,CLOSED,CM
CMCXLN,KA.D.CMCXLN.CASH.IP,CMC Markets PLC,SHARES,N/A,EDITS_ONLY,CM
CCMP,UA.D.CCMP.CASH.IP,CMC Materials Inc,SHARES,N/A,CLOSED,CM
CME,UA.D.CME.CASH.IP,CME Group Inc - US (24 Hours),SHARES,N/A,TRADEABLE,CM
CMBSUS,SI.D.CMBSUS.CASH.IP,iShares CMBS ETF,SHARES,N/A,TRADEABLE,CM
EURN,EA.D.EURN.OPTCALL.IP,CMB.TECH NV Barrier Call,SHARES,N/A,EDITS_ONLY,CM
EURN,EA.D.EURN.OPTPUT.IP,CMB.TECH NV Barrier Put,SHARES,N/A,EDITS_ONLY,CM
CMLLN,KC.D.CMLLN.CASH.IP,CML Microsystems PLC,SHARES,N/A,EDITS_ONLY,CM
UC14LN,KA.D.UC14LN.CASH.IP,CMCI Composite SF UCITS ETF (USD) A-acc - UC14,SHARES,N/A,EDITS_ONLY,CM
UC15LN,KA.D.UC15LN.CASH.IP,CMCI Composite SF UCITS ETF (USD) A-acc - UC15,SHARES,N/A,EDITS_ONLY,CM
UC90LN,KA.D.UC90LN.CASH.IP,UBS Irl Fund Solutions plc - CMCI Composite SF UCITS ETF,SHARES,N/A,EDITS_ONLY,CM
UCIBUS,SI.D.UCIBUS.CASH.IP,ETRACS UBS Bloomberg Constant Maturity Commodity Indx CMCI Total Return ETN Se B,SHARES,N/A,TRADEABLE,CM
UD07LN,KA.D.UD07LN.CASH.IP,UBS Irl Fund Solutions plc - Bloomberg Commodity CMCI SF UCITS ETF,SHARES,N/A,EDITS_ONLY,CM
CNEYUS,UA.D.CNEYUS.CASH.IP,CN Energy Group. Inc,SHARES,N/A,TRADEABLE,CN
CNHIIM,EF.D.CNHIIM.CASH.IP,CNH Industrial NV (IT),SHARES,N/A,CLOSED,CN
CNPFP,EC.D.CNPFP.CASH.IP,CNP Assurances,SHARES,N/A,CLOSED,CN
CCNEUS,UA.D.CCNEUS.CASH.IP,CNB Financial Corporation,SHARES,N/A,TRADEABLE,CN
CNSPUS,UA.D.CNSPUS.CASH.IP,CNS Pharmaceuticals Inc,SHARES,N/A,TRADEABLE,CN
SCNYLN,KA.D.SCNYLN.CASH.IP,ETFS Short CNY Long USD,SHARES,N/A,EDITS_ONLY,CN
CNYBLN,KA.D.CNYBLN.CASH.IP,iShares China CNY Bond UCITS ETF (GBP),SHARES,N/A,EDITS_ONLY,CN
COFP,EC.D.COFP.CASH.IP,Casino Guichard Perrachon SA,SHARES,N/A,EDITS_ONLY,CO
GC,MT.D.GC.FWS4.IP,Gold ($100),COMMODITIES,N/A,TRADEABLE,CO
GC,MT.D.GC.FWM4.IP,Gold ($33.20),COMMODITIES,N/A,TRADEABLE,CO
HG,MT.D.HG.FWM3.IP,High Grade Copper ($0.50),COMMODITIES,N/A,TRADEABLE,CO
HG,MT.D.HG.FWS3.IP,High Grade Copper ($2.50),COMMODITIES,N/A,TRADEABLE,CO
COPPER,CS.D.COPPER.CFD.IP,Copper,CURRENCIES,N/A,TRADEABLE,CO
COPPER,CS.D.COPPER.MINI.IP,Copper ($5 Mini Contract),CURRENCIES,N/A,TRADEABLE,CO
C,CC.D.C.UNC.IP,Corn ($50),COMMODITIES,N/A,TRADEABLE,CO
C,CC.D.C.UMP.IP,Corn (£1),COMMODITIES,N/A,TRADEABLE,CO
C,CO.D.C.FWM3.IP,Corn ($25),COMMODITIES,N/A,TRADEABLE,CO
C,CO.D.C.FWM2.IP,Corn ($25),COMMODITIES,N/A,TRADEABLE,CO
C,CO.D.C.FWM1.IP,Corn ($25),COMMODITIES,N/A,TRADEABLE,CO
C,CO.D.C.FWS3.IP,Corn ($50),COMMODITIES,N/A,TRADEABLE,CO
C,CO.D.C.FWS2.IP,Corn ($50),COMMODITIES,N/A,TRADEABLE,CO
C,CO.D.C.FWS1.IP,Corn ($50),COMMODITIES,N/A,TRADEABLE,CO
CT,CC.D.CT.UNC.IP,NY Cotton ($5),COMMODITIES,N/A,TRADEABLE,CO
CT,CC.D.CT.UMP.IP,NY Cotton (£1),COMMODITIES,N/A,TRADEABLE,CO
WDFCUS,UD.D.WDFCUS.CASH.IP,WD-40 Co,SHARES,N/A,TRADEABLE,CO
IIVI,UB.D.IIVI.CASH.IP,COHERENT CORP,SHARES,N/A,TRADEABLE,CO
CNMDUS,UA.D.CNMDUS.CASH.IP,CONMED Corp,SHARES,N/A,TRADEABLE,CO
LKD,CC.D.LKD.UNC.IP,Coffee Robusta ($10),COMMODITIES,N/A,EDITS_ONLY,CO
LKD,CC.D.LKD.UMP.IP,Coffee Robusta (£1),COMMODITIES,N/A,EDITS_ONLY,CO
CGNX,UA.D.CGNX.CASH.IP,Cognex Corp,SHARES,N/A,TRADEABLE,CO
CRVLUS,UA.D.CRVLUS.CASH.IP,Corvel Corp,SHARES,N/A,TRADEABLE,CO
LCC,CC.D.LCC.UMP.IP,London Cocoa (£1),COMMODITIES,N/A,EDITS_ONLY,CO
LCC,CC.D.LCC.UNC.IP,London Cocoa (£10),COMMODITIES,N/A,EDITS_ONLY,CO
CC,CC.D.CC.UNC.IP,New York Cocoa ($10),COMMODITIES,N/A,TRADEABLE,CO
CC,CC.D.CC.UMP.IP,New York Cocoa (£1),COMMODITIES,N/A,TRADEABLE,CO
PTGEFUS,UC.D.PTGEFUS.CASH.IP,Alpa Compute Corp,SHARES,N/A,OFFLINE,CO
CONXUS,UA.D.CONXUS.CASH.IP,CONX Corporation,SHARES,N/A,OFFLINE,CO
COCHLN,KA.D.COCHLN.CASH.IP,Coca-Cola HBC AG (LSE),SHARES,N/A,EDITS_ONLY,CO
CPPLN,KA.D.CPPLN.CASH.IP,CPP Group PLC,SHARES,N/A,EDITS_ONLY,CP
CPRIM,EF.D.CPRIM.CASH.IP,Davide Campari-Milano SpA,SHARES,N/A,EDITS_ONLY,CP
PMTSUS,UC.D.PMTSUS.CASH.IP,CPI Card Group Inc,SHARES,N/A,TRADEABLE,CP
CPSHUS,UA.D.CPSHUS.CASH.IP,CPS Technologies Corporation,SHARES,N/A,TRADEABLE,CP
CRHLN,KA.D.CRHLN.CASH.IP,CRH PLC (LSE),SHARES,N/A,CLOSED,CR
CRYPTOB10,CS.D.CRYPTOB10.CFD.IP,Crypto 10 Index,CURRENCIES,N/A,TRADEABLE,CR
UC,EF.D.UC.CASH.IP,UniCredit SpA,SHARES,N/A,EDITS_ONLY,CR
CRWSUS,UA.D.CRWSUS.CASH.IP,Crown Crafts Inc,SHARES,N/A,TRADEABLE,CR
SUNCL,IX.D.SUNCL.UMP.IP,Weekend Oil - US Crude (GBP1),COMMODITIES,N/A,EDITS_ONLY,CR
CREDASS,EH.D.CREDASS.CASH.IP,Creades AB,SHARES,N/A,EDITS_ONLY,CR
CRTDUS,UA.D.CRTDUS.CASH.IP,Creatd Inc,SHARES,N/A,OFFLINE,CR
CRCTUS,UA.D.CRCTUS.CASH.IP,Cricut Inc,SHARES,N/A,TRADEABLE,CR
CRTOUS,UA.D.CRTOUS.CASH.IP,Criteo SA,SHARES,N/A,TRADEABLE,CR
CROX,UA.D.CROX.CASH.IP,Crocs Inc,SHARES,N/A,TRADEABLE,CR
NBILN,KC.D.NBILN.CASH.IP,CRESTCHIC PLC,SHARES,N/A,CLOSED,CR
CRW,KC.D.CRW.CASH.IP,Craneware PLC,SHARES,N/A,EDITS_ONLY,CR
CWK,KA.D.CWK.CASH.IP,Cranswick PLC,SHARES,N/A,EDITS_ONLY,CR
CXDOUS,UA.D.CXDOUS.CASH.IP,Crexendo Inc,SHARES,N/A,TRADEABLE,CR
ALCJFP,EC.D.ALCJFP.CASH.IP,Crossject SA,SHARES,N/A,EDITS_ONLY,CR
CFISHSS,EH.D.CFISHSS.CASH.IP,Crunchfish AB (publ),SHARES,N/A,EDITS_ONLY,CR
CYRXUS,UA.D.CYRXUS.CASH.IP,Cryoport Inc,SHARES,N/A,TRADEABLE,CR
CENFP,EC.D.CENFP.CASH.IP,Groupe Crit,SHARES,N/A,EDITS_ONLY,CR
ACWGY,ED.D.ACWGY.CASH.IP,AS Creation Tapeten AG,SHARES,N/A,EDITS_ONLY,CR
CRWCLN,KC.D.CRWCLN.CASH.IP,Albion Crown VCT PLC,SHARES,N/A,EDITS_ONLY,CR
BENLN,KC.D.BENLN.CASH.IP,Bens Creek Group PLC,SHARES,N/A,CLOSED,CR
TIDELN,KC.D.TIDELN.CASH.IP,Crimson Tide PLC,SHARES,N/A,EDITS_ONLY,CR
CRTMLN,KC.D.CRTMLN.CASH.IP,Critical Metals PLC,SHARES,N/A,EDITS_ONLY,CR
CRONUS,UA.D.CRONUS.CASH.IP,Cronos Group Inc - US,SHARES,N/A,TRADEABLE,CR
CE2GY,ED.D.CE2GY.CASH.IP,CropEnergies AG,SHARES,N/A,CLOSED,CR
CRWNLN,KC.D.CRWNLN.CASH.IP,Crown Place VCT PLC,SHARES,N/A,EDITS_ONLY,CR
CRPRLN,KC.D.CRPRLN.CASH.IP,James Cropper PLC,SHARES,N/A,EDITS_ONLY,CR
LSXMKUS,UB.D.LSXMKUS.CASH.IP,Liberty Media Crop,SHARES,N/A,CLOSED,CR
MMMBUS,UC.D.MMMBUS.CASH.IP,Mama's Creations Inc,SHARES,N/A,TRADEABLE,CR
DHYUS,SI.D.DHYUS.CASH.IP,Credit Suisse High Yield Credit Fund,SHARES,N/A,TRADEABLE,CR
BPCRLN,KA.D.BPCRLN.CASH.IP,BioPharma Credit PLC,SHARES,N/A,EDITS_ONLY,CR
COINSS,EH.D.COINSS.CASH.IP,Coinshares International Ltd,SHARES,N/A,CLOSED,CS
CSGNA,EG.D.CSGNA.CASH.IP,CSG NV,SHARES,N/A,EDITS_ONLY,CS
CSPIUS,UA.D.CSPIUS.CASH.IP,CSP Inc,SHARES,N/A,TRADEABLE,CS
CCLPUS,UA.D.CCLPUS.CASH.IP,CSI Compressco LP,SHARES,N/A,CLOSED,CS
CSWIUS,UA.D.CSWIUS.CASH.IP,CSW Industrials Inc,SHARES,N/A,TRADEABLE,CS
SXFP,EC.D.SXFP.CASH.IP,CS Communication & Systemes,SHARES,N/A,CLOSED,CS
CSGS,UA.D.CSGS.CASH.IP,CSG Systems International Inc,SHARES,N/A,CLOSED,CS
CHAUUS,SI.D.CHAUUS.CASH.IP,Direxion Daily CSI 300 China A Share Bull 2X ETF,SHARES,N/A,TRADEABLE,CS
KWEBLN,KA.D.KWEBLN.CASH.IP,KraneShares CSI China Internet ETF - (LSE),SHARES,N/A,EDITS_ONLY,CS
KWEBUS,UB.D.KWEBUS.CASH.IP,KraneShares CSI China Internet ETF - (US),SHARES,N/A,TRADEABLE,CS
KWBPLN,KA.D.KWBPLN.CASH.IP,KraneShares CSI China Internet UCITS ETF,SHARES,N/A,EDITS_ONLY,CS
XCHALN,KA.D.XCHALN.CASH.IP,Xtrackers CSI300 Swap UCITS ETF London,SHARES,N/A,EDITS_ONLY,CS
XCSILN,KA.D.XCSILN.CASH.IP,Xtrackers CSI500 Swap UCITS ETF 1C,SHARES,N/A,EDITS_ONLY,CS
RQFILN,KA.D.RQFILN.CASH.IP,Xtrackers Harvest CSI300 UCITS ETF 1D,SHARES,N/A,EDITS_ONLY,CS
ASHRLN,KA.D.ASHRLN.CASH.IP,Xtrackers Harvest CSI300 UCITS ETF 1D,SHARES,N/A,EDITS_ONLY,CS
CS51LN,KA.D.CS51LN.CASH.IP,iShares Core EURO STOXX 50 UCITS ETF - CS51,SHARES,N/A,EDITS_ONLY,CS
CSX5LN,KA.D.CSX5LN.CASH.IP,iShares Core EURO STOXX 50 UCITS ETF - CSX5,SHARES,N/A,EDITS_ONLY,CS
CSP1LN,KA.D.CSP1LN.CASH.IP,iShares Core S&P 500 UCITS ETF - CSP1,SHARES,N/A,EDITS_ONLY,CS
CSPXLN,KA.D.CSPXLN.CASH.IP,iShares Core S&P 500 UCITS ETF - CSPX,SHARES,N/A,EDITS_ONLY,CS
CWEBUS,SI.D.CWEBUS.CASH.IP,Direxion Daily CSI China Internet Index Bull 2X ETF,SHARES,N/A,TRADEABLE,CS
CTPNVNA,EG.D.CTPNVNA.CASH.IP,CTP NV,SHARES,N/A,EDITS_ONLY,CT
EVDGY,ED.D.EVDGY.CASH.IP,CTS Eventim AG,SHARES,N/A,EDITS_ONLY,CT
CTTSS,EH.D.CTTSS.CASH.IP,CTT Systems AB,SHARES,N/A,EDITS_ONLY,CT
MNDOUS,UC.D.MNDOUS.CASH.IP,Mind CTI Ltd,SHARES,N/A,TRADEABLE,CT
CTIC,UA.D.CTIC.CASH.IP,CTI BioPharma Corp (US),SHARES,N/A,CLOSED,CT
CTALN,KC.D.CTALN.CASH.IP,CT Automotive Group PLC,SHARES,N/A,EDITS_ONLY,CT
BBHLN,KC.D.BBHLN.CASH.IP,CT Healthcare Trust plc,SHARES,N/A,CLOSED,CT
FPEB,KA.D.FPEB.CASH.IP,CT Private Equity Trust PLC,SHARES,N/A,EDITS_ONLY,CT
IRP,KA.D.IRP.CASH.IP,CT Property Trust Limited,SHARES,N/A,CLOSED,CT
ICTULN,KC.D.ICTULN.CASH.IP,CT UK High Income Trust PLC,SHARES,N/A,CLOSED,CT
ICTBLN,KC.D.ICTBLN.CASH.IP,CT UK High Income Trust PLC,SHARES,N/A,EDITS_ONLY,CT
ICTALN,KC.D.ICTALN.CASH.IP,CT UK High Income Trust PLC,SHARES,N/A,EDITS_ONLY,CT
CTOUS,SI.D.CTOUS.CASH.IP,CTO Realty Growth Inc,SHARES,N/A,TRADEABLE,CT
CTTPL,PO.D.CTTPL.CASH.IP,CTT-Correios de Portugal SA,SHARES,N/A,EDITS_ONLY,CT
CTIBUS,UA.D.CTIBUS.CASH.IP,Yunhong Green CTI Ltd,SHARES,N/A,TRADEABLE,CT
FMPGLN,KC.D.FMPGLN.CASH.IP,CT Global Managed Portfolio Trust PLC,SHARES,N/A,EDITS_ONLY,CT
FMPILN,KC.D.FMPILN.CASH.IP,CT Global Managed Portfolio Trust PLC,SHARES,N/A,EDITS_ONLY,CT
FCI,KA.D.FCI.CASH.IP,CT UK Capital and Income Investment Trust PLC,SHARES,N/A,EDITS_ONLY,CT
CATSJ,AR.D.CATSJ.CASH.IP,Caxton and CTP Publishers and Printers Limited,SHARES,N/A,EDITS_ONLY,CT
EEWGLN,KA.D.EEWGLN.CASH.IP,iShares MSCI World ESG Enhanced CTB UCITS ETF,SHARES,N/A,EDITS_ONLY,CT
USDJPY,CS.D.USDJPY.CFD.IP,USD/JPY,CURRENCIES,N/A,TRADEABLE,CU
EURGBP,CS.D.EURGBP.CFD.IP,EUR/GBP,CURRENCIES,N/A,TRADEABLE,CU
EURJPY,CS.D.EURJPY.CFD.IP,EUR/JPY,CURRENCIES,N/A,TRADEABLE,CU
EURUSD,CS.D.EURUSD.CFD.IP,EUR/USD,CURRENCIES,N/A,TRADEABLE,CU
EURUSD,CS.D.EURUSD.MINI.IP,EUR/USD Mini,CURRENCIES,N/A,TRADEABLE,CU
GBPJPY,CS.D.GBPJPY.CFD.IP,GBP/JPY,CURRENCIES,N/A,TRADEABLE,CU
EURSGD,CS.D.EURSGD.CFD.IP,EUR/SGD,CURRENCIES,N/A,TRADEABLE,CU
USDSGD,CS.D.USDSGD.CFD.IP,USD/SGD,CURRENCIES,N/A,TRADEABLE,CU
5CVGY,ED.D.5CVGY.CASH.IP,CureVac NV,SHARES,N/A,CLOSED,CU
CRISUS,UA.D.CRISUS.CASH.IP,Curis Inc,SHARES,N/A,TRADEABLE,CU
CUTRUS,UA.D.CUTRUS.CASH.IP,Cutera Inc,SHARES,N/A,CLOSED,CU
HLTHUS,UB.D.HLTHUS.CASH.IP,Cue Health Inc,SHARES,N/A,OFFLINE,CU
CVACUS,UA.D.CVACUS.CASH.IP,CureVac B.V.,SHARES,N/A,CLOSED,CU
PZC,KA.D.PZC.CASH.IP,PZ Cussons PLC,SHARES,N/A,EDITS_ONLY,CU
CUEUS,UA.D.CUEUS.CASH.IP,Cue Biopharma Inc,SHARES,N/A,OFFLINE,CU
CMLSUS,UA.D.CMLSUS.CASH.IP,Cumulus Media Inc,SHARES,N/A,OFFLINE,CU
CURRUS,UA.D.CURRUS.CASH.IP,Currenc Group Inc,SHARES,N/A,TRADEABLE,CU
COHSJ,AR.D.COHSJ.CASH.IP,Curro Holdings Ltd,SHARES,N/A,CLOSED,CU
CGEMUS,UA.D.CGEMUS.CASH.IP,Cullinan Therapeutics Inc,SHARES,N/A,TRADEABLE,CU
CUPRUS,UA.D.CUPRUS.CASH.IP,Cuprina Holdings Cayman Ltd,SHARES,N/A,TRADEABLE,CU
CURXUS,UA.D.CURXUS.CASH.IP,Curanex Pharmaceuticals Inc,SHARES,N/A,TRADEABLE,CU
CURIUS,UA.D.CURIUS.CASH.IP,CuriosityStream Inc,SHARES,N/A,TRADEABLE,CU
FXEUS,SI.D.FXEUS.CASH.IP,CurrencyShares Euro Trust,SHARES,N/A,TRADEABLE,CU
CBPLN,KA.D.CBPLN.CASH.IP,Curtis Banks Group PLC,SHARES,N/A,CLOSED,CU
CCNCUS,UA.D.CCNCUS.CASH.IP,GD Culture Group Limited,SHARES,N/A,TRADEABLE,CU
CCRCUS,UA.D.CCRCUS.CASH.IP,China Customer Relations Centers Inc,SHARES,N/A,CLOSED,CU
CPIXUS,UA.D.CPIXUS.CASH.IP,Cumberland Pharmaceuticals Inc,SHARES,N/A,TRADEABLE,CU
FXAUS,SI.D.FXAUS.CASH.IP,CurrencyShares Australian Dollar Trust,SHARES,N/A,TRADEABLE,CU
FXBUS,SI.D.FXBUS.CASH.IP,CurrencyShares British Pound Sterling Trust,SHARES,N/A,TRADEABLE,CU
FXCUS,SI.D.FXCUS.CASH.IP,CurrencyShares Canadian Dollar Trust,SHARES,N/A,TRADEABLE,CU
FXY,SI.D.FXY.CASH.IP,CurrencyShares Japanese Yen Trust,SHARES,N/A,TRADEABLE,CU
FXFUS,SI.D.FXFUS.CASH.IP,CurrencyShares Swiss Franc Trust,SHARES,N/A,TRADEABLE,CU
CPW,KA.D.CPW.CASH.IP,Currys Plc,SHARES,N/A,EDITS_ONLY,CU
CREILN,KA.D.CREILN.CASH.IP,Custodian Property Income REIT plc,SHARES,N/A,EDITS_ONLY,CU
HCDIUS,UB.D.HCDIUS.CASH.IP,Harbor Custom Development Inc,SHARES,N/A,CLOSED,CU
STPULN,KA.D.STPULN.CASH.IP,Lyxor US Curve Steepening 2-10 UCITS ETF,SHARES,N/A,EDITS_ONLY,CU
MCP,KA.D.MCP.CASH.IP,Martin Currie Pacific Trust PLC,SHARES,N/A,CLOSED,CU
OCGUS,UC.D.OCGUS.CASH.IP,Oriental Culture Holding Limited,SHARES,N/A,TRADEABLE,CU
CVRXUS,UA.D.CVRXUS.CASH.IP,CVRx Inc,SHARES,N/A,TRADEABLE,CV
CVSG,KA.D.CVSG.CASH.IP,CVS Group PLC,SHARES,N/A,EDITS_ONLY,CV
CVBFUS,UA.D.CVBFUS.CASH.IP,CVB Financial Corp,SHARES,N/A,TRADEABLE,CV
DGNSUS,UB.D.DGNSUS.CASH.IP,Cvent Holding Corp,SHARES,N/A,CLOSED,CV
CVCNA,EG.D.CVCNA.CASH.IP,CVC Capital Partners PLC,SHARES,N/A,EDITS_ONLY,CV
CCPGLN,KA.D.CCPGLN.CASH.IP,CVC INCOME & GROWTH LIMITED,SHARES,N/A,EDITS_ONLY,CV
CCPELN,KA.D.CCPELN.CASH.IP,CVC Income & Growth Limited,SHARES,N/A,EDITS_ONLY,CV
CVVUS,UA.D.CVVUS.CASH.IP,CVD Equipment Corporation,SHARES,N/A,TRADEABLE,CV
BWMXUS,UA.D.BWMXUS.CASH.IP,Betterware de Mexico S.A.P.I. de CV,SHARES,N/A,TRADEABLE,CV
CVNYUS,SI.D.CVNYUS.CASH.IP,YieldMax CVNA Option Income Strategy ETF,SHARES,N/A,TRADEABLE,CV
KINZUUS,UB.D.KINZUUS.CASH.IP,CXApp Inc,SHARES,N/A,TRADEABLE,CX
CXAIWUS,UA.D.CXAIWUS.CASH.IP,CXApp Inc,SHARES,N/A,TRADEABLE,CX
CYNUS,UA.D.CYNUS.CASH.IP,CYNGN Inc,SHARES,N/A,TRADEABLE,CY
CYXOSS,EH.D.CYXOSS.CASH.IP,Cyxone AB,SHARES,N/A,CLOSED,CY
CYRNUS,UA.D.CYRNUS.CASH.IP,CYREN Limited,SHARES,N/A,OFFLINE,CY
CY4IM,EF.D.CY4IM.CASH.IP,Cy4gate SpA,SHARES,N/A,EDITS_ONLY,CY
CYCUUS,UA.D.CYCUUS.CASH.IP,Cycurion Inc,SHARES,N/A,TRADEABLE,CY
CONEUS,UA.D.CONEUS.CASH.IP,CyrusOne Inc,SHARES,N/A,CLOSED,CY
T5OGY,ED.D.T5OGY.CASH.IP,CytoTool SA,SHARES,N/A,CLOSED,CY
SLEEPSS,EH.D.SLEEPSS.CASH.IP,Sleep Cycle AB (publ),SHARES,N/A,EDITS_ONLY,CY
CTSOUS,UA.D.CTSOUS.CASH.IP,CytoSorbents Corp,SHARES,N/A,TRADEABLE,CY
CYTKUS,UA.D.CYTKUS.CASH.IP,Cytokinetics Inc,SHARES,N/A,TRADEABLE,CY
BOCHLN,KA.D.BOCHLN.CASH.IP,Bank of Cyprus Holdings PLC,SHARES,N/A,CLOSED,CY
CCSLN,KC.D.CCSLN.CASH.IP,Crossword Cybersecurity PLC,SHARES,N/A,CLOSED,CY
CYAN,KC.D.CYAN.CASH.IP,Cyanconnode Holdings Plc,SHARES,N/A,EDITS_ONLY,CY
CYBRUS,UA.D.CYBRUS.CASH.IP,Cyber-Ark Software Ltd/Israel,SHARES,N/A,CLOSED,CY
CYBEUS,UA.D.CYBEUS.CASH.IP,CyberOptics Corporation,SHARES,N/A,CLOSED,CY
CYCNVUS,UA.D.CYCNVUS.CASH.IP,Cyclerion Therapeutics Inc,SHARES,N/A,TRADEABLE,CY
CYTHUS,UA.D.CYTHUS.CASH.IP,Cyclo Therapeutics Inc,SHARES,N/A,CLOSED,CY
CBAYUS,UA.D.CBAYUS.CASH.IP,CymaBay Therapeutics Inc,SHARES,N/A,CLOSED,CY
LPTXUS,UB.D.LPTXUS.CASH.IP,Cypherpunk Technologies Inc,SHARES,N/A,TRADEABLE,CY
CYTUS,UA.D.CYTUS.CASH.IP,Cyteir Therapeutics Inc,SHARES,N/A,CLOSED,CY
CTKBUS,UA.D.CTKBUS.CASH.IP,Cytek Biosciences Inc,SHARES,N/A,TRADEABLE,CY
CTMXUS,UA.D.CTMXUS.CASH.IP,CytomX Therapeutics Inc,SHARES,N/A,TRADEABLE,CY
SVACUS,UD.D.SVACUS.CASH.IP,Cyxtera Technologies Inc,SHARES,N/A,CLOSED,CY
CYXTWUS,UA.D.CYXTWUS.CASH.IP,Cyxtera Technologies Inc (Warrants),SHARES,N/A,CLOSED,CY
BUGUS,UA.D.BUGUS.CASH.IP,Global X Cybersecurity ETF,SHARES,N/A,TRADEABLE,CY
HUBCUS,UB.D.HUBCUS.CASH.IP,Hub Cyber Security Ltd,SHARES,N/A,OFFLINE,CY
ISPYLN,KA.D.ISPYLN.CASH.IP,L&G Cyber Security UCITS ETF,SHARES,N/A,EDITS_ONLY,CY
USPYLN,KA.D.USPYLN.CASH.IP,L&G Cyber Security UCITS ETF,SHARES,N/A,EDITS_ONLY,CY
PCYOUS,UC.D.PCYOUS.CASH.IP,Pure Cycle Corporation,SHARES,N/A,TRADEABLE,CY
BCYPUUS,UA.D.BCYPUUS.CASH.IP,Big Cypress Acquisition Corporation,SHARES,N/A,CLOSED,CY
PRESLN,KC.D.PRESLN.CASH.IP,Chesterfield Special Cylinders Holdings PLC,SHARES,N/A,EDITS_ONLY,CY
FCBRLN,KA.D.FCBRLN.CASH.IP,First Trust Nasdaq Cybersecurity UCITS ETF,SHARES,N/A,EDITS_ONLY,CY
CIBRLN,KA.D.CIBRLN.CASH.IP,First Trust Nasdaq Cybersecurity UCITS ETF (USD),SHARES,N/A,EDITS_ONLY,CY
BUGGLN,KA.D.BUGGLN.CASH.IP,Global X Cybersecurity Ucits Etf,SHARES,N/A,EDITS_ONLY,CY
CIBRUS,UA.D.CIBRUS.CASH.IP,Trust NASDAQ Cybersecurity ETF,SHARES,N/A,TRADEABLE,CY
WCBRUS,UD.D.WCBRUS.CASH.IP,WisdomTree Cybersecurity Fund,SHARES,N/A,TRADEABLE,CY
CYSELN,KA.D.CYSELN.CASH.IP,WisdomTree Cybersecurity UCITS ETF USD,SHARES,N/A,EDITS_ONLY,CY
CYBPLN,KA.D.CYBPLN.CASH.IP,ARK Invest UCITS ICAV - ARK Cybersecurity and Data Privacy UCITS ETF (GBP),SHARES,N/A,EDITS_ONLY,CY
CYBRLN,KA.D.CYBRLN.CASH.IP,ARK Invest UCITS ICAV - ARK Cybersecurity and Data Privacy UCITS ETF (USD),SHARES,N/A,EDITS_ONLY,CY
EURCZK,CS.D.EURCZK.CFD.IP,EUR/CZK,CURRENCIES,N/A,TRADEABLE,CZ
EURCZK,CS.D.EURCZK.MINI.IP,EUR/CZK Mini,CURRENCIES,N/A,TRADEABLE,CZ
USDCZK,CS.D.USDCZK.CFD.IP,USD/CZK,CURRENCIES,N/A,TRADEABLE,CZ
GBPCZK,CS.D.GBPCZK.CFD.IP,GBP/CZK,CURRENCIES,N/A,TRADEABLE,CZ
GBPCZK,CS.D.GBPCZK.MINI.IP,GBP/CZK Mini,CURRENCIES,N/A,TRADEABLE,CZ
USDCZK,CS.D.USDCZK.MINI.IP,USD/CZK Mini,CURRENCIES,N/A,TRADEABLE,CZ
DAX,IX.D.DAX.FWS1.IP,Germany 40 (E25),INDICES,N/A,TRADEABLE,DA
DAX,IX.D.DAX.FWM1.IP,Germany 40 (E5),INDICES,N/A,TRADEABLE,DA
EURDKK,CS.D.EURDKK.CFD.IP,EUR/DKK,CURRENCIES,N/A,TRADEABLE,DA
EURDKK,CS.D.EURDKK.MINI.IP,EUR/DKK Mini,CURRENCIES,N/A,TRADEABLE,DA
DES2,KA.D.DES2.CASH.IP,L&G DAX(r) Daily 2x Short UCITS ETF - EUR (LSE),SHARES,N/A,EDITS_ONLY,DA
USDDKK,CS.D.USDDKK.CFD.IP,USD/DKK,CURRENCIES,N/A,TRADEABLE,DA
DMNUS,UB.D.DMNUS.CASH.IP,Damon Inc,SHARES,N/A,OFFLINE,DA
DSKEUS,UB.D.DSKEUS.CASH.IP,Daseke Inc,SHARES,N/A,CLOSED,DA
DAVEUS,UB.D.DAVEUS.CASH.IP,Dave Inc,SHARES,N/A,TRADEABLE,DA
USDDKK,CS.D.USDDKK.MINI.IP,USD/DKK Mini,CURRENCIES,N/A,TRADEABLE,DA
DL2PLN,KA.D.DL2PLN.CASH.IP,L&G DAX(r) Daily 2x Long UCITS ETF,SHARES,N/A,EDITS_ONLY,DA
DEL2LN,KA.D.DEL2LN.CASH.IP,L&G DAX(r) Daily 2x Long UCITS ETF,SHARES,N/A,EDITS_ONLY,DA
3DELLN,KA.D.3DELLN.CASH.IP,WisdomTree DAX 30 3x Daily Lev,SHARES,N/A,EDITS_ONLY,DA
3LDELN,KA.D.3LDELN.CASH.IP,WisdomTree DAX 30 3x Daily Lev,SHARES,N/A,EDITS_ONLY,DA
3SDELN,KA.D.3SDELN.CASH.IP,WisdomTree DAX 30 3x Daily Sho,SHARES,N/A,EDITS_ONLY,DA
3DESLN,KA.D.3DESLN.CASH.IP,WisdomTree DAX 30 3x Daily Sho,SHARES,N/A,EDITS_ONLY,DA
DARDLN,KC.D.DARDLN.CASH.IP,DAR Global PLC,SHARES,N/A,EDITS_ONLY,DA
DTEAUS,UB.D.DTEAUS.CASH.IP,DAVIDsTEA Inc,SHARES,N/A,OFFLINE,DA
DB,EP.D.DB.CASH.IP,Danske Bank AS,SHARES,N/A,EDITS_ONLY,DA
DKIUS,UB.D.DKIUS.CASH.IP,Darkiris Inc,SHARES,N/A,TRADEABLE,DA
DARKLN,KA.D.DARKLN.CASH.IP,Darktrace PLC,SHARES,N/A,CLOSED,DA
DAMGY,ED.D.DAMGY.CASH.IP,Data Modul AG,SHARES,N/A,EDITS_ONLY,DA
DTCSJ,AR.D.DTCSJ.CASH.IP,DataTec Ltd (SA),SHARES,N/A,EDITS_ONLY,DA
DDOGUS,UB.D.DDOGUS.CASH.IP,Datadog Inc (24 Hours),SHARES,N/A,TRADEABLE,DA
D6HGY,ED.D.D6HGY.CASH.IP,Datagroup AG,SHARES,N/A,CLOSED,DA
DALIM,EF.D.DALIM.CASH.IP,Datalogic SpA,SHARES,N/A,EDITS_ONLY,DA
DADAUS,UB.D.DADAUS.CASH.IP,Dada Nexus Limited,SHARES,N/A,CLOSED,DA
DAKT,UB.D.DAKT.CASH.IP,Daktronics Inc,SHARES,N/A,TRADEABLE,DA
4DSGY,ED.D.4DSGY.CASH.IP,Daldrup & Soehne AG,SHARES,N/A,EDITS_ONLY,DA
DNKLN,KC.D.DNKLN.CASH.IP,Danakali Limited,SHARES,N/A,CLOSED,DA
CERUUS,UA.D.CERUUS.CASH.IP,Dare Bioscience Inc,SHARES,N/A,TRADEABLE,DA
DAIOUS,UB.D.DAIOUS.CASH.IP,Data I O Corporation,SHARES,N/A,TRADEABLE,DA
TZUPUS,UD.D.TZUPUS.CASH.IP,Datacentrex Inc,SHARES,N/A,TRADEABLE,DA
DATADC,EP.D.DATADC.CASH.IP,Dataproces Group A/S,SHARES,N/A,EDITS_ONLY,DA
WISAUS,UD.D.WISAUS.CASH.IP,Datavault AI Inc (24 Hours),SHARES,N/A,TRADEABLE,DA
DCHLN,KC.D.DCHLN.CASH.IP,Dauch Corporation (Lon),SHARES,N/A,EDITS_ONLY,DA
IRON,CC.D.IRON.UNC.IP,Iron Ore (CNH100),COMMODITIES,N/A,EDITS_ONLY,DA
IRON,CC.D.IRON.UMP.IP,Iron Ore (£1),COMMODITIES,N/A,EDITS_ONLY,DA
MKDUS,UC.D.MKDUS.CASH.IP,Molecular Data Inc,SHARES,N/A,OFFLINE,DA
NB2GR,ED.D.NB2GR.CASH.IP,Northern Data AG,SHARES,N/A,EDITS_ONLY,DA
SG84LN,KA.D.SG84LN.CASH.IP,SG FTSE x3 DAILY LONG,SHARES,N/A,CLOSED,DA
SG86LN,KA.D.SG86LN.CASH.IP,SG FTSE x5 DAILY LONG,SHARES,N/A,CLOSED,DA
SG46LN,KA.D.SG46LN.CASH.IP,SG GOLD X3 DAILY LONG,SHARES,N/A,CLOSED,DA
DBVFP,EC.D.DBVFP.CASH.IP,DBV Technologies SA,SHARES,N/A,EDITS_ONLY,DB
DBVTUS,UB.D.DBVTUS.CASH.IP,DBV Technologies SA (US),SHARES,N/A,TRADEABLE,DB
DBOUS,SI.D.DBOUS.CASH.IP,Invesco DB Oil Fund,SHARES,N/A,TRADEABLE,DB
BDDUS,SI.D.BDDUS.CASH.IP,DB Base Metals Double Long ETN,SHARES,N/A,OFFLINE,DB
DYYUS,SI.D.DYYUS.CASH.IP,DB Commodity Double Long ETN,SHARES,N/A,OFFLINE,DB
DGPUS,SI.D.DGPUS.CASH.IP,DB Gold Double Long ETN,SHARES,N/A,TRADEABLE,DB
DZZUS,SI.D.DZZUS.CASH.IP,DB Gold Double Short ETN,SHARES,N/A,TRADEABLE,DB
DBAUS,SI.D.DBAUS.CASH.IP,Invesco DB Agriculture Fund,SHARES,N/A,TRADEABLE,DB
DBBUS,SI.D.DBBUS.CASH.IP,Invesco DB Base Metals Fund,SHARES,N/A,TRADEABLE,DB
DBEUS,SI.D.DBEUS.CASH.IP,Invesco DB Energy Fund,SHARES,N/A,TRADEABLE,DB
XRH0LN,KA.D.XRH0LN.CASH.IP,db Physical Rhodium ETC,SHARES,N/A,EDITS_ONLY,DB
DBCUS,SI.D.DBCUS.CASH.IP,Invesco DB Commodity Index Tracking Fund,SHARES,N/A,TRADEABLE,DB
DBP,SI.D.DBP.CASH.IP,Invesco DB Precious Metals Fund,SHARES,N/A,TRADEABLE,DB
UDNUS,SI.D.UDNUS.CASH.IP,Invesco DB US Dollar Index Bearish Fund,SHARES,N/A,TRADEABLE,DB
UUPUS,SI.D.UUPUS.CASH.IP,Invesco DB US Dollar Index Bullish Fund,SHARES,N/A,TRADEABLE,DB
DBJPUS,SI.D.DBJPUS.CASH.IP,db X-trackers MSCI Japan Hedged Equity Fund,SHARES,N/A,TRADEABLE,DB
DBMGLN,KA.D.DBMGLN.CASH.IP,iMGP DBi Managed Futures Fund R USD UCITS ETF,SHARES,N/A,EDITS_ONLY,DB
DBMFUS,SI.D.DBMFUS.CASH.IP,iMGP DBi Managed Futures Strategy ETF,SHARES,N/A,TRADEABLE,DB
DCCLN,KA.D.DCCLN.CASH.IP,DCC PLC,SHARES,N/A,EDITS_ONLY,DC
DCD,KC.D.DCD.CASH.IP,DCD Media PLC,SHARES,N/A,CLOSED,DC
DCILN,KC.D.DCILN.CASH.IP,DCI ADVISORS LTD,SHARES,N/A,CLOSED,DC
DCFCUS,UB.D.DCFCUS.CASH.IP,Tritium DCFC Limited,SHARES,N/A,OFFLINE,DC
DCFCWUS,UB.D.DCFCWUS.CASH.IP,Tritium DCFC Limited - Warrants,SHARES,N/A,OFFLINE,DC
DDMXUUS,UB.D.DDMXUUS.CASH.IP,DD3 Acquisition Corp. II (Unit),SHARES,N/A,CLOSED,DD
NLBLI,PK.D.NLBLI.CASH.IP,Nova Ljubljanska Banka dd,SHARES,N/A,EDITS_ONLY,DD
DLAR,KA.D.DLAR.CASH.IP,De La Rue PLC,SHARES,N/A,CLOSED,DE
WDH,EP.D.WDH.CASH.IP,Demant AS,SHARES,N/A,EDITS_ONLY,DE
DLGIM,EF.D.DLGIM.CASH.IP,De' Longhi,SHARES,N/A,EDITS_ONLY,DE
DFXLN,KC.D.DFXLN.CASH.IP,Defenx PLC,SHARES,N/A,CLOSED,DE
DENNUS,UB.D.DENNUS.CASH.IP,Denny's Corp,SHARES,N/A,CLOSED,DE
DBK,ED.D.DBK.CASH.IP,Deutsche Bank AG,SHARES,N/A,EDITS_ONLY,DE
DVO,KA.D.DVO.CASH.IP,Devro PLC,SHARES,N/A,CLOSED,DE
DXCM,UB.D.DXCM.CASH.IP,DexCom Inc (24 Hours),SHARES,N/A,TRADEABLE,DE
DEXB,EA.D.DEXB.CASH.IP,Dexia SA,SHARES,N/A,CLOSED,DE
PDEXUS,UC.D.PDEXUS.CASH.IP,Pro-Dex Inc,SHARES,N/A,TRADEABLE,DE
JNVRUS,UB.D.JNVRUS.CASH.IP,DeFi Development Corp,SHARES,N/A,TRADEABLE,DE
DEMEBB,EA.D.DEMEBB.CASH.IP,DEME Group NV,SHARES,N/A,EDITS_ONLY,DE
DECBBB,EA.D.DECBBB.CASH.IP,Deceuninck NV,SHARES,N/A,EDITS_ONLY,DE
DEDISS,EH.D.DEDISS.CASH.IP,Dedicare AB (publ),SHARES,N/A,EDITS_ONLY,DE
A0MZ4BGY,ED.D.A0MZ4BGY.CASH.IP,Delignit AG,SHARES,N/A,EDITS_ONLY,DE
DEXGY,ED.D.DEXGY.CASH.IP,Delticom AG,SHARES,N/A,EDITS_ONLY,DE
DMTKUS,UB.D.DMTKUS.CASH.IP,DermTech Inc,SHARES,N/A,CLOSED,DE
DVT,EC.D.DVT.CASH.IP,Devoteam SA,SHARES,N/A,CLOSED,DE
DECFP,EC.D.DECFP.CASH.IP,JC Decaux SE,SHARES,N/A,EDITS_ONLY,DE
MOR,ED.D.MOR.CASH.IP,MorphoSy AG - DE,SHARES,N/A,CLOSED,DE
BRLIUS,UA.D.BRLIUS.CASH.IP,T3 Defense Inc,SHARES,N/A,OFFLINE,DE
TTDUS,UD.D.TTDUS.CASH.IP,Trade Desk Inc/The (24 Hours),SHARES,N/A,TRADEABLE,DE
VANBB,EA.D.VANBB.CASH.IP,Van de Velde NV,SHARES,N/A,EDITS_ONLY,DE
FSS,IR.D.FSS.FWS10.IP,3 Month SONIA (GBP 25),RATES,N/A,EDITS_ONLY,DE
FSS,IR.D.FSS.FWS11.IP,3 Month SONIA (GBP 25),RATES,N/A,EDITS_ONLY,DE
FSS,IR.D.FSS.FWS12.IP,3 Month SONIA (GBP 25),RATES,N/A,EDITS_ONLY,DE
FSS,IR.D.FSS.FWS13.IP,3 Month SONIA (GBP 25),RATES,N/A,EDITS_ONLY,DE
DFDSDC,EP.D.DFDSDC.CASH.IP,DFDS AS,SHARES,N/A,EDITS_ONLY,DF
DFSLN,KA.D.DFSLN.CASH.IP,DFS Furniture Ltd,SHARES,N/A,EDITS_ONLY,DF
DGFP,EC.D.DGFP.CASH.IP,Vinci SA,SHARES,N/A,EDITS_ONLY,DG
PATHLN,KC.D.PATHLN.CASH.IP,DG INNOVATE PLC,SHARES,N/A,CLOSED,DG
DHUS,UB.D.DHUS.CASH.IP,Definitive Healthcare Corporation,SHARES,N/A,TRADEABLE,DH
DPW,ED.D.DPW.CASH.IP,DHL Group,SHARES,N/A,EDITS_ONLY,DH
DHCAUS,UB.D.DHCAUS.CASH.IP,DHC Acquisition Corporation,SHARES,N/A,OFFLINE,DH
DHSLN,KA.D.DHSLN.CASH.IP,WisdomTree US Equity Income UCITS ETF - DHS,SHARES,N/A,EDITS_ONLY,DH
AILOSERS,IX.D.AILOSERS.IFD.IP,AI Disruption Risk Index ($1),INDICES,N/A,TRADEABLE,DI
DGE,KA.D.DGE.CASH.IP,Diageo PLC,SHARES,N/A,EDITS_ONLY,DI
DIGIAFH,EB.D.DIGIAFH.CASH.IP,Digia Oyj,SHARES,N/A,EDITS_ONLY,DI
DIGIZDC,EP.D.DIGIZDC.CASH.IP,Digizuite AS,SHARES,N/A,CLOSED,DI
DIOD,UB.D.DIOD.CASH.IP,Diodes Inc,SHARES,N/A,TRADEABLE,DI
DISTSS,EH.D.DISTSS.CASH.IP,DistIT AB (publ),SHARES,N/A,EDITS_ONLY,DI
BES,KC.D.BES.CASH.IP,Distil Plc,SHARES,N/A,EDITS_ONLY,DI
DRCTUS,UB.D.DRCTUS.CASH.IP,Direct Digital Holdings Inc,SHARES,N/A,OFFLINE,DI
DIAIM,EF.D.DIAIM.CASH.IP,DiaSorin SpA,SHARES,N/A,EDITS_ONLY,DI
DIA,KA.D.DIA.CASH.IP,Dialight PLC,SHARES,N/A,EDITS_ONLY,DI
DNMLN,KC.D.DNMLN.CASH.IP,Dianomi PLC,SHARES,N/A,EDITS_ONLY,DI
DGNXUS,UB.D.DGNXUS.CASH.IP,Diginex Ltd,SHARES,N/A,OFFLINE,DI
DTY,KA.D.DTY.CASH.IP,Dignity PLC,SHARES,N/A,CLOSED,DI
DPLM,KA.D.DPLM.CASH.IP,Diploma PLC,SHARES,N/A,EDITS_ONLY,DI
DISCA,UB.D.DISCA.CASH.IP,Discovery Inc - A,SHARES,N/A,CLOSED,DI
DSYSJ,AR.D.DSYSJ.CASH.IP,Discovery Ltd,SHARES,N/A,EDITS_ONLY,DI
TWINUS,UD.D.TWINUS.CASH.IP,Twin Disc Inc,SHARES,N/A,TRADEABLE,DI
UBCLN,KC.D.UBCLN.CASH.IP,7 Digital Group Plc,SHARES,N/A,CLOSED,DI
ANGLN,KC.D.ANGLN.CASH.IP,Angling Direct PLC,SHARES,N/A,EDITS_ONLY,DI
DNJRUS,UB.D.DNJRUS.CASH.IP,Bit Digital Inc (24 Hours),SHARES,N/A,TRADEABLE,DI
CDI,EC.D.CDI.CASH.IP,Christian Dior SA,SHARES,N/A,EDITS_ONLY,DI
CODXUS,UA.D.CODXUS.CASH.IP,Co-Diagnostics Inc,SHARES,N/A,TRADEABLE,DI
DMYDBSS,EH.D.DMYDBSS.CASH.IP,DIAMYD MEDICAL AB,SHARES,N/A,EDITS_ONLY,DI
DISH,UB.D.DISH.CASH.IP,DISH Network Corp,SHARES,N/A,CLOSED,DI
DXRXLN,KC.D.DXRXLN.CASH.IP,Diaceutics Plc,SHARES,N/A,EDITS_ONLY,DI
DIABIOSS,EH.D.DIABIOSS.CASH.IP,Diagonal Bio AB,SHARES,N/A,CLOSED,DI
DRVLN,KC.D.DRVLN.CASH.IP,Diales Group PLC,SHARES,N/A,EDITS_ONLY,DI
DIEGY,ED.D.DIEGY.CASH.IP,Dierig Holding AG,SHARES,N/A,EDITS_ONLY,DI
DGHIUS,UB.D.DGHIUS.CASH.IP,Digi Power X Inc,SHARES,N/A,TRADEABLE,DI
DIBIM,EF.D.DIBIM.CASH.IP,Digital Bros SpA,SHARES,N/A,EDITS_ONLY,DI
APPSUS,UA.D.APPSUS.CASH.IP,Digital Turbine Inc (24 Hours),SHARES,N/A,TRADEABLE,DI
DGVIM,EF.D.DGVIM.CASH.IP,Digital Value SpA,SHARES,N/A,CLOSED,DI
PMK,KC.D.PMK.CASH.IP,Digitalbox PLC,SHARES,N/A,EDITS_ONLY,DI
DIOSSS,EH.D.DIOSSS.CASH.IP,Dios Fastigheter AB (publ),SHARES,N/A,EDITS_ONLY,DI
FSDCUS,UB.D.FSDCUS.CASH.IP,"Disc Medicine, Inc",SHARES,N/A,TRADEABLE,DI
DISCK,UB.D.DISCK.CASH.IP,Discovery Inc - C,SHARES,N/A,CLOSED,DI
DNLLN,KC.D.DNLLN.CASH.IP,Diurnal Group PLC,SHARES,N/A,CLOSED,DI
VLCNUS,UD.D.VLCNUS.CASH.IP,Empery Digital Inc,SHARES,N/A,TRADEABLE,DI
GEMD,KA.D.GEMD.CASH.IP,Gem Diamonds Ltd,SHARES,N/A,EDITS_ONLY,DI
SYMC,UD.D.SYMC.CASH.IP,Gen Digital Inc (24 Hours),SHARES,N/A,TRADEABLE,DI
KRNTUS,UB.D.KRNTUS.CASH.IP,Kornit Digital Ltd,SHARES,N/A,TRADEABLE,DI
LUCSS,EH.D.LUCSS.CASH.IP,Lucara Diamond Corp (SE),SHARES,N/A,EDITS_ONLY,DI
MOGOUS,UC.D.MOGOUS.CASH.IP,Orion Digital Corp,SHARES,N/A,TRADEABLE,DI
PDL,KA.D.PDL.CASH.IP,Petra Diamonds Ltd,SHARES,N/A,EDITS_ONLY,DI
GBOXUS,UB.D.GBOXUS.CASH.IP,RTB Digital Inc,SHARES,N/A,OFFLINE,DI
DJURDC,EP.D.DJURDC.CASH.IP,Djurslands Bank A/S,SHARES,N/A,EDITS_ONLY,DJ
ECAIGX,KA.D.ECAIGX.CASH.IP,ETFS Ex-Energy DJ-UBSCISM,SHARES,N/A,CLOSED,DJ
ECAIGS,KA.D.ECAIGS.CASH.IP,WisdomTree Softs DJ-UBSCISM,SHARES,N/A,EDITS_ONLY,DJ
UCOUS,SI.D.UCOUS.CASH.IP,ProShares Ultra DJ-UBS Crude Oil,SHARES,N/A,TRADEABLE,DJ
BOIL,SI.D.BOIL.CASH.IP,ProShares Ultra DJ-UBS Natural Gas ETF,SHARES,N/A,TRADEABLE,DJ
ECAIGI,KA.D.ECAIGI.CASH.IP,WisdomTree Industrial Metals DJ-UBSCISM,SHARES,N/A,EDITS_ONLY,DJ
ECAIGL,KA.D.ECAIGL.CASH.IP,WisdomTree Livestock DJ-AIGSM,SHARES,N/A,EDITS_ONLY,DJ
GBPDKK,CS.D.GBPDKK.CFD.IP,GBP/DKK,CURRENCIES,N/A,TRADEABLE,DK
GBPDKK,CS.D.GBPDKK.MINI.IP,GBP/DKK Mini,CURRENCIES,N/A,TRADEABLE,DK
DLOUS,UB.D.DLOUS.CASH.IP,DLocal Limited,SHARES,N/A,TRADEABLE,DL
DLTMLN,KA.D.DLTMLN.CASH.IP,iShares MSCI EM Latin America UCITS ETF (Dist) - DLTM,SHARES,N/A,EDITS_ONLY,DL
NZDUSD,CS.D.NZDUSD.CFD.IP,NZD/USD,CURRENCIES,N/A,TRADEABLE,DO
USDNOK,CS.D.USDNOK.CFD.IP,USD/NOK,CURRENCIES,N/A,TRADEABLE,DO
USDSEK,CS.D.USDSEK.CFD.IP,USD/SEK,CURRENCIES,N/A,TRADEABLE,DO
USDZAR,CS.D.USDZAR.CFD.IP,USD/ZAR,CURRENCIES,N/A,TRADEABLE,DO
NZDUSD,CS.D.NZDUSD.MINI.IP,NZD/USD Mini,CURRENCIES,N/A,TRADEABLE,DO
USDNOK,CS.D.USDNOK.MINI.IP,USD/NOK Mini,CURRENCIES,N/A,TRADEABLE,DO
USDSEK,CS.D.USDSEK.MINI.IP,USD/SEK Mini,CURRENCIES,N/A,TRADEABLE,DO
USDZAR,CS.D.USDZAR.MINI.IP,USD/ZAR Mini,CURRENCIES,N/A,TRADEABLE,DO
DPEULN,KA.D.DPEULN.CASH.IP,DP Eurasia NV,SHARES,N/A,CLOSED,DP
DPPLN,KC.D.DPPLN.CASH.IP,DP Poland PLC,SHARES,N/A,EDITS_ONLY,DP
DPANA,EG.D.DPANA.CASH.IP,DPA Group NV,SHARES,N/A,CLOSED,DP
DPALN,KC.D.DPALN.CASH.IP,DP Aircraft I Limited,SHARES,N/A,EDITS_ONLY,DP
DP3DLN,KC.D.DP3DLN.CASH.IP,Downing THREE VCT PLC - DP3D,SHARES,N/A,CLOSED,DP
DP3ELN,KC.D.DP3ELN.CASH.IP,Downing THREE VCT PLC - DP3E,SHARES,N/A,CLOSED,DP
DP3HLN,KC.D.DP3HLN.CASH.IP,Downing THREE VCT PLC - DP3H,SHARES,N/A,CLOSED,DP
DP2DLN,KC.D.DP2DLN.CASH.IP,Downing Two VCT PLC - DP2D,SHARES,N/A,CLOSED,DP
DP2ELN,KC.D.DP2ELN.CASH.IP,Downing Two VCT PLC - DP2E,SHARES,N/A,CLOSED,DP
DRDSJ,AR.D.DRDSJ.CASH.IP,DRDGOLD Ltd (SA),SHARES,N/A,EDITS_ONLY,DR
DOCSLN,KA.D.DOCSLN.CASH.IP,Dr. Martens Plc,SHARES,N/A,EDITS_ONLY,DR
DPROUS,UB.D.DPROUS.CASH.IP,Draganfly Inc,SHARES,N/A,TRADEABLE,DR
DRX,KA.D.DRX.CASH.IP,Drax Group PLC,SHARES,N/A,EDITS_ONLY,DR
DRILSS,EH.D.DRILSS.CASH.IP,Drillcon AB (publ),SHARES,N/A,EDITS_ONLY,DR
ALDRVFP,EC.D.ALDRVFP.CASH.IP,Drone Volt SA,SHARES,N/A,EDITS_ONLY,DR
DBXUS,UB.D.DBXUS.CASH.IP,Dropbox Inc,SHARES,N/A,TRADEABLE,DR
DKNGUS,UB.D.DKNGUS.CASH.IP,DraftKings Inc,SHARES,N/A,TRADEABLE,DR
DRONLN,KA.D.DRONLN.CASH.IP,Drone UCITS ETF (USD),SHARES,N/A,EDITS_ONLY,DR
GDLLN,KA.D.GDLLN.CASH.IP,Greka Drilling Ltd,SHARES,N/A,CLOSED,DR
RADAUS,UC.D.RADAUS.CASH.IP,Leonardo DRS Inc,SHARES,N/A,TRADEABLE,DR
2VZGR,ED.D.2VZGR.CASH.IP,Leonardo DRS Inc,SHARES,N/A,EDITS_ONLY,DR
CG1LN,KA.D.CG1LN.CASH.IP,Amundi ETF DAX UCITS ETF DR,SHARES,N/A,EDITS_ONLY,DR
EFM,KA.D.EFM.CASH.IP,Asia Dragon Trust Plc,SHARES,N/A,CLOSED,DR
CAPD,KC.D.CAPD.CASH.IP,Capital Drilling Ltd,SHARES,N/A,EDITS_ONLY,DR
CJJDUS,UA.D.CJJDUS.CASH.IP,China Jo-Jo Drugstores Inc,SHARES,N/A,TRADEABLE,DR
DRAIUS,SI.D.DRAIUS.CASH.IP,Draco Evolution AI ETF,SHARES,N/A,TRADEABLE,DR
DRW3,ED.D.DRW3.CASH.IP,Draegerwerk AG & Co KGaA,SHARES,N/A,EDITS_ONLY,DR
DRW8GY,ED.D.DRW8GY.CASH.IP,Dragerwerk AG & Co. KGaA,SHARES,N/A,EDITS_ONLY,DR
DFHUS,UB.D.DFHUS.CASH.IP,Dream Finders Homes Inc,SHARES,N/A,TRADEABLE,DR
DRLCODC,EP.D.DRLCODC.CASH.IP,Drilling Company Of 1972 A S (The),SHARES,N/A,CLOSED,DR
DRVNUS,UB.D.DRVNUS.CASH.IP,Driven Brands Holdings Inc,SHARES,N/A,TRADEABLE,DR
DRIPLN,KC.D.DRIPLN.CASH.IP,Drum Income Plus REIT PLC,SHARES,N/A,CLOSED,DR
FEVRLN,KA.D.FEVRLN.CASH.IP,Fevertree Drinks PLC,SHARES,N/A,EDITS_ONLY,DR
GLDDUS,UB.D.GLDDUS.CASH.IP,Great Lakes Dredge & Dock Corp,SHARES,N/A,CLOSED,DR
IAT,KA.D.IAT.CASH.IP,Invesco Asia Dragon Trust plc,SHARES,N/A,EDITS_ONLY,DR
TIPALN,KA.D.TIPALN.CASH.IP,Lyxor Core US TIPS DR UCITS ETF,SHARES,N/A,EDITS_ONLY,DR
KLMGLN,KA.D.KLMGLN.CASH.IP,Lyxor Green Bond DR UCITS ETF,SHARES,N/A,EDITS_ONLY,DR
MFEGLN,KA.D.MFEGLN.CASH.IP,Lyxor MSCI EMU ESG DR UCITS ETF,SHARES,N/A,CLOSED,DR
PRIWLN,KA.D.PRIWLN.CASH.IP,AMUNDI PRIME GLOBAL UCITS ETF DR,SHARES,N/A,CLOSED,DR
PRANLN,KA.D.PRANLN.CASH.IP,Amundi Prime Emerging Markets Ucits ETF DR,SHARES,N/A,EDITS_ONLY,DR
DRGLN,KC.D.DRGLN.CASH.IP,Draganfly Investments Limited,SHARES,N/A,CLOSED,DR
DGNUUS,UB.D.DGNUUS.CASH.IP,Dragoneer Growth Opportunities Corp. III,SHARES,N/A,CLOSED,DR
DFLIUS,UB.D.DFLIUS.CASH.IP,Dragonfly Energy Holdings Corp,SHARES,N/A,TRADEABLE,DR
HDD,ED.D.HDD.CASH.IP,Heidelberger Druckmaschinen AG,SHARES,N/A,EDITS_ONLY,DR
LCUKLN,KA.D.LCUKLN.CASH.IP,Lyxor Core Morningstar UK NT DR UCITS ETF,SHARES,N/A,EDITS_ONLY,DR
WATLLN,KA.D.WATLLN.CASH.IP,Lyxor MSCI water ESG Filtered DR UCITS ETF,SHARES,N/A,EDITS_ONLY,DR
NRJLLN,KA.D.NRJLLN.CASH.IP,Lyxor New Energy DR UCITS ETF Class Dist,SHARES,N/A,EDITS_ONLY,DR
MDISJ,AR.D.MDISJ.CASH.IP,Master Drilling Group Limited,SHARES,N/A,EDITS_ONLY,DR
GCSGLN,KA.D.GCSGLN.CASH.IP,Amundi Global Corporate Bond 1-5Y ESG - UCITS ETF DR,SHARES,N/A,EDITS_ONLY,DR
EPRALN,KA.D.EPRALN.CASH.IP,Amundi Index FTSE EPRA NAREIT Global UCITS ETF DR,SHARES,N/A,EDITS_ONLY,DR
ECARLN,KA.D.ECARLN.CASH.IP,Ishares Electric Vehicles And Driving Technology Ucits ETF,SHARES,N/A,EDITS_ONLY,DR
MOBILN,KA.D.MOBILN.CASH.IP,Lyxor MSCI Future Mobility ESG Filtered DR UCITS ETF,SHARES,N/A,EDITS_ONLY,DR
ELCRLN,KA.D.ELCRLN.CASH.IP,Lyxor MSCI Future Mobility ESG Filtered DR UCITS ETF - GBP,SHARES,N/A,EDITS_ONLY,DR
PAIGLN,KA.D.PAIGLN.CASH.IP,WisdomTree Physical AI Humanoids and Drones UCITS ETF,SHARES,N/A,CLOSED,DR
WPAILN,KA.D.WPAILN.CASH.IP,WisdomTree Physical AI Humanoids and Drones UCITS ETF (USD),SHARES,N/A,EDITS_ONLY,DR
DSV,EP.D.DSV.CASH.IP,DSV AS,SHARES,N/A,EDITS_ONLY,DS
SMDS,KA.D.SMDS.CASH.IP,DS Smith PLC,SHARES,N/A,CLOSED,DS
DSPGUS,UB.D.DSPGUS.CASH.IP,DSP Group Inc,SHARES,N/A,CLOSED,DS
DSFIRNA,EG.D.DSFIRNA.CASH.IP,DSM-Firmenich AG,SHARES,N/A,EDITS_ONLY,DS
DSWLN,KC.D.DSWLN.CASH.IP,DSW Capital PLC,SHARES,N/A,EDITS_ONLY,DS
DSMNA,EG.D.DSMNA.CASH.IP,Koninklijke DSM NV,SHARES,N/A,CLOSED,DS
DUELLFH,EB.D.DUELLFH.CASH.IP,Duell Oyj,SHARES,N/A,EDITS_ONLY,DU
DUSTSS,EH.D.DUSTSS.CASH.IP,Dustin AB (publ),SHARES,N/A,EDITS_ONLY,DU
DEARSS,EH.D.DEARSS.CASH.IP,Duearity AB,SHARES,N/A,CLOSED,DU
DUOLUS,UB.D.DUOLUS.CASH.IP,Duolingo Inc (24 Hours),SHARES,N/A,TRADEABLE,DU
DRRXUS,UB.D.DRRXUS.CASH.IP,Durect Corp,SHARES,N/A,CLOSED,DU
DPTFP,EC.D.DPTFP.CASH.IP,S.T. Dupont SA,SHARES,N/A,EDITS_ONLY,DU
DLTHUS,UB.D.DLTHUS.CASH.IP,Duluth Holdings Inc,SHARES,N/A,TRADEABLE,DU
DNLM,KA.D.DNLM.CASH.IP,Dunelm Group PLC,SHARES,N/A,EDITS_ONLY,DU
MDMFP,EC.D.MDMFP.CASH.IP,Maisons du Monde SA,SHARES,N/A,EDITS_ONLY,DU
TDSAPL,PO.D.TDSAPL.CASH.IP,Teixeira Duarte SA,SHARES,N/A,EDITS_ONLY,DU
CBDGFP,EC.D.CBDGFP.CASH.IP,Compagnie du Cambodge,SHARES,N/A,EDITS_ONLY,DU
DCTUS,UB.D.DCTUS.CASH.IP,Duck Creek Technologies Inc,SHARES,N/A,CLOSED,DU
DUKELN,KC.D.DUKELN.CASH.IP,Duke Capital Limited,SHARES,N/A,EDITS_ONLY,DU
RDSA,KA.D.RDSA.CASH.IP,Royal Dutch Shell PLC - A (LSE),SHARES,N/A,CLOSED,DU
ALVDMFP,EC.D.ALVDMFP.CASH.IP,Voyageurs du Monde SA,SHARES,N/A,EDITS_ONLY,DU
DSACUUS,UB.D.DSACUUS.CASH.IP,Duddell Street Acquisition Corporation,SHARES,N/A,CLOSED,DU
DREFLN,KA.D.DREFLN.CASH.IP,Duet Real Estate Finance Ltd/Fund,SHARES,N/A,CLOSED,DU
DUNEUUS,UB.D.DUNEUUS.CASH.IP,Dune Acquisition Corporation (unit),SHARES,N/A,CLOSED,DU
DNELN,KA.D.DNELN.CASH.IP,Dunedin Enterprise Investment Trust PLC,SHARES,N/A,SUSPENDED,DU
DIG,KA.D.DIG.CASH.IP,Dunedin Income Growth Investment Trust PLC,SHARES,N/A,EDITS_ONLY,DU
VNLAUS,SI.D.VNLAUS.CASH.IP,Janus Henderson Short Duration Income ETF,SHARES,N/A,TRADEABLE,DU
3RDELN,KA.D.3RDELN.CASH.IP,Leverage Shares 3x Royal Dutch Shell ETP - EUR,SHARES,N/A,CLOSED,DU
3RDSLN,KA.D.3RDSLN.CASH.IP,Leverage Shares 3x Royal Dutch Shell ETP - GBp,SHARES,N/A,CLOSED,DU
RSH3LN,KA.D.RSH3LN.CASH.IP,Leverage Shares 3x Royal Dutch Shell ETP - USD,SHARES,N/A,CLOSED,DU
EDVUS,SI.D.EDVUS.CASH.IP,Vanguard Extended Duration Treasury ETF,SHARES,N/A,TRADEABLE,DU
SDIALN,KA.D.SDIALN.CASH.IP,iShares USD Short Duration Corp Bond UCITS ETF,SHARES,N/A,EDITS_ONLY,DU
ICSHUS,SI.D.ICSHUS.CASH.IP,iShares Ultra Short Duration Bond Active ETF,SHARES,N/A,TRADEABLE,DU
TDTTUS,SI.D.TDTTUS.CASH.IP,FlexShares iBoxx 3-Year Target Duration TIPS Index Fund,SHARES,N/A,TRADEABLE,DU
TDTFUS,SI.D.TDTFUS.CASH.IP,FlexShares iBoxx 5-Year Target Duration TIPS Index Fund,SHARES,N/A,TRADEABLE,DU
3LRDLN,KA.D.3LRDLN.CASH.IP,GraniteShares 3x Long Royal Dutch Shell Daily ETP,SHARES,N/A,EDITS_ONLY,DU
3SRDLN,KA.D.3SRDLN.CASH.IP,GraniteShares 3x Short Royal Dutch Shell Daily ETP,SHARES,N/A,EDITS_ONLY,DU
SRDELN,KA.D.SRDELN.CASH.IP,Leverage Shares -1x Short Royal Dutch Shell ETP - EUR,SHARES,N/A,CLOSED,DU
SRDSLN,KA.D.SRDSLN.CASH.IP,Leverage Shares -1x Short Royal Dutch Shell ETP - GBp,SHARES,N/A,CLOSED,DU
RDSSLN,KA.D.RDSSLN.CASH.IP,Leverage Shares -1x Short Royal Dutch Shell ETP - USD,SHARES,N/A,CLOSED,DU
LDURUS,SI.D.LDURUS.CASH.IP,PIMCO Enhanced Low Duration Active Exchange-Traded Fund,SHARES,N/A,TRADEABLE,DU
SMTPCFP,EC.D.SMTPCFP.CASH.IP,Societe Marseillaise du Tunnel Prado Carenage,SHARES,N/A,EDITS_ONLY,DU
HYNDUS,UB.D.HYNDUS.CASH.IP,WisdomTree Negative Duration High Yield Bond Fund,SHARES,N/A,CLOSED,DU
SDIGLN,KA.D.SDIGLN.CASH.IP,iShares $ Short Duration Corporate Bond UCITS ETF,SHARES,N/A,EDITS_ONLY,DU
IGSDLN,KA.D.IGSDLN.CASH.IP,iShares $ Short Duration Corporate Bond UCITS ETF - IGSD,SHARES,N/A,EDITS_ONLY,DU
E20YLN,KA.D.E20YLN.CASH.IP,iShares Euro Government Bond 20yr Target Duration UCITS ETF,SHARES,N/A,EDITS_ONLY,DU
SDGHLN,KA.D.SDGHLN.CASH.IP,iShares USD Short Duration Corp Bond UCITS ETF GBP,SHARES,N/A,EDITS_ONLY,DU
SDHALN,KA.D.SDHALN.CASH.IP,iShares USD Short Duration High Yield Corp Bond UCITS ETF,SHARES,N/A,EDITS_ONLY,DU
XHLFUS,SI.D.XHLFUS.CASH.IP,BondBloxx Bloomberg Six Month Target Duration US Treasury ETF,SHARES,N/A,TRADEABLE,DU
CRTOFP,EC.D.CRTOFP.CASH.IP,Caisse Regionale de Credit Agricole Mutuel de la Touraine et du Poitou,SHARES,N/A,EDITS_ONLY,DU
DWFLN,KA.D.DWFLN.CASH.IP,DWF Group plc,SHARES,N/A,CLOSED,DW
DWSGY,ED.D.DWSGY.CASH.IP,DWS Group GmbH & Co. KGaA,SHARES,N/A,EDITS_ONLY,DW
DXLN,KA.D.DXLN.CASH.IP,DX Group Ltd,SHARES,N/A,CLOSED,DX
VRCILN,KC.D.VRCILN.CASH.IP,Verici Dx PLC,SHARES,N/A,EDITS_ONLY,DX
DXPEUS,UB.D.DXPEUS.CASH.IP,DXP Enterprises Inc,SHARES,N/A,TRADEABLE,DX
ETHMUS,UB.D.ETHMUS.CASH.IP,Dynamix Corp,SHARES,N/A,OFFLINE,DY
ABDPLN,KC.D.ABDPLN.CASH.IP,AB Dynamics PLC,SHARES,N/A,EDITS_ONLY,DY
TDVOXSS,EH.D.TDVOXSS.CASH.IP,Dynavox Group AB,SHARES,N/A,EDITS_ONLY,DY
STLD,UD.D.STLD.CASH.IP,Steel Dynamics Inc (24 Hours),SHARES,N/A,TRADEABLE,DY
DYAIUS,UB.D.DYAIUS.CASH.IP,Dyadic International Inc,SHARES,N/A,TRADEABLE,DY
BOOMUS,UA.D.BOOMUS.CASH.IP,Dynamic Materials Corp,SHARES,N/A,TRADEABLE,DY
DYNTUS,UB.D.DYNTUS.CASH.IP,Dynatronics Corporation,SHARES,N/A,OFFLINE,DY
DVAX,UB.D.DVAX.CASH.IP,Dynavax Technologies Corp,SHARES,N/A,CLOSED,DY
DYNEUS,UB.D.DYNEUS.CASH.IP,Dyne Therapeutics Inc,SHARES,N/A,TRADEABLE,DY
GDYNUS,UB.D.GDYNUS.CASH.IP,Grid Dynamics Holdings Inc,SHARES,N/A,TRADEABLE,DY
MOGPLN,KC.D.MOGPLN.CASH.IP,Hellenic Dynamics PLC,SHARES,N/A,SUSPENDED,DY
RDYNLN,KA.D.RDYNLN.CASH.IP,Robeco Dynamic Theme Machine UCITS ETF,SHARES,N/A,EDITS_ONLY,DY
NZDEUR,CS.D.NZDEUR.CFD.IP,NZD/EUR,CURRENCIES,N/A,TRADEABLE,DZ
ERTS,UB.D.ERTS.CASH.IP,Electronic Arts Inc (24 Hours),SHARES,N/A,TRADEABLE,EA
EZJ,KA.D.EZJ.CASH.IP,easyJet PLC,SHARES,N/A,EDITS_ONLY,EA
VDTKLN,KC.D.VDTKLN.CASH.IP,EARNZ PLC,SHARES,N/A,EDITS_ONLY,EA
EARUS,UB.D.EARUS.CASH.IP,Eargo Inc,SHARES,N/A,CLOSED,EA
EASORFH,EB.D.EASORFH.CASH.IP,Easor Oyj,SHARES,N/A,EDITS_ONLY,EA
DOCDNA,EG.D.DOCDNA.CASH.IP,Ease2pay NV,SHARES,N/A,EDITS_ONLY,EA
ECEXSS,EH.D.ECEXSS.CASH.IP,Eastnine AB (publ),SHARES,N/A,EDITS_ONLY,EA
ESYGY,ED.D.ESYGY.CASH.IP,EASY SOFTWARE AG,SHARES,N/A,CLOSED,EA
EGBNUS,UB.D.EGBNUS.CASH.IP,Eagle Bancorp Inc,SHARES,N/A,TRADEABLE,EA
BERMLN,KC.D.BERMLN.CASH.IP,East Imperial Plc,SHARES,N/A,CLOSED,EA
EMLUS,UB.D.EMLUS.CASH.IP,The Eastern Company,SHARES,N/A,TRADEABLE,EA
USARUS,UD.D.USARUS.CASH.IP,USA Rare Earth Inc (24 Hours),SHARES,N/A,TRADEABLE,EA
BRLTUS,UA.D.BRLTUS.CASH.IP,Brilliant Earth Group Inc,SHARES,N/A,TRADEABLE,EA
EBMTUS,UB.D.EBMTUS.CASH.IP,Eagle Bancorp Montana Inc,SHARES,N/A,TRADEABLE,EA
EYELN,KC.D.EYELN.CASH.IP,Eagle Eye Solutions Group PLC,SHARES,N/A,EDITS_ONLY,EA
NUCLUS,UC.D.NUCLUS.CASH.IP,Eagle Nuclear Energy Corp,SHARES,N/A,TRADEABLE,EA
EGRXUS,UB.D.EGRXUS.CASH.IP,Eagle Pharmaceuticals Inc,SHARES,N/A,OFFLINE,EA
ESTLN,KC.D.ESTLN.CASH.IP,East Star Resources PLC,SHARES,N/A,EDITS_ONLY,EA
EWBC,UB.D.EWBC.CASH.IP,East West Bancorp Inc,SHARES,N/A,TRADEABLE,EA
EBIVLN,KC.D.EBIVLN.CASH.IP,Eastbridge Investments PLC,SHARES,N/A,CLOSED,EA
EBCUS,UB.D.EBCUS.CASH.IP,Eastern Bankshares Inc,SHARES,N/A,TRADEABLE,EA
GEECLN,KC.D.GEECLN.CASH.IP,Great Eastern Energy Corp Ltd,SHARES,N/A,CLOSED,EA
HFELLN,KA.D.HFELLN.CASH.IP,Henderson Far East Income Ltd,SHARES,N/A,EDITS_ONLY,EA
JETLN,KA.D.JETLN.CASH.IP,Just Eat Takeaway.com NV,SHARES,N/A,CLOSED,EA
TKWYNA,EG.D.TKWYNA.CASH.IP,Just Eat Takeaway.com NV,SHARES,N/A,CLOSED,EA
GRUBUS,UB.D.GRUBUS.CASH.IP,Just Eat Takeaway.com NV - ADR,SHARES,N/A,OFFLINE,EA
PRELN,KC.D.PRELN.CASH.IP,Pensana Rare Earths PLC,SHARES,N/A,EDITS_ONLY,EA
EFZUS,SI.D.EFZUS.CASH.IP,ProShares Short MSCI EAFE,SHARES,N/A,TRADEABLE,EA
EFOUS,SI.D.EFOUS.CASH.IP,ProShares Ultra MSCI EAFE,SHARES,N/A,TRADEABLE,EA
RBWLN,KC.D.RBWLN.CASH.IP,Rainbow Rare Earths Limited,SHARES,N/A,EDITS_ONLY,EA
ACTTUS,UA.D.ACTTUS.CASH.IP,Whole Earth Brands Inc,SHARES,N/A,CLOSED,EA
CECLLN,KA.D.CECLLN.CASH.IP,Amundi MSCI Eastern Europe Ex Russia UCITS ETF,SHARES,N/A,CLOSED,EA
EFASUS,UB.D.EFASUS.CASH.IP,Global X MSCI SuperDividend EAFE ETF,SHARES,N/A,TRADEABLE,EA
HMADLN,KA.D.HMADLN.CASH.IP,HSBC MSCI AC Far East ex Japan UCITS ETF,SHARES,N/A,EDITS_ONLY,EA
CECDLN,KA.D.CECDLN.CASH.IP,Lyxor Eastern Europe (CECE NTR EUR) UCITS ETF Acc,SHARES,N/A,CLOSED,EA
EFUUS,SI.D.EFUUS.CASH.IP,ProShares UltraShort MSCI EAFE,SHARES,N/A,TRADEABLE,EA
REXCUS,UC.D.REXCUS.CASH.IP,Sprott Rare Earths Ex-China ETF,SHARES,N/A,TRADEABLE,EA
REGBLN,KA.D.REGBLN.CASH.IP,VanEck Rare Earth and Strategic Metals UCITS ETF,SHARES,N/A,EDITS_ONLY,EA
REMXLN,KA.D.REMXLN.CASH.IP,VanEck Rare Earth and Strategic Metals UCITS ETF (USD A),SHARES,N/A,EDITS_ONLY,EA
GULFUS,UB.D.GULFUS.CASH.IP,WisdomTree Middle East Dividend Fund,SHARES,N/A,CLOSED,EA
DBEFUS,SI.D.DBEFUS.CASH.IP,Xtrackers MSCI EAFE Hedged Equity ETF,SHARES,N/A,TRADEABLE,EA
HEFAUS,SI.D.HEFAUS.CASH.IP,iShares Currency Hedged MSCI EAFE ETF,SHARES,N/A,TRADEABLE,EA
IFFF,KA.D.IFFF.CASH.IP,iShares MSCI AC Far East ex-Japan UCITS ETF,SHARES,N/A,EDITS_ONLY,EA
SCZUS,UD.D.SCZUS.CASH.IP,iShares MSCI EAFE Small-Cap ETF,SHARES,N/A,TRADEABLE,EA
CE9GLN,KA.D.CE9GLN.CASH.IP,Amundi MSCI Eastern Europe Ex Russia UCITS ETF-C USD,SHARES,N/A,CLOSED,EA
DMATUS,UB.D.DMATUS.CASH.IP,Global X Funds Global X Rare Earth & Critical Materials ETF,SHARES,N/A,OFFLINE,EA
EBETUS,UB.D.EBETUS.CASH.IP,EBET INC,SHARES,N/A,OFFLINE,EB
EBIX,UB.D.EBIX.CASH.IP,Ebix Inc,SHARES,N/A,CLOSED,EB
EBAY,UB.D.EBAY.CASH.IP,eBay Inc (24 Hours),SHARES,N/A,TRADEABLE,EB
EBQLN,KC.D.EBQLN.CASH.IP,Ebiquity PLC,SHARES,N/A,EDITS_ONLY,EB
EBUSNA,EG.D.EBUSNA.CASH.IP,Ebusco Holding NV,SHARES,N/A,EDITS_ONLY,EB
EBONUS,UB.D.EBONUS.CASH.IP,Ebang International Holdings Inc,SHARES,N/A,TRADEABLE,EB
ECFP,EC.D.ECFP.CASH.IP,Totalenergies EP Gabon,SHARES,N/A,EDITS_ONLY,EC
ECOLN,KC.D.ECOLN.CASH.IP,Eco (Atlantic) Oil & Gas Limited (LSE),SHARES,N/A,EDITS_ONLY,EC
ECK,KC.D.ECK.CASH.IP,Eckoh PLC,SHARES,N/A,CLOSED,EC
ECOUPFH,EB.D.ECOUPFH.CASH.IP,Ecoup Oyj,SHARES,N/A,EDITS_ONLY,EC
ECSCLN,KC.D.ECSCLN.CASH.IP,ECSC Group PLC,SHARES,N/A,CLOSED,EC
SATS,UD.D.SATS.CASH.IP,EchoStar Corp,SHARES,N/A,TRADEABLE,EC
ECOLUS,UB.D.ECOLUS.CASH.IP,US Ecology Inc,SHARES,N/A,CLOSED,EC
ECXWWUS,UB.D.ECXWWUS.CASH.IP,ECARX Holdings Inc,SHARES,N/A,TRADEABLE,EC
MCR,KC.D.MCR.CASH.IP,ECR Minerals PLC,SHARES,N/A,EDITS_ONLY,EC
EUZGY,ED.D.EUZGY.CASH.IP,Eckert and Ziegler SE,SHARES,N/A,EDITS_ONLY,EC
ECCBSS,EH.D.ECCBSS.CASH.IP,Ecoclime Group AB,SHARES,N/A,CLOSED,EC
ECONBBB,EA.D.ECONBBB.CASH.IP,Econocom Group SE,SHARES,N/A,EDITS_ONLY,EC
APF,KA.D.APF.CASH.IP,Ecora Royalties PLC,SHARES,N/A,EDITS_ONLY,EC
ECDAUS,UB.D.ECDAUS.CASH.IP,ECD Automotive Design Inc,SHARES,N/A,CLOSED,EC
ECHOUS,UB.D.ECHOUS.CASH.IP,Echo Global Logistics Inc,SHARES,N/A,CLOSED,EC
EAHLN,KC.D.EAHLN.CASH.IP,Eco Animal Health Group PLC,SHARES,N/A,EDITS_ONLY,EC
ECOWVESS,EH.D.ECOWVESS.CASH.IP,Eco Wave Power Global AB,SHARES,N/A,CLOSED,EC
WAVEUS,UD.D.WAVEUS.CASH.IP,Eco Wave Power Global AB,SHARES,N/A,TRADEABLE,EC
HTWOLN,KA.D.HTWOLN.CASH.IP,L&G Hydrogen Economy UCITS ETF,SHARES,N/A,EDITS_ONLY,EC
RETOUS,UC.D.RETOUS.CASH.IP,Reto Eco-solutions Inc,SHARES,N/A,TRADEABLE,EC
YECOUS,UD.D.YECOUS.CASH.IP,Yulong Eco-Materials Limited,SHARES,N/A,OFFLINE,EC
E4CGY,ED.D.E4CGY.CASH.IP,ecotel communication ag,SHARES,N/A,EDITS_ONLY,EC
ELLALN,KC.D.ELLALN.CASH.IP,Ecclesiastical Insurance Group PLC 8 5/8 PERP,SHARES,N/A,CLOSED,EC
INQQLN,KA.D.INQQLN.CASH.IP,INQQ India Internet & Ecommerce ESG-S UCITS ETF,SHARES,N/A,EDITS_ONLY,EC
HYDNLN,KA.D.HYDNLN.CASH.IP,Invesco Hydrogen Economy UCITS ETF,SHARES,N/A,EDITS_ONLY,EC
ECOGLN,KA.D.ECOGLN.CASH.IP,L&G Ecommerce Logistics UCITS ETF,SHARES,N/A,EDITS_ONLY,EC
HTWGLN,KA.D.HTWGLN.CASH.IP,L&G Hydrogen Economy UCITS ETF - GBp,SHARES,N/A,EDITS_ONLY,EC
BLCNUS,UA.D.BLCNUS.CASH.IP,Reality Shares Nasdaq NexGen Economy ETF,SHARES,N/A,TRADEABLE,EC
CYCLLN,KA.D.CYCLLN.CASH.IP,Rize Circular Economy Enablers UCITS ETF,SHARES,N/A,EDITS_ONLY,EC
CLNTUS,UA.D.CLNTUS.CASH.IP,Sharing Economy International Inc,SHARES,N/A,OFFLINE,EC
HDGBLN,KA.D.HDGBLN.CASH.IP,VanEck Hydrogen Economy UCITS,SHARES,N/A,EDITS_ONLY,EC
WNEWLN,KA.D.WNEWLN.CASH.IP,WisdomTree New Economy Real Estate UCITS ETF (Lon),SHARES,N/A,CLOSED,EC
ARKDUS,SI.D.ARKDUS.CASH.IP,ARK 21Shares Blockchain and Digital Economy Innovation ETF,SHARES,N/A,TRADEABLE,EC
PAYGLN,KA.D.PAYGLN.CASH.IP,ARK Invest UCITS ICAV - ARK Digital Payments Economy UCITS ETF,SHARES,N/A,CLOSED,EC
ENNVUUS,UB.D.ENNVUUS.CASH.IP,ECP Environmental Growth Opportunities Corporation (Unit),SHARES,N/A,CLOSED,EC
EMQPLN,KA.D.EMQPLN.CASH.IP,EMQQ Emerging Markets Internet & Ecommerce UCITS ETF (GBp),SHARES,N/A,EDITS_ONLY,EC
EMQQLN,KA.D.EMQQLN.CASH.IP,EMQQ Emerging Markets Internet & Ecommerce UCITS ETF (USD),SHARES,N/A,EDITS_ONLY,EC
XX301282E,KC.D.XX301282E.CASH.IP,Ecclesiastical Insurance Office Plc 8.625% Non Cum IRRD PREF,SHARES,N/A,EDITS_ONLY,EC
EGLLN,KA.D.EGLLN.CASH.IP,Ecofin Global Utilities and Infrastructure Trust PLC,SHARES,N/A,EDITS_ONLY,EC
RNEWLN,KC.D.RNEWLN.CASH.IP,Ecofin U.S. Renewables Infrastructure Trust PLC,SHARES,N/A,EDITS_ONLY,EC
RNEPLN,KC.D.RNEPLN.CASH.IP,Ecofin U.S. Renewables Infrastructure Trust PLC (GBP),SHARES,N/A,EDITS_ONLY,EC
FMQPLN,KA.D.FMQPLN.CASH.IP,FMQQ Next Frontier Internet & Ecommerce ESG-S UCITS ETF,SHARES,N/A,CLOSED,EC
EMRPLN,KA.D.EMRPLN.CASH.IP,Rize Emerging Market Internet And Ecommerce UCITS ETF,SHARES,N/A,CLOSED,EC
SEQILN,KA.D.SEQILN.CASH.IP,Sequoia Economic Infrastructure Income Fund Limited,SHARES,N/A,EDITS_ONLY,EC
EDAPUS,UB.D.EDAPUS.CASH.IP,EDAP TMS SA,SHARES,N/A,OFFLINE,ED
EDENFP,EC.D.EDENFP.CASH.IP,Edenred,SHARES,N/A,EDITS_ONLY,ED
LLNWUS,UB.D.LLNWUS.CASH.IP,Edgio Inc,SHARES,N/A,CLOSED,ED
EDNRIM,EF.D.EDNRIM.CASH.IP,Edison SpA,SHARES,N/A,EDITS_ONLY,ED
EDGHLN,KC.D.EDGHLN.CASH.IP,EDGH - Edge Performance VCT PLC,SHARES,N/A,CLOSED,ED
EDGILN,KC.D.EDGILN.CASH.IP,EDGI - Edge Performance VCT PLC,SHARES,N/A,CLOSED,ED
EDPRPL,PO.D.EDPRPL.CASH.IP,EDP Renovaveis SA,SHARES,N/A,EDITS_ONLY,ED
EDENLN,KC.D.EDENLN.CASH.IP,Eden Research PLC,SHARES,N/A,EDITS_ONLY,ED
SBOTUS,UD.D.SBOTUS.CASH.IP,Edesa Biotech Inc,SHARES,N/A,TRADEABLE,ED
EDBLUS,UB.D.EDBLUS.CASH.IP,Edible Garden AG Inc,SHARES,N/A,TRADEABLE,ED
EDITUS,UB.D.EDITUS.CASH.IP,Editas Medicine Inc,SHARES,N/A,TRADEABLE,ED
WEYLN,KC.D.WEYLN.CASH.IP,Wey Education PLC,SHARES,N/A,CLOSED,ED
CEDIM,EF.D.CEDIM.CASH.IP,Caltagirone Editore SpA,SHARES,N/A,EDITS_ONLY,ED
ED4GY,ED.D.ED4GY.CASH.IP,EDAG Engineering Group AG,SHARES,N/A,EDITS_ONLY,ED
EDPPL,PO.D.EDPPL.CASH.IP,EDP - Energias de Portugal SA,SHARES,N/A,EDITS_ONLY,ED
EWTXUS,UB.D.EWTXUS.CASH.IP,Edgewise Therapeutics Inc,SHARES,N/A,TRADEABLE,ED
EFIDLI,PK.D.EFIDLI.CASH.IP,Edita Food Industries SAE,SHARES,N/A,CLOSED,ED
LOPE,UB.D.LOPE.CASH.IP,Grand Canyon Education Inc,SHARES,N/A,TRADEABLE,ED
HLGUS,UB.D.HLGUS.CASH.IP,Hailiang Education Group Inc,SHARES,N/A,CLOSED,ED
LAURUS,UB.D.LAURUS.CASH.IP,Laureate Education Inc,SHARES,N/A,TRADEABLE,ED
MWELN,KC.D.MWELN.CASH.IP,MTI Wireless Edge Limited,SHARES,N/A,EDITS_ONLY,ED
CECO,UA.D.CECO.CASH.IP,Perdoceo Education Corp,SHARES,N/A,TRADEABLE,ED
STRAUS,UD.D.STRAUS.CASH.IP,Strategic Education Inc,SHARES,N/A,TRADEABLE,ED
YQUS,UD.D.YQUS.CASH.IP,17 Education & Technology Group Inc,SHARES,N/A,TRADEABLE,ED
APEIUS,UA.D.APEIUS.CASH.IP,American Public Education Inc,SHARES,N/A,TRADEABLE,ED
MNIM,EF.D.MNIM.CASH.IP,Arnoldo Mondadori Editore SpA,SHARES,N/A,EDITS_ONLY,ED
CLEUUS,UA.D.CLEUUS.CASH.IP,China Liberal Education Holdings Limited,SHARES,N/A,OFFLINE,ED
EACPUUS,UB.D.EACPUUS.CASH.IP,Edify Acquisition Corporation,SHARES,N/A,CLOSED,ED
EDIN,KA.D.EDIN.CASH.IP,Edinburgh Investment Trust PLC,SHARES,N/A,EDITS_ONLY,ED
EWI,KA.D.EWI.CASH.IP,Edinburgh Worldwide Investment Trust PLC,SHARES,N/A,EDITS_ONLY,ED
EPICEL,KA.D.EPICEL.CASH.IP,Ediston Property Investment Company PLC,SHARES,N/A,CLOSED,ED
EDTXUUS,UB.D.EDTXUUS.CASH.IP,EdtechX Holdings Acquisition Corporation,SHARES,N/A,CLOSED,ED
EDUCUS,UB.D.EDUCUS.CASH.IP,Educational Development Corporation,SHARES,N/A,TRADEABLE,ED
LINC,UB.D.LINC.CASH.IP,Lincoln Educational Services Corp,SHARES,N/A,TRADEABLE,ED
LXEHUS,UB.D.LXEHUS.CASH.IP,Lixiang Education Holding Co Ltd,SHARES,N/A,OFFLINE,ED
YLDUS,SI.D.YLDUS.CASH.IP,Principal EDGE Active Income ETF,SHARES,N/A,TRADEABLE,ED
WAFUUS,UD.D.WAFUUS.CASH.IP,Wah Fu Education Group Limited,SHARES,N/A,TRADEABLE,ED
IESZLN,KA.D.IESZLN.CASH.IP,iShares Edge MSCI Europe Size Factor UCITS ETF,SHARES,N/A,CLOSED,ED
IFSULN,KA.D.IFSULN.CASH.IP,iShares Edge MSCI USA Multifactor UCITS ETF,SHARES,N/A,EDITS_ONLY,ED
IUSZLN,KA.D.IUSZLN.CASH.IP,iShares Edge MSCI USA Size Factor UCITS ETF USD (Acc),SHARES,N/A,EDITS_ONLY,ED
IFSWLN,KA.D.IFSWLN.CASH.IP,iShares Edge MSCI World Multifactor UCITS ETF,SHARES,N/A,EDITS_ONLY,ED
IWSZLN,KA.D.IWSZLN.CASH.IP,iShares Edge MSCI World Size Factor UCITS ETF,SHARES,N/A,EDITS_ONLY,ED
IWVLLN,KA.D.IWVLLN.CASH.IP,iShares Edge MSCI World Value Factor UCITS ETF,SHARES,N/A,EDITS_ONLY,ED
EEIQUS,UB.D.EEIQUS.CASH.IP,EpicQuest Education Group International Limited.,SHARES,N/A,TRADEABLE,ED
QCLNUS,UC.D.QCLNUS.CASH.IP,First Trust NASDAQ Clean Edge Green Energy Index Fund,SHARES,N/A,TRADEABLE,ED
QCLNLN,KA.D.QCLNLN.CASH.IP,First Trust Nasdaq Clean Edge Green Energy UCITS ETF,SHARES,N/A,EDITS_ONLY,ED
JZUS,UB.D.JZUS.CASH.IP,Jianzhi Education Technology Group Company Limited,SHARES,N/A,TRADEABLE,ED
LERNLN,KA.D.LERNLN.CASH.IP,Rize Education Tech & Digital Learning UCITS ETF,SHARES,N/A,CLOSED,ED
LRNGLN,KA.D.LRNGLN.CASH.IP,Rize Education Tech & Digital Learning UCITS ETF,SHARES,N/A,CLOSED,ED
EEZYFH,EB.D.EEZYFH.CASH.IP,Eezy Oyj,SHARES,N/A,EDITS_ONLY,EE
EEMSIM,EF.D.EEMSIM.CASH.IP,EEMS Italia SpA,SHARES,N/A,CLOSED,EE
AXM,KC.D.AXM.CASH.IP,Eenergy Group PLC,SHARES,N/A,EDITS_ONLY,EE
EEXFLN,KA.D.EEXFLN.CASH.IP,iShares Euro Corporate Bond ex-Financials UCITS ETF- EEXF,SHARES,N/A,EDITS_ONLY,EE
EFECTEFH,EB.D.EFECTEFH.CASH.IP,Efecte Oy,SHARES,N/A,CLOSED,EF
SCLSJ,AR.D.SCLSJ.CASH.IP,Efora Energy Limited,SHARES,N/A,SUSPENDED,EF
SACLN,KC.D.SACLN.CASH.IP,Efora Energy Limited,SHARES,N/A,CLOSED,EF
EFTRUS,UB.D.EFTRUS.CASH.IP,eFFECTOR Therapeutics Inc,SHARES,N/A,OFFLINE,EF
MHNLN,KC.D.MHNLN.CASH.IP,Menhaden Resource Efficiency P,SHARES,N/A,CLOSED,EF
SEITLN,KA.D.SEITLN.CASH.IP,SDCL Efficiency Income Trust PLC,SHARES,N/A,EDITS_ONLY,EF
WGECLN,KA.D.WGECLN.CASH.IP,WisdomTree Global Efficient Core UCITS ETF,SHARES,N/A,EDITS_ONLY,EF
NTSGLN,KA.D.NTSGLN.CASH.IP,WisdomTree Global Efficient Core UCITS ETF (USD),SHARES,N/A,EDITS_ONLY,EF
WTEFLN,KA.D.WTEFLN.CASH.IP,WisdomTree US Efficient Core UCITS ETF (USD Acc),SHARES,N/A,EDITS_ONLY,EF
GDEUS,SI.D.GDEUS.CASH.IP,Wisdomtree Efficient Gold Plus Equity Strategy Fund,SHARES,N/A,TRADEABLE,EF
GDMNUS,SI.D.GDMNUS.CASH.IP,Wisdomtree Efficient Gold Plus Gold Miners Strategy Fund,SHARES,N/A,TRADEABLE,EF
EDR,KC.D.EDR.CASH.IP,Egdon Resources PLC,SHARES,N/A,CLOSED,EG
EGANUS,UB.D.EGANUS.CASH.IP,eGain Corporation,SHARES,N/A,TRADEABLE,EG
PLEDSS,EH.D.PLEDSS.CASH.IP,Egetis Therapeutics AB,SHARES,N/A,EDITS_ONLY,EG
CBKDLI,PK.D.CBKDLI.CASH.IP,Commercial International Bank Egypt SAE - GDR,SHARES,N/A,EDITS_ONLY,EG
EHUS,UB.D.EHUS.CASH.IP,EHang Holdings Limited,SHARES,N/A,TRADEABLE,EH
EHTHUS,UB.D.EHTHUS.CASH.IP,eHealth Inc,SHARES,N/A,TRADEABLE,EH
EF,EC.D.EF.CASH.IP,EssilorLuxottica SA,SHARES,N/A,EDITS_ONLY,EI
EIHLN,KC.D.EIHLN.CASH.IP,EIH PLC,SHARES,N/A,CLOSED,EI
FGR,EC.D.FGR.CASH.IP,Eiffage SA,SHARES,N/A,EDITS_ONLY,EI
EIN3GY,ED.D.EIN3GY.CASH.IP,Einhell Germany AG,SHARES,N/A,EDITS_ONLY,EI
FREJASS,EH.D.FREJASS.CASH.IP,Freja eID Group AB (publ),SHARES,N/A,EDITS_ONLY,EI
EIDXUS,UB.D.EIDXUS.CASH.IP,Eidos Therapeutics Inc,SHARES,N/A,CLOSED,EI
LEGLN,KC.D.LEGLN.CASH.IP,Eight Peaks Group PLC,SHARES,N/A,CLOSED,EI
TYDEUS,UD.D.TYDEUS.CASH.IP,Eightco Holdings Inc,SHARES,N/A,TRADEABLE,EI
H5EGY,ED.D.H5EGY.CASH.IP,HELMA Eigenheimbau AG,SHARES,N/A,CLOSED,EI
CLDNUS,UA.D.CLDNUS.CASH.IP,Eiger Biopharmaceuticals Inc,SHARES,N/A,CLOSED,EI
MRACUS,UC.D.MRACUS.CASH.IP,Legacy EJY Inc,SHARES,N/A,CLOSED,EJ
AGATDC,EP.D.AGATDC.CASH.IP,Agat Ejendomme AS,SHARES,N/A,EDITS_ONLY,EJ
EJFZLN,KA.D.EJFZLN.CASH.IP,EJF Investments Ltd,SHARES,N/A,EDITS_ONLY,EJ
EJFAUS,UB.D.EJFAUS.CASH.IP,EJF Acquisition Corporation,SHARES,N/A,OFFLINE,EJ
EJFILN,KC.D.EJFILN.CASH.IP,EJF Investments Limited,SHARES,N/A,EDITS_ONLY,EJ
EJF0LN,KA.D.EJF0LN.CASH.IP,EJF Investments Limited - Pref,SHARES,N/A,CLOSED,EJ
FEDDC,EP.D.FEDDC.CASH.IP,Fast Ejendom Danmark A/S,SHARES,N/A,EDITS_ONLY,EJ
EKIFP,EC.D.EKIFP.CASH.IP,EKINOPS SA,SHARES,N/A,EDITS_ONLY,EK
EKFLN,KA.D.EKFLN.CASH.IP,EKF Diagnostics Holdings PLC,SHARES,N/A,EDITS_ONLY,EK
ELISFP,EC.D.ELISFP.CASH.IP,Elis SA,SHARES,N/A,EDITS_ONLY,EL
ELUXB,EH.D.ELUXB.CASH.IP,Electrolux AB,SHARES,N/A,EDITS_ONLY,EL
ELNIM,EF.D.ELNIM.CASH.IP,EL.En. SpA,SHARES,N/A,EDITS_ONLY,EL
ELCO,KC.D.ELCO.CASH.IP,Eleco PLC,SHARES,N/A,EDITS_ONLY,EL
EKTAB,EH.D.EKTAB.CASH.IP,Elekta AB,SHARES,N/A,EDITS_ONLY,EL
ELCIM,EF.D.ELCIM.CASH.IP,Elica SpA,SHARES,N/A,EDITS_ONLY,EL
ELI1V,EB.D.ELI1V.CASH.IP,Elisa OYJ,SHARES,N/A,EDITS_ONLY,EL
ELTELSS,EH.D.ELTELSS.CASH.IP,Eltel AB (publ),SHARES,N/A,EDITS_ONLY,EL
ELBGY,ED.D.ELBGY.CASH.IP,Elumeo SE,SHARES,N/A,EDITS_ONLY,EL
ELUTUS,UB.D.ELUTUS.CASH.IP,Elutia Inc,SHARES,N/A,TRADEABLE,EL
ELANBSS,EH.D.ELANBSS.CASH.IP,Elanders AB (publ),SHARES,N/A,EDITS_ONLY,EL
ELM,KA.D.ELM.CASH.IP,Elementis PLC,SHARES,N/A,EDITS_ONLY,EL
ELIORFP,EC.D.ELIORFP.CASH.IP,Elior Group SA,SHARES,N/A,EDITS_ONLY,EL
ELTKUS,UB.D.ELTKUS.CASH.IP,Eltek Limited,SHARES,N/A,TRADEABLE,EL
ELALN,KA.D.ELALN.CASH.IP,Eland Oil & Gas PLC,SHARES,N/A,CLOSED,EL
ESLTUS,UB.D.ESLTUS.CASH.IP,Elbit Systems Ltd,SHARES,N/A,TRADEABLE,EL
ELEGLN,KC.D.ELEGLN.CASH.IP,Electric Guitar PLC,SHARES,N/A,SUSPENDED,EL
ELVAUS,UB.D.ELVAUS.CASH.IP,Electrovaya Inc - US,SHARES,N/A,TRADEABLE,EL
ELVRUS,UB.D.ELVRUS.CASH.IP,Elevra Lithium Ltd,SHARES,N/A,TRADEABLE,EL
LLYGR,ED.D.LLYGR.CASH.IP,Eli Lilly and Company (DE),SHARES,N/A,EDITS_ONLY,EL
ELISJ,AR.D.ELISJ.CASH.IP,Ellies Holdings Ltd,SHARES,N/A,CLOSED,EL
ELOSBSS,EH.D.ELOSBSS.CASH.IP,Elos Medtech AB (publ),SHARES,N/A,CLOSED,EL
ZIL2GY,ED.D.ZIL2GY.CASH.IP,ElringKlinger AG,SHARES,N/A,EDITS_ONLY,EL
TTG,KA.D.TTG.CASH.IP,TT electronics PLC,SHARES,N/A,EDITS_ONLY,EL
VANLLN,KC.D.VANLLN.CASH.IP,Van Elle Limited,SHARES,N/A,EDITS_ONLY,EL
ECORUS,UB.D.ECORUS.CASH.IP,electroCore Inc,SHARES,N/A,TRADEABLE,EL
ATNSJ,AR.D.ATNSJ.CASH.IP,Allied Electronics Corp Ltd,SHARES,N/A,EDITS_ONLY,EL
NAKDUS,UC.D.NAKDUS.CASH.IP,Cenntro Electric group Ltd,SHARES,N/A,TRADEABLE,EL
LOCOUS,UB.D.LOCOUS.CASH.IP,El Pollo Loco Holdings Inc,SHARES,N/A,TRADEABLE,EL
ELNGR,ED.D.ELNGR.CASH.IP,Elanix Biotechnologies AG,SHARES,N/A,CLOSED,EL
EDF,EC.D.EDF.CASH.IP,Electricite de France SA,SHARES,N/A,CLOSED,EL
EPROBSS,EH.D.EPROBSS.CASH.IP,Electrolux Professional AB,SHARES,N/A,EDITS_ONLY,EL
TKAIUS,UD.D.TKAIUS.CASH.IP,Eledon Pharmaceuticals Inc,SHARES,N/A,TRADEABLE,EL
ELEUS,UB.D.ELEUS.CASH.IP,Elemental Royalty Corp [US],SHARES,N/A,TRADEABLE,EL
ELEVUS,UB.D.ELEVUS.CASH.IP,Elevation Oncology Inc,SHARES,N/A,CLOSED,EL
ELI20BB,EA.D.ELI20BB.CASH.IP,Elia Group SA/NV - Rights,SHARES,N/A,CLOSED,EL
ELIBB,EA.D.ELIBB.CASH.IP,Elia System Operator SA,SHARES,N/A,EDITS_ONLY,EL
ELICSS,EH.D.ELICSS.CASH.IP,Elicera Therapeutics AB,SHARES,N/A,EDITS_ONLY,EL
ANGNUS,UA.D.ANGNUS.CASH.IP,Elicio Therapeutics Inc,SHARES,N/A,TRADEABLE,EL
ELIXLN,KC.D.ELIXLN.CASH.IP,Elixirr Consulting Limited,SHARES,N/A,EDITS_ONLY,EL
ELGGY,ED.D.ELGGY.CASH.IP,Elmos Semiconductor AG,SHARES,N/A,EDITS_ONLY,EL
ELOXUS,UB.D.ELOXUS.CASH.IP,Eloxx Pharmaceuticals Inc,SHARES,N/A,ON_AUCTION,EL
FEVGY,ED.D.FEVGY.CASH.IP,Fortec Elektronik AG,SHARES,N/A,EDITS_ONLY,EL
FELE,UB.D.FELE.CASH.IP,Franklin Electric Co Inc,SHARES,N/A,TRADEABLE,EL
FEIMUS,UB.D.FEIMUS.CASH.IP,Frequency Electronics Inc,SHARES,N/A,TRADEABLE,EL
GECUS,UB.D.GECUS.CASH.IP,Great Elm Capital Group Inc,SHARES,N/A,TRADEABLE,EL
EMUS,UB.D.EMUS.CASH.IP,Smart Share Global Limited,SHARES,N/A,OFFLINE,EM
USDINR,CS.D.USDINR.MINI.IP,EMFX USD/INR ($1 Mini Contract),CURRENCIES,N/A,TRADEABLE,EM
USDINR,CS.D.USDINR.CFD.IP,EMFX USD/INR ($10 Contract),CURRENCIES,N/A,TRADEABLE,EM
SPTRD,IX.D.SPTRD.FWS1.IP,US 500 ($250),INDICES,N/A,TRADEABLE,EM
SPTRD,IX.D.SPTRD.FWM1.IP,US 500 ($50),INDICES,N/A,TRADEABLE,EM
SPTRD,IX.D.SPTRD.IZE.IP,US 500 Cash (€1),INDICES,N/A,TRADEABLE,EM
USDIDR,CS.D.USDIDR.MINI.IP,EMFX USD/IDR ($1 Mini Contract),CURRENCIES,N/A,TRADEABLE,EM
USDIDR,CS.D.USDIDR.CFD.IP,EMFX USD/IDR ($10 Contract),CURRENCIES,N/A,TRADEABLE,EM
USDKRW,CS.D.USDKRW.CFD.IP,EMFX USD/KRW ($10 Contract),CURRENCIES,N/A,TRADEABLE,EM
USDPHP,CS.D.USDPHP.CFD.IP,EMFX USD/PHP ($10 Contract),CURRENCIES,N/A,TRADEABLE,EM
USDTWD,CS.D.USDTWD.CFD.IP,EMFX USD/TWD ($10 Contract),CURRENCIES,N/A,TRADEABLE,EM
CFI,CO.D.CFI.FWS3.IP,Carbon Emissions (€10),COMMODITIES,N/A,EDITS_ONLY,EM
CFI,CO.D.CFI.FWM3.IP,Carbon Emissions (€5),COMMODITIES,N/A,EDITS_ONLY,EM
USDKRW,CS.D.USDKRW.MINI.IP,EMFX USD/KRW ($1 Mini Contract),CURRENCIES,N/A,TRADEABLE,EM
USDPHP,CS.D.USDPHP.MINI.IP,EMFX USD/PHP ($1 Mini Contract),CURRENCIES,N/A,TRADEABLE,EM
USDTWD,CS.D.USDTWD.MINI.IP,EMFX USD/TWD ($1 Mini Contract),CURRENCIES,N/A,TRADEABLE,EM
ORPFP,EC.D.ORPFP.CASH.IP,Emeis SA,SHARES,N/A,EDITS_ONLY,EM
EMQGY,ED.D.EMQGY.CASH.IP,emQtec AG,SHARES,N/A,CLOSED,EM
EMISLN,KA.D.EMISLN.CASH.IP,EMIS Group PLC,SHARES,N/A,CLOSED,EM
EMLLN,KC.D.EMLLN.CASH.IP,Emmerson PLC,SHARES,N/A,EDITS_ONLY,EM
EMKRUS,UB.D.EMKRUS.CASH.IP,EMCORE Corporation,SHARES,N/A,CLOSED,EM
INRJPY,CS.D.INRJPY.CFD.IP,EMFX INR/JPY,CURRENCIES,N/A,TRADEABLE,EM
INRJPY,CS.D.INRJPY.MINI.IP,EMFX INR/JPY Mini,CURRENCIES,N/A,TRADEABLE,EM
NSCILN,KC.D.NSCILN.CASH.IP,EMV Capital PLC,SHARES,N/A,EDITS_ONLY,EM
EMBELLSS,EH.D.EMBELLSS.CASH.IP,Embellence Group AB,SHARES,N/A,EDITS_ONLY,EM
OSSRDC,EP.D.OSSRDC.CASH.IP,Embla Medical hf.,SHARES,N/A,EDITS_ONLY,EM
THQNBSS,EH.D.THQNBSS.CASH.IP,Embracer Group AB,SHARES,N/A,EDITS_ONLY,EM
NMGLN,KC.D.NMGLN.CASH.IP,Empire metals Ltd,SHARES,N/A,EDITS_ONLY,EM
EMPGUS,UB.D.EMPGUS.CASH.IP,Empro Group Inc,SHARES,N/A,SUSPENDED,EM
EME,KC.D.EME.CASH.IP,Empyrean Energy PLC,SHARES,N/A,EDITS_ONLY,EM
BEE,KA.D.BEE.CASH.IP,Barings Emerging EMEA Opportunities PLC,SHARES,N/A,EDITS_ONLY,EM
EURINR,CS.D.EURINR.CFD.IP,EMFX EUR/INR (10 Contract),CURRENCIES,N/A,TRADEABLE,EM
GBPINR,CS.D.GBPINR.MINI.IP,EMFX GBP/INR (1 Mini Contract),CURRENCIES,N/A,TRADEABLE,EM
GBPINR,CS.D.GBPINR.CFD.IP,EMFX GBP/INR (10 Contract),CURRENCIES,N/A,TRADEABLE,EM
EMBKUS,UB.D.EMBKUS.CASH.IP,Embark Technology Inc,SHARES,N/A,CLOSED,EM
EMBKWUS,UB.D.EMBKWUS.CASH.IP,Embark Technology Inc (Warrants),SHARES,N/A,CLOSED,EM
EMBCUS,UB.D.EMBCUS.CASH.IP,Embecta Corporation,SHARES,N/A,TRADEABLE,EM
EN,EC.D.EN.CASH.IP,Bouygues SA,SHARES,N/A,EDITS_ONLY,EN
RB,EN.D.RB.FWM1.IP,No Lead Gasoline ($2.10),COMMODITIES,N/A,TRADEABLE,EN
RB,EN.D.RB.FWS1.IP,No Lead Gasoline ($4.20),COMMODITIES,N/A,TRADEABLE,EN
ENIIM,EF.D.ENIIM.CASH.IP,Eni SpA,SHARES,N/A,EDITS_ONLY,EN
ENPHUS,UB.D.ENPHUS.CASH.IP,Enphase Energy Inc (24 Hours),SHARES,N/A,TRADEABLE,EN
RPT,KA.D.RPT.CASH.IP,Enwell Energy PLC,SHARES,N/A,EDITS_ONLY,EN
ENAVIM,EF.D.ENAVIM.CASH.IP,ENAV SpA,SHARES,N/A,EDITS_ONLY,EN
GSZFP,EC.D.GSZFP.CASH.IP,ENGIE SA,SHARES,N/A,EDITS_ONLY,EN
ENEL,EF.D.ENEL.CASH.IP,Enel SpA,SHARES,N/A,EDITS_ONLY,EN
GZFGY,ED.D.GZFGY.CASH.IP,Engie SA (Xetra),SHARES,N/A,EDITS_ONLY,EN
NLABSS,EH.D.NLABSS.CASH.IP,Enlabs AB,SHARES,N/A,CLOSED,EN
GVC,KA.D.GVC.CASH.IP,Entain PLC,SHARES,N/A,EDITS_ONLY,EN
ENGCONBSS,EH.D.ENGCONBSS.CASH.IP,engcon AB (publ),SHARES,N/A,EDITS_ONLY,EN
CNE,KA.D.CNE.CASH.IP,Capricorn Energy PLC,SHARES,N/A,EDITS_ONLY,EN
ENLTUS,UB.D.ENLTUS.CASH.IP,Enlight Renewable Energy Ltd,SHARES,N/A,TRADEABLE,EN
2GB,ED.D.2GB.CASH.IP,2G Energy AG,SHARES,N/A,EDITS_ONLY,EN
TPET,KC.D.TPET.CASH.IP,88 Energy Ltd,SHARES,N/A,EDITS_ONLY,EN
ENPLLI,PK.D.ENPLLI.CASH.IP,En+ Group PLC,SHARES,N/A,CLOSED,EN
ENQ,KA.D.ENQ.CASH.IP,EnQuest PLC,SHARES,N/A,EDITS_ONLY,EN
ENQSS,EH.D.ENQSS.CASH.IP,EnQuest PLC (SE),SHARES,N/A,CLOSED,EN
ENSILN,KC.D.ENSILN.CASH.IP,EnSilica PLC,SHARES,N/A,EDITS_ONLY,EN
TOADSS,EH.D.TOADSS.CASH.IP,Enad Global 7,SHARES,N/A,EDITS_ONLY,EN
ELGXUS,UB.D.ELGXUS.CASH.IP,Endologix Inc,SHARES,N/A,CLOSED,EN
WATTUS,UD.D.WATTUS.CASH.IP,Energous Corp,SHARES,N/A,TRADEABLE,EN
ENRO,EH.D.ENRO.CASH.IP,Eniro Group AB,SHARES,N/A,EDITS_ONLY,EN
ENTG,UB.D.ENTG.CASH.IP,Entegris Inc,SHARES,N/A,TRADEABLE,EN
ENZYSS,EH.D.ENZYSS.CASH.IP,Enzymatica AB,SHARES,N/A,EDITS_ONLY,EN
I3ELN,KC.D.I3ELN.CASH.IP,I3 Energy PLC,SHARES,N/A,CLOSED,EN
LEUS,UB.D.LEUS.CASH.IP,Lands' End Inc,SHARES,N/A,TRADEABLE,EN
MGEEUS,UC.D.MGEEUS.CASH.IP,MGE Energy Inc,SHARES,N/A,TRADEABLE,EN
EOFP,EC.D.EOFP.CASH.IP,FORVIA SE,SHARES,N/A,EDITS_ONLY,EO
EPPSJ,AR.D.EPPSJ.CASH.IP,EPP NV,SHARES,N/A,CLOSED,EP
EPIASS,EH.D.EPIASS.CASH.IP,Epiroc AB (publ) - A,SHARES,N/A,EDITS_ONLY,EP
EPIBSS,EH.D.EPIBSS.CASH.IP,Epiroc AB (publ) - B,SHARES,N/A,EDITS_ONLY,EP
PLUSUS,UC.D.PLUSUS.CASH.IP,ePlus Inc,SHARES,N/A,TRADEABLE,EP
BANZIM,EF.D.BANZIM.CASH.IP,ePrice SpA,SHARES,N/A,CLOSED,EP
BELESS,EH.D.BELESS.CASH.IP,Ependion AB,SHARES,N/A,EDITS_ONLY,EP
EPZMUS,UB.D.EPZMUS.CASH.IP,Epizyme Inc,SHARES,N/A,CLOSED,EP
ECXGY,ED.D.ECXGY.CASH.IP,Epigenomics AG,SHARES,N/A,CLOSED,EP
EPISBSS,EH.D.EPISBSS.CASH.IP,Episurf Medical AB (publ),SHARES,N/A,EDITS_ONLY,EP
EPWNLN,KA.D.EPWNLN.CASH.IP,Epwin Group PLC,SHARES,N/A,CLOSED,EP
EPSNUS,UB.D.EPSNUS.CASH.IP,Epsilon Energy Limited,SHARES,N/A,TRADEABLE,EP
EPSMUS,UB.D.EPSMUS.CASH.IP,Epsium Enterprise Ltd,SHARES,N/A,TRADEABLE,EP
EPRELN,KA.D.EPRELN.CASH.IP,Amundi FTSE EPRA Europe Real Estate UCITS ETF-C,SHARES,N/A,CLOSED,EP
ESOZLN,KA.D.ESOZLN.CASH.IP,EPE Special Opportunities Limited,SHARES,N/A,EDITS_ONLY,EP
ESOLN,KC.D.ESOLN.CASH.IP,EPE Special Opportunities PLC,SHARES,N/A,EDITS_ONLY,EP
ZLCSUS,UD.D.ZLCSUS.CASH.IP,EPIRUS Biopharmaceuticals Inc,SHARES,N/A,CLOSED,EP
HPRDLN,KA.D.HPRDLN.CASH.IP,HSBC FTSE EPRA NAREIT Developed UCITS ETF - HPRD,SHARES,N/A,EDITS_ONLY,EP
HPROLN,KA.D.HPROLN.CASH.IP,HSBC FTSE EPRA NAREIT Developed UCITS ETF - HPRO,SHARES,N/A,EDITS_ONLY,EP
HPRALN,KA.D.HPRALN.CASH.IP,HSBC FTSE EPRA/NAREIT Developed UCITS ETF,SHARES,N/A,EDITS_ONLY,EP
HPRSLN,KA.D.HPRSLN.CASH.IP,HSBC FTSE EPRA/NAREIT Developed UCITS ETF (GBP),SHARES,N/A,EDITS_ONLY,EP
EPHYUUS,UB.D.EPHYUUS.CASH.IP,Epiphany Technology Acquisition Corporation (Unit),SHARES,N/A,CLOSED,EP
HINDLN,KA.D.HINDLN.CASH.IP,HSBC FTSE EPRA Nareit Developed Islamic UCITS ETF,SHARES,N/A,EDITS_ONLY,EP
EURELN,KA.D.EURELN.CASH.IP,SPDR(r) FTSE EPRA Europe ex UK Real Estate UCITS ETF - EURE,SHARES,N/A,CLOSED,EP
EQUS,UB.D.EQUS.CASH.IP,Equillium Inc,SHARES,N/A,TRADEABLE,EQ
EQV1VFH,EB.D.EQV1VFH.CASH.IP,eQ Oyj,SHARES,N/A,EDITS_ONLY,EQ
EQOSUS,UB.D.EQOSUS.CASH.IP,EQONEX Ltd,SHARES,N/A,CLOSED,EQ
EQRXUS,UB.D.EQRXUS.CASH.IP,EQRx Inc,SHARES,N/A,CLOSED,EQ
EQLSS,EH.D.EQLSS.CASH.IP,EQL Pharma AB,SHARES,N/A,EDITS_ONLY,EQ
EQSGY,ED.D.EQSGY.CASH.IP,EQS Group AG,SHARES,N/A,CLOSED,EQ
ALMPREFSS,EH.D.ALMPREFSS.CASH.IP,ALM Equity AB (publ) - pfd,SHARES,N/A,EDITS_ONLY,EQ
BELSJ,AR.D.BELSJ.CASH.IP,Bell Equipment Ltd,SHARES,N/A,EDITS_ONLY,EQ
EQTSS,EH.D.EQTSS.CASH.IP,EQT Partners AB,SHARES,N/A,EDITS_ONLY,EQ
PHAIFP,EC.D.PHAIFP.CASH.IP,EQUASENS Group,SHARES,N/A,EDITS_ONLY,EQ
FFXLN,KC.D.FFXLN.CASH.IP,Equals Group PLC,SHARES,N/A,CLOSED,EQ
EQNLN,KA.D.EQNLN.CASH.IP,Equiniti Group PLC,SHARES,N/A,CLOSED,EQ
EQUIIM,EF.D.EQUIIM.CASH.IP,Equita Group SpA,SHARES,N/A,EDITS_ONLY,EQ
CEPOUS,UA.D.CEPOUS.CASH.IP,Cantor Equity Partners I Inc,SHARES,N/A,TRADEABLE,EQ
CEPTUS,UA.D.CEPTUS.CASH.IP,Cantor Equity Partners II Inc,SHARES,N/A,TRADEABLE,EQ
EVS,EA.D.EVS.CASH.IP,EVS Broadcast Equipment SA,SHARES,N/A,EDITS_ONLY,EQ
AIEQUS,SI.D.AIEQUS.CASH.IP,Equbot with Watson AI Total US ETF,SHARES,N/A,TRADEABLE,EQ
EQPTUS,UB.D.EQPTUS.CASH.IP,EquipmentShare.com Inc,SHARES,N/A,TRADEABLE,EQ
EQBKUS,UB.D.EQBKUS.CASH.IP,Equity Bancshares Inc,SHARES,N/A,TRADEABLE,EQ
NFTYUS,UC.D.NFTYUS.CASH.IP,First Trust India Nifty 50 Equ,SHARES,N/A,TRADEABLE,EQ
HEESUS,UB.D.HEESUS.CASH.IP,H&E Equipment Services Inc,SHARES,N/A,CLOSED,EQ
JPELLN,KC.D.JPELLN.CASH.IP,JP Morgan Private Equity Ltd,SHARES,N/A,EDITS_ONLY,EQ
LGGGLN,KA.D.LGGGLN.CASH.IP,L&G Global Equity ETF UCITS ETF,SHARES,N/A,EDITS_ONLY,EQ
LGJGLN,KA.D.LGJGLN.CASH.IP,L&G Japan Equity UCITS ETF,SHARES,N/A,EDITS_ONLY,EQ
LGUKLN,KA.D.LGUKLN.CASH.IP,L&G UK Equity ETF UCITS ETF,SHARES,N/A,EDITS_ONLY,EQ
LGUGLN,KA.D.LGUGLN.CASH.IP,L&G US Equity UCITS ETF,SHARES,N/A,EDITS_ONLY,EQ
GEPLN,KA.D.GEPLN.CASH.IP,Lloyd Growth Equity UCITS ETF,SHARES,N/A,EDITS_ONLY,EQ
RWUS,SI.D.RWUS.CASH.IP,Rainwater Equity ETF,SHARES,N/A,TRADEABLE,EQ
3DUSLN,KA.D.3DUSLN.CASH.IP,Robeco 3D US Equity UCITS ETF,SHARES,N/A,EDITS_ONLY,EQ
HSONUS,UB.D.HSONUS.CASH.IP,Star Equity Holdings Inc,SHARES,N/A,ON_AUCTION,EQ
DRADUS,UB.D.DRADUS.CASH.IP,"Star Equity Holdings, Inc. 1",SHARES,N/A,EDITS_ONLY,EQ
SECLN,KA.D.SECLN.CASH.IP,Strategic Equity Capital PLC,SHARES,N/A,EDITS_ONLY,EQ
SLET,KA.D.SLET.CASH.IP,Aberdeen Equity Income Trust plc,SHARES,N/A,EDITS_ONLY,EQ
BRAL,KA.D.BRAL.CASH.IP,Aberdeen Private Equity Fund Ltd,SHARES,N/A,CLOSED,EQ
HDGEUS,SI.D.HDGEUS.CASH.IP,AdvisorShares Ranger Equity Bear ETF,SHARES,N/A,TRADEABLE,EQ
AIELN,KC.D.AIELN.CASH.IP,Ashoka India Equity Investment Trust PLC,SHARES,N/A,EDITS_ONLY,EQ
AEACUUS,UA.D.AEACUUS.CASH.IP,Authentic Equity Acquisition Corporation,SHARES,N/A,CLOSED,EQ
AVEMUS,SI.D.AVEMUS.CASH.IP,Avantis Emerging Markets Equity ETF,SHARES,N/A,TRADEABLE,EQ
AVEGLN,KA.D.AVEGLN.CASH.IP,Avantis Emerging Markets Equity UCITS ETF,SHARES,N/A,EDITS_ONLY,EQ
AVXCUS,UA.D.AVXCUS.CASH.IP,Avantis Emerging Markets ex-China Equity ETF,SHARES,N/A,TRADEABLE,EQ
AVCGLN,KA.D.AVCGLN.CASH.IP,Avantis Global Equity UCITS ETF,SHARES,N/A,EDITS_ONLY,EQ
AVDEUS,SI.D.AVDEUS.CASH.IP,Avantis International Equity ETF,SHARES,N/A,TRADEABLE,EQ
CAEPUS,UA.D.CAEPUS.CASH.IP,Cantor Equity Partners III Inc,SHARES,N/A,OFFLINE,EQ
CGGOUS,SI.D.CGGOUS.CASH.IP,Capital Group Global Growth Equity ETF,SHARES,N/A,TRADEABLE,EQ
GINCLN,KA.D.GINCLN.CASH.IP,First Trust Global Equity Income UCITS ETF,SHARES,N/A,EDITS_ONLY,EQ
ERGIM,EF.D.ERGIM.CASH.IP,ERG SpA,SHARES,N/A,EDITS_ONLY,ER
ERAFP,EC.D.ERAFP.CASH.IP,Eramet,SHARES,N/A,EDITS_ONLY,ER
ERASUS,UB.D.ERASUS.CASH.IP,Erasca Inc,SHARES,N/A,TRADEABLE,ER
ERICB,EH.D.ERICB.CASH.IP,Ericsson (LM) - B,SHARES,N/A,EDITS_ONLY,ER
ERGOLN,KC.D.ERGOLN.CASH.IP,Ergomed PLC,SHARES,N/A,CLOSED,ER
HXCKGY,ED.D.HXCKGY.CASH.IP,Ernst Russ AG,SHARES,N/A,CLOSED,ER
EBOGY,ED.D.EBOGY.CASH.IP,Erste Group Bank AG (DE),SHARES,N/A,EDITS_ONLY,ER
ERIEUS,UB.D.ERIEUS.CASH.IP,Erie Indemnity Company (24 Hours),SHARES,N/A,TRADEABLE,ER
FERAUS,UB.D.FERAUS.CASH.IP,Fifth Era Acquisition Corp I,SHARES,N/A,TRADEABLE,ER
NEHCUS,UC.D.NEHCUS.CASH.IP,New Era Energy & Digital Inc,SHARES,N/A,TRADEABLE,ER
XOVRUS,UD.D.XOVRUS.CASH.IP,ERShares Private-Public Crossover ETF,SHARES,N/A,TRADEABLE,ER
RAYAUS,UC.D.RAYAUS.CASH.IP,Erayak Power Solution Group Inc,SHARES,N/A,OFFLINE,ER
ERCBGY,ED.D.ERCBGY.CASH.IP,Telefonaktiebolaget LM Ericsson (DE),SHARES,N/A,EDITS_ONLY,ER
ERICASS,EH.D.ERICASS.CASH.IP,Telefonaktiebolaget LM Ericsson (publ),SHARES,N/A,EDITS_ONLY,ER
ERNULN,KA.D.ERNULN.CASH.IP,iShares $ Ultrashort Bond UCITS ETF - ERNU,SHARES,N/A,EDITS_ONLY,ER
ERN1LN,KA.D.ERN1LN.CASH.IP,iShares Euro Ultrashort Bond UCITS ETF - ERN1,SHARES,N/A,EDITS_ONLY,ER
STXE,IX.D.STXE.FN2B.IP,EU Stocks 50 (E1),INDICES,N/A,TRADEABLE,ES
STOB,KA.D.STOB.CASH.IP,Esken Ltd,SHARES,N/A,CLOSED,ES
ALESKFP,EC.D.ALESKFP.CASH.IP,Esker SA,SHARES,N/A,CLOSED,ES
ESPNA,EG.D.ESPNA.CASH.IP,Esperite,SHARES,N/A,CLOSED,ES
ESSITYBSS,EH.D.ESSITYBSS.CASH.IP,Essity AB  - B,SHARES,N/A,EDITS_ONLY,ES
ESSITYASS,EH.D.ESSITYASS.CASH.IP,Essity AB - A,SHARES,N/A,EDITS_ONLY,ES
ESIFP,EC.D.ESIFP.CASH.IP,ESI Group SA,SHARES,N/A,CLOSED,ES
EVELN,KC.D.EVELN.CASH.IP,ESR 2022 PLC,SHARES,N/A,CLOSED,ES
STWOUS,UD.D.STWOUS.CASH.IP,ESS Tech Inc,SHARES,N/A,TRADEABLE,ES
ESCAUS,UB.D.ESCAUS.CASH.IP,Escalade Inc,SHARES,N/A,TRADEABLE,ES
PRTIM,EF.D.PRTIM.CASH.IP,Esprinet SpA,SHARES,N/A,EDITS_ONLY,ES
FLTR,KA.D.FLTR.CASH.IP,Essentra PLC,SHARES,N/A,EDITS_ONLY,ES
ESYSLN,KC.D.ESYSLN.CASH.IP,essensys PLC,SHARES,N/A,EDITS_ONLY,ES
EPIXUS,UB.D.EPIXUS.CASH.IP,ESSA Pharma Inc,SHARES,N/A,CLOSED,ES
MSPSJ,AR.D.MSPSJ.CASH.IP,MAS Real Estate Inc,SHARES,N/A,EDITS_ONLY,ES
AROLN,KC.D.AROLN.CASH.IP,Arricano Real Estate PLC,SHARES,N/A,CLOSED,ES
ESGPLN,KA.D.ESGPLN.CASH.IP,Auag ESG Gold Mining UCITS ETF,SHARES,N/A,EDITS_ONLY,ES
ESGOLN,KA.D.ESGOLN.CASH.IP,Auag ESG Gold Mining UCITS ETF (USD),SHARES,N/A,EDITS_ONLY,ES
CC1GY,ED.D.CC1GY.CASH.IP,Consus Real Estate AG,SHARES,N/A,CLOSED,ES
DMREGY,ED.D.DMREGY.CASH.IP,DEMIRE Real Estate AG,SHARES,N/A,EDITS_ONLY,ES
ESGNA,EG.D.ESGNA.CASH.IP,ESG Core Investments B.V.,SHARES,N/A,CLOSED,ES
BNT1GY,ED.D.BNT1GY.CASH.IP,EYEMAXX Real Estate AG,SHARES,N/A,CLOSED,ES
ESPRUS,UB.D.ESPRUS.CASH.IP,Esperion Therapeutics Inc,SHARES,N/A,TRADEABLE,ES
GPOR,KA.D.GPOR.CASH.IP,Great Portland Estates PLC,SHARES,N/A,EDITS_ONLY,ES
INSGY,ED.D.INSGY.CASH.IP,Instone Real Estate Group NV,SHARES,N/A,EDITS_ONLY,ES
MGAMUS,UC.D.MGAMUS.CASH.IP,Mobile Global Esports Inc,SHARES,N/A,OFFLINE,ES
MTVWLN,KA.D.MTVWLN.CASH.IP,Mountview Estates PLC,SHARES,N/A,EDITS_ONLY,ES
UREUS,SI.D.UREUS.CASH.IP,ProShares Ultra Real Estate,SHARES,N/A,TRADEABLE,ES
RLELN,KC.D.RLELN.CASH.IP,Real Estate Investors PLC,SHARES,N/A,EDITS_ONLY,ES
BARKLN,KC.D.BARKLN.CASH.IP,Roadside Real Estate Plc,SHARES,N/A,EDITS_ONLY,ES
SRET,KC.D.SRET.CASH.IP,Sirius Real Estate Ltd (LSE),SHARES,N/A,EDITS_ONLY,ES
SRESJ,AR.D.SRESJ.CASH.IP,Sirius Real Estate Ltd (ZA),SHARES,N/A,EDITS_ONLY,ES
CUPLN,KC.D.CUPLN.CASH.IP,Tialis Essential IT PLC,SHARES,N/A,EDITS_ONLY,ES
BSPEUS,UA.D.BSPEUS.CASH.IP,Vintage Wine Estates Inc,SHARES,N/A,CLOSED,ES
XDDXLN,KA.D.XDDXLN.CASH.IP,Xtrackers DAX ESG Screened,SHARES,N/A,EDITS_ONLY,ES
XMASLN,KA.D.XMASLN.CASH.IP,Xtrackers MSCI EM Asia ESG Scr,SHARES,N/A,EDITS_ONLY,ES
IYR,SI.D.IYR.CASH.IP,iShares US Real Estate ETF,SHARES,N/A,TRADEABLE,ES
XDRELN,KA.D.XDRELN.CASH.IP,Xtrackers Developed Green Real Estate ESG UCITS ETF,SHARES,N/A,EDITS_ONLY,ES
ETSYUS,UB.D.ETSYUS.CASH.IP,Etsy Inc,SHARES,N/A,TRADEABLE,ET
VILFP,EC.D.VILFP.CASH.IP,Viel et Co,SHARES,N/A,EDITS_ONLY,ET
VQTUS,SI.D.VQTUS.CASH.IP,Barclays ETN+ S&P VEQTOR ETN,SHARES,N/A,OFFLINE,ET
CBDAXGY,ED.D.CBDAXGY.CASH.IP,ComStage ETF DAX TR UCITS ETF,SHARES,N/A,CLOSED,ET
CD47GY,ED.D.CD47GY.CASH.IP,ComStage ETF PSI 20 UCITS ETF,SHARES,N/A,CLOSED,ET
METPLN,KA.D.METPLN.CASH.IP,ETC Group Web 3.0 UCITS ETF - GBp,SHARES,N/A,EDITS_ONLY,ET
METRLN,KA.D.METRLN.CASH.IP,ETC Group Web 3.0 UCITS ETF - USD,SHARES,N/A,EDITS_ONLY,ET
UC87LN,KA.D.UC87LN.CASH.IP,UBS ETF-MSCI Canada UCITS ETF,SHARES,N/A,EDITS_ONLY,ET
ETTEFH,EB.D.ETTEFH.CASH.IP,Etteplan Oyj,SHARES,N/A,EDITS_ONLY,ET
TSYXUS,UD.D.TSYXUS.CASH.IP,TSPY Lift ETF,SHARES,N/A,TRADEABLE,ET
SLIMUS,UD.D.SLIMUS.CASH.IP,The Obesity ETF,SHARES,N/A,CLOSED,ET
ORGUS,UC.D.ORGUS.CASH.IP,The Organics ETF,SHARES,N/A,CLOSED,ET
AMLPUS,SI.D.AMLPUS.CASH.IP,Alerian MLP ETF,SHARES,N/A,TRADEABLE,ET
TRTYUS,SI.D.TRTYUS.CASH.IP,Cambria Trinity ETF,SHARES,N/A,TRADEABLE,ET
ETLNLI,PK.D.ETLNLI.CASH.IP,Etalon Group Ltd - GDR,SHARES,N/A,CLOSED,ET
ETORUS,UB.D.ETORUS.CASH.IP,Etoro Group Ltd (24 Hours),SHARES,N/A,TRADEABLE,ET
UB03LN,KA.D.UB03LN.CASH.IP,FTSE 100 UCITS ETF,SHARES,N/A,EDITS_ONLY,ET
FINXUS,UB.D.FINXUS.CASH.IP,Global X FinTech ETF,SHARES,N/A,TRADEABLE,ET
MLPAUS,SI.D.MLPAUS.CASH.IP,Global X MLP ETF,SHARES,N/A,TRADEABLE,ET
RAYSUS,UC.D.RAYSUS.CASH.IP,Global X Solar ETF - US,SHARES,N/A,CLOSED,ET
HSPDLN,KA.D.HSPDLN.CASH.IP,HSBC S&P 500 UCITS ETF,SHARES,N/A,EDITS_ONLY,ET
AMZAUS,SI.D.AMZAUS.CASH.IP,InfraCap MLP ETF,SHARES,N/A,TRADEABLE,ET
JFWDUS,SI.D.JFWDUS.CASH.IP,Jacob Forward ETF,SHARES,N/A,OFFLINE,ET
SSPYLN,KA.D.SSPYLN.CASH.IP,LS -5X Short SPY ETP,SHARES,N/A,EDITS_ONLY,ET
UB0CLN,KA.D.UB0CLN.CASH.IP,MSCI Japan UCITS ETF,SHARES,N/A,CLOSED,ET
UB02LN,KA.D.UB02LN.CASH.IP,MSCI Japan UCITS ETF,SHARES,N/A,EDITS_ONLY,ET
RPARUS,SI.D.RPARUS.CASH.IP,RPAR Risk Parity ETF,SHARES,N/A,TRADEABLE,ET
SPCXUS,SI.D.SPCXUS.CASH.IP,SPAC & New Issue ETF,SHARES,N/A,OFFLINE,ET
SPXLLN,KA.D.SPXLLN.CASH.IP,SPDR S&P 500 UCITS ETF (GBP),SHARES,N/A,EDITS_ONLY,ET
SPYLLN,KA.D.SPYLLN.CASH.IP,SPDR S&P 500 UCITS ETF (USD),SHARES,N/A,EDITS_ONLY,ET
SCHHUS,SI.D.SCHHUS.CASH.IP,Schwab U.S. REIT ETF,SHARES,N/A,TRADEABLE,ET
SCHPUS,SI.D.SCHPUS.CASH.IP,Schwab US TIPS ETF,SHARES,N/A,TRADEABLE,ET
OLDUS,UC.D.OLDUS.CASH.IP,The Long-Term Care ETF,SHARES,N/A,CLOSED,ET
BITEUS,UA.D.BITEUS.CASH.IP,The Restaurant ETF,SHARES,N/A,CLOSED,ET
OUNZUS,SI.D.OUNZUS.CASH.IP,VanEck Merk Gold ETF,SHARES,N/A,TRADEABLE,ET
VNQUS,SI.D.VNQUS.CASH.IP,Vanguard REIT ETF,SHARES,N/A,TRADEABLE,ET
BBPUS,UA.D.BBPUS.CASH.IP,Virtus Biotech ETF,SHARES,N/A,TRADEABLE,ET
SGOLUS,SI.D.SGOLUS.CASH.IP,abrdn Gold ETF Trust,SHARES,N/A,TRADEABLE,ET
IB1TLN,KA.D.IB1TLN.CASH.IP,iShares Bitcoin ETP,SHARES,N/A,EDITS_ONLY,ET
INDYUS,UB.D.INDYUS.CASH.IP,iShares India 50 ETF,SHARES,N/A,TRADEABLE,ET
MBBUS,SI.D.MBBUS.CASH.IP,iShares MBS ETF,SHARES,N/A,TRADEABLE,ET
GBPEUR,CS.D.GBPEUR.CFD.IP,GBP/EUR,CURRENCIES,N/A,TRADEABLE,EU
EURNOK,CS.D.EURNOK.CFD.IP,EUR/NOK,CURRENCIES,N/A,TRADEABLE,EU
EURNZD,CS.D.EURNZD.CFD.IP,EUR/NZD,CURRENCIES,N/A,TRADEABLE,EU
EURSEK,CS.D.EURSEK.CFD.IP,EUR/SEK,CURRENCIES,N/A,TRADEABLE,EU
EURNOK,CS.D.EURNOK.MINI.IP,EUR/NOK Mini,CURRENCIES,N/A,TRADEABLE,EU
EURNZD,CS.D.EURNZD.MINI.IP,EUR/NZD Mini,CURRENCIES,N/A,TRADEABLE,EU
EURSEK,CS.D.EURSEK.MINI.IP,EUR/SEK Mini,CURRENCIES,N/A,TRADEABLE,EU
GBPEUR,CS.D.GBPEUR.MINI.IP,GBP/EUR Mini,CURRENCIES,N/A,TRADEABLE,EU
NZDEUR,CS.D.NZDEUR.MINI.IP,NZD/EUR Mini,CURRENCIES,N/A,TRADEABLE,EU
EURZAR,CS.D.EURZAR.CFD.IP,EUR/ZAR,CURRENCIES,N/A,TRADEABLE,EU
EURZAR,CS.D.EURZAR.MINI.IP,EUR/ZAR Mini,CURRENCIES,N/A,TRADEABLE,EU
STXE,IX.D.STXE.FWS4.IP,EU Stocks 50 (€10),INDICES,N/A,TRADEABLE,EU
STXE,IX.D.STXE.FWM4.IP,EU Stocks 50 (€2),INDICES,N/A,TRADEABLE,EU
EURHUF,CS.D.EURHUF.CFD.IP,EUR/HUF,CURRENCIES,N/A,TRADEABLE,EU
EURILS,CS.D.EURILS.CFD.IP,EUR/ILS,CURRENCIES,N/A,TRADEABLE,EU
EURPLN,CS.D.EURPLN.CFD.IP,EUR/PLN,CURRENCIES,N/A,TRADEABLE,EU
EURTRY,CS.D.EURTRY.CFD.IP,EUR/TRY,CURRENCIES,N/A,TRADEABLE,EU
EURHUF,CS.D.EURHUF.MINI.IP,EUR/HUF Mini,CURRENCIES,N/A,TRADEABLE,EU
EURILS,CS.D.EURILS.MINI.IP,EUR/ILS Mini,CURRENCIES,N/A,TRADEABLE,EU
EURMXN,CS.D.EURMXN.MINI.IP,EUR/MXN Mini,CURRENCIES,N/A,TRADEABLE,EU
EURPLN,CS.D.EURPLN.MINI.IP,EUR/PLN Mini,CURRENCIES,N/A,TRADEABLE,EU
EURTRY,CS.D.EURTRY.MINI.IP,EUR/TRY Mini,CURRENCIES,N/A,TRADEABLE,EU
STX600,IX.D.STX600.FNI3.IP,EU Stocks 600 (50 EUR),INDICES,N/A,TRADEABLE,EU
FEI,IR.D.FEI.FWS5.IP,Euribor (€25),RATES,N/A,TRADEABLE,EU
FEI,IR.D.FEI.FWS6.IP,Euribor (€25),RATES,N/A,TRADEABLE,EU
FEI,IR.D.FEI.FWS7.IP,Euribor (€25),RATES,N/A,TRADEABLE,EU
FEI,IR.D.FEI.FWS8.IP,Euribor (€25),RATES,N/A,TRADEABLE,EU
FEI,IR.D.FEI.FWM5.IP,Euribor (€5),RATES,N/A,TRADEABLE,EU
EVAXUS,UB.D.EVAXUS.CASH.IP,Evaxion A/S,SHARES,N/A,TRADEABLE,EV
EVLIIFH,EB.D.EVLIIFH.CASH.IP,Evli Oyj,SHARES,N/A,EDITS_ONLY,EV
888,KA.D.888.CASH.IP,Evoke plc,SHARES,N/A,EDITS_ONLY,EV
ALTVOFP,EC.D.ALTVOFP.CASH.IP,Evolis SA,SHARES,N/A,CLOSED,EV
EOLSUS,UB.D.EOLSUS.CASH.IP,Evolus Inc,SHARES,N/A,TRADEABLE,EV
EVRLN,KA.D.EVRLN.CASH.IP,Evraz PLC,SHARES,N/A,SUSPENDED,EV
GLOFP,EC.D.GLOFP.CASH.IP,GL Events,SHARES,N/A,EDITS_ONLY,EV
EVERUS,UB.D.EVERUS.CASH.IP,EverQuote Inc,SHARES,N/A,TRADEABLE,EV
EVOPUS,UB.D.EVOPUS.CASH.IP,EVO Payments Inc,SHARES,N/A,CLOSED,EV
EVCMUS,UB.D.EVCMUS.CASH.IP,EverCommerce Inc,SHARES,N/A,TRADEABLE,EV
EVBGUS,UB.D.EVBGUS.CASH.IP,Everbridge Inc,SHARES,N/A,CLOSED,EV
AAAPLN,KC.D.AAAPLN.CASH.IP,Everest Global plc,SHARES,N/A,EDITS_ONLY,EV
TM17LN,KC.D.TM17LN.CASH.IP,Everplay Group PLC,SHARES,N/A,EDITS_ONLY,EV
EVGNUS,UB.D.EVGNUS.CASH.IP,Evogene Limited,SHARES,N/A,TRADEABLE,EV
EVOKUS,UB.D.EVOKUS.CASH.IP,Evoke Pharma Inc,SHARES,N/A,CLOSED,EV
MPE,KA.D.MPE.CASH.IP,MP Evans Group PLC,SHARES,N/A,EDITS_ONLY,EV
ARELN,KC.D.ARELN.CASH.IP,Arena Events Group PLC,SHARES,N/A,CLOSED,EV
EVLOUS,UB.D.EVLOUS.CASH.IP,Evelo Biosciences Inc,SHARES,N/A,OFFLINE,EV
EVRALN,KC.D.EVRALN.CASH.IP,Everarc Holdings Limited,SHARES,N/A,CLOSED,EV
MRAMUS,UC.D.MRAMUS.CASH.IP,Everspin Technologies Inc,SHARES,N/A,TRADEABLE,EV
EMANLN,KC.D.EMANLN.CASH.IP,Everyman Media Group Plc,SHARES,N/A,EDITS_ONLY,EV
NEOTUS,UC.D.NEOTUS.CASH.IP,Evofem Biosciences Inc,SHARES,N/A,OFFLINE,EV
EVOSS,EH.D.EVOSS.CASH.IP,Evolution Gaming Group AB,SHARES,N/A,EDITS_ONLY,EV
EVKGY,ED.D.EVKGY.CASH.IP,Evonik Industries AG,SHARES,N/A,EDITS_ONLY,EV
EVKUS,UB.D.EVKUS.CASH.IP,Ever-Glory International Group Inc,SHARES,N/A,OFFLINE,EV
EDHLUS,UB.D.EDHLUS.CASH.IP,Everbright Digital Holding Ltd,SHARES,N/A,TRADEABLE,EV
NHICUS,UC.D.NHICUS.CASH.IP,Evolv Technologies Holdings Inc,SHARES,N/A,TRADEABLE,EV
PLCYUS,UC.D.PLCYUS.CASH.IP,Active Weighting Funds ETF Trust - EventShares U.S. Policy Alpha ETF,SHARES,N/A,CLOSED,EV
EWRKSS,EH.D.EWRKSS.CASH.IP,Ework Group AB (publ),SHARES,N/A,EDITS_ONLY,EW
NUGT,SI.D.NUGT.CASH.IP,Direxion Daily Gold Miners Index Bull 2X ETF,SHARES,N/A,TRADEABLE,EW
EXONA,EG.D.EXONA.CASH.IP,Exor NV,SHARES,N/A,EDITS_ONLY,EX
XGNUS,UD.D.XGNUS.CASH.IP,Exagen Inc,SHARES,N/A,TRADEABLE,EX
EXLGR,ED.D.EXLGR.CASH.IP,Exasol AG,SHARES,N/A,EDITS_ONLY,EX
EXMBB,EA.D.EXMBB.CASH.IP,Exmar NV,SHARES,N/A,EDITS_ONLY,EX
EXOIM,EF.D.EXOIM.CASH.IP,Exor SpA,SHARES,N/A,CLOSED,EX
XONEUS,UD.D.XONEUS.CASH.IP,The ExOne Co,SHARES,N/A,CLOSED,EX
EXACUS,UB.D.EXACUS.CASH.IP,Exactech Inc,SHARES,N/A,CLOSED,EX
EXEL,UB.D.EXEL.CASH.IP,Exelixis Inc,SHARES,N/A,TRADEABLE,EX
XCURUS,UD.D.XCURUS.CASH.IP,Exicure Inc,SHARES,N/A,TRADEABLE,EX
EXENSFP,EC.D.EXENSFP.CASH.IP,Exosens SAS,SHARES,N/A,EDITS_ONLY,EX
EXFYUS,UB.D.EXFYUS.CASH.IP,Expensify Inc,SHARES,N/A,TRADEABLE,EX
EXPN,KA.D.EXPN.CASH.IP,Experian PLC,SHARES,N/A,EDITS_ONLY,EX
EXAIIM,EF.D.EXAIIM.CASH.IP,Expert.ai SpA,SHARES,N/A,EDITS_ONLY,EX
XPONUS,UD.D.XPONUS.CASH.IP,Expion360 Inc,SHARES,N/A,TRADEABLE,EX
EXPOUS,UB.D.EXPOUS.CASH.IP,Exponent Inc,SHARES,N/A,TRADEABLE,EX
XPRIM,EF.D.XPRIM.CASH.IP,Exprivia SpA,SHARES,N/A,CLOSED,EX
EXASUS,UB.D.EXASUS.CASH.IP,Exact Sciences Corp,SHARES,N/A,CLOSED,EX
GOEFP,EC.D.GOEFP.CASH.IP,Exail Technologies,SHARES,N/A,EDITS_ONLY,EX
EXL1VFH,EB.D.EXL1VFH.CASH.IP,Exel Composites Oyj,SHARES,N/A,CLOSED,EX
EXEFP,EC.D.EXEFP.CASH.IP,Exel Industries,SHARES,N/A,EDITS_ONLY,EX
EXPE,UB.D.EXPE.CASH.IP,Expedia Group Inc (24 Hours),SHARES,N/A,TRADEABLE,EX
EXAIUS,UB.D.EXAIUS.CASH.IP,Exscientia PLC,SHARES,N/A,CLOSED,EX
EXSSS,EH.D.EXSSS.CASH.IP,Exsitec Holding AB,SHARES,N/A,EDITS_ONLY,EX
GBPLN,KC.D.GBPLN.CASH.IP,GEO Exploration Ltd,SHARES,N/A,EDITS_ONLY,EX
PETSUS,UC.D.PETSUS.CASH.IP,PetMed Express Inc,SHARES,N/A,TRADEABLE,EX
ACTLN,KC.D.ACTLN.CASH.IP,Actual Experience Ltd,SHARES,N/A,CLOSED,EX
EXNFP,EC.D.EXNFP.CASH.IP,Exclusive Networks SA,SHARES,N/A,CLOSED,EX
XELAUS,UD.D.XELAUS.CASH.IP,Exela Technologies Inc,SHARES,N/A,OFFLINE,EX
EXLSUS,UB.D.EXLSUS.CASH.IP,ExlService Holdings Inc,SHARES,N/A,TRADEABLE,EX
CHKUS,UA.D.CHKUS.CASH.IP,Expand Energy Corporation (24 Hours),SHARES,N/A,TRADEABLE,EX
EXTRUS,UB.D.EXTRUS.CASH.IP,Extreme Networks Inc,SHARES,N/A,TRADEABLE,EX
EXXSJ,AR.D.EXXSJ.CASH.IP,Exxaro Resources Ltd,SHARES,N/A,EDITS_ONLY,EX
GDG,KA.D.GDG.CASH.IP,G3 Exploration Limited,SHARES,N/A,CLOSED,EX
HTLDUS,UB.D.HTLDUS.CASH.IP,Heartland Express Inc,SHARES,N/A,TRADEABLE,EX
HEXLN,KC.D.HEXLN.CASH.IP,Helix Exploration PLC,SHARES,N/A,EDITS_ONLY,EX
IMCLN,KC.D.IMCLN.CASH.IP,IMC Exploration Group PLC,SHARES,N/A,EDITS_ONLY,EX
METEX,EC.D.METEX.CASH.IP,METabolic EXplorer SA,SHARES,N/A,CLOSED,EX
MTL,KC.D.MTL.CASH.IP,Metals Exploration PLC,SHARES,N/A,EDITS_ONLY,EX
RKHLN,KA.D.RKHLN.CASH.IP,Rockhopper Exploration PLC,SHARES,N/A,EDITS_ONLY,EX
THXLN,KC.D.THXLN.CASH.IP,Thor Explorations Limited,SHARES,N/A,EDITS_ONLY,EX
TXPLN,KC.D.TXPLN.CASH.IP,Touchstone Exploration Inc (LSE),SHARES,N/A,EDITS_ONLY,EX
XAXJLN,KA.D.XAXJLN.CASH.IP,Xtrackers MSCI AC Asia ex Japa,SHARES,N/A,EDITS_ONLY,EX
EXPIUS,UB.D.EXPIUS.CASH.IP,eXp World Holdings Inc,SHARES,N/A,OFFLINE,EX
ACWXUS,UA.D.ACWXUS.CASH.IP,iShares MSCI ACWI ex U.S. ETF,SHARES,N/A,TRADEABLE,EX
LDEGLN,KA.D.LDEGLN.CASH.IP,L&G Quality Equity Dividends ESG Exclusions Europe ex-UK UCITS ETF,SHARES,N/A,EDITS_ONLY,EX
CP9GLN,KA.D.CP9GLN.CASH.IP,Amundi Index MSCI Pacific ex Japan ETF-C USD,SHARES,N/A,EDITS_ONLY,EX
AXLLN,KC.D.AXLLN.CASH.IP,Arrow Exploration Corporation - LSE,SHARES,N/A,EDITS_ONLY,EX
SEYESS,EH.D.SEYESS.CASH.IP,Smart Eye AB,SHARES,N/A,EDITS_ONLY,EY
SEYETRSS,EH.D.SEYETRSS.CASH.IP,Smart Eye AB - Rights,SHARES,N/A,CLOSED,EY
LUCYUS,UB.D.LUCYUS.CASH.IP,Innovative Eyewear Inc,SHARES,N/A,TRADEABLE,EY
PSDVUS,UC.D.PSDVUS.CASH.IP,EyePoint Pharmaceuticals Inc,SHARES,N/A,TRADEABLE,EY
EZPW,UB.D.EZPW.CASH.IP,Ezcorp Inc,SHARES,N/A,TRADEABLE,EZ
AEZDLI,PK.D.AEZDLI.CASH.IP,Ezz Steel Co SAE,SHARES,N/A,CLOSED,EZ
EZGOUS,UB.D.EZGOUS.CASH.IP,EZGO Technologies Limited,SHARES,N/A,TRADEABLE,EZ
FB,UB.D.FB.CASH.IP,Meta Platforms Inc (24 Hours),SHARES,N/A,TRADEABLE,FA
RCUSBB,EA.D.RCUSBB.CASH.IP,Fagron,SHARES,N/A,EDITS_ONLY,FA
FABGSS,EH.D.FABGSS.CASH.IP,Fabege AB,SHARES,N/A,EDITS_ONLY,FA
FAMIUS,UB.D.FAMIUS.CASH.IP,Farmmi Inc,SHARES,N/A,TRADEABLE,FA
FAAGY,ED.D.FAAGY.CASH.IP,Fabasoft AG,SHARES,N/A,EDITS_ONLY,FA
WPCSUS,UD.D.WPCSUS.CASH.IP,Fabric.AI Inc,SHARES,N/A,OFFLINE,FA
FASTATSS,EH.D.FASTATSS.CASH.IP,Fastator AB,SHARES,N/A,EDITS_ONLY,FA
FAST,UB.D.FAST.CASH.IP,Fastenal Co (24 Hours),SHARES,N/A,TRADEABLE,FA
FASTNA,EG.D.FASTNA.CASH.IP,Fastned B.V.,SHARES,N/A,EDITS_ONLY,FA
DARLN,KC.D.DARLN.CASH.IP,XP Factory PLC,SHARES,N/A,EDITS_ONLY,FA
AFAMUS,UA.D.AFAMUS.CASH.IP,Almost Family Inc,SHARES,N/A,CLOSED,FA
CARDLN,KA.D.CARDLN.CASH.IP,Card Factory PLC,SHARES,N/A,EDITS_ONLY,FA
BRPMUS,UA.D.BRPMUS.CASH.IP,FaZe Holdings Inc,SHARES,N/A,CLOSED,FA
ADFLN,KC.D.ADFLN.CASH.IP,Facilities by Adf PLC,SHARES,N/A,EDITS_ONLY,FA
FADLLN,KC.D.FADLLN.CASH.IP,Fadel Partners Inc,SHARES,N/A,EDITS_ONLY,FA
FAGSS,EH.D.FAGSS.CASH.IP,Fagerhult Group AB,SHARES,N/A,EDITS_ONLY,FA
FOGLN,KC.D.FOGLN.CASH.IP,Falcon Oil & Gas Ltd,SHARES,N/A,CLOSED,FA
FBRSJ,AR.D.FBRSJ.CASH.IP,Famous Brands Ltd,SHARES,N/A,EDITS_ONLY,FA
FAGASS,EH.D.FAGASS.CASH.IP,Fantasma Games AB,SHARES,N/A,CLOSED,FA
FSRDUS,UB.D.FSRDUS.CASH.IP,Fast Radius Inc,SHARES,N/A,CLOSED,FA
FPARASS,EH.D.FPARASS.CASH.IP,FastPartner AB (publ) - A,SHARES,N/A,EDITS_ONLY,FA
FPARDSS,EH.D.FPARDSS.CASH.IP,FastPartner AB (publ) - D,SHARES,N/A,EDITS_ONLY,FA
FPARPREFS,EH.D.FPARPREFS.CASH.IP,FastPartner AB (publ) Pref,SHARES,N/A,CLOSED,FA
FTHMUS,UB.D.FTHMUS.CASH.IP,Fathom Holdings Inc,SHARES,N/A,TRADEABLE,FA
HEBABSS,EH.D.HEBABSS.CASH.IP,HEBA Fastighets AB (publ),SHARES,N/A,EDITS_ONLY,FA
KFASTBSS,EH.D.KFASTBSS.CASH.IP,K-Fast Holding AB (publ),SHARES,N/A,EDITS_ONLY,FA
NP3SS,EH.D.NP3SS.CASH.IP,NP3 Fastigheter AB (publ),SHARES,N/A,EDITS_ONLY,FA
NP3PREFSS,EH.D.NP3PREFSS.CASH.IP,NP3 Fastigheter AB (publ),SHARES,N/A,EDITS_ONLY,FA
NATHUS,UC.D.NATHUS.CASH.IP,Nathan's Famous Inc,SHARES,N/A,TRADEABLE,FA
SAFM,UD.D.SAFM.CASH.IP,Sanderson Farms Inc,SHARES,N/A,CLOSED,FA
VITLUS,UD.D.VITLUS.CASH.IP,Vital Farms Inc,SHARES,N/A,TRADEABLE,FA
NYFSS,EH.D.NYFSS.CASH.IP,Altra Fastigheter AB,SHARES,N/A,CLOSED,FA
ANNEBSS,EH.D.ANNEBSS.CASH.IP,Annehem Fastigheter AB,SHARES,N/A,EDITS_ONLY,FA
BFFIM,EF.D.BFFIM.CASH.IP,Banca Farmafactoring SpA,SHARES,N/A,EDITS_ONLY,FA
BRINBSS,EH.D.BRINBSS.CASH.IP,Brinova Fastigheter AB (publ),SHARES,N/A,EDITS_ONLY,FA
CAKE,UA.D.CAKE.CASH.IP,Cheesecake Factory Inc,SHARES,N/A,TRADEABLE,FA
FAROUS,UB.D.FAROUS.CASH.IP,FARO Technologies Inc,SHARES,N/A,CLOSED,FA
FATBBUS,UB.D.FATBBUS.CASH.IP,FAT Brands Inc - Class B,SHARES,N/A,OFFLINE,FA
FA17LN,KC.D.FA17LN.CASH.IP,Fair Oaks Income Limited - 2071,SHARES,N/A,EDITS_ONLY,FA
ACTIM,EF.D.ACTIM.CASH.IP,Falck Renewables SpA,SHARES,N/A,CLOSED,FA
FALLN,KC.D.FALLN.CASH.IP,Falcon Media House Limited,SHARES,N/A,CLOSED,FA
DUOUS,UB.D.DUOUS.CASH.IP,Fangdd Network Group Limited,SHARES,N/A,TRADEABLE,FA
FARNLN,KC.D.FARNLN.CASH.IP,Faron Pharmaceuticals Oy,SHARES,N/A,EDITS_ONLY,FA
FARONFH,EB.D.FARONFH.CASH.IP,Faron Pharmaceuticals Oy (Helsinki),SHARES,N/A,EDITS_ONLY,FA
FBHLN,KC.D.FBHLN.CASH.IP,FBD Holdings PLC,SHARES,N/A,CLOSED,FB
FCXGUS,UB.D.FCXGUS.CASH.IP,Leverage Shares 2X Long FCX Daily ETF,SHARES,N/A,TRADEABLE,FC
FDJFP,EC.D.FDJFP.CASH.IP,FDJ United,SHARES,N/A,EDITS_ONLY,FD
FDPLN,KA.D.FDPLN.CASH.IP,FD Technologies PLC,SHARES,N/A,CLOSED,FD
FDMLN,KA.D.FDMLN.CASH.IP,FDM Group Holdings PLC,SHARES,N/A,EDITS_ONLY,FD
FRMIUS,UB.D.FRMIUS.CASH.IP,Fermi Inc,SHARES,N/A,TRADEABLE,FE
FR6GY,ED.D.FR6GY.CASH.IP,Ferrari NV (GER),SHARES,N/A,EDITS_ONLY,FE
RACEIM,EF.D.RACEIM.CASH.IP,Ferrari NV (ITA),SHARES,N/A,EDITS_ONLY,FE
CRM,KA.D.CRM.CASH.IP,Fevara PLC,SHARES,N/A,EDITS_ONLY,FE
FF,IR.D.FF.FWS9.IP,US 30-Day Fed Funds Rate ($41.67),RATES,N/A,TRADEABLE,FE
FF,IR.D.FF.FWSX.IP,US 30-Day Fed Funds Rate ($41.67),RATES,N/A,TRADEABLE,FE
FF,IR.D.FF.FWM9.IP,US 30-Day Fed Funds Rate ($8.33),RATES,N/A,TRADEABLE,FE
FF,IR.D.FF.FWM4.IP,US 30-Day Fed Funds Rate ($8.33),RATES,N/A,TRADEABLE,FE
FDBKLN,KC.D.FDBKLN.CASH.IP,Feedback PLC,SHARES,N/A,EDITS_ONLY,FE
FEMYUS,UB.D.FEMYUS.CASH.IP,Femasys Inc,SHARES,N/A,TRADEABLE,FE
WOS,KA.D.WOS.CASH.IP,Ferguson PLC,SHARES,N/A,EDITS_ONLY,FE
FALGFP,EC.D.FALGFP.CASH.IP,Fermentalg SA,SHARES,N/A,EDITS_ONLY,FE
YACHTIM,EF.D.YACHTIM.CASH.IP,Ferretti SpA (Milan),SHARES,N/A,EDITS_ONLY,FE
FXPO,KA.D.FXPO.CASH.IP,Ferrexpo PLC,SHARES,N/A,SUSPENDED,FE
FERROSS,EH.D.FERROSS.CASH.IP,Ferroamp AB,SHARES,N/A,EDITS_ONLY,FE
FERNA,EG.D.FERNA.CASH.IP,Ferrovial N.V.,SHARES,N/A,EDITS_ONLY,FE
FERUS,UB.D.FERUS.CASH.IP,Ferrovial N.V.,SHARES,N/A,TRADEABLE,FE
FEDALN,KA.D.FEDALN.CASH.IP,Federal Bank Ltd,SHARES,N/A,EDITS_ONLY,FE
EVLIFH,EB.D.EVLIFH.CASH.IP,Fellow Pankki Oyj,SHARES,N/A,EDITS_ONLY,FE
FERGRNA,EG.D.FERGRNA.CASH.IP,Ferrari Group PLC,SHARES,N/A,EDITS_ONLY,FE
GSMUS,UB.D.GSMUS.CASH.IP,Ferroglobe PLC,SHARES,N/A,TRADEABLE,FE
FNMSS,EH.D.FNMSS.CASH.IP,Ferronordic AB,SHARES,N/A,EDITS_ONLY,FE
FRVOUS,UB.D.FRVOUS.CASH.IP,Fervo Energy Co,SHARES,N/A,TRADEABLE,FE
IVFUS,UB.D.IVFUS.CASH.IP,INVO Fertility Inc,SHARES,N/A,TRADEABLE,FE
FNHCUS,UB.D.FNHCUS.CASH.IP,FedNat Holding Company,SHARES,N/A,CLOSED,FE
BCANUS,UA.D.BCANUS.CASH.IP,Femto Technologies Inc,SHARES,N/A,OFFLINE,FE
FENCUS,UB.D.FENCUS.CASH.IP,Fennec Pharmaceuticals Inc,SHARES,N/A,TRADEABLE,FE
SFER,EF.D.SFER.CASH.IP,Salvatore Ferragamo SpA,SHARES,N/A,EDITS_ONLY,FE
FEDFLN,KA.D.FEDFLN.CASH.IP,Lyxor Fed Funds US Dollar Cash UCITS ETF - C-USD - FEDF,SHARES,N/A,EDITS_ONLY,FE
FEDGLN,KA.D.FEDGLN.CASH.IP,Lyxor Fed Funds US Dollar Cash UCITS ETF - C-USD - FEDG,SHARES,N/A,EDITS_ONLY,FE
CFFN,UA.D.CFFN.CASH.IP,Capitol Federal Financial Inc,SHARES,N/A,TRADEABLE,FE
FEESLI,PK.D.FEESLI.CASH.IP,Federal Grid Co Unified Energy System PJSC,SHARES,N/A,CLOSED,FE
FOIBSS,EH.D.FOIBSS.CASH.IP,Fenix Outdoor International AG,SHARES,N/A,EDITS_ONLY,FE
FARLN,KA.D.FARLN.CASH.IP,Ferro-Alloy Resources Limited,SHARES,N/A,EDITS_ONLY,FE
FEXLN,KA.D.FEXLN.CASH.IP,First Trust US Large Cap Core AlphaDEX(r) UCITS ETF Class A USD - FEX,SHARES,N/A,EDITS_ONLY,FE
FEXDLN,KA.D.FEXDLN.CASH.IP,First Trust US Large Cap Core AlphaDEX(r) UCITS ETF Class B - FEXD,SHARES,N/A,EDITS_ONLY,FE
ECKGY,ED.D.ECKGY.CASH.IP,LUDWIG BECK am Rathauseck - Textilhaus Feldmeier AG,SHARES,N/A,EDITS_ONLY,FE
FEMLN,KA.D.FEMLN.CASH.IP,First Trust Emerging Markets AlphaDEX(r) UCITS ETF Class A USD - FEM,SHARES,N/A,EDITS_ONLY,FE
FEMULN,KA.D.FEMULN.CASH.IP,First Trust Emerging Markets AlphaDEX(r) UCITS ETF Class A USD - FEMU,SHARES,N/A,EDITS_ONLY,FE
FFIM,EF.D.FFIM.CASH.IP,Fine Foods & Pharmaceuticals N.T.M. SpA,SHARES,N/A,EDITS_ONLY,FF
FFILN,KC.D.FFILN.CASH.IP,FFI Holdings PLC,SHARES,N/A,CLOSED,FF
FGSS,EH.D.FGSS.CASH.IP,Fasadgruppen Group AB (publ),SHARES,N/A,EDITS_ONLY,FG
FGFUS,UB.D.FGFUS.CASH.IP,FG Nexus Inc,SHARES,N/A,TRADEABLE,FG
FGQDLN,KA.D.FGQDLN.CASH.IP,Fidelity Global Quality Income UCITS ETF [FGQD],SHARES,N/A,EDITS_ONLY,FG
MIB,IX.D.MIB.IFM.IP,Italy 40 Cash (€1),INDICES,N/A,TRADEABLE,FI
FTSE,IX.D.FTSE.FWS1.IP,FTSE 100 (£10),INDICES,N/A,TRADEABLE,FI
FTSE,IX.D.FTSE.FWM1.IP,FTSE 100 (£2),INDICES,N/A,TRADEABLE,FI
MIB,IX.D.MIB.FWM1.IP,Italy 40 (€1),INDICES,N/A,TRADEABLE,FI
MIB,IX.D.MIB.FWS1.IP,Italy 40 (€5),INDICES,N/A,TRADEABLE,FI
FGP,KA.D.FGP.CASH.IP,Firstgroup PLC,SHARES,N/A,EDITS_ONLY,FI
IMELN,KC.D.IMELN.CASH.IP,Fiinu Plc,SHARES,N/A,EDITS_ONLY,FI
FNTS,EC.D.FNTS.CASH.IP,Finatis SA,SHARES,N/A,CLOSED,FI
SBIZLN,KA.D.SBIZLN.CASH.IP,Fintel PLC,SHARES,N/A,EDITS_ONLY,FI
FISV,UB.D.FISV.CASH.IP,Fiserv Inc (24 Hours),SHARES,N/A,TRADEABLE,FI
FKELN,KC.D.FKELN.CASH.IP,Fiske PLC,SHARES,N/A,EDITS_ONLY,FI
FIVNUS,UB.D.FIVNUS.CASH.IP,Five9 Inc,SHARES,N/A,TRADEABLE,FI
FNC,EF.D.FNC.CASH.IP,Leonardo-Finmeccanica Spa,SHARES,N/A,EDITS_ONLY,FI
FBK,EF.D.FBK.CASH.IP,FinecoBank Banca Fineco SpA,SHARES,N/A,EDITS_ONLY,FI
THFFUS,UD.D.THFFUS.CASH.IP,First Financial Corporation,SHARES,N/A,TRADEABLE,FI
FKL,KC.D.FKL.CASH.IP,FIH Group Plc,SHARES,N/A,EDITS_ONLY,FI
FTC,KC.D.FTC.CASH.IP,Filtronic PLC,SHARES,N/A,EDITS_ONLY,FI
FINLN,KA.D.FINLN.CASH.IP,Finablr PLC,SHARES,N/A,CLOSED,FI
FIA1S,EB.D.FIA1S.CASH.IP,Finnair OYJ,SHARES,N/A,EDITS_ONLY,FI
CSFSLN,KC.D.CSFSLN.CASH.IP,Finseta plc,SHARES,N/A,EDITS_ONLY,FI
1SNLN,KC.D.1SNLN.CASH.IP,First Tin PLC,SHARES,N/A,EDITS_ONLY,FI
FSRSJ,AR.D.FSRSJ.CASH.IP,FirstRand Ltd,SHARES,N/A,EDITS_ONLY,FI
FIVEUS,UB.D.FIVEUS.CASH.IP,Five Below Inc,SHARES,N/A,TRADEABLE,FI
SFIXUS,UD.D.SFIXUS.CASH.IP,Stitch Fix Inc,SHARES,N/A,TRADEABLE,FI
ALTSUS,UA.D.ALTSUS.CASH.IP,AI Financial Corp,SHARES,N/A,OFFLINE,FI
BOKF,UA.D.BOKF.CASH.IP,BOK Financial Corp,SHARES,N/A,TRADEABLE,FI
CHYMUS,UA.D.CHYMUS.CASH.IP,Chime Financial Inc,SHARES,N/A,TRADEABLE,FI
FMIM,EF.D.FMIM.CASH.IP,Fiera Milano SpA,SHARES,N/A,EDITS_ONLY,FI
FITB,UB.D.FITB.CASH.IP,Fifth Third Bancorp (24 Hours),SHARES,N/A,TRADEABLE,FI
FILSS,EH.D.FILSS.CASH.IP,Filo Mining Corp (SWE),SHARES,N/A,CLOSED,FI
FCTIM,EF.D.FCTIM.CASH.IP,Fincantieri SpA,SHARES,N/A,EDITS_ONLY,FI
FCTAAWIMI,EF.D.FCTAAWIMI.CASH.IP,Fincantieri SpA (Warrants),SHARES,N/A,EDITS_ONLY,FI
FNGRUS,UB.D.FNGRUS.CASH.IP,FingerMotion Inc,SHARES,N/A,TRADEABLE,FI
FCAPUS,UB.D.FCAPUS.CASH.IP,First Capital Inc,SHARES,N/A,TRADEABLE,FI
FHBUS,UB.D.FHBUS.CASH.IP,First Hawaiian Inc,SHARES,N/A,TRADEABLE,FI
SISGY,ED.D.SISGY.CASH.IP,First Sensor AG,SHARES,N/A,EDITS_ONLY,FI
FJVSLN,KA.D.FJVSLN.CASH.IP,FJVS - Fidelity Japanese Values PLC,SHARES,N/A,CLOSED,FJ
FJPUS,UB.D.FJPUS.CASH.IP,First Trust Japan AlphaDEX Fund  -FJP,SHARES,N/A,TRADEABLE,FJ
USDHUF,CS.D.USDHUF.CFD.IP,USD/HUF,CURRENCIES,N/A,TRADEABLE,FL
FLAGY,ED.D.FLAGY.CASH.IP,Flatex AG,SHARES,N/A,EDITS_ONLY,FL
INDEXSS,EH.D.INDEXSS.CASH.IP,Flerie AB,SHARES,N/A,EDITS_ONLY,FL
GBPHUF,CS.D.GBPHUF.CFD.IP,GBP/HUF,CURRENCIES,N/A,TRADEABLE,FL
GBPHUF,CS.D.GBPHUF.MINI.IP,GBP/HUF Mini,CURRENCIES,N/A,TRADEABLE,FL
FLOFP,EC.D.FLOFP.CASH.IP,Groupe Flo,SHARES,N/A,CLOSED,FL
USDHUF,CS.D.USDHUF.MINI.IP,USD/HUF Mini,CURRENCIES,N/A,TRADEABLE,FL
FLOL,KA.D.FLOL.CASH.IP,Flowtech Fluidpower plc,SHARES,N/A,EDITS_ONLY,FL
FLSDC,EP.D.FLSDC.CASH.IP,FLSmidth & Co AS,SHARES,N/A,EDITS_ONLY,FL
FLYEUS,UB.D.FLYEUS.CASH.IP,FLY-E Group Inc,SHARES,N/A,TRADEABLE,FL
FLEXQSS,EH.D.FLEXQSS.CASH.IP,Flexqube AB,SHARES,N/A,EDITS_ONLY,FL
FLUISS,EH.D.FLUISS.CASH.IP,Fluicell AB,SHARES,N/A,EDITS_ONLY,FL
FLUOSS,EH.D.FLUOSS.CASH.IP,Fluoguide A/S,SHARES,N/A,EDITS_ONLY,FL
FLIR,UB.D.FLIR.CASH.IP,FLIR Systems Inc,SHARES,N/A,CLOSED,FL
FLATBSS,EH.D.FLATBSS.CASH.IP,Flat Capital AB,SHARES,N/A,EDITS_ONLY,FL
FLKLN,KC.D.FLKLN.CASH.IP,Fletcher King PLC,SHARES,N/A,EDITS_ONLY,FL
FLEFP,EC.D.FLEFP.CASH.IP,Fleury Michon SA,SHARES,N/A,EDITS_ONLY,FL
FLKSUS,UB.D.FLKSUS.CASH.IP,Flex Pharma Inc,SHARES,N/A,CLOSED,FL
FPAYUS,UB.D.FPAYUS.CASH.IP,FlexShopper Inc,SHARES,N/A,OFFLINE,FL
FLEXMSS,EH.D.FLEXMSS.CASH.IP,Flexion Mobile PLC,SHARES,N/A,EDITS_ONLY,FL
FLOWNA,EG.D.FLOWNA.CASH.IP,Flow Traders Ltd,SHARES,N/A,EDITS_ONLY,FL
FLNCUS,UB.D.FLNCUS.CASH.IP,Fluence Energy Inc,SHARES,N/A,TRADEABLE,FL
FLYB,KA.D.FLYB.CASH.IP,Flybe Group PLC,SHARES,N/A,CLOSED,FL
TIFSLN,KA.D.TIFSLN.CASH.IP,TI Fluid Systems PLC,SHARES,N/A,CLOSED,FL
FLWSUS,UB.D.FLWSUS.CASH.IP,1-800-Flowers.com Inc,SHARES,N/A,TRADEABLE,FL
FLXNUS,UB.D.FLXNUS.CASH.IP,Flexion Therapeutics Inc,SHARES,N/A,CLOSED,FL
FLXSUS,UB.D.FLXSUS.CASH.IP,Flexsteel Industries Inc,SHARES,N/A,TRADEABLE,FL
FFICUS,UB.D.FFICUS.CASH.IP,Flushing Financial Corp,SHARES,N/A,OFFLINE,FL
PPBLN,KA.D.PPBLN.CASH.IP,Flutter Entertainment PLC (LSE),SHARES,N/A,EDITS_ONLY,FL
FLUXUS,UB.D.FLUXUS.CASH.IP,Flux Power Holdings Inc,SHARES,N/A,TRADEABLE,FL
FLYWUS,UB.D.FLYWUS.CASH.IP,Flywire Corporation,SHARES,N/A,TRADEABLE,FL
FLTRUS,SI.D.FLTRUS.CASH.IP,VanEck IG Floating Rate ETF,SHARES,N/A,TRADEABLE,FL
FLPELN,KA.D.FLPELN.CASH.IP,FlexShares Listed Private Equity UCITS ETF,SHARES,N/A,CLOSED,FL
FLEX,UB.D.FLEX.CASH.IP,Flextronics International Ltd,SHARES,N/A,TRADEABLE,FL
SBCFUS,UD.D.SBCFUS.CASH.IP,Seacoast Banking Corp of Florida,SHARES,N/A,TRADEABLE,FL
USFRUS,SI.D.USFRUS.CASH.IP,WisdomTree Floating Rate Treasury Fund,SHARES,N/A,TRADEABLE,FL
FLOTUS,SI.D.FLOTUS.CASH.IP,iShares Floating Rate Bond ETF,SHARES,N/A,TRADEABLE,FL
TFLOUS,SI.D.TFLOUS.CASH.IP,iShares Treasury Floating Rate Bond ETF,SHARES,N/A,TRADEABLE,FL
FLOSLN,KA.D.FLOSLN.CASH.IP,iShares USD Floating Rate Bond UCITS ETF,SHARES,N/A,EDITS_ONLY,FL
FLOALN,KA.D.FLOALN.CASH.IP,iShares USD Floating Rate Bond UCITS ETF - USD,SHARES,N/A,EDITS_ONLY,FL
FLO5LN,KA.D.FLO5LN.CASH.IP,iShares USD Floating Rate Bond UCITS ETF GBp,SHARES,N/A,EDITS_ONLY,FL
AEFSLN,KA.D.AEFSLN.CASH.IP,Alcentra European Floating Rate Income Fund Limited,SHARES,N/A,CLOSED,FL
TFRNLN,KA.D.TFRNLN.CASH.IP,WisdomTree USD Floating Rate Treasury Bond UCITS ETF,SHARES,N/A,EDITS_ONLY,FL
FMMSS,EH.D.FMMSS.CASH.IP,FM Mattsson Mora Group AB (publ),SHARES,N/A,EDITS_ONLY,FM
FNMIM,EF.D.FNMIM.CASH.IP,FNM SpA,SHARES,N/A,EDITS_ONLY,FN
FNACFP,EC.D.FNACFP.CASH.IP,Groupe Fnac,SHARES,N/A,EDITS_ONLY,FN
FNCBUS,UB.D.FNCBUS.CASH.IP,FNCB Bancorp Inc,SHARES,N/A,CLOSED,FN
ICENG,EN.D.ICENG.FWS8.IP,UK Natural Gas (£1),COMMODITIES,N/A,OFFLINE,FN
FRSGY,ED.D.FRSGY.CASH.IP,FORI SA,SHARES,N/A,EDITS_ONLY,FO
FONDIAFH,EB.D.FONDIAFH.CASH.IP,Fondia Oyj,SHARES,N/A,EDITS_ONLY,FO
FNXLN,KC.D.FNXLN.CASH.IP,Fonix PLC,SHARES,N/A,CLOSED,FO
FNOXSS,EH.D.FNOXSS.CASH.IP,Fortnox AB (publ),SHARES,N/A,CLOSED,FO
FUM1V,EB.D.FUM1V.CASH.IP,Fortum OYJ,SHARES,N/A,EDITS_ONLY,FO
SAXSFORDC,EP.D.SAXSFORDC.CASH.IP,Formuepleje Forbrugsaktier,SHARES,N/A,CLOSED,FO
TUNELN,KC.D.TUNELN.CASH.IP,Focusrite PLC,SHARES,N/A,EDITS_ONLY,FO
FFARMNA,EG.D.FFARMNA.CASH.IP,ForFarmers NV,SHARES,N/A,EDITS_ONLY,FO
REACLN,KC.D.REACLN.CASH.IP,Forgent plc,SHARES,N/A,CLOSED,FO
FYBGY,ED.D.FYBGY.CASH.IP,Formycon AG,SHARES,N/A,EDITS_ONLY,FO
FRTAUS,UB.D.FRTAUS.CASH.IP,Forterra Inc,SHARES,N/A,CLOSED,FO
FORTLN,KA.D.FORTLN.CASH.IP,Forterra PLC,SHARES,N/A,EDITS_ONLY,FO
FTNT,UB.D.FTNT.CASH.IP,Fortinet Inc (24 Hours),SHARES,N/A,TRADEABLE,FO
FRZAUS,UB.D.FRZAUS.CASH.IP,Forza X1 Inc,SHARES,N/A,CLOSED,FO
FSTRUS,UB.D.FSTRUS.CASH.IP,LB Foster Co,SHARES,N/A,TRADEABLE,FO
RCFXLN,KC.D.RCFXLN.CASH.IP,RC Fornax Plc,SHARES,N/A,EDITS_ONLY,FO
RBWSJ,AR.D.RBWSJ.CASH.IP,RCL Foods Ltd,SHARES,N/A,EDITS_ONLY,FO
ARLSJ,AR.D.ARLSJ.CASH.IP,Astral Foods Ltd,SHARES,N/A,EDITS_ONLY,FO
CALM,UA.D.CALM.CASH.IP,Cal-Maine Foods Inc,SHARES,N/A,TRADEABLE,FO
EFOIUS,UB.D.EFOIUS.CASH.IP,Energy Focus Inc,SHARES,N/A,TRADEABLE,FO
FCUVUS,UB.D.FCUVUS.CASH.IP,Focus Universal Inc,SHARES,N/A,TRADEABLE,FO
KATLN,KC.D.KATLN.CASH.IP,Focus Xplore PLC,SHARES,N/A,EDITS_ONLY,FO
FLDUS,UB.D.FLDUS.CASH.IP,Fold Holdings Inc,SHARES,N/A,TRADEABLE,FO
FP,EC.D.FP.CASH.IP,TotalEnergies SE (FR),SHARES,N/A,EDITS_ONLY,FP
FRFP,EC.D.FRFP.CASH.IP,Valeo SA,SHARES,N/A,EDITS_ONLY,FR
CEAGY,ED.D.CEAGY.CASH.IP,FRIWO AG,SHARES,N/A,EDITS_ONLY,FR
FNTGY,ED.D.FNTGY.CASH.IP,Freenet AG,SHARES,N/A,EDITS_ONLY,FR
FREEUS,UB.D.FREEUS.CASH.IP,FreeSeas Inc,SHARES,N/A,CLOSED,FR
FQTGY,ED.D.FQTGY.CASH.IP,Frequentis AG,SHARES,N/A,EDITS_ONLY,FR
FRPTUS,UB.D.FRPTUS.CASH.IP,Freshpet Inc,SHARES,N/A,TRADEABLE,FR
FRES,KA.D.FRES.CASH.IP,Fresnillo PLC,SHARES,N/A,EDITS_ONLY,FR
ALNOVFP,EC.D.ALNOVFP.CASH.IP,Novacyt SA - FR,SHARES,N/A,EDITS_ONLY,FR
FTDRUS,UB.D.FTDRUS.CASH.IP,frontdoor Inc,SHARES,N/A,TRADEABLE,FR
FRPHUS,UB.D.FRPHUS.CASH.IP,FRP Holdings Inc,SHARES,N/A,TRADEABLE,FR
GUTSUS,UB.D.GUTSUS.CASH.IP,Fractyl Health Inc,SHARES,N/A,TRADEABLE,FR
FRAGSS,EH.D.FRAGSS.CASH.IP,Fragbite Group AB,SHARES,N/A,EDITS_ONLY,FR
FRAMERYFH,EB.D.FRAMERYFH.CASH.IP,Framery Group Oyj,SHARES,N/A,EDITS_ONLY,FR
FRGUS,UB.D.FRGUS.CASH.IP,Franchise Group Inc,SHARES,N/A,CLOSED,FR
ALFREFP,EC.D.ALFREFP.CASH.IP,Freelance.com,SHARES,N/A,EDITS_ONLY,FR
FREEMSS,EH.D.FREEMSS.CASH.IP,Freemelt Holding AB,SHARES,N/A,EDITS_ONLY,FR
FREGY,ED.D.FREGY.CASH.IP,Fresenius SE & Co KGaA,SHARES,N/A,EDITS_ONLY,FR
FRSHUS,UB.D.FRSHUS.CASH.IP,Freshworks Inc,SHARES,N/A,TRADEABLE,FR
FBELFP,EC.D.FBELFP.CASH.IP,Fromageries Bel SA,SHARES,N/A,CLOSED,FR
9MDGR,ED.D.9MDGR.CASH.IP,Meituan- Frankfurt,SHARES,N/A,CLOSED,FR
FOAT,IR.D.FOAT.FWS2.IP,OAT French Government Bond (€10),RATES,N/A,TRADEABLE,FR
FOAT,IR.D.FOAT.FWS1.IP,OAT French Government Bond (€10),RATES,N/A,TRADEABLE,FR
FSBWUS,UB.D.FSBWUS.CASH.IP,FS Bancorp Inc,SHARES,N/A,TRADEABLE,FS
FSEULN,KA.D.FSEULN.CASH.IP,iShares Edge MSCI Europe Multifactor UCITS ETF - FSEU,SHARES,N/A,EDITS_ONLY,FS
FSUSLN,KA.D.FSUSLN.CASH.IP,iShares Edge MSCI USA Multifactor UCITS ETF - FSUS,SHARES,N/A,CLOSED,FS
FSWDLN,KA.D.FSWDLN.CASH.IP,iShares Edge MSCI World Multifactor UCITS ETF - FSWD,SHARES,N/A,EDITS_ONLY,FS
FTCIUS,UB.D.FTCIUS.CASH.IP,FTC Solar Inc,SHARES,N/A,TRADEABLE,FT
SUNFUN,IX.D.SUNFUN.CFD.IP,Weekend UK 100 Cash (GBP10),INDICES,N/A,EDITS_ONLY,FT
SUNFUN,IX.D.SUNFUN.IFM.IP,Weekend UK 100 Cash (GBP2),INDICES,N/A,EDITS_ONLY,FT
TAIWAN,IX.D.TAIWAN.IFM.IP,Taiwan Index Cash ($10),INDICES,N/A,TRADEABLE,FT
TAIWAN,IX.D.TAIWAN.IFD.IP,Taiwan Index Cash ($40),INDICES,N/A,TRADEABLE,FT
FTWGLN,KA.D.FTWGLN.CASH.IP,Invesco FTSE All-World UCITS ETF [FTWG],SHARES,N/A,EDITS_ONLY,FT
FIPUS,UB.D.FIPUS.CASH.IP,FTAI Infrastructure LLC,SHARES,N/A,TRADEABLE,FT
XASXLN,KA.D.XASXLN.CASH.IP,FTSE All-Share UCITS ETF (DR),SHARES,N/A,EDITS_ONLY,FT
FTVLN,KC.D.FTVLN.CASH.IP,FTV - Foresight VCT PLC,SHARES,N/A,EDITS_ONLY,FT
FRCHLN,KA.D.FRCHLN.CASH.IP,Franklin FTSE China UCITS ETF,SHARES,N/A,EDITS_ONLY,FT
FRINLN,KA.D.FRINLN.CASH.IP,Franklin FTSE India UCITS ETF,SHARES,N/A,EDITS_ONLY,FT
FLXILN,KA.D.FLXILN.CASH.IP,Franklin FTSE India UCITS ETF (USD),SHARES,N/A,EDITS_ONLY,FT
FLRKLN,KA.D.FLRKLN.CASH.IP,Franklin FTSE Korea UCITS ETF,SHARES,N/A,EDITS_ONLY,FT
HUKXLN,KA.D.HUKXLN.CASH.IP,HSBC FTSE 100 UCITS ETF,SHARES,N/A,EDITS_ONLY,FT
HMCXLN,KA.D.HMCXLN.CASH.IP,HSBC FTSE 250 UCITS ETF,SHARES,N/A,EDITS_ONLY,FT
S100LN,KA.D.S100LN.CASH.IP,Invesco FTSE 100 UCITS ETF,SHARES,N/A,EDITS_ONLY,FT
S250LN,KA.D.S250LN.CASH.IP,Invesco FTSE 250 UCITS ETF,SHARES,N/A,EDITS_ONLY,FT
L100LN,KA.D.L100LN.CASH.IP,Lyxor FTSE 100 UCITS ETF - Acc,SHARES,N/A,EDITS_ONLY,FT
MIBXLN,KA.D.MIBXLN.CASH.IP,Lyxor FTSE MIB UCITS ETF Dist,SHARES,N/A,EDITS_ONLY,FT
L250LN,KA.D.L250LN.CASH.IP,Lyxor UCITS ETF FTSE 250,SHARES,N/A,CLOSED,FT
YXIUS,SI.D.YXIUS.CASH.IP,ProShares Short FTSE China 50,SHARES,N/A,TRADEABLE,FT
XPPUS,SI.D.XPPUS.CASH.IP,ProShares Ultra FTSE China 25,SHARES,N/A,TRADEABLE,FT
VUKGLN,KA.D.VUKGLN.CASH.IP,Vanguard FTSE 100 UCITS ETF,SHARES,N/A,EDITS_ONLY,FT
VUKELN,KA.D.VUKELN.CASH.IP,Vanguard FTSE 100 UCTIS ETF,SHARES,N/A,EDITS_ONLY,FT
VMIDLN,KA.D.VMIDLN.CASH.IP,Vanguard FTSE 250 UCITS ETF,SHARES,N/A,EDITS_ONLY,FT
VMIGLN,KA.D.VMIGLN.CASH.IP,Vanguard FTSE 250 UCITS ETF,SHARES,N/A,EDITS_ONLY,FT
VDJPLN,KA.D.VDJPLN.CASH.IP,Vanguard FTSE Japan UCITS ETF,SHARES,N/A,EDITS_ONLY,FT
HLALUS,UB.D.HLALUS.CASH.IP,Wahed FTSE USA Shariah ETF,SHARES,N/A,TRADEABLE,FT
SUK1LN,KA.D.SUK1LN.CASH.IP,WisdomTree FTSE 100 1x Daily S,SHARES,N/A,EDITS_ONLY,FT
2UKSLN,KA.D.2UKSLN.CASH.IP,WisdomTree FTSE 100 2x Daily S,SHARES,N/A,EDITS_ONLY,FT
3UKLLN,KA.D.3UKLLN.CASH.IP,WisdomTree FTSE 100 3x Daily L,SHARES,N/A,EDITS_ONLY,FT
3UKSLN,KA.D.3UKSLN.CASH.IP,WisdomTree FTSE 100 3x Daily S,SHARES,N/A,EDITS_ONLY,FT
1MCSLN,KA.D.1MCSLN.CASH.IP,WisdomTree FTSE 250 1x Daily S,SHARES,N/A,EDITS_ONLY,FT
2MCLLN,KA.D.2MCLLN.CASH.IP,WisdomTree FTSE 250 2x Daily L,SHARES,N/A,EDITS_ONLY,FT
CUKXLN,KA.D.CUKXLN.CASH.IP,iShares FTSE 100 UCITS ETF (Acc),SHARES,N/A,EDITS_ONLY,FT
MIDD,KA.D.MIDD.CASH.IP,iShares FTSE 250 UCITS ETF,SHARES,N/A,EDITS_ONLY,FT
CMB1LN,KA.D.CMB1LN.CASH.IP,iShares FTSE MIB UCITS ETF Acc,SHARES,N/A,EDITS_ONLY,FT
YANGUS,SI.D.YANGUS.CASH.IP,Direxion Daily FTSE China Bear 3X ETF,SHARES,N/A,TRADEABLE,FT
FPE3GY,ED.D.FPE3GY.CASH.IP,FUCHS SE,SHARES,N/A,EDITS_ONLY,FU
FPEGY,ED.D.FPEGY.CASH.IP,FUCHS SE,SHARES,N/A,EDITS_ONLY,FU
FUGR,EG.D.FUGR.CASH.IP,Fugro NV,SHARES,N/A,EDITS_ONLY,FU
FNKOUS,UB.D.FNKOUS.CASH.IP,Funko Inc,SHARES,N/A,TRADEABLE,FU
FUTR,KA.D.FUTR.CASH.IP,Future PLC,SHARES,N/A,EDITS_ONLY,FU
HCCHUS,UB.D.HCCHUS.CASH.IP,Fusion Fuel Green Plc-A,SHARES,N/A,TRADEABLE,FU
SONCLN,KA.D.SONCLN.CASH.IP,Hipgnosis Songs Fund Ltd/The Fund,SHARES,N/A,CLOSED,FU
BELFBUS,UA.D.BELFBUS.CASH.IP,Bel Fuse Inc,SHARES,N/A,TRADEABLE,FU
FTEKUS,UB.D.FTEKUS.CASH.IP,Fuel Tech Inc,SHARES,N/A,TRADEABLE,FU
ACTDUS,UA.D.ACTDUS.CASH.IP,OPAL Fuels Inc,SHARES,N/A,TRADEABLE,FU
RCGUS,SI.D.RCGUS.CASH.IP,RENN Fund Inc,SHARES,N/A,TRADEABLE,FU
SAGCVFH,EB.D.SAGCVFH.CASH.IP,Saga Furs Oyj,SHARES,N/A,EDITS_ONLY,FU
SCAGUS,UD.D.SCAGUS.CASH.IP,Scage Future,SHARES,N/A,TRADEABLE,FU
BETIM,EF.D.BETIM.CASH.IP,Be Shaping The Future SpA,SHARES,N/A,CLOSED,FU
BMEAUS,UA.D.BMEAUS.CASH.IP,Biomea Fusion Inc,SHARES,N/A,TRADEABLE,FU
FCEL,UB.D.FCEL.CASH.IP,FuelCell Energy Inc (24 Hours),SHARES,N/A,TRADEABLE,FU
FMETLN,KC.D.FMETLN.CASH.IP,Fulcrum Metals PLC,SHARES,N/A,EDITS_ONLY,FU
FULLN,KC.D.FULLN.CASH.IP,Fulham Shore Plc/The,SHARES,N/A,CLOSED,FU
FSTA,KA.D.FSTA.CASH.IP,Fuller Smith & Turner,SHARES,N/A,EDITS_ONLY,FU
FUM,KC.D.FUM.CASH.IP,Futura Medical PLC,SHARES,N/A,EDITS_ONLY,FU
RMP,KA.D.RMP.CASH.IP,Future Metals NL,SHARES,N/A,CLOSED,FU
1733309DU,UD.D.1733309DU.CASH.IP,Taronis Fuels Inc,SHARES,N/A,CLOSED,FU
TCFLN,KC.D.TCFLN.CASH.IP,Terra Catalyst Fund,SHARES,N/A,CLOSED,FU
CORNUS,SI.D.CORNUS.CASH.IP,Teucrium Corn Fund,SHARES,N/A,TRADEABLE,FU
WEATUS,SI.D.WEATUS.CASH.IP,Teucrium Wheat Fund,SHARES,N/A,TRADEABLE,FU
WTRLN,KA.D.WTRLN.CASH.IP,The World Trust Fund,SHARES,N/A,CLOSED,FU
USFLN,KC.D.USFLN.CASH.IP,US Solar Fund PLC,SHARES,N/A,EDITS_ONLY,FU
USFPLN,KC.D.USFPLN.CASH.IP,US Solar Fund PLC,SHARES,N/A,EDITS_ONLY,FU
HTOOWUS,UB.D.HTOOWUS.CASH.IP,Fusion Fuel Green PLC - Warrants,SHARES,N/A,OFFLINE,FU
MGHULN,KC.D.MGHULN.CASH.IP,M&G Investment Funds 2 - Extra Income Fund,SHARES,N/A,CLOSED,FU
WTMFUS,SI.D.WTMFUS.CASH.IP,WisdomTree Managed Futures Strategy Fund,SHARES,N/A,TRADEABLE,FU
SVIXUS,SI.D.SVIXUS.CASH.IP,-1x Short VIX Futures ETF,SHARES,N/A,TRADEABLE,FU
UVIXUS,SI.D.UVIXUS.CASH.IP,2x Long VIX Futures ETF (24 Hours),SHARES,N/A,TRADEABLE,FU
AIFLN,KC.D.AIFLN.CASH.IP,Acorn Income Fund Ltd,SHARES,N/A,CLOSED,FU
IPU,KA.D.IPU.CASH.IP,Artemis UK Future Leaders plc,SHARES,N/A,EDITS_ONLY,FU
AUGMLN,KC.D.AUGMLN.CASH.IP,Augmentum Fintech PLC/Fund,SHARES,N/A,CLOSED,FU
CIFULN,KC.D.CIFULN.CASH.IP,Carador Income Fund PLC,SHARES,N/A,CLOSED,FU
FVUS,UB.D.FVUS.CASH.IP,First Trust Dorsey Wright Focus 5 ETF,SHARES,N/A,TRADEABLE,FV
FXGBLN,KA.D.FXGBLN.CASH.IP,First Trust FactorFX UCITS ETF - FXGB,SHARES,N/A,EDITS_ONLY,FX
RNMGY,ED.D.RNMGY.CASH.IP,Fyber NV,SHARES,N/A,CLOSED,FY
NZDJPY,CS.D.NZDJPY.CFD.IP,NZD/JPY,CURRENCIES,N/A,TRADEABLE,FZ
NZDJPY,CS.D.NZDJPY.MINI.IP,NZD/JPY Mini,CURRENCIES,N/A,TRADEABLE,FZ
LGO,CC.D.LGO.UNC.IP,London Gas Oil,COMMODITIES,N/A,TRADEABLE,GA
LGO,CC.D.LGO.UMP.IP,London Gas Oil (£1 Contract),COMMODITIES,N/A,TRADEABLE,GA
NG,EN.D.NG.FWS1.IP,Natural Gas ($10),COMMODITIES,N/A,TRADEABLE,GA
NG,EN.D.NG.FWS2.IP,Natural Gas ($10),COMMODITIES,N/A,TRADEABLE,GA
NG,EN.D.NG.FWM1.IP,Natural Gas ($2.50),COMMODITIES,N/A,TRADEABLE,GA
NG,EN.D.NG.FWM2.IP,Natural Gas ($2.50),COMMODITIES,N/A,TRADEABLE,GA
GAIAUS,UB.D.GAIAUS.CASH.IP,Gaia Inc,SHARES,N/A,TRADEABLE,GA
GRMN,UB.D.GRMN.CASH.IP,Garmin Ltd (24 Hours),SHARES,N/A,TRADEABLE,GA
GAMFP,EC.D.GAMFP.CASH.IP,Gaumont SA,SHARES,N/A,EDITS_ONLY,GA
ALGAUFP,EC.D.ALGAUFP.CASH.IP,Gaussin SA,SHARES,N/A,CLOSED,GA
GAUZUS,UB.D.GAUZUS.CASH.IP,Gauzy Ltd,SHARES,N/A,TRADEABLE,GA
GAIDLI,PK.D.GAIDLI.CASH.IP,GAIL India Ltd,SHARES,N/A,EDITS_ONLY,GA
GANUS,UB.D.GANUS.CASH.IP,GAN Limited,SHARES,N/A,CLOSED,GA
GAPWSS,EH.D.GAPWSS.CASH.IP,Gapwaves AB,SHARES,N/A,EDITS_ONLY,GA
GTLYLN,KC.D.GTLYLN.CASH.IP,Gateley LLP,SHARES,N/A,EDITS_ONLY,GA
MTEC,KA.D.MTEC.CASH.IP,Gattaca PLC,SHARES,N/A,EDITS_ONLY,GA
GXAIUS,UB.D.GXAIUS.CASH.IP,Gaxos.ai Inc,SHARES,N/A,TRADEABLE,GA
INDI,KA.D.INDI.CASH.IP,Indus Gas Ltd,SHARES,N/A,CLOSED,GA
JKX,KC.D.JKX.CASH.IP,JKX Oil & Gas PLC,SHARES,N/A,CLOSED,GA
NXTGMSFH,EB.D.NXTGMSFH.CASH.IP,Next Games Oy,SHARES,N/A,CLOSED,GA
QIIWISS,EH.D.QIIWISS.CASH.IP,Qiiwi Games AB,SHARES,N/A,EDITS_ONLY,GA
LGO,EN.D.LGO.FWS3.IP,London Gas Oil ($100),COMMODITIES,N/A,TRADEABLE,GA
LGO,EN.D.LGO.FWS2.IP,London Gas Oil ($100),COMMODITIES,N/A,TRADEABLE,GA
LGO,EN.D.LGO.FWS1.IP,London Gas Oil ($100),COMMODITIES,N/A,TRADEABLE,GA
LGO,EN.D.LGO.FWM3.IP,London Gas Oil ($50),COMMODITIES,N/A,TRADEABLE,GA
NG,CC.D.NG.UNC.IP,Natural Gas ($10),COMMODITIES,N/A,TRADEABLE,GA
NG,CC.D.NG.UMP.IP,Natural Gas (£1),COMMODITIES,N/A,TRADEABLE,GA
RB,CC.D.RB.UNC.IP,No Lead Gasoline ($4.20),COMMODITIES,N/A,TRADEABLE,GA
RB,CC.D.RB.UMP.IP,No Lead Gasoline (£1),COMMODITIES,N/A,TRADEABLE,GA
ANGLSS,EH.D.ANGLSS.CASH.IP,Angler Gaming PLC,SHARES,N/A,CLOSED,GA
CAZALN,KC.D.CAZALN.CASH.IP,Caza Oil & Gas Inc,SHARES,N/A,CLOSED,GA
CRSRUS,UA.D.CRSRUS.CASH.IP,Corsair Gaming Inc,SHARES,N/A,TRADEABLE,GA
ENOGLN,KA.D.ENOGLN.CASH.IP,Energean Oil & Gas PLC,SHARES,N/A,EDITS_ONLY,GA
GALLN,KC.D.GALLN.CASH.IP,Galantas Gold Corp,SHARES,N/A,EDITS_ONLY,GA
GFRD,KA.D.GFRD.CASH.IP,Galliford Try PLC,SHARES,N/A,EDITS_ONLY,GA
GALPPL,PO.D.GALPPL.CASH.IP,Galp Energia SGPS SA,SHARES,N/A,EDITS_ONLY,GA
JPJLN,KA.D.JPJLN.CASH.IP,Gamesys Group PLC,SHARES,N/A,CLOSED,GA
GCORSS,EH.D.GCORSS.CASH.IP,Gaming Corps AB,SHARES,N/A,EDITS_ONLY,GA
PDXLN,KA.D.PDXLN.CASH.IP,Gaming Realms PLC,SHARES,N/A,EDITS_ONLY,GA
MOSLN,KC.D.MOSLN.CASH.IP,Gana Media Group plc,SHARES,N/A,EDITS_ONLY,GA
GBPSGD,CS.D.GBPSGD.MINI.IP,GBP/SGD Mini,CURRENCIES,N/A,TRADEABLE,GB
GBPSGD,CS.D.GBPSGD.CFD.IP,GBP/SGD,CURRENCIES,N/A,TRADEABLE,GB
GBPNOK,CS.D.GBPNOK.MINI.IP,GBP/NOK Mini,CURRENCIES,N/A,TRADEABLE,GB
GBPNZD,CS.D.GBPNZD.MINI.IP,GBP/NZD Mini,CURRENCIES,N/A,TRADEABLE,GB
GBPSEK,CS.D.GBPSEK.MINI.IP,GBP/SEK Mini,CURRENCIES,N/A,TRADEABLE,GB
GBPNOK,CS.D.GBPNOK.CFD.IP,GBP/NOK,CURRENCIES,N/A,TRADEABLE,GB
GBPNZD,CS.D.GBPNZD.CFD.IP,GBP/NZD,CURRENCIES,N/A,TRADEABLE,GB
GBPSEK,CS.D.GBPSEK.CFD.IP,GBP/SEK,CURRENCIES,N/A,TRADEABLE,GB
NZDGBP,CS.D.NZDGBP.CFD.IP,NZD/GBP,CURRENCIES,N/A,TRADEABLE,GB
NZDGBP,CS.D.NZDGBP.MINI.IP,NZD/GBP Mini,CURRENCIES,N/A,TRADEABLE,GB
GBPZAR,CS.D.GBPZAR.CFD.IP,GBP/ZAR,CURRENCIES,N/A,TRADEABLE,GB
GBPZAR,CS.D.GBPZAR.MINI.IP,GBP/ZAR Mini,CURRENCIES,N/A,TRADEABLE,GB
GBPMXN,CS.D.GBPMXN.CFD.IP,GBP/MXN,CURRENCIES,N/A,TRADEABLE,GB
GBPILS,CS.D.GBPILS.MINI.IP,GBP/ILS Mini,CURRENCIES,N/A,TRADEABLE,GB
GBPMXN,CS.D.GBPMXN.MINI.IP,GBP/MXN Mini,CURRENCIES,N/A,TRADEABLE,GB
GBPPLN,CS.D.GBPPLN.MINI.IP,GBP/PLN Mini,CURRENCIES,N/A,TRADEABLE,GB
GBPTRY,CS.D.GBPTRY.CFD.IP,GBP/TRY,CURRENCIES,N/A,TRADEABLE,GB
GBPTRY,CS.D.GBPTRY.MINI.IP,GBP/TRY Mini,CURRENCIES,N/A,TRADEABLE,GB
GBPILS,CS.D.GBPILS.CFD.IP,GBP/ILS,CURRENCIES,N/A,TRADEABLE,GB
GBPPLN,CS.D.GBPPLN.CFD.IP,GBP/PLN,CURRENCIES,N/A,TRADEABLE,GB
GBG,KA.D.GBG.CASH.IP,GB Group PLC,SHARES,N/A,EDITS_ONLY,GB
GBPUSD,CS.D.GBPUSD.MINI.IP,GBP/USD Mini,CURRENCIES,N/A,TRADEABLE,GB
INW1GY,ED.D.INW1GY.CASH.IP,GBS Software AG,SHARES,N/A,CLOSED,GB
BULPLN,KA.D.BULPLN.CASH.IP,WisdomTree Gold -GBp,SHARES,N/A,EDITS_ONLY,GB
PPMTLN,KA.D.PPMTLN.CASH.IP,ETFS GBP Daily Hedge Pre Met,SHARES,N/A,CLOSED,GB
LGBPLN,KA.D.LGBPLN.CASH.IP,ETFS Long GBP Short USD - LGBP,SHARES,N/A,EDITS_ONLY,GB
GLIBAUS,UB.D.GLIBAUS.CASH.IP,GCI Liberty Inc,SHARES,N/A,TRADEABLE,GC
GLIBKUS,UB.D.GLIBKUS.CASH.IP,GCI Liberty Inc (Series C),SHARES,N/A,TRADEABLE,GC
CFFAUS,UA.D.CFFAUS.CASH.IP,GCM Grosvenor Inc,SHARES,N/A,TRADEABLE,GC
GCMLN,KC.D.GCMLN.CASH.IP,GCM Resources PLC,SHARES,N/A,EDITS_ONLY,GC
GCLUS,UB.D.GCLUS.CASH.IP,GCL Global Holdings Ltd,SHARES,N/A,TRADEABLE,GC
DIGSLN,KC.D.DIGSLN.CASH.IP,GCP Student Living PLC,SHARES,N/A,CLOSED,GC
GABILN,KA.D.GABILN.CASH.IP,GCP Asset Backed Income Fund Limited,SHARES,N/A,EDITS_ONLY,GC
GABCLN,KA.D.GABCLN.CASH.IP,GCP Asset Backed Income Fund Limited - C,SHARES,N/A,CLOSED,GC
GCPLN,KA.D.GCPLN.CASH.IP,GCP Infrastructure Investments Ltd,SHARES,N/A,EDITS_ONLY,GC
XGLFLN,KA.D.XGLFLN.CASH.IP,Xtrackers MSCI GCC Select Swap UCITS ETF,SHARES,N/A,EDITS_ONLY,GC
MHPCLI,PK.D.MHPCLI.CASH.IP,MHP SA - GDR,SHARES,N/A,EDITS_ONLY,GD
TMKSLI,PK.D.TMKSLI.CASH.IP,TMK OAO - GDR,SHARES,N/A,CLOSED,GD
KCELLI,PK.D.KCELLI.CASH.IP,KCell JSC - GDR,SHARES,N/A,CLOSED,GD
TLKOD,PK.D.TLKOD.CASH.IP,Lukoil OAO - GDR,SHARES,N/A,CLOSED,GD
LUKGY,ED.D.LUKGY.CASH.IP,Lukoil OAO - GDR (DE),SHARES,N/A,CLOSED,GD
TGAZ,PK.D.TGAZ.CASH.IP,Gazprom Neft OAO - GDR,SHARES,N/A,CLOSED,GD
TOGZD,PK.D.TOGZD.CASH.IP,Gazprom OAO - GDR,SHARES,N/A,CLOSED,GD
MGNT,PK.D.MGNT.CASH.IP,Magnit OJSC - GDR,SHARES,N/A,CLOSED,GD
TNVTK,PK.D.TNVTK.CASH.IP,NovaTek OAO - GDR,SHARES,N/A,CLOSED,GD
PHORLI,PK.D.PHORLI.CASH.IP,Phosagro OAO - GDR,SHARES,N/A,SUSPENDED,GD
TROSN,PK.D.TROSN.CASH.IP,Rosneft OAO - GDR,SHARES,N/A,CLOSED,GD
TRKMD,PK.D.TRKMD.CASH.IP,Rostelecom OJSC - GDR,SHARES,N/A,SUSPENDED,GD
HYDRLI,PK.D.HYDRLI.CASH.IP,RusHydro JSC - GDR,SHARES,N/A,CLOSED,GD
SBERLI,PK.D.SBERLI.CASH.IP,Sberbank of Russia - GDR,SHARES,N/A,CLOSED,GD
SVST,PK.D.SVST.CASH.IP,Severstal OAO - GDR,SHARES,N/A,CLOSED,GD
TSSA,PK.D.TSSA.CASH.IP,Sistema JSFC - GDR,SHARES,N/A,CLOSED,GD
SBIDLI,PK.D.SBIDLI.CASH.IP,State Bank of India - GDR,SHARES,N/A,EDITS_ONLY,GD
TTSTLI,PK.D.TTSTLI.CASH.IP,Tata Steel Ltd - GDR,SHARES,N/A,EDITS_ONLY,GD
TATAD,PK.D.TATAD.CASH.IP,Tatneft OAO - GDR,SHARES,N/A,SUSPENDED,GD
TVTBRLI,PK.D.TVTBRLI.CASH.IP,VTB Bank OJSC - GDR,SHARES,N/A,CLOSED,GD
GDSUS,UB.D.GDSUS.CASH.IP,GDS Holdings Limited,SHARES,N/A,TRADEABLE,GD
TMNOD,PK.D.TMNOD.CASH.IP,MMC Norilsk Nickel OJSC - GDR,SHARES,N/A,CLOSED,GD
MHID,PK.D.MHID.CASH.IP,Mahindra & Mahindra Ltd - GDR,SHARES,N/A,EDITS_ONLY,GD
NLMK,PK.D.NLMK.CASH.IP,Novolipetsk Steel OJSC - GDR,SHARES,N/A,CLOSED,GD
RIGDLI,PK.D.RIGDLI.CASH.IP,Reliance Industries Ltd - GDR,SHARES,N/A,EDITS_ONLY,GD
AVGRLI,PK.D.AVGRLI.CASH.IP,Avangardco Investments Public Ltd - GDR,SHARES,N/A,CLOSED,GD
GLTRLI,PK.D.GLTRLI.CASH.IP,Globaltrans Investment PLC - GDR,SHARES,N/A,CLOSED,GD
HSBKLI,PK.D.HSBKLI.CASH.IP,Halyk Savings Bank of Kazakhstan JSC - GDR,SHARES,N/A,EDITS_ONLY,GD
HMSGLI,PK.D.HMSGLI.CASH.IP,Hydraulic Machines and Systems Group PLC - GDR,SHARES,N/A,SUSPENDED,GD
KMGLI,PK.D.KMGLI.CASH.IP,KazMunaiGas Exploration Production JSC - GDR,SHARES,N/A,CLOSED,GD
MMKLI,PK.D.MMKLI.CASH.IP,Magnitogorsk Iron & Steel Works - GDR,SHARES,N/A,CLOSED,GD
TSMSN,PK.D.TSMSN.CASH.IP,Samsung Electronics Co Ltd - GDR,SHARES,N/A,EDITS_ONLY,GD
CSRULN,KA.D.CSRULN.CASH.IP,iShares MSCI Russia ADR GDR UCITS ETF,SHARES,N/A,CLOSED,GD
CRU1LN,KA.D.CRU1LN.CASH.IP,iShares MSCI Russia ADR GDR UCITS ETF  -CRU1,SHARES,N/A,CLOSED,GD
GASI,EF.D.GASI.CASH.IP,GENERALI,SHARES,N/A,EDITS_ONLY,GE
GENDC,EP.D.GENDC.CASH.IP,Genmab AS,SHARES,N/A,EDITS_ONLY,GE
GMABUS,UB.D.GMABUS.CASH.IP,Genmab AS,SHARES,N/A,TRADEABLE,GE
SUNDAX,IX.D.SUNDAX.IFS.IP,Weekend Germany 40 Cash (GBP1),INDICES,N/A,EDITS_ONLY,GE
GNIPLN,KC.D.GNIPLN.CASH.IP,GENIP PLC,SHARES,N/A,EDITS_ONLY,GE
GNROFP,EC.D.GNROFP.CASH.IP,GeNeuro SA,SHARES,N/A,CLOSED,GE
GEIM,EF.D.GEIM.CASH.IP,Gefran SpA,SHARES,N/A,EDITS_ONLY,GE
GELNLN,KC.D.GELNLN.CASH.IP,Gelion PLC,SHARES,N/A,EDITS_ONLY,GE
GEMIUS,UB.D.GEMIUS.CASH.IP,Gemini Inc (24 Hours),SHARES,N/A,TRADEABLE,GE
GENXFP,EC.D.GENXFP.CASH.IP,Generix SA,SHARES,N/A,CLOSED,GE
ALGFTFP,EC.D.ALGFTFP.CASH.IP,Genfit SA,SHARES,N/A,EDITS_ONLY,GE
GNFTUS,UB.D.GNFTUS.CASH.IP,Genfit SA,SHARES,N/A,CLOSED,GE
GENOSS,EH.D.GENOSS.CASH.IP,Genovis AB,SHARES,N/A,EDITS_ONLY,GE
GNS,KA.D.GNS.CASH.IP,Genus PLC,SHARES,N/A,EDITS_ONLY,GE
GEOIM,EF.D.GEOIM.CASH.IP,Geox SpA,SHARES,N/A,EDITS_ONLY,GE
MDAX,TM.D.MDAX.IFM.IP,Germany Mid-Cap 50 Cash (€1),INDICES,N/A,TRADEABLE,GE
TECDAX,TM.D.TECDAX.IFD.IP,Germany Tech 30 Cash,INDICES,N/A,OFFLINE,GE
GERN,UB.D.GERN.CASH.IP,Geron Corp,SHARES,N/A,TRADEABLE,GE
GSCGY,ED.D.GSCGY.CASH.IP,Gesco AG,SHARES,N/A,EDITS_ONLY,GE
GETIB,EH.D.GETIB.CASH.IP,Getinge AB,SHARES,N/A,EDITS_ONLY,GE
GEVOUS,UB.D.GEVOUS.CASH.IP,Gevo Inc,SHARES,N/A,TRADEABLE,GE
GLEFP,EC.D.GLEFP.CASH.IP,Societe Generale SA,SHARES,N/A,EDITS_ONLY,GE
GENILN,KC.D.GENILN.CASH.IP,GENinCode PLC,SHARES,N/A,EDITS_ONLY,GE
GENVRUS,UB.D.GENVRUS.CASH.IP,Gen Digital Inc [GENVR],SHARES,N/A,TRADEABLE,GE
6Z1GY,ED.D.6Z1GY.CASH.IP,Airbnb Inc - Ger,SHARES,N/A,EDITS_ONLY,GE
CAPFP,EC.D.CAPFP.CASH.IP,Cap Gemini SA,SHARES,N/A,EDITS_ONLY,GE
G1A,ED.D.G1A.CASH.IP,GEA Group AG,SHARES,N/A,EDITS_ONLY,GE
GEMLN,KA.D.GEMLN.CASH.IP,Gemfields PLC,SHARES,N/A,EDITS_ONLY,GE
EHPLN,KC.D.EHPLN.CASH.IP,Genedrive PLC,SHARES,N/A,EDITS_ONLY,GE
GNLXUS,UB.D.GNLXUS.CASH.IP,Genelux Corp,SHARES,N/A,TRADEABLE,GE
GKTXFP,EC.D.GKTXFP.CASH.IP,Genkyotex SA,SHARES,N/A,CLOSED,GE
GNPXUS,UB.D.GNPXUS.CASH.IP,Genprex Inc,SHARES,N/A,TRADEABLE,GE
GNTX,UB.D.GNTX.CASH.IP,Gentex Corp,SHARES,N/A,TRADEABLE,GE
THRMUS,UD.D.THRMUS.CASH.IP,Gentherm Inc,SHARES,N/A,TRADEABLE,GE
GETBLN,KC.D.GETBLN.CASH.IP,GetBusy PLC,SHARES,N/A,EDITS_ONLY,GE
GETFP,EC.D.GETFP.CASH.IP,Getlink S.E.,SHARES,N/A,EDITS_ONLY,GE
TXGUS,UD.D.TXGUS.CASH.IP,10x Genomics Inc,SHARES,N/A,TRADEABLE,GE
AGFB,EA.D.AGFB.CASH.IP,AGFA-Gevaert NV,SHARES,N/A,EDITS_ONLY,GE
ABEAGY,ED.D.ABEAGY.CASH.IP,Alphabet Inc - Ger,SHARES,N/A,EDITS_ONLY,GE
BGNIM,EF.D.BGNIM.CASH.IP,Banca Generali SpA,SHARES,N/A,EDITS_ONLY,GE
GFINLN,KC.D.GFINLN.CASH.IP,Gfinity plc,SHARES,N/A,EDITS_ONLY,GF
GFTGY,ED.D.GFTGY.CASH.IP,GFT Technologies AG,SHARES,N/A,EDITS_ONLY,GF
EMG,KA.D.EMG.CASH.IP,Man Group PLC,SHARES,N/A,EDITS_ONLY,GG
GKP,KA.D.GKP.CASH.IP,Gulf Keystone Petroleum Ltd,SHARES,N/A,EDITS_ONLY,GG
GHUS,UB.D.GHUS.CASH.IP,Guardant Health Inc,SHARES,N/A,TRADEABLE,GH
GHRSUS,UB.D.GHRSUS.CASH.IP,GH Research PLC,SHARES,N/A,TRADEABLE,GH
GHPSS,EH.D.GHPSS.CASH.IP,GHP Specialty Care AB (publ),SHARES,N/A,CLOSED,GH
GIMBBB,EA.D.GIMBBB.CASH.IP,Gimv NV,SHARES,N/A,EDITS_ONLY,GI
AQUGY,ED.D.AQUGY.CASH.IP,Gigaset AG,SHARES,N/A,CLOSED,GI
ASABSS,EH.D.ASABSS.CASH.IP,Gigasun AB,SHARES,N/A,EDITS_ONLY,GI
GTLBUS,UB.D.GTLBUS.CASH.IP,GitLab Inc,SHARES,N/A,TRADEABLE,GI
GIGM,UB.D.GIGM.CASH.IP,GigaMedia Ltd,SHARES,N/A,TRADEABLE,GI
WSELN,KC.D.WSELN.CASH.IP,GI Group Poland SA,SHARES,N/A,CLOSED,GI
GIGSDBSS,EH.D.GIGSDBSS.CASH.IP,GiG Software PLC,SHARES,N/A,EDITS_ONLY,GI
GIGGUUS,UB.D.GIGGUUS.CASH.IP,GigCapital4 Inc (Unit),SHARES,N/A,CLOSED,GI
GILD,UB.D.GILD.CASH.IP,Gilead Sciences Inc (24 Hours),SHARES,N/A,TRADEABLE,GI
HGSHUS,UB.D.HGSHUS.CASH.IP,Green Giant Inc,SHARES,N/A,OFFLINE,GI
WPC,KA.D.WPC.CASH.IP,Baillie Gifford China Growth,SHARES,N/A,EDITS_ONLY,GI
ROCKUS,UC.D.ROCKUS.CASH.IP,Gibraltar Industries Inc,SHARES,N/A,TRADEABLE,GI
GCTUS,UB.D.GCTUS.CASH.IP,GigaCloud Technology Inc,SHARES,N/A,TRADEABLE,GI
SRNGUS,UD.D.SRNGUS.CASH.IP,Ginkgo Bioworks Holdings Inc,SHARES,N/A,TRADEABLE,GI
GLTALN,KA.D.GLTALN.CASH.IP,Invesco UK Gilts UCITS ETF - Acc,SHARES,N/A,EDITS_ONLY,GI
MOTSUS,UC.D.MOTSUS.CASH.IP,Motus GI Holdings Inc,SHARES,N/A,OFFLINE,GI
SGI,KC.D.SGI.CASH.IP,Stanley Gibbons Group PLC,SHARES,N/A,CLOSED,GI
VGOVLN,KA.D.VGOVLN.CASH.IP,Vanguard U.K. Gilt UCITS ETF,SHARES,N/A,EDITS_ONLY,GI
3GILLN,KA.D.3GILLN.CASH.IP,WisdomTree Gilts 10Y 3x Daily,SHARES,N/A,EDITS_ONLY,GI
FCU,KA.D.FCU.CASH.IP,Baillie Gifford European Growth Trust PLC,SHARES,N/A,EDITS_ONLY,GI
BGFD,KA.D.BGFD.CASH.IP,Baillie Gifford Japan Trust PLC,SHARES,N/A,EDITS_ONLY,GI
BGS,KA.D.BGS.CASH.IP,Baillie Gifford Shin Nippon PLC,SHARES,N/A,EDITS_ONLY,GI
SDU,KA.D.SDU.CASH.IP,Baillie Gifford UK Growth Fund PLC,SHARES,N/A,EDITS_ONLY,GI
USALN,KA.D.USALN.CASH.IP,Baillie Gifford US Growth Trust PLC,SHARES,N/A,EDITS_ONLY,GI
GILTUS,UB.D.GILTUS.CASH.IP,Gilat Satellite Networks Limited,SHARES,N/A,TRADEABLE,GI
SKYPLN,KA.D.SKYPLN.CASH.IP,HAN-GINS Cloud Technology UCITS ETF - GBP,SHARES,N/A,CLOSED,GI
SKYYLN,KA.D.SKYYLN.CASH.IP,HAN-GINS Cloud Technology UCITS ETF - USD,SHARES,N/A,CLOSED,GI
WELPLN,KA.D.WELPLN.CASH.IP,Han-Gins Healthcare Innovation Ucits ETF,SHARES,N/A,EDITS_ONLY,GI
WELLLN,KA.D.WELLLN.CASH.IP,Han-Gins Healthcare Innovation Ucits ETF,SHARES,N/A,EDITS_ONLY,GI
GLT5LN,KA.D.GLT5LN.CASH.IP,Invesco UK Gilt 1-5 Year UCITS ETF,SHARES,N/A,EDITS_ONLY,GI
GLTPLN,KA.D.GLTPLN.CASH.IP,Invesco UK Gilts UCITS ETF - Dist,SHARES,N/A,EDITS_ONLY,GI
GIL5LN,KA.D.GIL5LN.CASH.IP,Lyxor FTSE Actuaries UK Gilts 0-5Y (DR) UCITS ETF,SHARES,N/A,EDITS_ONLY,GI
GLTSLN,KA.D.GLTSLN.CASH.IP,SPDR Bloomberg 1-5 Year Gilt UCITS ETF,SHARES,N/A,EDITS_ONLY,GI
GLTLLN,KA.D.GLTLLN.CASH.IP,SPDR Bloomberg 15+ Year Gilt UCITS ETF,SHARES,N/A,EDITS_ONLY,GI
GLTYLN,KA.D.GLTYLN.CASH.IP,SPDR Bloomberg UK Gilt UCITS ETF,SHARES,N/A,EDITS_ONLY,GI
VGVALN,KA.D.VGVALN.CASH.IP,Vanguard U.K. Gilt UCITS ETF Class GBP ACC,SHARES,N/A,EDITS_ONLY,GI
3GISLN,KA.D.3GISLN.CASH.IP,WisdomTree Gilts 10Y 3x Daily Short,SHARES,N/A,EDITS_ONLY,GI
IGLT,KA.D.IGLT.CASH.IP,iShares Core UK Gilts UCITS ETF,SHARES,N/A,EDITS_ONLY,GI
INXG,KA.D.INXG.CASH.IP,iShares GBP Index-Linked Gilts UCITS ETF,SHARES,N/A,EDITS_ONLY,GI
IGLSLN,KA.D.IGLSLN.CASH.IP,iShares UK Gilts 0-5yr UCITS ETF,SHARES,N/A,EDITS_ONLY,GI
IGL5LN,KA.D.IGL5LN.CASH.IP,iShares UK Gilts 0-5yr UCITS ETF (IGL5),SHARES,N/A,EDITS_ONLY,GI
ITEPLN,KA.D.ITEPLN.CASH.IP,HAN-GINS Innovative Technologies UCITS ETF - GBP,SHARES,N/A,EDITS_ONLY,GI
ITEKLN,KA.D.ITEKLN.CASH.IP,HAN-GINS Innovative Technologies UCITS ETF - USD,SHARES,N/A,EDITS_ONLY,GI
GKUS,SI.D.GKUS.CASH.IP,AdvisorShares Gerber Kawasaki ETF,SHARES,N/A,OFFLINE,GK
GKSGY,ED.D.GKSGY.CASH.IP,GK Software SE,SHARES,N/A,CLOSED,GK
BEEMUS,UA.D.BEEMUS.CASH.IP,Beam Global,SHARES,N/A,TRADEABLE,GL
GLBLN,KA.D.GLBLN.CASH.IP,Glanbia PLC,SHARES,N/A,EDITS_ONLY,GL
GLEN,KA.D.GLEN.CASH.IP,Glencore PLC (LSE),SHARES,N/A,EDITS_ONLY,GL
GLE,KA.D.GLE.CASH.IP,MJ Gleeson PLC,SHARES,N/A,EDITS_ONLY,GL
VCIGUS,UD.D.VCIGUS.CASH.IP,VCI Global Ltd,SHARES,N/A,TRADEABLE,GL
VNVSS,EH.D.VNVSS.CASH.IP,VNV Global AB (publ),SHARES,N/A,EDITS_ONLY,GL
SAFXUS,UD.D.SAFXUS.CASH.IP,XCF Global Inc,SHARES,N/A,TRADEABLE,GL
JCOM,UB.D.JCOM.CASH.IP,j2 Global Inc,SHARES,N/A,TRADEABLE,GL
GLBLUS,UB.D.GLBLUS.CASH.IP,"ALTI Global, Inc",SHARES,N/A,TRADEABLE,GL
ASPIRESS,EH.D.ASPIRESS.CASH.IP,Aspire Global PLC,SHARES,N/A,CLOSED,GL
TMN,KC.D.TMN.CASH.IP,GLOBALDATA PLC,SHARES,N/A,EDITS_ONLY,GL
GBCIUS,UB.D.GBCIUS.CASH.IP,Glacier Bancorp Inc,SHARES,N/A,TRADEABLE,GL
GLA1VFH,EB.D.GLA1VFH.CASH.IP,Glaston Oyj Abp,SHARES,N/A,EDITS_ONLY,GL
GLNSJ,AR.D.GLNSJ.CASH.IP,Glencore PLC - JSE,SHARES,N/A,EDITS_ONLY,GL
HGASUS,UB.D.HGASUS.CASH.IP,Global Gas Corp,SHARES,N/A,OFFLINE,GL
GMMUS,UB.D.GMMUS.CASH.IP,Global Mofy AI Ltd,SHARES,N/A,TRADEABLE,GL
GSOL,UB.D.GSOL.CASH.IP,Global Sources Ltd,SHARES,N/A,CLOSED,GL
GLBSUS,UB.D.GLBSUS.CASH.IP,Globus Maritime Ltd,SHARES,N/A,TRADEABLE,GL
GCTKUS,UB.D.GCTKUS.CASH.IP,GlucoTrack Inc,SHARES,N/A,TRADEABLE,GL
HSD,KA.D.HSD.CASH.IP,Hansard Global PLC,SHARES,N/A,EDITS_ONLY,GL
HGBLUS,UB.D.HGBLUS.CASH.IP,Heritage Global Inc,SHARES,N/A,TRADEABLE,GL
WNG,KC.D.WNG.CASH.IP,Kazera Global PLC,SHARES,N/A,EDITS_ONLY,GL
LILABUS,UB.D.LILABUS.CASH.IP,Liberty Global PLC,SHARES,N/A,OFFLINE,GL
LBTYKLN,KA.D.LBTYKLN.CASH.IP,Liberty Global PLC (LSE),SHARES,N/A,CLOSED,GL
LBTYALN,KA.D.LBTYALN.CASH.IP,Liberty Global PLC (LSE),SHARES,N/A,CLOSED,GL
LBTYA,UB.D.LBTYA.CASH.IP,Liberty Global PLC - A,SHARES,N/A,TRADEABLE,GL
LBTYK,UB.D.LBTYK.CASH.IP,Liberty Global PLC - C,SHARES,N/A,TRADEABLE,GL
MBLYUS,UC.D.MBLYUS.CASH.IP,Mobileye Global Inc,SHARES,N/A,TRADEABLE,GL
FTOCUS,UB.D.FTOCUS.CASH.IP,Payoneer Global Inc,SHARES,N/A,TRADEABLE,GL
RELYUS,UC.D.RELYUS.CASH.IP,Remitly Global Inc,SHARES,N/A,TRADEABLE,GL
RVRGLN,KC.D.RVRGLN.CASH.IP,River Global PLC (Class A),SHARES,N/A,EDITS_ONLY,GL
RVRBLN,KC.D.RVRBLN.CASH.IP,River Global PLC (Class B),SHARES,N/A,EDITS_ONLY,GL
QTZPZ,KC.D.QTZPZ.CASH.IP,Tap Global Group Plc,SHARES,N/A,EDITS_ONLY,GL
VRARUS,UD.D.VRARUS.CASH.IP,The Glimpse Group Inc,SHARES,N/A,OFFLINE,GL
TGLUS,UD.D.TGLUS.CASH.IP,Treasure Global Inc,SHARES,N/A,TRADEABLE,GL
VHUBUS,UD.D.VHUBUS.CASH.IP,VenHub Global Inc,SHARES,N/A,TRADEABLE,GL
INXLN,KA.D.INXLN.CASH.IP,i-nexus Global PLC,SHARES,N/A,CLOSED,GL
LILMUS,UB.D.LILMUS.CASH.IP,Lilium GmbH,SHARES,N/A,OFFLINE,GM
FTELUS,UB.D.FTELUS.CASH.IP,GMEX Robotics Corp,SHARES,N/A,OFFLINE,GM
HLEGY,ED.D.HLEGY.CASH.IP,HELLA GmbH & Co. KGaA,SHARES,N/A,EDITS_ONLY,GM
MLHKFP,EC.D.MLHKFP.CASH.IP,Heckler & Koch GmbH,SHARES,N/A,CLOSED,GM
PGNGY,ED.D.PGNGY.CASH.IP,paragon GmbH & Co. KGaA,SHARES,N/A,EDITS_ONLY,GM
BVBGY,ED.D.BVBGY.CASH.IP,Borussia Dortmund GmbH & Co KGaA,SHARES,N/A,EDITS_ONLY,GM
HPBKGY,ED.D.HPBKGY.CASH.IP,Heliad Equity Partners GmbH & Co. KGaA,SHARES,N/A,CLOSED,GM
GSJGY,ED.D.GSJGY.CASH.IP,SGT German Private Equity GmbH & Co. KGaA,SHARES,N/A,CLOSED,GM
GN,EP.D.GN.CASH.IP,GN Store Nord AS,SHARES,N/A,EDITS_ONLY,GN
GOUS,UB.D.GOUS.CASH.IP,Grocery Outlet Holding Corporation,SHARES,N/A,TRADEABLE,GO
CFPGOLD,CS.D.CFPGOLD.CFP.IP,Spot Gold (£1 Contract),CURRENCIES,N/A,TRADEABLE,GO
GPROUS,UB.D.GPROUS.CASH.IP,GoPro Inc (24 Hours),SHARES,N/A,TRADEABLE,GO
GOFOREFH,EB.D.GOFOREFH.CASH.IP,Gofore Oyj,SHARES,N/A,EDITS_ONLY,GO
GOGOUS,UB.D.GOGOUS.CASH.IP,Gogo Inc,SHARES,N/A,TRADEABLE,GO
GGRUS,UB.D.GGRUS.CASH.IP,Gogoro Inc,SHARES,N/A,TRADEABLE,GO
GOCOUS,UB.D.GOCOUS.CASH.IP,GoHealth Inc,SHARES,N/A,TRADEABLE,GO
GLNG,UB.D.GLNG.CASH.IP,Golar LNG Ltd (US),SHARES,N/A,TRADEABLE,GO
AMRKUS,UA.D.AMRKUS.CASH.IP,Gold.com Inc,SHARES,N/A,TRADEABLE,GO
GDP,KC.D.GDP.CASH.IP,Goldplat PLC,SHARES,N/A,EDITS_ONLY,GO
GDWN,KA.D.GDWN.CASH.IP,Goodwin PLC,SHARES,N/A,EDITS_ONLY,GO
PPHPLN,KC.D.PPHPLN.CASH.IP,IMARA GOLD PLC,SHARES,N/A,CLOSED,GO
OXS,KA.D.OXS.CASH.IP,Oxus Gold PLC,SHARES,N/A,CLOSED,GO
02PGY,ED.D.02PGY.CASH.IP,Pearl Gold AG,SHARES,N/A,CLOSED,GO
RGLD,UC.D.RGLD.CASH.IP,Royal Gold Inc,SHARES,N/A,TRADEABLE,GO
GOOGL,UB.D.GOOGL.CASH.IP,Alphabet Inc - A (24 Hours),SHARES,N/A,TRADEABLE,GO
GOOGUS,UB.D.GOOGUS.CASH.IP,Alphabet Inc - C (24 Hours),SHARES,N/A,TRADEABLE,GO
CONDOR,KC.D.CONDOR.CASH.IP,Condor Gold PLC,SHARES,N/A,CLOSED,GO
CORALN,KC.D.CORALN.CASH.IP,Cora Gold Limited,SHARES,N/A,EDITS_ONLY,GO
GGROWUS,UB.D.GGROWUS.CASH.IP,Gogoro Inc - Warrants,SHARES,N/A,TRADEABLE,GO
GFISJ,AR.D.GFISJ.CASH.IP,Gold Fields Ltd,SHARES,N/A,EDITS_ONLY,GO
GOMXSS,EH.D.GOMXSS.CASH.IP,GomSpace Group AB,SHARES,N/A,EDITS_ONLY,GO
BTCXSS,EH.D.BTCXSS.CASH.IP,Goobit Group AB,SHARES,N/A,CLOSED,GO
GHH,KA.D.GHH.CASH.IP,Gooch & Housego PLC,SHARES,N/A,EDITS_ONLY,GO
GDRXUS,UB.D.GDRXUS.CASH.IP,GoodRx Holdings Inc,SHARES,N/A,TRADEABLE,GO
GRSVUUS,UB.D.GRSVUUS.CASH.IP,Gores Holdings V Inc,SHARES,N/A,CLOSED,GO
GRSVUS,UB.D.GRSVUS.CASH.IP,Gores Holdings V Inc (Ord),SHARES,N/A,CLOSED,GO
GOSSUS,UB.D.GOSSUS.CASH.IP,Gossamer Bio Inc,SHARES,N/A,TRADEABLE,GO
KOPYSS,EH.D.KOPYSS.CASH.IP,Kopy Goldfields AB,SHARES,N/A,CLOSED,GO
TNZ,KC.D.TNZ.CASH.IP,Lexington Gold Ltd,SHARES,N/A,EDITS_ONLY,GO
LUGSS,EH.D.LUGSS.CASH.IP,Lundin Gold Inc (SE),SHARES,N/A,EDITS_ONLY,GO
SPGCUS,UD.D.SPGCUS.CASH.IP,Newton Golf Company,SHARES,N/A,TRADEABLE,GO
FOAT,IR.D.FOAT.FWM2.IP,OAT French Government Bond (€2),RATES,N/A,TRADEABLE,GO
FOAT,IR.D.FOAT.FWM1.IP,OAT French Government Bond (€2),RATES,N/A,TRADEABLE,GO
RGD,KC.D.RGD.CASH.IP,Real Good Food Co PLC,SHARES,N/A,CLOSED,GO
RGSEUS,UC.D.RGSEUS.CASH.IP,Real Goods Solar Inc,SHARES,N/A,CLOSED,GO
GLDUS,SI.D.GLDUS.CASH.IP,SPDR Gold Shares (24 Hours),SHARES,N/A,TRADEABLE,GO
SRB,KC.D.SRB.CASH.IP,Serabi Gold PLC,SHARES,N/A,EDITS_ONLY,GO
SHG,KC.D.SHG.CASH.IP,Shanta Gold Ltd,SHARES,N/A,CLOSED,GO
GPUS,UB.D.GPUS.CASH.IP,GreenPower Motor Company Inc,SHARES,N/A,TRADEABLE,GP
GPIIM,EF.D.GPIIM.CASH.IP,GPI SpA,SHARES,N/A,EDITS_ONLY,GP
CMPOUS,UA.D.CMPOUS.CASH.IP,GPGI Inc,SHARES,N/A,OFFLINE,GP
TCUSLN,KA.D.TCUSLN.CASH.IP,GPF Physical Copper ETC,SHARES,N/A,CLOSED,GP
TAUSLN,KA.D.TAUSLN.CASH.IP,GPF Physical Gold ETC - GBP,SHARES,N/A,CLOSED,GP
TNISLN,KA.D.TNISLN.CASH.IP,GPF Physical Nickel ETC,SHARES,N/A,CLOSED,GP
TPTSLN,KA.D.TPTSLN.CASH.IP,GPF Physical Platinum ETC - GBP,SHARES,N/A,CLOSED,GP
TAGSLN,KA.D.TAGSLN.CASH.IP,GPF Physical Silver ETC - GBP,SHARES,N/A,CLOSED,GP
TPDSLN,KA.D.TPDSLN.CASH.IP,GPF Physical Palladium ETC - GBP,SHARES,N/A,CLOSED,GP
RBS,KA.D.RBS.CASH.IP,NatWest Group PLC,SHARES,N/A,EDITS_ONLY,GR
VOD,KA.D.VOD.CASH.IP,Vodafone Group PLC,SHARES,N/A,EDITS_ONLY,GR
III,KA.D.III.CASH.IP,3i Group PLC,SHARES,N/A,EDITS_ONLY,GR
MTNSJ,AR.D.MTNSJ.CASH.IP,MTN Group Ltd,SHARES,N/A,EDITS_ONLY,GR
PSGSJ,AR.D.PSGSJ.CASH.IP,PSG Group Ltd,SHARES,N/A,CLOSED,GR
GFTU,KA.D.GFTU.CASH.IP,Grafton Group PLC,SHARES,N/A,EDITS_ONLY,GR
GRANUS,UB.D.GRANUS.CASH.IP,Grande Group Ltd,SHARES,N/A,TRADEABLE,GR
GNC,KA.D.GNC.CASH.IP,Greencore Group PLC (LSE),SHARES,N/A,EDITS_ONLY,GR
ASPFP,EC.D.ASPFP.CASH.IP,AST Groupe,SHARES,N/A,CLOSED,GR
BSGRNA,EG.D.BSGRNA.CASH.IP,B&S Group SA,SHARES,N/A,CLOSED,GR
BEGRSS,EH.D.BEGRSS.CASH.IP,BE Group AB (publ),SHARES,N/A,EDITS_ONLY,GR
GRALVUS,UB.D.GRALVUS.CASH.IP,GRAIL Inc,SHARES,N/A,TRADEABLE,GR
GMMGY,ED.D.GMMGY.CASH.IP,Grammer AG,SHARES,N/A,EDITS_ONLY,GR
GRNGSS,EH.D.GRNGSS.CASH.IP,Granges AB (publ),SHARES,N/A,EDITS_ONLY,GR
GRG,KA.D.GRG.CASH.IP,Greggs PLC,SHARES,N/A,EDITS_ONLY,GR
KMEIM,EF.D.KMEIM.CASH.IP,KME Group,SHARES,N/A,EDITS_ONLY,GR
LSRGLI,PK.D.LSRGLI.CASH.IP,LSR Group,SHARES,N/A,CLOSED,GR
PHTM,KA.D.PHTM.CASH.IP,ME GROUP,SHARES,N/A,EDITS_ONLY,GR
NN,EG.D.NN.CASH.IP,NN Group NV,SHARES,N/A,EDITS_ONLY,GR
NRGFP,EC.D.NRGFP.CASH.IP,NRJ Group,SHARES,N/A,EDITS_ONLY,GR
RSA,KA.D.RSA.CASH.IP,RSA Insurance Group PLC,SHARES,N/A,CLOSED,GR
SPGDC,EP.D.SPGDC.CASH.IP,SP Group AS,SHARES,N/A,EDITS_ONLY,GR
TCMDC,EP.D.TCMDC.CASH.IP,TCM Group AS,SHARES,N/A,EDITS_ONLY,GR
TFFFP,EC.D.TFFFP.CASH.IP,TFF Group,SHARES,N/A,EDITS_ONLY,GR
GRCLN,KC.D.GRCLN.CASH.IP,GRC International Group PLC,SHARES,N/A,CLOSED,GR
GREENSS,EH.D.GREENSS.CASH.IP,Green Landscaping Group AB (publ),SHARES,N/A,EDITS_ONLY,GR
SIXH,KC.D.SIXH.CASH.IP,600 Group PLC,SHARES,N/A,CLOSED,GR
ALBKLN,KA.D.ALBKLN.CASH.IP,AIB Group PLC (LSE),SHARES,N/A,EDITS_ONLY,GR
TALLINKFH,EB.D.TALLINKFH.CASH.IP,AS Tallink Grupp,SHARES,N/A,EDITS_ONLY,GR
GSK,KA.D.GSK.CASH.IP,GSK PLC,SHARES,N/A,EDITS_ONLY,GS
GSCLN,KC.D.GSCLN.CASH.IP,GS Chain PLC,SHARES,N/A,SUSPENDED,GS
GVPUS,UB.D.GVPUS.CASH.IP,GSE Systems Inc,SHARES,N/A,CLOSED,GS
GSITUS,UB.D.GSITUS.CASH.IP,GSI Technology Inc,SHARES,N/A,TRADEABLE,GS
GSRLN,KC.D.GSRLN.CASH.IP,GSTechnologies Limited,SHARES,N/A,EDITS_ONLY,GS
BGLFLN,KC.D.BGLFLN.CASH.IP,Blackstone GSO Loan Financing Limited,SHARES,N/A,CLOSED,GS
BGLPLN,KC.D.BGLPLN.CASH.IP,Blackstone GSO Loan Financing Limited GBp,SHARES,N/A,CLOSED,GS
GSPXLN,KA.D.GSPXLN.CASH.IP,iShares Core S&P 500 UCITS ETF GBP Hedged (Dist),SHARES,N/A,EDITS_ONLY,GS
GSGUS,SI.D.GSGUS.CASH.IP,iShares S&P GSCI Commodity Indexed Trust,SHARES,N/A,TRADEABLE,GS
GT,UB.D.GT.CASH.IP,Goodyear Tire & Rubber Co,SHARES,N/A,TRADEABLE,GT
GTBPUS,UB.D.GTBPUS.CASH.IP,GT Biopharma Inc,SHARES,N/A,TRADEABLE,GT
GUBRADC,EP.D.GUBRADC.CASH.IP,Gubra A/S,SHARES,N/A,EDITS_ONLY,GU
GBTFP,EC.D.GBTFP.CASH.IP,Guerbet,SHARES,N/A,EDITS_ONLY,GU
GUNNSS,EH.D.GUNNSS.CASH.IP,Gunnebo AB,SHARES,N/A,CLOSED,GU
SYN,KC.D.SYN.CASH.IP,Gunsynd PLC,SHARES,N/A,EDITS_ONLY,GU
GUSLN,KC.D.GUSLN.CASH.IP,Gusbourne PLC,SHARES,N/A,CLOSED,GU
GIL,EC.D.GIL.CASH.IP,Groupe Guillin,SHARES,N/A,EDITS_ONLY,GU
GULDSS,EH.D.GULDSS.CASH.IP,Guldbrev Holding AB,SHARES,N/A,EDITS_ONLY,GU
GUREUS,UB.D.GUREUS.CASH.IP,Gulf Resources Inc,SHARES,N/A,TRADEABLE,GU
UGUS,UD.D.UGUS.CASH.IP,United-Guardian Inc,SHARES,N/A,TRADEABLE,GU
GNTYUS,UB.D.GNTYUS.CASH.IP,Guaranty Bancshares Inc,SHARES,N/A,CLOSED,GU
GTCOLN,KC.D.GTCOLN.CASH.IP,Guaranty Trust Holding Co PLC,SHARES,N/A,EDITS_ONLY,GU
GMETLN,KC.D.GMETLN.CASH.IP,Guardian Metal Resources PLC,SHARES,N/A,EDITS_ONLY,GU
GHSIUS,UB.D.GHSIUS.CASH.IP,Guardion Health Sciences Inc,SHARES,N/A,CLOSED,GU
GUIFP,EC.D.GUIFP.CASH.IP,Guillemot Corporation SA,SHARES,N/A,EDITS_ONLY,GU
QIFLN,KA.D.QIFLN.CASH.IP,Gulf Investment Fund PLC,SHARES,N/A,CLOSED,GU
GIFIUS,UB.D.GIFIUS.CASH.IP,Gulf Island Fabrication Inc,SHARES,N/A,CLOSED,GU
GMSLN,KA.D.GMSLN.CASH.IP,Gulf Marine Services PLC,SHARES,N/A,EDITS_ONLY,GU
GPORUS,UB.D.GPORUS.CASH.IP,Gulfport Energy Corp,SHARES,N/A,CLOSED,GU
FGBIUS,UB.D.FGBIUS.CASH.IP,First Guaranty Bancshares Inc,SHARES,N/A,TRADEABLE,GU
GUARDSS,EH.D.GUARDSS.CASH.IP,Guard Therapeutics International AB,SHARES,N/A,EDITS_ONLY,GU
GFAIUS,UB.D.GFAIUS.CASH.IP,Guardforce AI Company Limited,SHARES,N/A,TRADEABLE,GU
BSCMUS,SI.D.BSCMUS.CASH.IP,Guggenheim BulletShares 2022 Corporate Bond ETF,SHARES,N/A,OFFLINE,GU
GVSIM,EF.D.GVSIM.CASH.IP,GVS SpA,SHARES,N/A,EDITS_ONLY,GV
GXPGY,ED.D.GXPGY.CASH.IP,GXP German Properties AG,SHARES,N/A,CLOSED,GX
GYMLN,KA.D.GYMLN.CASH.IP,Gym Group PLC/The,SHARES,N/A,EDITS_ONLY,GY
MINDLN,KC.D.MINDLN.CASH.IP,Mind Gym PLC,SHARES,N/A,EDITS_ONLY,GY
CBIOUS,UA.D.CBIOUS.CASH.IP,Gyre Therapeutics Inc,SHARES,N/A,TRADEABLE,GY
HAUS,UB.D.HAUS.CASH.IP,Hawaiian Holdings Inc,SHARES,N/A,CLOSED,HA
HANGSENG,IX.D.HANGSENG.IFU.IP,Hong Kong HS50 Cash ($1),INDICES,N/A,TRADEABLE,HA
HANGSENG,IX.D.HANGSENG.FWM3.IP,Hong Kong HS50 (HK10),INDICES,N/A,TRADEABLE,HA
HSTECH,IX.D.HSTECH.FWM3.IP,Hong Kong Tech (HK10),INDICES,N/A,TRADEABLE,HA
SUNHANS,IX.D.SUNHANS.IFD.IP,Weekend Hong Kong HS50 (HK50),INDICES,N/A,EDITS_ONLY,HA
HALNA,EG.D.HALNA.CASH.IP,HAL Trust,SHARES,N/A,EDITS_ONLY,HA
HANZASS,EH.D.HANZASS.CASH.IP,HANZA AB,SHARES,N/A,EDITS_ONLY,HA
HACKSS,EH.D.HACKSS.CASH.IP,Hacksaw AB,SHARES,N/A,EDITS_ONLY,HA
HLDXSS,EH.D.HLDXSS.CASH.IP,Haldex AB,SHARES,N/A,CLOSED,HA
HLNLN,KA.D.HLNLN.CASH.IP,Haleon PLC,SHARES,N/A,EDITS_ONLY,HA
HLMA,KA.D.HLMA.CASH.IP,Halma PLC,SHARES,N/A,EDITS_ONLY,HA
IMMYUS,UB.D.IMMYUS.CASH.IP,Harrow Inc,SHARES,N/A,TRADEABLE,HA
HARVIAFH,EB.D.HARVIAFH.CASH.IP,Harvia Oyj,SHARES,N/A,EDITS_ONLY,HA
HAS,UB.D.HAS.CASH.IP,Hasbro Inc (24 Hours),SHARES,N/A,TRADEABLE,HA
HAS,KA.D.HAS.CASH.IP,Hays PLC,SHARES,N/A,EDITS_ONLY,HA
HHVLN,KC.D.HHVLN.CASH.IP,Hargreave Hale AIM VCT 1 PLC,SHARES,N/A,EDITS_ONLY,HA
HMSO,KA.D.HMSO.CASH.IP,Hammerson PLC,SHARES,N/A,EDITS_ONLY,HA
HLAGGY,ED.D.HLAGGY.CASH.IP,Hapag-Lloyd AG,SHARES,N/A,EDITS_ONLY,HA
HDD,KC.D.HDD.CASH.IP,Hardide PLC,SHARES,N/A,EDITS_ONLY,HA
HLIT,UB.D.HLIT.CASH.IP,Harmonic Inc,SHARES,N/A,TRADEABLE,HA
HCPUS,UB.D.HCPUS.CASH.IP,HashiCorp Inc,SHARES,N/A,CLOSED,HA
HWKNUS,UB.D.HWKNUS.CASH.IP,Hawkins Inc,SHARES,N/A,TRADEABLE,HA
TLALN,KC.D.TLALN.CASH.IP,Hawkwing PLC,SHARES,N/A,CLOSED,HA
HAYDLN,KC.D.HAYDLN.CASH.IP,Haydale Plc,SHARES,N/A,EDITS_ONLY,HA
HAYPPSS,EH.D.HAYPPSS.CASH.IP,Haypp Group AB,SHARES,N/A,EDITS_ONLY,HA
CHRDC,EP.D.CHRDC.CASH.IP,Chr Hansen Holding AS,SHARES,N/A,CLOSED,HA
HCKTUS,UB.D.HCKTUS.CASH.IP,Hackett Group Inc/The,SHARES,N/A,TRADEABLE,HA
HFD,KA.D.HFD.CASH.IP,Halfords Group PLC,SHARES,N/A,EDITS_ONLY,HA
HALOLN,KC.D.HALOLN.CASH.IP,Halo Minerals Plc,SHARES,N/A,CLOSED,HA
HAMALN,KC.D.HAMALN.CASH.IP,Hamak Strategy Ltd,SHARES,N/A,EDITS_ONLY,HA
HLNEUS,UB.D.HLNEUS.CASH.IP,Hamilton Lane Inc,SHARES,N/A,TRADEABLE,HA
HMEDSS,EH.D.HMEDSS.CASH.IP,Hansa Biopharma AB,SHARES,N/A,EDITS_ONLY,HA
HAN,KA.D.HAN.CASH.IP,Hansa Trust PLC,SHARES,N/A,EDITS_ONLY,HA
HANALN,KC.D.HANALN.CASH.IP,Hansa Trust PLC - A,SHARES,N/A,EDITS_ONLY,HA
HARBBDC,EP.D.HARBBDC.CASH.IP,Harboes Bryggeri A/S,SHARES,N/A,EDITS_ONLY,HA
PMO,KA.D.PMO.CASH.IP,Harbour Energy PLC,SHARES,N/A,EDITS_ONLY,HA
HDY,KA.D.HDY.CASH.IP,Hardy Oil & Gas PLC,SHARES,N/A,CLOSED,HA
UKC,KC.D.UKC.CASH.IP,Harworth Group Plc,SHARES,N/A,EDITS_ONLY,HA
PYCRUS,UC.D.PYCRUS.CASH.IP,Paycor HCM Inc,SHARES,N/A,CLOSED,HC
HCWBUS,UB.D.HCWBUS.CASH.IP,HCW Biologics Inc,SHARES,N/A,TRADEABLE,HC
TMOLN,KC.D.TMOLN.CASH.IP,Time Out Group HC Limited,SHARES,N/A,EDITS_ONLY,HC
HCMTUS,SI.D.HCMTUS.CASH.IP,Direxion HCM Tactical Enhanced US ETF,SHARES,N/A,TRADEABLE,HC
IMGPLN,KA.D.IMGPLN.CASH.IP,iShares US Mortgage Backed Sec UCITS ETF GBP Hdg D,SHARES,N/A,EDITS_ONLY,HD
VMMAFP,EC.D.VMMAFP.CASH.IP,Herige,SHARES,N/A,CLOSED,HE
HO,EN.D.HO.FWM2.IP,Heating Oil ($2.10),COMMODITIES,N/A,TRADEABLE,HE
HO,EN.D.HO.FWS2.IP,Heating Oil ($4.20),COMMODITIES,N/A,TRADEABLE,HE
HO,CC.D.HO.UNC.IP,Heating Oil ($4.20),COMMODITIES,N/A,TRADEABLE,HE
HO,CC.D.HO.UMP.IP,Heating Oil (£1),COMMODITIES,N/A,TRADEABLE,HE
HPOLBSS,EH.D.HPOLBSS.CASH.IP,HEXPOL AB (publ),SHARES,N/A,EDITS_ONLY,HE
HEIQLN,KC.D.HEIQLN.CASH.IP,Heiq PLC,SHARES,N/A,CLOSED,HE
A7AGY,ED.D.A7AGY.CASH.IP,Heliad AG,SHARES,N/A,CLOSED,HE
HERIM,EF.D.HERIM.CASH.IP,Hera SpA,SHARES,N/A,EDITS_ONLY,HE
HSKAUS,UB.D.HSKAUS.CASH.IP,Heska Corp,SHARES,N/A,CLOSED,HE
HEXAB,EH.D.HEXAB.CASH.IP,Hexagon AB (publ),SHARES,N/A,EDITS_ONLY,HE
MFCFP,EC.D.MFCFP.CASH.IP,Hexaom SA,SHARES,N/A,EDITS_ONLY,HE
HEXISS,EH.D.HEXISS.CASH.IP,Hexicon AB,SHARES,N/A,EDITS_ONLY,HE
BEATUS,UA.D.BEATUS.CASH.IP,HeartBeam Inc,SHARES,N/A,TRADEABLE,HE
HEIMPREFS,EH.D.HEIMPREFS.CASH.IP,Heimstaden AB (publ),SHARES,N/A,EDITS_ONLY,HE
HEIA,EG.D.HEIA.CASH.IP,Heineken NV,SHARES,N/A,EDITS_ONLY,HE
HELE,UB.D.HELE.CASH.IP,Helen of Troy Ltd,SHARES,N/A,TRADEABLE,HE
HLCL,KA.D.HLCL.CASH.IP,Helical PLC,SHARES,N/A,EDITS_ONLY,HE
HFGGY,ED.D.HFGGY.CASH.IP,HelloFresh SE,SHARES,N/A,EDITS_ONLY,HE
HAGGY,ED.D.HAGGY.CASH.IP,Hensoldt AG,SHARES,N/A,EDITS_ONLY,HE
HERCLN,KC.D.HERCLN.CASH.IP,Hercules plc,SHARES,N/A,EDITS_ONLY,HE
QSGUS,UC.D.QSGUS.CASH.IP,Here Group Ltd,SHARES,N/A,TRADEABLE,HE
HSAIUS,UB.D.HSAIUS.CASH.IP,Hesai Group,SHARES,N/A,TRADEABLE,HE
ABDXLN,KC.D.ABDXLN.CASH.IP,Abingdon Health PLC,SHARES,N/A,EDITS_ONLY,HE
ASCSJ,AR.D.ASCSJ.CASH.IP,Ascendis Health Ltd,SHARES,N/A,CLOSED,HE
AMEHUS,UA.D.AMEHUS.CASH.IP,Astrana Health Inc,SHARES,N/A,TRADEABLE,HE
BLUUS,UA.D.BLUUS.CASH.IP,BELLUS Health Inc,SHARES,N/A,CLOSED,HE
COSMUS,UA.D.COSMUS.CASH.IP,Cosmos Health Inc,SHARES,N/A,TRADEABLE,HE
DHERGY,ED.D.DHERGY.CASH.IP,Delivery Hero SE,SHARES,N/A,EDITS_ONLY,HE
HEAD,KA.D.HEAD.CASH.IP,Headlam Group PLC,SHARES,N/A,EDITS_ONLY,HE
HCATUS,UB.D.HCATUS.CASH.IP,Health Catalyst Inc,SHARES,N/A,TRADEABLE,HE
HITUS,UB.D.HITUS.CASH.IP,Health In Tech Inc,SHARES,N/A,TRADEABLE,HE
HQYUS,UB.D.HQYUS.CASH.IP,HealthEquity Inc,SHARES,N/A,TRADEABLE,HE
HSTMUS,UB.D.HSTMUS.CASH.IP,HealthStream Inc,SHARES,N/A,TRADEABLE,HE
HSCSUS,UB.D.HSCSUS.CASH.IP,HeartSciences Inc,SHARES,N/A,TRADEABLE,HE
HEIO,EG.D.HEIO.CASH.IP,Heineken Holding NV,SHARES,N/A,EDITS_ONLY,HE
HTWSLN,KA.D.HTWSLN.CASH.IP,Helios Towers PLC,SHARES,N/A,EDITS_ONLY,HE
MOMOUS,UC.D.MOMOUS.CASH.IP,Hello Group Inc,SHARES,N/A,TRADEABLE,HE
HEMSS,EH.D.HEMSS.CASH.IP,Hemnet Group AB (publ),SHARES,N/A,EDITS_ONLY,HE
HENGY,ED.D.HENGY.CASH.IP,Henkel AG & Co KGaA,SHARES,N/A,EDITS_ONLY,HE
HEN3,ED.D.HEN3.CASH.IP,Henkel AG & Co KGaA - Pfd,SHARES,N/A,EDITS_ONLY,HE
HSIC,UB.D.HSIC.CASH.IP,Henry Schein Inc (24 Hours),SHARES,N/A,TRADEABLE,HE
MARELNA,EG.D.MARELNA.CASH.IP,Marel hf.,SHARES,N/A,CLOSED,HF
HFNDUS,SI.D.HFNDUS.CASH.IP,Unlimited HFND Multi-Strategy Return Tracker ETF,SHARES,N/A,TRADEABLE,HF
HGEAGY,ED.D.HGEAGY.CASH.IP,hGears AG,SHARES,N/A,EDITS_ONLY,HG
HGT,KA.D.HGT.CASH.IP,HgCapital Trust PLC,SHARES,N/A,EDITS_ONLY,HG
HCOFP,EC.D.HCOFP.CASH.IP,HighCo,SHARES,N/A,EDITS_ONLY,HI
CGCBV,EB.D.CGCBV.CASH.IP,Hiab Oyj,SHARES,N/A,EDITS_ONLY,HI
HSX,KA.D.HSX.CASH.IP,Hiscox Ltd,SHARES,N/A,EDITS_ONLY,HI
HILS,KA.D.HILS.CASH.IP,HILL & SMITH PLC,SHARES,N/A,EDITS_ONLY,HI
ALHYPFP,EC.D.ALHYPFP.CASH.IP,HiPay Group SA,SHARES,N/A,EDITS_ONLY,HI
HIBB,UB.D.HIBB.CASH.IP,Hibbett Inc,SHARES,N/A,CLOSED,HI
HITIUS,UB.D.HITIUS.CASH.IP,High Tide Inc - (US),SHARES,N/A,TRADEABLE,HI
HLVXUS,UB.D.HLVXUS.CASH.IP,HilleVax Inc,SHARES,N/A,CLOSED,HI
CCNIUS,UA.D.CCNIUS.CASH.IP,HireQuest Inc,SHARES,N/A,TRADEABLE,HI
CNATUS,UA.D.CNATUS.CASH.IP,Histogen Inc,SHARES,N/A,CLOSED,HI
HPKUS,UB.D.HPKUS.CASH.IP,HighPeak Energy Inc,SHARES,N/A,TRADEABLE,HI
HILBBSS,EH.D.HILBBSS.CASH.IP,Hilbert Group AB,SHARES,N/A,EDITS_ONLY,HI
SDY,KA.D.SDY.CASH.IP,Speedy Hire PLC,SHARES,N/A,EDITS_ONLY,HI
WMH,KA.D.WMH.CASH.IP,William Hill PLC,SHARES,N/A,CLOSED,HI
HICL,KA.D.HICL.CASH.IP,HICL Infrastructure PLC,SHARES,N/A,EDITS_ONLY,HI
HIQSS,EH.D.HIQSS.CASH.IP,HIQ International AB,SHARES,N/A,CLOSED,HI
HBRNLN,KA.D.HBRNLN.CASH.IP,Hibernia REIT PLC - LSE,SHARES,N/A,CLOSED,HI
HG,CC.D.HG.UNC.IP,High Grade Copper ($2.50),COMMODITIES,N/A,TRADEABLE,HI
HG,CC.D.HG.UMP.IP,High Grade Copper (£1),COMMODITIES,N/A,TRADEABLE,HI
HCFTLN,KC.D.HCFTLN.CASH.IP,Highcroft Investments PLC,SHARES,N/A,CLOSED,HI
HGM,KA.D.HGM.CASH.IP,Highland Gold Mining Ltd,SHARES,N/A,CLOSED,HI
HLGGY,ED.D.HLGGY.CASH.IP,Highlight Communications AG,SHARES,N/A,EDITS_ONLY,HI
HIHOUS,UB.D.HIHOUS.CASH.IP,Highway Holdings Limited,SHARES,N/A,TRADEABLE,HI
HIK,KA.D.HIK.CASH.IP,Hikma Pharmaceuticals PLC,SHARES,N/A,EDITS_ONLY,HI
LCYUS,UB.D.LCYUS.CASH.IP,Hillman Solutions Corp,SHARES,N/A,TRADEABLE,HI
HFG,KA.D.HFG.CASH.IP,Hilton Food Group PLC,SHARES,N/A,EDITS_ONLY,HI
HIMX,UB.D.HIMX.CASH.IP,Himax Technologies Inc - ADR,SHARES,N/A,TRADEABLE,HI
HIFSUS,UB.D.HIFSUS.CASH.IP,Hingham Institution for Savings,SHARES,N/A,TRADEABLE,HI
SONGLN,KC.D.SONGLN.CASH.IP,Hipgnosis Songs Fund Limited,SHARES,N/A,CLOSED,HI
BTCIUS,SI.D.BTCIUS.CASH.IP,NEOS Bitcoin High Income ETF,SHARES,N/A,TRADEABLE,HI
SPYIUS,SI.D.SPYIUS.CASH.IP,Neos S&P 500 High Income Etf,SHARES,N/A,TRADEABLE,HI
SJBUS,SI.D.SJBUS.CASH.IP,ProShares Short High Yield,SHARES,N/A,TRADEABLE,HI
SCYBUS,SI.D.SCYBUS.CASH.IP,Schwab High Yield Bond ETF,SHARES,N/A,TRADEABLE,HI
THYFUS,SI.D.THYFUS.CASH.IP,T Rowe Price US High Yield ETF,SHARES,N/A,TRADEABLE,HI
CYN,KA.D.CYN.CASH.IP,City Natural Resources High Yield Trust PLC,SHARES,N/A,EDITS_ONLY,HI
DHILUS,UB.D.DHILUS.CASH.IP,Diamond Hill Investment Group Inc,SHARES,N/A,CLOSED,HI
HIBSUS,SI.D.HIBSUS.CASH.IP,Direxion Daily S&P 500 High Beta Bear 3X ETF,SHARES,N/A,TRADEABLE,HI
HIBLUS,SI.D.HIBLUS.CASH.IP,Direxion Daily S&P 500 High Beta Bull 3X ETF,SHARES,N/A,TRADEABLE,HI
SIHYUS,SI.D.SIHYUS.CASH.IP,Harbor Scientific Alpha High-Yield ETF,SHARES,N/A,TRADEABLE,HI
HHI,KA.D.HHI.CASH.IP,Henderson High Income Trust PLC,SHARES,N/A,EDITS_ONLY,HI
BABS,KA.D.BABS.CASH.IP,Highbridge Tactical Credit Fund Limited,SHARES,N/A,CLOSED,HI
HSBA,KA.D.HSBA.CASH.IP,HSBC Holdings PLC (LSE),SHARES,N/A,EDITS_ONLY,HJ
USDHKD,CS.D.USDHKD.CFD.IP,USD/HKD,CURRENCIES,N/A,TRADEABLE,HK
USDHKD,CS.D.USDHKD.MINI.IP,USD/HKD Mini,CURRENCIES,N/A,TRADEABLE,HK
HKSAVFH,EB.D.HKSAVFH.CASH.IP,HKScan OYJ,SHARES,N/A,CLOSED,HK
HL,KA.D.HL.CASH.IP,Hargreaves Lansdown PLC,SHARES,N/A,CLOSED,HL
KOOLUS,UB.D.KOOLUS.CASH.IP,THERMOGENESIS HLDGS INC,SHARES,N/A,OFFLINE,HL
HMB,EH.D.HMB.CASH.IP,Hennes & Mauritz AB,SHARES,N/A,EDITS_ONLY,HM
HMNFUS,UB.D.HMNFUS.CASH.IP,HMN Financial Inc,SHARES,N/A,OFFLINE,HM
HMSYUS,UB.D.HMSYUS.CASH.IP,HMS Holdings Corp,SHARES,N/A,CLOSED,HM
HMSSS,EH.D.HMSSS.CASH.IP,HMS Networks AB (publ),SHARES,N/A,EDITS_ONLY,HM
HOFP,EC.D.HOFP.CASH.IP,Thales SA,SHARES,N/A,EDITS_ONLY,HO
LH,CO.D.LH.FWM1.IP,Lean Hogs ($2),COMMODITIES,N/A,TRADEABLE,HO
LH,CO.D.LH.FWS1.IP,Lean Hogs ($4),COMMODITIES,N/A,TRADEABLE,HO
RYALN,KA.D.RYALN.CASH.IP,Ryanair Holdings PLC (LSE),SHARES,N/A,CLOSED,HO
MTHHDC,EP.D.MTHHDC.CASH.IP,MT Hojgaard Holding AS,SHARES,N/A,EDITS_ONLY,HO
HNLGY,ED.D.HNLGY.CASH.IP,Hoenle AG,SHARES,N/A,EDITS_ONLY,HO
HOLMASS,EH.D.HOLMASS.CASH.IP,Holmen AB (publ),SHARES,N/A,CLOSED,HO
HRN,KA.D.HRN.CASH.IP,Hornby PLC,SHARES,N/A,CLOSED,HO
H24GY,ED.D.H24GY.CASH.IP,home24 SE,SHARES,N/A,CLOSED,HO
TBHUS,UD.D.TBHUS.CASH.IP,Brag House Holdings Inc,SHARES,N/A,OFFLINE,HO
HQUS,UB.D.HQUS.CASH.IP,Horizon Quantum Holdings LTD,SHARES,N/A,TRADEABLE,HO
HBHGY,ED.D.HBHGY.CASH.IP,Hornbach Holding AG & Co. KGaA,SHARES,N/A,EDITS_ONLY,HO
ZINCUS,UD.D.ZINCUS.CASH.IP,Horsehead Holding Corp,SHARES,N/A,CLOSED,HO
RICKUS,UC.D.RICKUS.CASH.IP,RCI Hospitality Holdings Inc,SHARES,N/A,TRADEABLE,HO
UUUGY,ED.D.UUUGY.CASH.IP,3U Holding AG,SHARES,N/A,EDITS_ONLY,HO
AGCUS,UA.D.AGCUS.CASH.IP,Grab Holdings (24 Hours),SHARES,N/A,TRADEABLE,HO
HTGGY,ED.D.HTGGY.CASH.IP,HOMETOGO SE,SHARES,N/A,EDITS_ONLY,HO
HOT,ED.D.HOT.CASH.IP,Hochtief AG,SHARES,N/A,EDITS_ONLY,HO
HOLX,UB.D.HOLX.CASH.IP,Hologic Inc (24 Hours),SHARES,N/A,EDITS_ONLY,HO
HOMELN,KA.D.HOMELN.CASH.IP,Home Reit PLC,SHARES,N/A,EDITS_ONLY,HO
HSV,KA.D.HSV.CASH.IP,Homeserve PLC,SHARES,N/A,CLOSED,HO
HOURUS,UB.D.HOURUS.CASH.IP,Hour Loop Inc,SHARES,N/A,TRADEABLE,HO
LGIHUS,UB.D.LGIHUS.CASH.IP,LGI Homes Inc,SHARES,N/A,TRADEABLE,HO
YHCUS,UD.D.YHCUS.CASH.IP,LQR House Inc,SHARES,N/A,TRADEABLE,HO
NKTDC,EP.D.NKTDC.CASH.IP,NKT Holding AS,SHARES,N/A,EDITS_ONLY,HO
O4BGY,ED.D.O4BGY.CASH.IP,OVB Holding AG,SHARES,N/A,EDITS_ONLY,HO
STRNNA,EG.D.STRNNA.CASH.IP,PB Holding NV,SHARES,N/A,EDITS_ONLY,HO
FTACUS,UB.D.FTACUS.CASH.IP,Paya Holdings,SHARES,N/A,CLOSED,HO
RR,KA.D.RR.CASH.IP,Rolls-Royce Holdings PLC,SHARES,N/A,EDITS_ONLY,HO
SFQGY,ED.D.SFQGY.CASH.IP,SAF-Holland SA,SHARES,N/A,EDITS_ONLY,HO
SIFGNA,EG.D.SIFGNA.CASH.IP,Sif Holding NV,SHARES,N/A,EDITS_ONLY,HO
STHOUS,UD.D.STHOUS.CASH.IP,Star Holdings,SHARES,N/A,TRADEABLE,HO
EJHUS,UB.D.EJHUS.CASH.IP,E-Home Household Service Holdings Limited,SHARES,N/A,TRADEABLE,HO
VIIAUUS,UD.D.VIIAUUS.CASH.IP,7GC & Co. Holdings Inc (Unit),SHARES,N/A,CLOSED,HO
YOUGY,ED.D.YOUGY.CASH.IP,ABOUT YOU Holding AG,SHARES,N/A,CLOSED,HO
ASML,EG.D.ASML.CASH.IP,ASML Holding NV,SHARES,N/A,EDITS_ONLY,HO
ASML,UA.D.ASML.CASH.IP,ASML Holding NV - US (24 Hours),SHARES,N/A,TRADEABLE,HO
ABPUS,UA.D.ABPUS.CASH.IP,Abpro Holdings Inc,SHARES,N/A,OFFLINE,HO
JQWLN,KC.D.JQWLN.CASH.IP,JQW Plc,SHARES,N/A,CLOSED,HQ
HRCPZ,KC.D.HRCPZ.CASH.IP,HRC World PLC,SHARES,N/A,EDITS_ONLY,HR
HR1ALN,KC.D.HR1ALN.CASH.IP,HR1A - Hazel Renewable Energy VCT1 PLC,SHARES,N/A,CLOSED,HR
HR1OLN,KC.D.HR1OLN.CASH.IP,HR1O - Hazel Renewable Energy VCT1 PLC,SHARES,N/A,CLOSED,HR
HR2ALN,KC.D.HR2ALN.CASH.IP,HR2A - Hazel Renewable Energy VCT2 PLC,SHARES,N/A,CLOSED,HR
HR2OLN,KC.D.HR2OLN.CASH.IP,HR2O - Hazel Renewable Energy VCT2 PLC,SHARES,N/A,CLOSED,HR
HRUBLN,KA.D.HRUBLN.CASH.IP,HSBC MSCI Russia Capped UCITS ETF - HRUB,SHARES,N/A,CLOSED,HR
HRUDLN,KA.D.HRUDLN.CASH.IP,HSBC MSCI Russia Capped UCITS ETF - HRUD,SHARES,N/A,CLOSED,HR
HSBFP,EC.D.HSBFP.CASH.IP,HSBC Holdings PLC (FR),SHARES,N/A,CLOSED,HS
H50ELN,KA.D.H50ELN.CASH.IP,HSBC EURO STOXX 50 UCITS ETF,SHARES,N/A,EDITS_ONLY,HS
H50ALN,KA.D.H50ALN.CASH.IP,HSBC EURO STOXX 50 UCITS ETF (Acc),SHARES,N/A,EDITS_ONLY,HS
HSTCLN,KA.D.HSTCLN.CASH.IP,HSBC Hang Seng Tech UCITS ETF,SHARES,N/A,EDITS_ONLY,HS
HMBRLN,KA.D.HMBRLN.CASH.IP,HSBC MSCI BRAZIL UCITS ETF,SHARES,N/A,CLOSED,HS
HBRLLN,KA.D.HBRLLN.CASH.IP,HSBC MSCI Brazil UCITS ETF,SHARES,N/A,CLOSED,HS
HCADLN,KA.D.HCADLN.CASH.IP,HSBC MSCI CANADA UCITS ETF,SHARES,N/A,EDITS_ONLY,HS
HCHSLN,KA.D.HCHSLN.CASH.IP,HSBC MSCI CHINA UCITS ETF (Acc),SHARES,N/A,EDITS_ONLY,HS
HMCALN,KA.D.HMCALN.CASH.IP,HSBC MSCI China A UCITS ETF,SHARES,N/A,EDITS_ONLY,HS
HMCHLN,KA.D.HMCHLN.CASH.IP,HSBC MSCI China UCITS ETF,SHARES,N/A,EDITS_ONLY,HS
HMCDLN,KA.D.HMCDLN.CASH.IP,HSBC MSCI China UCITS ETF (USD),SHARES,N/A,EDITS_ONLY,HS
HMEULN,KA.D.HMEULN.CASH.IP,HSBC MSCI EUROPE UCITS ETF,SHARES,N/A,EDITS_ONLY,HS
HIDRLN,KA.D.HIDRLN.CASH.IP,HSBC MSCI Indonesia UCITS ETF,SHARES,N/A,EDITS_ONLY,HS
HMJPLN,KA.D.HMJPLN.CASH.IP,HSBC MSCI Japan UCITS ETF,SHARES,N/A,EDITS_ONLY,HS
HMYRLN,KA.D.HMYRLN.CASH.IP,HSBC MSCI Malaysia UCITS ETF,SHARES,N/A,CLOSED,HS
HTRYLN,KA.D.HTRYLN.CASH.IP,HSBC MSCI Turkey UCITS ETF,SHARES,N/A,CLOSED,HS
HMUDLN,KA.D.HMUDLN.CASH.IP,HSBC MSCI USA UCITS ETF,SHARES,N/A,EDITS_ONLY,HS
HMWOLN,KA.D.HMWOLN.CASH.IP,HSBC MSCI World UCITS ETF,SHARES,N/A,EDITS_ONLY,HS
HSPXLN,KA.D.HSPXLN.CASH.IP,HSBC ETFs Public Limited Company - HSBC S&P 500 UCITS ETF,SHARES,N/A,EDITS_ONLY,HS
HBKSLN,KA.D.HBKSLN.CASH.IP,HSBC Global Funds ICAV - Global Sukuk UCITS ETF,SHARES,N/A,EDITS_ONLY,HS
HBKULN,KA.D.HBKULN.CASH.IP,HSBC Global Funds ICAV - Global Sukuk UCITS ETF (USD),SHARES,N/A,EDITS_ONLY,HS
HMLALN,KA.D.HMLALN.CASH.IP,HSBC MSCI EM Latin America UCITS ETF,SHARES,N/A,CLOSED,HS
HMEMLN,KA.D.HMEMLN.CASH.IP,HSBC MSCI EMERGING MARKETS UCITS ETF - USD,SHARES,N/A,EDITS_ONLY,HS
HMEFLN,KA.D.HMEFLN.CASH.IP,HSBC MSCI Emerging Markets UCITS ETF,SHARES,N/A,EDITS_ONLY,HS
HIPSLN,KA.D.HIPSLN.CASH.IP,HSBC MSCI Europe Islamic Screened UCITS ETF (EUR),SHARES,N/A,EDITS_ONLY,HS
HIEULN,KA.D.HIEULN.CASH.IP,HSBC MSCI Europe Islamic Screened UCITS ETF (USD),SHARES,N/A,EDITS_ONLY,HS
HIJPLN,KA.D.HIJPLN.CASH.IP,HSBC MSCI Japan Islamic Screened UCITS ETF,SHARES,N/A,EDITS_ONLY,HS
HKORLN,KA.D.HKORLN.CASH.IP,HSBC MSCI Korea Capped UCITS ETF,SHARES,N/A,EDITS_ONLY,HS
HMEXLN,KA.D.HMEXLN.CASH.IP,HSBC MSCI Mexico Capped UCITS ETF,SHARES,N/A,CLOSED,HS
HMXJLN,KA.D.HMXJLN.CASH.IP,HSBC MSCI PACIFIC EX JAPAN UCITS ETF,SHARES,N/A,EDITS_ONLY,HS
HTGMUS,UB.D.HTGMUS.CASH.IP,HTG Molecular Diagnostics Inc,SHARES,N/A,OFFLINE,HT
HUMSS,EH.D.HUMSS.CASH.IP,Humana AB (publ),SHARES,N/A,EDITS_ONLY,HU
HUBGUS,UB.D.HUBGUS.CASH.IP,Hub Group Inc,SHARES,N/A,TRADEABLE,HU
BOSGY,ED.D.BOSGY.CASH.IP,Hugo Boss AG,SHARES,N/A,EDITS_ONLY,HU
HUH1V,EB.D.HUH1V.CASH.IP,Huhtamaki OYJ,SHARES,N/A,EDITS_ONLY,HU
HLM,AR.D.HLM.CASH.IP,Hulamin Ltd,SHARES,N/A,EDITS_ONLY,HU
AHACUS,UA.D.AHACUS.CASH.IP,Humacyte Inc,SHARES,N/A,TRADEABLE,HU
HGENUS,UB.D.HGENUS.CASH.IP,Humanigen Inc,SHARES,N/A,CLOSED,HU
HTG,KA.D.HTG.CASH.IP,Hunting PLC,SHARES,N/A,EDITS_ONLY,HU
HUSQA,EH.D.HUSQA.CASH.IP,Husqvarna AB - A,SHARES,N/A,EDITS_ONLY,HU
HUSQB,EH.D.HUSQB.CASH.IP,Husqvarna AB - B,SHARES,N/A,EDITS_ONLY,HU
PEELLN,KA.D.PEELLN.CASH.IP,Peel Hunt Ltd,SHARES,N/A,EDITS_ONLY,HU
096GY,ED.D.096GY.CASH.IP,HubSpot Inc- Ger,SHARES,N/A,EDITS_ONLY,HU
IMMOLN,KC.D.IMMOLN.CASH.IP,Huddled group Plc,SHARES,N/A,EDITS_ONLY,HU
HUFVA,EH.D.HUFVA.CASH.IP,Hufvudstaden AB,SHARES,N/A,EDITS_ONLY,HU
BAYNSS,EH.D.BAYNSS.CASH.IP,Humble Group AB (publ),SHARES,N/A,EDITS_ONLY,HU
HDGNA,EG.D.HDGNA.CASH.IP,Hunter Douglas NV,SHARES,N/A,CLOSED,HU
HURCUS,UB.D.HURCUS.CASH.IP,Hurco Companies Inc,SHARES,N/A,TRADEABLE,HU
HUSCODC,EP.D.HUSCODC.CASH.IP,HusCompagniet AS,SHARES,N/A,EDITS_ONLY,HU
TNTSJ,AR.D.TNTSJ.CASH.IP,Tongaat Hulett Ltd,SHARES,N/A,SUSPENDED,HU
HDCSJ,AR.D.HDCSJ.CASH.IP,Hudaco Industries Ltd,SHARES,N/A,EDITS_ONLY,HU
HDSNUS,UB.D.HDSNUS.CASH.IP,Hudson Technologies Inc,SHARES,N/A,TRADEABLE,HU
HUIZUS,UB.D.HUIZUS.CASH.IP,Huize Holding Limited,SHARES,N/A,TRADEABLE,HU
HUMELN,KC.D.HUMELN.CASH.IP,Hume Capital Securities PLC,SHARES,N/A,CLOSED,HU
HUMLN,KC.D.HUMLN.CASH.IP,Hummingbird Resources PLC,SHARES,N/A,CLOSED,HU
HBAN,UB.D.HBAN.CASH.IP,Huntington Bancshares Inc (24 Hours),SHARES,N/A,TRADEABLE,HU
HURN,UB.D.HURN.CASH.IP,Huron Consulting Group Inc,SHARES,N/A,TRADEABLE,HU
HURLN,KA.D.HURLN.CASH.IP,Hurricane Energy PLC,SHARES,N/A,CLOSED,HU
JLHLN,KC.D.JLHLN.CASH.IP,John Lewis of Hungerford PLC,SHARES,N/A,CLOSED,HU
OFFHUSSS,EH.D.OFFHUSSS.CASH.IP,Offentliga Hus i Norden AB (publ),SHARES,N/A,CLOSED,HU
HUDIUS,UB.D.HUDIUS.CASH.IP,Huadi International Group Company Limited,SHARES,N/A,TRADEABLE,HU
HTSCLI,PK.D.HTSCLI.CASH.IP,Huatai Securities Company Limited (IOB),SHARES,N/A,EDITS_ONLY,HU
HMCOUUS,UB.D.HMCOUUS.CASH.IP,Humanco Acquisition Corporation,SHARES,N/A,CLOSED,HU
HCM,KC.D.HCM.CASH.IP,Hutchison China MediTech Limited,SHARES,N/A,EDITS_ONLY,HU
HCMUS,UB.D.HCMUS.CASH.IP,Hutchison China MediTech Limited,SHARES,N/A,TRADEABLE,HU
JBHT,UB.D.JBHT.CASH.IP,JB Hunt Transport Services Inc (24 Hours),SHARES,N/A,TRADEABLE,HU
KWGGY,ED.D.KWGGY.CASH.IP,KHD Humboldt Wedag International AG,SHARES,N/A,EDITS_ONLY,HU
KOIDUS,UB.D.KOIDUS.CASH.IP,KraneShares Global Humanoid and Embodied Intelligence Index ETF,SHARES,N/A,TRADEABLE,HU
KOIBLN,KA.D.KOIBLN.CASH.IP,KraneShares Global Humanoid and Embodied Intelligence Index UCITS ETF (GBP),SHARES,N/A,EDITS_ONLY,HU
VENNLN,KC.D.VENNLN.CASH.IP,HVIVO PLC (LSE),SHARES,N/A,EDITS_ONLY,HV
HVACUS,SI.D.HVACUS.CASH.IP,Advisorshares Hvac And Industrials ETF,SHARES,N/A,TRADEABLE,HV
ITE,KA.D.ITE.CASH.IP,HYVE Group PLC,SHARES,N/A,CLOSED,HY
HCAQUS,UB.D.HCAQUS.CASH.IP,Hyperfine Inc,SHARES,N/A,TRADEABLE,HY
HYQGY,ED.D.HYQGY.CASH.IP,Hypoport AG,SHARES,N/A,EDITS_ONLY,HY
HYREUS,UB.D.HYREUS.CASH.IP,HyreCar Inc,SHARES,N/A,OFFLINE,HY
HYDGLN,KC.D.HYDGLN.CASH.IP,Hydrogen Group PLC,SHARES,N/A,CLOSED,HY
EYENUS,UB.D.EYENUS.CASH.IP,Hyperion DeFi Inc,SHARES,N/A,TRADEABLE,HY
HYUDLI,PK.D.HYUDLI.CASH.IP,Hyundai Motor Co,SHARES,N/A,CLOSED,HY
DCRBUS,UB.D.DCRBUS.CASH.IP,Hyzon Motors Inc,SHARES,N/A,CLOSED,HY
THYPUS,UD.D.THYPUS.CASH.IP,21Shares Hyperliquid ETF,SHARES,N/A,TRADEABLE,HY
CPH2LN,KC.D.CPH2LN.CASH.IP,Clean Power Hydrogen PLC,SHARES,N/A,SUSPENDED,HY
HYDRUS,UB.D.HYDRUS.CASH.IP,Global X Hydrogen ETF,SHARES,N/A,TRADEABLE,HY
GREENHDC,EP.D.GREENHDC.CASH.IP,Green Hydrogen Systems AS,SHARES,N/A,CLOSED,HY
HYZNWUS,UB.D.HYZNWUS.CASH.IP,HYZON Motors Inc - Warrants,SHARES,N/A,CLOSED,HY
HYFMUS,UB.D.HYFMUS.CASH.IP,Hydrofarm Holdings Group Inc,SHARES,N/A,TRADEABLE,HY
HDFFP,EC.D.HDFFP.CASH.IP,Hydrogene de France SA,SHARES,N/A,EDITS_ONLY,HY
HYLBB,EA.D.HYLBB.CASH.IP,Hyloris Pharmaceuticals SA,SHARES,N/A,EDITS_ONLY,HY
PURRUS,UC.D.PURRUS.CASH.IP,Hyperliquid Strategies Inc,SHARES,N/A,TRADEABLE,HY
HYMCUS,UB.D.HYMCUS.CASH.IP,Hycroft Mining Holding Corporation,SHARES,N/A,TRADEABLE,HY
HYMCZUS,UB.D.HYMCZUS.CASH.IP,Hycroft Mining Holding Corporation - Warrants,SHARES,N/A,CLOSED,HY
ALHRSFP,EC.D.ALHRSFP.CASH.IP,Hydrogen-Refueling-Solutions SA,SHARES,N/A,EDITS_ONLY,HY
HGENLN,KA.D.HGENLN.CASH.IP,Hydrogenone Capital Growth PLC,SHARES,N/A,CLOSED,HY
TAHYLN,KA.D.TAHYLN.CASH.IP,Jh Haitong Asia Hy Bond Screen Etf Usd A,SHARES,N/A,EDITS_ONLY,HY
STYCLN,KA.D.STYCLN.CASH.IP,PIMCO Adv US Short Term HY Corp Bond ETF USD Acc,SHARES,N/A,EDITS_ONLY,HY
HYGULN,KA.D.HYGULN.CASH.IP,iShares EUR High Yield Corp Bond UCITS ETF - HYGU,SHARES,N/A,EDITS_ONLY,HY
HYLDLN,KA.D.HYLDLN.CASH.IP,iShares Global High Yield Corp Bond UCITS ETF - HYLD,SHARES,N/A,EDITS_ONLY,HY
IACI,UB.D.IACI.CASH.IP,IAC Inc,SHARES,N/A,TRADEABLE,IA
IASHLN,KA.D.IASHLN.CASH.IP,iShares MSCI China A ETF - IASH,SHARES,N/A,EDITS_ONLY,IA
IAUSLN,KA.D.IAUSLN.CASH.IP,iShares MSCI Australia UCITS ETF - IAUS,SHARES,N/A,EDITS_ONLY,IA
IBEX,IX.D.IBEX.IFM.IP,Spain 35 Cash (€2),INDICES,N/A,TRADEABLE,IB
IBEX,IX.D.IBEX.FWS1.IP,Spain 35 (€10),INDICES,N/A,OFFLINE,IB
IBEX,IX.D.IBEX.FWM1.IP,Spain 35 (€2),INDICES,N/A,OFFLINE,IB
IBEXUS,UB.D.IBEXUS.CASH.IP,IBEX Limited,SHARES,N/A,TRADEABLE,IB
IBSTLN,KA.D.IBSTLN.CASH.IP,Ibstock PLC,SHARES,N/A,EDITS_ONLY,IB
IBRSPL,PO.D.IBRSPL.CASH.IP,Ibersol SGPS SA,SHARES,N/A,EDITS_ONLY,IB
CS1LN,KA.D.CS1LN.CASH.IP,AMUNDI IBEX 35 UCITS ETF,SHARES,N/A,EDITS_ONLY,IB
TOPTR2SJ,AR.D.TOPTR2SJ.CASH.IP,IB TOP40 TR2 ETN OCT22,SHARES,N/A,CLOSED,IB
GILILN,KA.D.GILILN.CASH.IP,Lyxor UCITS ETF iBoxx (GBP) Gilt Inflation Linked (DR),SHARES,N/A,EDITS_ONLY,IB
GILSLN,KA.D.GILSLN.CASH.IP,Lyxor UCITS ETF iBoxx (GBP) Gilts (DR),SHARES,N/A,EDITS_ONLY,IB
BOUTUS,SI.D.BOUTUS.CASH.IP,Capforce IBD Breakout Opportunities ETF,SHARES,N/A,TRADEABLE,IB
RIOLLN,KA.D.RIOLLN.CASH.IP,Lyxor UCITS ETF Brazil (IBOVE SA,SHARES,N/A,EDITS_ONLY,IB
US57LN,KA.D.US57LN.CASH.IP,Lyxor UCITS ETF iBoxx $ Treasuries 5-7Y (DR),SHARES,N/A,EDITS_ONLY,IB
U13GLN,KA.D.U13GLN.CASH.IP,Lyxor iBoxx $ Treasuries 1-3Y (DR) UCITS ETF,SHARES,N/A,EDITS_ONLY,IB
IBTSLN,KA.D.IBTSLN.CASH.IP,iShares $ Treasury Bond 1-3yr UCITS ETF - IBTS,SHARES,N/A,EDITS_ONLY,IB
IBTLLN,KA.D.IBTLLN.CASH.IP,iShares $ Treasury Bond 20+yr UCITS ETF - IBTL,SHARES,N/A,EDITS_ONLY,IB
IBDXUS,SI.D.IBDXUS.CASH.IP,iShares Ibonds Dec 2032 Term Corporate ETF,SHARES,N/A,TRADEABLE,IB
IBHDUS,SI.D.IBHDUS.CASH.IP,iShares iBonds 2024 Term High Yield and Income ETF,SHARES,N/A,CLOSED,IB
IBHEUS,SI.D.IBHEUS.CASH.IP,iShares iBonds 2025 Term High Yield and Income ETF,SHARES,N/A,OFFLINE,IB
IBHFUS,SI.D.IBHFUS.CASH.IP,iShares iBonds 2026 Term High Yield and Income ETF,SHARES,N/A,TRADEABLE,IB
IBHGUS,SI.D.IBHGUS.CASH.IP,iShares iBonds 2027 Term High Yield and Income ETF,SHARES,N/A,TRADEABLE,IB
IBHHUS,SI.D.IBHHUS.CASH.IP,iShares iBonds 2028 Term High Yield And Income ETF,SHARES,N/A,TRADEABLE,IB
IBHIUS,SI.D.IBHIUS.CASH.IP,iShares iBonds 2029 Term High Yield And Income ETF,SHARES,N/A,TRADEABLE,IB
IBTDUS,UB.D.IBTDUS.CASH.IP,iShares iBonds Dec 2023 Term Treasury ETF,SHARES,N/A,CLOSED,IB
IBDPUS,SI.D.IBDPUS.CASH.IP,iShares iBonds Dec 2024 Term Corporate ETF,SHARES,N/A,CLOSED,IB
IBTEUS,UB.D.IBTEUS.CASH.IP,iShares iBonds Dec 2024 Term Treasury ETF,SHARES,N/A,CLOSED,IB
D26ALN,KA.D.D26ALN.CASH.IP,iShares iBonds Dec 2026 Term $ Corp UCITS ETF (USD A),SHARES,N/A,EDITS_ONLY,IB
IBDRUS,SI.D.IBDRUS.CASH.IP,iShares iBonds Dec 2026 Term Corporate ETF,SHARES,N/A,TRADEABLE,IB
IBDSUS,SI.D.IBDSUS.CASH.IP,iShares iBonds Dec 2027 Term Corporate ETF,SHARES,N/A,TRADEABLE,IB
D28ALN,KA.D.D28ALN.CASH.IP,iShares iBonds Dec 2028 Term $ Corp UCITS ETF,SHARES,N/A,EDITS_ONLY,IB
IBDTUS,SI.D.IBDTUS.CASH.IP,iShares iBonds Dec 2028 Term Corporate ETF,SHARES,N/A,TRADEABLE,IB
IBDUUS,SI.D.IBDUUS.CASH.IP,iShares iBonds Dec 2029 Term Corporate ETF,SHARES,N/A,TRADEABLE,IB
IBDVUS,SI.D.IBDVUS.CASH.IP,iShares iBonds Dec 2030 Term Corporate ETF,SHARES,N/A,TRADEABLE,IB
IBDWUS,SI.D.IBDWUS.CASH.IP,iShares iBonds Dec 2031 Term Corporate ETF,SHARES,N/A,TRADEABLE,IB
HYG,SI.D.HYG.CASH.IP,iShares iBoxx $ High Yield Corporate Bond ETF,SHARES,N/A,TRADEABLE,IB
COUKLN,KA.D.COUKLN.CASH.IP,Lyxor iBoxx (GBP) Liquid Corporates Long Dated UCITS ETF,SHARES,N/A,CLOSED,IB
IBGELN,KA.D.IBGELN.CASH.IP,iShares Euro Government Bond 0-1yr UCITS ETF - IBGE,SHARES,N/A,CLOSED,IB
IBGSLN,KA.D.IBGSLN.CASH.IP,iShares Euro Government Bond 1-3yr UCITS ETF - IBGS,SHARES,N/A,EDITS_ONLY,IB
IBGZLN,KA.D.IBGZLN.CASH.IP,iShares Euro Government Bond 10-15yr UCITS ETF - IBGZ,SHARES,N/A,CLOSED,IB
IBGXLN,KA.D.IBGXLN.CASH.IP,iShares Euro Government Bond 3-5yr UCITS ETF - IBGX,SHARES,N/A,EDITS_ONLY,IB
IBGYLN,KA.D.IBGYLN.CASH.IP,iShares Euro Government Bond 5-7yr UCITS ETF - IBGY,SHARES,N/A,EDITS_ONLY,IB
IBDQUS,SI.D.IBDQUS.CASH.IP,iShares Trust - iShares iBonds Dec 2025 Term Corporate ETF,SHARES,N/A,OFFLINE,IB
LQDUS,SI.D.LQDUS.CASH.IP,iShares iBoxx $ Investment Grade Corporate Bond ETF,SHARES,N/A,TRADEABLE,IB
IBCILN,KA.D.IBCILN.CASH.IP,iShares Euro Inflation Linked Government Bond UCITS ETF - IBCI,SHARES,N/A,EDITS_ONLY,IB
ICP,KA.D.ICP.CASH.IP,ICG PLC,SHARES,N/A,EDITS_ONLY,IC
ICFGLN,KC.D.ICFGLN.CASH.IP,ICFG Ltd,SHARES,N/A,SUSPENDED,IC
ICLR,UB.D.ICLR.CASH.IP,ICON PLC,SHARES,N/A,TRADEABLE,IC
TLPR,KA.D.TLPR.CASH.IP,TP ICAP PLC,SHARES,N/A,EDITS_ONLY,IC
ICADUS,UB.D.ICADUS.CASH.IP,iCAD Inc,SHARES,N/A,CLOSED,IC
HAKNSS,EH.D.HAKNSS.CASH.IP,ICA Gruppen AB (publ),SHARES,N/A,CLOSED,IC
ICVXUS,UB.D.ICVXUS.CASH.IP,Icosavax Inc,SHARES,N/A,CLOSED,IC
ICUIUS,UB.D.ICUIUS.CASH.IP,ICU Medical Inc,SHARES,N/A,TRADEABLE,IC
WDCLN,KC.D.WDCLN.CASH.IP,Iconic Labs PLC,SHARES,N/A,EDITS_ONLY,IC
IZMUS,UB.D.IZMUS.CASH.IP,Iczoom Group Inc,SHARES,N/A,TRADEABLE,IC
ICFIUS,UB.D.ICFIUS.CASH.IP,ICF International Inc,SHARES,N/A,TRADEABLE,IC
ICTNA,EG.D.ICTNA.CASH.IP,ICT Automatisering NV,SHARES,N/A,CLOSED,IC
ICCMUS,UB.D.ICCMUS.CASH.IP,IceCure Medical Limited,SHARES,N/A,TRADEABLE,IC
ICHRUS,UB.D.ICHRUS.CASH.IP,Ichor Holdings Limited,SHARES,N/A,TRADEABLE,IC
ICONUS,UB.D.ICONUS.CASH.IP,Iconix Brand Group Inc,SHARES,N/A,CLOSED,IC
MICCLN,KC.D.MICCLN.CASH.IP,Magnum Ice Cream Co NV/The (Lon),SHARES,N/A,EDITS_ONLY,IC
MICCNA,EG.D.MICCNA.CASH.IP,Magnum Ice Cream Co NV/The - EU,SHARES,N/A,EDITS_ONLY,IC
DGEPLN,KA.D.DGEPLN.CASH.IP,iClima Smart Energy UCITS ETF,SHARES,N/A,CLOSED,IC
GPE,KA.D.GPE.CASH.IP,ICG Graphite Enterprise Trust PLC,SHARES,N/A,EDITS_ONLY,IC
CHIPLN,KA.D.CHIPLN.CASH.IP,KraneShares ICBCCS S&P China 500 UCITS ETF,SHARES,N/A,EDITS_ONLY,IC
LVNGLN,KA.D.LVNGLN.CASH.IP,ARK Invest UCITS ICAV - ARK Environmental Impact 100 UCITS ETF,SHARES,N/A,EDITS_ONLY,IC
FOODLN,KA.D.FOODLN.CASH.IP,ARK Invest UCITS ICAV - ARK Sustainable Future of Food UCITS ETF,SHARES,N/A,EDITS_ONLY,IC
FOGBLN,KA.D.FOGBLN.CASH.IP,ARK Invest UCITS ICAV - ARK Sustainable Future of Food UCITS ETF,SHARES,N/A,EDITS_ONLY,IC
LITGLN,KA.D.LITGLN.CASH.IP,Global X ETFs ICAV - Global X Lithium & Battery Tech UCITS ETF,SHARES,N/A,EDITS_ONLY,IC
LBOWLN,KA.D.LBOWLN.CASH.IP,ICG-Longbow Senior Secured UK Property Debt Investments Ltd,SHARES,N/A,EDITS_ONLY,IC
KSTRLN,KA.D.KSTRLN.CASH.IP,Kraneshares ICBCCS SSE Star Market 50 Index UCITS ETF,SHARES,N/A,EDITS_ONLY,IC
HYMBUS,SI.D.HYMBUS.CASH.IP,State Street SPDR Nuveen ICE High Yield Municipal Bond ETF,SHARES,N/A,TRADEABLE,IC
TFIUS,SI.D.TFIUS.CASH.IP,State Street SPDR Nuveen ICE Municipal Bond ETF,SHARES,N/A,TRADEABLE,IC
SHMUS,SI.D.SHMUS.CASH.IP,State Street SPDR Nuveen ICE Short Term Municipal Bond ETF,SHARES,N/A,TRADEABLE,IC
TECCLN,KA.D.TECCLN.CASH.IP,Tabula ICAV - Tabula European Itraxx Crossover Credit Ucits ETF,SHARES,N/A,CLOSED,IC
IDOX,KA.D.IDOX.CASH.IP,IDOX PLC,SHARES,N/A,CLOSED,ID
IDEALN,KC.D.IDEALN.CASH.IP,Ideagen PLC,SHARES,N/A,CLOSED,ID
INVEUS,UB.D.INVEUS.CASH.IP,Identiv Inc,SHARES,N/A,TRADEABLE,ID
19TGR,ED.D.19TGR.CASH.IP,Idorsia Ltd,SHARES,N/A,CLOSED,ID
BIIB,UA.D.BIIB.CASH.IP,Biogen Idec Inc (24 Hours),SHARES,N/A,TRADEABLE,ID
IPWRUS,UB.D.IPWRUS.CASH.IP,Ideal Power Inc,SHARES,N/A,TRADEABLE,ID
SSCUS,UD.D.SSCUS.CASH.IP,Ideanomics Inc,SHARES,N/A,CLOSED,ID
IDUNBSS,EH.D.IDUNBSS.CASH.IP,Idun Industrier AB,SHARES,N/A,EDITS_ONLY,ID
IDLFP,EC.D.IDLFP.CASH.IP,ID Logistics Group SA,SHARES,N/A,EDITS_ONLY,ID
IDXX,UB.D.IDXX.CASH.IP,IDEXX Laboratories Inc (24 Hours),SHARES,N/A,TRADEABLE,ID
IDYAUS,UB.D.IDYAUS.CASH.IP,Ideaya Biosciences Inc,SHARES,N/A,TRADEABLE,ID
IDBTLN,KA.D.IDBTLN.CASH.IP,iShares $ Treasury Bond 1-3yr UCITS ETF - IDBT,SHARES,N/A,EDITS_ONLY,ID
IDPELN,KA.D.IDPELN.CASH.IP,iShares Listed Private Equity UCITS ETF - IDPE,SHARES,N/A,EDITS_ONLY,ID
IDNALN,KA.D.IDNALN.CASH.IP,iShares MSCI North America UCITS ETF - IDNA,SHARES,N/A,EDITS_ONLY,ID
IDUPLN,KA.D.IDUPLN.CASH.IP,iShares US Property Yield UCITS ETF - IDUP,SHARES,N/A,EDITS_ONLY,ID
XD3ELN,KA.D.XD3ELN.CASH.IP,Xtrackers Euro Stoxx Quality Dividend UCITS ETF ID,SHARES,N/A,EDITS_ONLY,ID
IDWPLN,KA.D.IDWPLN.CASH.IP,iShares Developed Markets Property Yield UCITS ETF - IDWP,SHARES,N/A,EDITS_ONLY,ID
IDEELN,KA.D.IDEELN.CASH.IP,iShares MSCI Eastern Europe Capped UCITS ETF - IDEE,SHARES,N/A,CLOSED,ID
IEXNA,EG.D.IEXNA.CASH.IP,IEX Group NV,SHARES,N/A,CLOSED,IE
IESCUS,UB.D.IESCUS.CASH.IP,IES Holdings Inc,SHARES,N/A,TRADEABLE,IE
IBPOLN,KC.D.IBPOLN.CASH.IP,iEnergizer Limited,SHARES,N/A,CLOSED,IE
IEMALN,KA.D.IEMALN.CASH.IP,iShares MSCI Emerging Markets UCITS ETF (Acc) - IEMA,SHARES,N/A,EDITS_ONLY,IE
IESULN,KA.D.IESULN.CASH.IP,iShares S&P 500 Energy Sector UCITS ETF - IESU,SHARES,N/A,EDITS_ONLY,IE
IEACLN,KA.D.IEACLN.CASH.IP,iShares Core Euro Corporate Bond UCITS ETF - IEAC,SHARES,N/A,EDITS_ONLY,IE
IEBCLN,KA.D.IEBCLN.CASH.IP,iShares Core Euro Corporate Bond UCITS ETF - IEBC,SHARES,N/A,EDITS_ONLY,IE
IEGALN,KA.D.IEGALN.CASH.IP,iShares Core Euro Government Bond UCITS ETF - IEGA,SHARES,N/A,CLOSED,IE
IEFSLN,KA.D.IEFSLN.CASH.IP,iShares Edge MSCI Europe Size Factor UCITS ETF - IEFS,SHARES,N/A,EDITS_ONLY,IE
IEFVLN,KA.D.IEFVLN.CASH.IP,iShares Edge MSCI Europe Value Factor UCITS ETF - IEFV,SHARES,N/A,EDITS_ONLY,IE
IE15LN,KA.D.IE15LN.CASH.IP,iShares Euro Corporate Bond 1-5yr UCITS ETF - IE15,SHARES,N/A,EDITS_ONLY,IE
IEMBLN,KA.D.IEMBLN.CASH.IP,iShares J.P. Morgan $ Emerging Markets Bond UCITS ETF - IEMB,SHARES,N/A,EDITS_ONLY,IE
IEERLN,KA.D.IEERLN.CASH.IP,iShares MSCI Eastern Europe Capped UCITS ETF - IEER,SHARES,N/A,CLOSED,IE
IESGLN,KA.D.IESGLN.CASH.IP,iShares Dow Jones Europe Sustainability Screened UCITS ETF - IESG,SHARES,N/A,EDITS_ONLY,IE
IGUS,SI.D.IGUS.CASH.IP,Principal Investment Grade Corporate Active ETF,SHARES,N/A,TRADEABLE,IG
IGIM,EF.D.IGIM.CASH.IP,Italgas SpA,SHARES,N/A,EDITS_ONLY,IG
IGRLN,KC.D.IGRLN.CASH.IP,IG Design Group Plc,SHARES,N/A,EDITS_ONLY,IG
IGMSUS,UB.D.IGMSUS.CASH.IP,IGM Biosciences Inc,SHARES,N/A,CLOSED,IG
IGACUS,UB.D.IGACUS.CASH.IP,IG Acquisition Corporation,SHARES,N/A,CLOSED,IG
IGG,KA.D.IGG.CASH.IP,IG Group Holdings PLC,SHARES,N/A,EDITS_ONLY,IG
BETPLN,KA.D.BETPLN.CASH.IP,Fischer Sports Betting & iGaming UCITS ETF - GBP,SHARES,N/A,CLOSED,IG
BETSLN,KA.D.BETSLN.CASH.IP,Fischer Sports Betting & iGaming UCITS ETF - USD,SHARES,N/A,CLOSED,IG
PUIPLN,KA.D.PUIPLN.CASH.IP,Invesco USD IG Corporate Bond ESG UCITS ETF,SHARES,N/A,EDITS_ONLY,IG
TTRXLN,KA.D.TTRXLN.CASH.IP,Tabula iTraxx IG Bond UCITS ETF EUR,SHARES,N/A,CLOSED,IG
IGLOLN,KA.D.IGLOLN.CASH.IP,iShares Global Government Bond UCITS ETF - IGLO,SHARES,N/A,EDITS_ONLY,IG
IGLHLN,KA.D.IGLHLN.CASH.IP,iShares Global Govt Bond UCITS ETF - IGLH,SHARES,N/A,EDITS_ONLY,IG
IGLNLN,KA.D.IGLNLN.CASH.IP,iShares Physical Gold ETC - IGLN,SHARES,N/A,EDITS_ONLY,IG
RRNLN,KA.D.RRNLN.CASH.IP,Rolls-Royce Holdings PLC Rights Issue - IG Deadline 6th Nov 20,SHARES,N/A,CLOSED,IG
IGEALN,KA.D.IGEALN.CASH.IP,iShares Emerging Asia Local Government Bond UCITS ETF - IGEA,SHARES,N/A,EDITS_ONLY,IG
IGHYLN,KA.D.IGHYLN.CASH.IP,iShares Global High Yield Corp Bond UCITS ETF - IGHY,SHARES,N/A,EDITS_ONLY,IG
IGSGLN,KA.D.IGSGLN.CASH.IP,iShares Dow Jones Global Sustainability Screened UCITS ETF - IGSG,SHARES,N/A,EDITS_ONLY,IG
IGSULN,KA.D.IGSULN.CASH.IP,iShares Dow Jones Global Sustainability Screened UCITS ETF - IGSU,SHARES,N/A,EDITS_ONLY,IG
IGILLN,KA.D.IGILLN.CASH.IP,iShares Global Inflation Linked Government Bond UCITS ETF - IGIL,SHARES,N/A,EDITS_ONLY,IG
IHRTUS,UB.D.IHRTUS.CASH.IP,iHeartMedia Inc,SHARES,N/A,TRADEABLE,IH
IHYGLN,KA.D.IHYGLN.CASH.IP,iShares Euro High Yield Corporate Bond UCITS ETF - IHYG (LSE),SHARES,N/A,EDITS_ONLY,IH
IHCULN,KA.D.IHCULN.CASH.IP,iShares S&P 500 Health Care Sector UCITS ETF - IHCU,SHARES,N/A,EDITS_ONLY,IH
AACIUUS,UA.D.AACIUUS.CASH.IP,Armada Acquisition Corp II,SHARES,N/A,TRADEABLE,II
FIIIUUS,UB.D.FIIIUUS.CASH.IP,Forum Merger III Corporation (Unit),SHARES,N/A,CLOSED,II
GMIIUUS,UB.D.GMIIUUS.CASH.IP,Gores Metropoulos II Inc,SHARES,N/A,CLOSED,II
IIIIUUS,UB.D.IIIIUUS.CASH.IP,INSU Acquisition Corp. III,SHARES,N/A,CLOSED,II
NHICIIUS,UC.D.NHICIIUS.CASH.IP,NewHold Investment Corp. II,SHARES,N/A,CLOSED,II
RMGBUUS,UC.D.RMGBUUS.CASH.IP,RMG Acquisition Corp. II,SHARES,N/A,CLOSED,II
RMGCUUS,UC.D.RMGCUUS.CASH.IP,RMG Acquisition Corp. III,SHARES,N/A,CLOSED,II
THCAUS,UD.D.THCAUS.CASH.IP,Tuscan Holdings Corp. II,SHARES,N/A,CLOSED,II
VTIQUUS,UD.D.VTIQUUS.CASH.IP,VectoIQ Acquisition Corp. II,SHARES,N/A,CLOSED,II
MTXXLN,KA.D.MTXXLN.CASH.IP,Amundi Euro Government Bond II UCITS ETF,SHARES,N/A,EDITS_ONLY,II
CTAQUUS,UA.D.CTAQUUS.CASH.IP,Carney Technology Acquisition Corp. II (Unit),SHARES,N/A,CLOSED,II
CPAAUUS,UA.D.CPAAUUS.CASH.IP,Conyers Park II Acquisition Corporation,SHARES,N/A,CLOSED,II
GPACUS,UB.D.GPACUS.CASH.IP,Global Partner Acquisition Corp II,SHARES,N/A,TRADEABLE,II
GPACUUS,UB.D.GPACUUS.CASH.IP,Global Partner Acquisition Corp. II,SHARES,N/A,CLOSED,II
KVSCUS,UB.D.KVSCUS.CASH.IP,Khosla Ventures Acquisition Co III,SHARES,N/A,CLOSED,II
MUDSUUS,UC.D.MUDSUUS.CASH.IP,Mudrick Capital Acquisition Corp. II (unit),SHARES,N/A,CLOSED,II
MUDSUS,UC.D.MUDSUS.CASH.IP,Mudrick Capital Acquisition Corporation II,SHARES,N/A,CLOSED,II
PTICUUS,UC.D.PTICUUS.CASH.IP,PropTech Investment Corporation II,SHARES,N/A,CLOSED,II
RC2LN,KC.D.RC2LN.CASH.IP,Reconstruction Capital II Limited,SHARES,N/A,CLOSED,II
ROCCUUS,UC.D.ROCCUUS.CASH.IP,Roth CH Acquisition II Company (Unit),SHARES,N/A,CLOSED,II
DNABUS,UB.D.DNABUS.CASH.IP,Social Capital Suvretta Holdings Corp. II,SHARES,N/A,CLOSED,II
DNACUS,UB.D.DNACUS.CASH.IP,Social Capital Suvretta Holdings Corp. III,SHARES,N/A,CLOSED,II
SAIIUUS,UD.D.SAIIUUS.CASH.IP,Software Acquisition Group Inc. II (Unit),SHARES,N/A,CLOSED,II
TVAUS,UD.D.TVAUS.CASH.IP,Texas Ventures Acquisition III Corp,SHARES,N/A,TRADEABLE,II
THBRUUS,UD.D.THBRUUS.CASH.IP,Thunder Bridge Acquisition II Limited (Units),SHARES,N/A,CLOSED,II
TBCPUUS,UD.D.TBCPUUS.CASH.IP,Thunder Bridge Capital Partners III Inc,SHARES,N/A,CLOSED,II
XSTRLN,KA.D.XSTRLN.CASH.IP,Xtrackers II GBP Cash Swap UCITS ETF 1D,SHARES,N/A,EDITS_ONLY,II
TIP5LN,KA.D.TIP5LN.CASH.IP,iShares II plc - iShares $ Tips 0-5 UCITS ETF,SHARES,N/A,EDITS_ONLY,II
IITBLN,KA.D.IITBLN.CASH.IP,iShares Italy Government Bond UCITS ETF - IITB,SHARES,N/A,CLOSED,II
DCRNUUS,UB.D.DCRNUUS.CASH.IP,Decarbonization Plus Acquisition Corporation II,SHARES,N/A,CLOSED,II
TRGBLN,KA.D.TRGBLN.CASH.IP,Invesco Markets II plc - Invesco US Treasury Bond UCITS ETF,SHARES,N/A,EDITS_ONLY,II
WLDSLN,KA.D.WLDSLN.CASH.IP,Ishares III PLC - Ishares Msci World Small Cap UCITS ETF - GBp,SHARES,N/A,EDITS_ONLY,II
AT1LN,KA.D.AT1LN.CASH.IP,Source Markets II Plc - Invesco At1 Capital Bond Ucits Etf,SHARES,N/A,EDITS_ONLY,II
XGSGLN,KA.D.XGSGLN.CASH.IP,Xtrackers II Global Government Bond UCITS ETF 2D - GBP Hedged,SHARES,N/A,EDITS_ONLY,II
XGIGLN,KA.D.XGIGLN.CASH.IP,Xtrackers II Global Inflation-Linked Bond UCITS ETF,SHARES,N/A,EDITS_ONLY,II
XTXCGY,ED.D.XTXCGY.CASH.IP,Xtrackers II iTraxx Crossover Swap UCITS ETF 1C,SHARES,N/A,CLOSED,II
IITULN,KA.D.IITULN.CASH.IP,iShares S&P 500 Information Technology Sector UCITS ETF - IITU,SHARES,N/A,EDITS_ONLY,II
FLOTLN,KA.D.FLOTLN.CASH.IP,iShares II Public Limited Company - iShares $ Floating Rate Bond UCITS ETF,SHARES,N/A,EDITS_ONLY,II
IHHGLN,KA.D.IHHGLN.CASH.IP,iShares II Public Limited Company - iShares $ High Yield Corporate Bond UCITS ETF,SHARES,N/A,EDITS_ONLY,II
WHEALN,KA.D.WHEALN.CASH.IP,SSgA SPDR ETFs Europe II Public Limited Company - SPDR MSCI World Health Care UCITS ETF,SHARES,N/A,EDITS_ONLY,II
IJSS,EH.D.IJSS.CASH.IP,Intrum AB (publ),SHARES,N/A,EDITS_ONLY,IJ
IJPALN,KA.D.IJPALN.CASH.IP,iShares Core MSCI Japan IMI UCITS ETF - IJPA,SHARES,N/A,EDITS_ONLY,IJ
IKNAUS,UB.D.IKNAUS.CASH.IP,Ikena Oncology Inc,SHARES,N/A,TRADEABLE,IK
IKNXUS,UB.D.IKNXUS.CASH.IP,IKONICS Corporation,SHARES,N/A,CLOSED,IK
USDILS,CS.D.USDILS.CFD.IP,USD/ILS,CURRENCIES,N/A,TRADEABLE,IL
USDILS,CS.D.USDILS.MINI.IP,USD/ILS Mini,CURRENCIES,N/A,TRADEABLE,IL
ILDFP,EC.D.ILDFP.CASH.IP,Iliad SA,SHARES,N/A,CLOSED,IL
IKALN,KC.D.IKALN.CASH.IP,Ilika PLC,SHARES,N/A,EDITS_ONLY,IL
ILKKA2FH,EB.D.ILKKA2FH.CASH.IP,Ilkka Oyj,SHARES,N/A,CLOSED,IL
ILMNUS,UB.D.ILMNUS.CASH.IP,Illumina Inc,SHARES,N/A,TRADEABLE,IL
S24IM,EF.D.S24IM.CASH.IP,Il Sole 24 Ore SpA,SHARES,N/A,CLOSED,IL
ILTYIM,EF.D.ILTYIM.CASH.IP,illimity Bank SpA,SHARES,N/A,CLOSED,IL
AILEUS,UA.D.AILEUS.CASH.IP,iLearningEngines Inc,SHARES,N/A,OFFLINE,IL
OJMIM,EF.D.OJMIM.CASH.IP,Openjobmetis Spa agenzia per il lavoro,SHARES,N/A,CLOSED,IL
IMNA,EG.D.IMNA.CASH.IP,Imtech NV,SHARES,N/A,CLOSED,IM
IMI,KA.D.IMI.CASH.IP,IMI PLC,SHARES,N/A,EDITS_ONLY,IM
IMVUS,UB.D.IMVUS.CASH.IP,IMV Inc,SHARES,N/A,OFFLINE,IM
IMSIM,EF.D.IMSIM.CASH.IP,IMMSI SpA,SHARES,N/A,EDITS_ONLY,IM
NKFP,EC.D.NKFP.CASH.IP,Imerys SA,SHARES,N/A,EDITS_ONLY,IM
PIUS,UC.D.PIUS.CASH.IP,Impinj Inc,SHARES,N/A,TRADEABLE,IM
CLSNUS,UA.D.CLSNUS.CASH.IP,Imunon Inc,SHARES,N/A,TRADEABLE,IM
IMCDNA,EG.D.IMCDNA.CASH.IP,IMCD Group NV,SHARES,N/A,EDITS_ONLY,IM
IMTXUS,UB.D.IMTXUS.CASH.IP,Immatics NV,SHARES,N/A,TRADEABLE,IM
VTLUS,UD.D.VTLUS.CASH.IP,Immunic Inc,SHARES,N/A,TRADEABLE,IM
IMGN,UB.D.IMGN.CASH.IP,ImmunoGen Inc,SHARES,N/A,CLOSED,IM
IMNMUS,UB.D.IMNMUS.CASH.IP,Immunome Inc,SHARES,N/A,TRADEABLE,IM
IMMNOVSS,EH.D.IMMNOVSS.CASH.IP,Immunovia AB (publ),SHARES,N/A,EDITS_ONLY,IM
PBMDUS,UC.D.PBMDUS.CASH.IP,Immutep Ltd,SHARES,N/A,TRADEABLE,IM
IMPASDBSS,EH.D.IMPASDBSS.CASH.IP,Implantica AG,SHARES,N/A,EDITS_ONLY,IM
BMRUS,UA.D.BMRUS.CASH.IP,Beamr Imaging Ltd,SHARES,N/A,TRADEABLE,IM
IMCCUS,UB.D.IMCCUS.CASH.IP,IM Cannabis Corp,SHARES,N/A,TRADEABLE,IM
IMACUS,UB.D.IMACUS.CASH.IP,IMAC Holdings Inc,SHARES,N/A,OFFLINE,IM
IMMRUS,UB.D.IMMRUS.CASH.IP,Immersion Corp,SHARES,N/A,TRADEABLE,IM
IMMXUS,UB.D.IMMXUS.CASH.IP,Immix Biopharma Inc,SHARES,N/A,TRADEABLE,IM
IMRXUS,UB.D.IMRXUS.CASH.IP,Immuneering Corp,SHARES,N/A,TRADEABLE,IM
NKUS,UC.D.NKUS.CASH.IP,ImmunityBio Inc,SHARES,N/A,TRADEABLE,IM
HSACUS,UB.D.HSACUS.CASH.IP,Immunovant Inc,SHARES,N/A,TRADEABLE,IM
IMM,KC.D.IMM.CASH.IP,Immupharma PLC,SHARES,N/A,EDITS_ONLY,IM
IMRNUS,UB.D.IMRNUS.CASH.IP,Immuron Limited - US,SHARES,N/A,TRADEABLE,IM
IMPCSS,EH.D.IMPCSS.CASH.IP,Impact Coatings AB,SHARES,N/A,EDITS_ONLY,IM
IPEL,KC.D.IPEL.CASH.IP,Impellam Group PLC,SHARES,N/A,CLOSED,IM
IMT,KA.D.IMT.CASH.IP,Imperial Brands PLC,SHARES,N/A,EDITS_ONLY,IM
IPRPL,PO.D.IPRPL.CASH.IP,Impresa SGPS SA,SHARES,N/A,EDITS_ONLY,IM
LEGGY,ED.D.LEGGY.CASH.IP,LEG Immobilien SE,SHARES,N/A,EDITS_ONLY,IM
EVLVUS,UB.D.EVLVUS.CASH.IP,Legacy IMBDS Inc,SHARES,N/A,CLOSED,IM
S9IGY,ED.D.S9IGY.CASH.IP,Stemmer Imaging AG,SHARES,N/A,CLOSED,IM
TEGGY,ED.D.TEGGY.CASH.IP,TAG Immobilien AG,SHARES,N/A,EDITS_ONLY,IM
TLGGY,ED.D.TLGGY.CASH.IP,TLG Immobilien AG,SHARES,N/A,EDITS_ONLY,IM
NVLSUS,UC.D.NVLSUS.CASH.IP,ALPINE IMMUNE SCIENCES INC,SHARES,N/A,CLOSED,IM
TLEPLN,KC.D.TLEPLN.CASH.IP,Asian Energy Impact Trust PLC,SHARES,N/A,CLOSED,IM
GWDGY,ED.D.GWDGY.CASH.IP,Godewind Immobilien AG,SHARES,N/A,CLOSED,IM
IGELN,KC.D.IGELN.CASH.IP,Image Scan Holdings PLC,SHARES,N/A,EDITS_ONLY,IM
FBDULN,KC.D.FBDULN.CASH.IP,Imaging Biometrics Limited,SHARES,N/A,EDITS_ONLY,IM
ICCCUS,UB.D.ICCCUS.CASH.IP,ImmuCell Corporation,SHARES,N/A,TRADEABLE,IM
IMNPUS,UB.D.IMNPUS.CASH.IP,Immune Pharmaceuticals Inc,SHARES,N/A,CLOSED,IM
IMCRUS,UB.D.IMCRUS.CASH.IP,Immunocore Holdings PLC,SHARES,N/A,TRADEABLE,IM
IMPSJ,AR.D.IMPSJ.CASH.IP,Impala Platinum Holdings Ltd,SHARES,N/A,EDITS_ONLY,IM
IPLSJ,AR.D.IPLSJ.CASH.IP,Imperial Holdings Ltd,SHARES,N/A,CLOSED,IM
IOFI,KA.D.IOFI.CASH.IP,Iofina PLC,SHARES,N/A,EDITS_ONLY,IO
IOSGY,ED.D.IOSGY.CASH.IP,Ionos SE,SHARES,N/A,EDITS_ONLY,IO
EOHSJ,AR.D.EOHSJ.CASH.IP,iOCO Limited,SHARES,N/A,EDITS_ONLY,IO
IOTRUS,UB.D.IOTRUS.CASH.IP,iOthree Ltd,SHARES,N/A,TRADEABLE,IO
IOM,KA.D.IOM.CASH.IP,iomart Group PLC,SHARES,N/A,EDITS_ONLY,IO
ISIS,UB.D.ISIS.CASH.IP,Ionis Pharmaceuticals Inc,SHARES,N/A,TRADEABLE,IO
IOVAUS,UB.D.IOVAUS.CASH.IP,Iovance Biotherapeutics Inc,SHARES,N/A,TRADEABLE,IO
ION3LN,KA.D.ION3LN.CASH.IP,Leverage Shares 3x Long IONQ ETP - GBp,SHARES,N/A,CLOSED,IO
IONQLN,KA.D.IONQLN.CASH.IP,Leverage Shares 3x Long IONQ ETP - USD,SHARES,N/A,EDITS_ONLY,IO
STARLN,KC.D.STARLN.CASH.IP,T42 IoT Tracking Solutions PLC,SHARES,N/A,EDITS_ONLY,IO
IPIM,EF.D.IPIM.CASH.IP,Interpump Group SpA,SHARES,N/A,EDITS_ONLY,IP
IPSFP,EC.D.IPSFP.CASH.IP,IPSOS,SHARES,N/A,EDITS_ONLY,IP
IPNFP,EC.D.IPNFP.CASH.IP,Ipsen SA,SHARES,N/A,EDITS_ONLY,IP
IPWUS,UB.D.IPWUS.CASH.IP,iPower Inc,SHARES,N/A,TRADEABLE,IP
IPO,KA.D.IPO.CASH.IP,IP Group PLC,SHARES,N/A,EDITS_ONLY,IP
IPXUS,UB.D.IPXUS.CASH.IP,IperionX Ltd,SHARES,N/A,TRADEABLE,IP
IPGPUS,UB.D.IPGPUS.CASH.IP,IPG Photonics Corp,SHARES,N/A,TRADEABLE,IP
AWELN,KA.D.AWELN.CASH.IP,Alphawave IP Group PLC,SHARES,N/A,CLOSED,IP
FIPPLN,KC.D.FIPPLN.CASH.IP,Frontier IP Group PLC,SHARES,N/A,EDITS_ONLY,IP
CASKUS,UA.D.CASKUS.CASH.IP,IP Strategy Holdings Inc,SHARES,N/A,OFFLINE,IP
IMPLUS,UB.D.IMPLUS.CASH.IP,IPI Legacy Liquidation Co,SHARES,N/A,CLOSED,IP
OMIPLN,KC.D.OMIPLN.CASH.IP,One Media iP Group PLC,SHARES,N/A,EDITS_ONLY,IP
IPICUS,UB.D.IPICUS.CASH.IP,iPic Entertainment Inc,SHARES,N/A,OFFLINE,IP
FPXIUS,UB.D.FPXIUS.CASH.IP,First Trust International IPO ETF,SHARES,N/A,TRADEABLE,IP
VXZUS,SI.D.VXZUS.CASH.IP,iPath S&P 500 VIX Mid-Term Futures ETN,SHARES,N/A,TRADEABLE,IP
VXXBUS,SI.D.VXXBUS.CASH.IP,iPath S&P 500 VIX Short-Term Futures ETN,SHARES,N/A,TRADEABLE,IP
IPRVLN,KA.D.IPRVLN.CASH.IP,iShares Listed Private Equity UCITS ETF - IPRV,SHARES,N/A,EDITS_ONLY,IP
IPXJLN,KA.D.IPXJLN.CASH.IP,iShares MSCI Pacific ex-Japan UCITS ETF (Dist) - IPXJ,SHARES,N/A,EDITS_ONLY,IP
IPOLLN,KA.D.IPOLLN.CASH.IP,iShares MSCI Poland UCITS ETF - IPOL,SHARES,N/A,EDITS_ONLY,IP
IPDMLN,KA.D.IPDMLN.CASH.IP,iShares Physical Palladium ETC - IPDM,SHARES,N/A,EDITS_ONLY,IP
IPLTLN,KA.D.IPLTLN.CASH.IP,iShares Physical Platinum ETC - IPLT,SHARES,N/A,EDITS_ONLY,IP
DJPUS,SI.D.DJPUS.CASH.IP,iPath Bloomberg Commodity Index Total Return ETN,SHARES,N/A,TRADEABLE,IP
JJCUS,SI.D.JJCUS.CASH.IP,iPath Bloomberg Copper Subindex Total Return ETN,SHARES,N/A,CLOSED,IP
COWUS,SI.D.COWUS.CASH.IP,iPath Bloomberg Livestock Subindex Total Return ETN,SHARES,N/A,CLOSED,IP
IPRPLN,KA.D.IPRPLN.CASH.IP,iShares European Property Yield UCITS ETF - IPRP (LSE),SHARES,N/A,EDITS_ONLY,IP
IQUS,UB.D.IQUS.CASH.IP,iQIYI Inc - ADR,SHARES,N/A,TRADEABLE,IQ
IQE,KA.D.IQE.CASH.IP,IQE PLC,SHARES,N/A,EDITS_ONLY,IQ
IQSTUS,UB.D.IQSTUS.CASH.IP,iQSTEL Inc,SHARES,N/A,TRADEABLE,IQ
UBILN,KC.D.UBILN.CASH.IP,IQGEO Group PLC,SHARES,N/A,CLOSED,IQ
IRRASSS,EH.D.IRRASSS.CASH.IP,IRRAS AB,SHARES,N/A,CLOSED,IR
IRDIM,EF.D.IRDIM.CASH.IP,Iren SpA,SHARES,N/A,EDITS_ONLY,IR
IRISSS,EH.D.IRISSS.CASH.IP,Irisity AB,SHARES,N/A,EDITS_ONLY,IR
BKIRLN,KA.D.BKIRLN.CASH.IP,Bank of Ireland,SHARES,N/A,EDITS_ONLY,IR
IRENUS,UB.D.IRENUS.CASH.IP,IREN Limited (24 Hours),SHARES,N/A,TRADEABLE,IR
IRIXUS,UB.D.IRIXUS.CASH.IP,IRIDEX Corp,SHARES,N/A,TRADEABLE,IR
MRG,KC.D.MRG.CASH.IP,Ironveld PLC,SHARES,N/A,EDITS_ONLY,IR
MIRL,KC.D.MIRL.CASH.IP,Minera IRL Ltd,SHARES,N/A,CLOSED,IR
IRBTUS,UB.D.IRBTUS.CASH.IP,iRobot Corp,SHARES,N/A,CLOSED,IR
KIOSJ,AR.D.KIOSJ.CASH.IP,Kumba Iron Ore Ltd,SHARES,N/A,CLOSED,IR
WHILN,KC.D.WHILN.CASH.IP,WH Ireland Group,SHARES,N/A,CLOSED,IR
IRLABASS,EH.D.IRLABASS.CASH.IP,IRLAB Therapeutics AB (publ),SHARES,N/A,EDITS_ONLY,IR
IRMDUS,UB.D.IRMDUS.CASH.IP,IRadimed Corporation,SHARES,N/A,TRADEABLE,IR
IRDMUS,UB.D.IRDMUS.CASH.IP,Iridium Communications Inc,SHARES,N/A,TRADEABLE,IR
ZIOC,KA.D.ZIOC.CASH.IP,Zanaga Iron Ore Co Ltd,SHARES,N/A,EDITS_ONLY,IR
IRTCUS,UB.D.IRTCUS.CASH.IP,iRhythm Holdings Inc,SHARES,N/A,TRADEABLE,IR
IREUS,SI.D.IREUS.CASH.IP,Defiance Daily Target 2X Long IREN ETF,SHARES,N/A,TRADEABLE,IR
IRCPUS,UB.D.IRCPUS.CASH.IP,IRSA Propiedades Comerciales SA,SHARES,N/A,CLOSED,IR
YIRELN,KA.D.YIRELN.CASH.IP,IncomeShares IREN Options ETP,SHARES,N/A,EDITS_ONLY,IR
ICGLN,KA.D.ICGLN.CASH.IP,Irish Continental Group PLC - LSE,SHARES,N/A,EDITS_ONLY,IR
IRWDUS,UB.D.IRWDUS.CASH.IP,Ironwood Pharmaceuticals Inc,SHARES,N/A,TRADEABLE,IR
UB0ALN,KA.D.UB0ALN.CASH.IP,UBS Irl ETF plc - MSCI USA UCITS ETF,SHARES,N/A,EDITS_ONLY,IR
5ESGLN,KA.D.5ESGLN.CASH.IP,UBS Irl ETF plc - S&P 500 ESG UCITS ETF,SHARES,N/A,EDITS_ONLY,IR
SRUGLN,KA.D.SRUGLN.CASH.IP,UBS Irl ETF PLC - MSCI USA Socially Responsible UCITS ETF,SHARES,N/A,EDITS_ONLY,IR
SRIULN,KA.D.SRIULN.CASH.IP,UBS Irl ETF PLC - MSCI USA Socially Responsible UCITS ETF (USD DIS),SHARES,N/A,EDITS_ONLY,IR
SRWGLN,KA.D.SRWGLN.CASH.IP,UBS Irl ETF PLC - MSCI World Socially Responsible UCITS ETF,SHARES,N/A,EDITS_ONLY,IR
GENGLN,KA.D.GENGLN.CASH.IP,UBS Irl ETF plc - Global Gender Equality UCITS ETF,SHARES,N/A,EDITS_ONLY,IR
AWSGLN,KA.D.AWSGLN.CASH.IP,UBS Irl ETF plc - MSCI ACWI Socially Responsible UCITS ETF,SHARES,N/A,EDITS_ONLY,IR
IUESLN,KA.D.IUESLN.CASH.IP,iShares S&P 500 Energy Sector UCITS ETF - IUES,SHARES,N/A,EDITS_ONLY,IU
IUAELN,KA.D.IUAELN.CASH.IP,iShares US Aggregate Bond UCITS ETF - IUAE,SHARES,N/A,EDITS_ONLY,IU
IUGALN,KA.D.IUGALN.CASH.IP,iShares US Aggregate Bond UCITS ETF - IUGA,SHARES,N/A,EDITS_ONLY,IU
IUSPLN,KA.D.IUSPLN.CASH.IP,iShares US Property Yield UCITS ETF - IUSP,SHARES,N/A,EDITS_ONLY,IU
IUITLN,KA.D.IUITLN.CASH.IP,iShares S&P 500 Information Technology Sector UCITS ETF - IUIT,SHARES,N/A,EDITS_ONLY,IU
IVSIM,EF.D.IVSIM.CASH.IP,IVS Group SA,SHARES,N/A,CLOSED,IV
IVGIM,EF.D.IVGIM.CASH.IP,Iveco Group NV,SHARES,N/A,EDITS_ONLY,IV
IVAN,UB.D.IVAN.CASH.IP,Ivanhoe Energy Inc,SHARES,N/A,CLOSED,IV
IVDAUS,UB.D.IVDAUS.CASH.IP,Iveda Solutions Inc,SHARES,N/A,TRADEABLE,IV
IVUGY,ED.D.IVUGY.CASH.IP,IVU Traffic Technologie SA,SHARES,N/A,EDITS_ONLY,IV
IVESUS,SI.D.IVESUS.CASH.IP,DAN Ives Wedbush AI Revolution ETF,SHARES,N/A,TRADEABLE,IV
IVPH,KC.D.IVPH.CASH.IP,IVPB - Invesco Perpetual Select Trust PLC,SHARES,N/A,CLOSED,IV
DNADUS,UB.D.DNADUS.CASH.IP,Social Capital Suvretta Holdings Corp. IV,SHARES,N/A,CLOSED,IV
EMVLLN,KA.D.EMVLLN.CASH.IP,IShares IV Public Limited Company - iShares Edge MSCI EM Value Factor UCITS ETF,SHARES,N/A,CLOSED,IV
JPSGLN,KA.D.JPSGLN.CASH.IP,iShares IV Public Limited Company - iShares MSCI Japan SRI UCITS ETF USD,SHARES,N/A,EDITS_ONLY,IV
IWDALN,KA.D.IWDALN.CASH.IP,iShares Core MSCI World UCITS ETF - IWDA,SHARES,N/A,EDITS_ONLY,IW
IWRD,KA.D.IWRD.CASH.IP,iShares MSCI World ETF Inc - IWRD,SHARES,N/A,EDITS_ONLY,IW
IWDELN,KA.D.IWDELN.CASH.IP,iShares MSCI World EUR Hedged UCITS ETF - IWDE (LSE),SHARES,N/A,EDITS_ONLY,IW
IWDPLN,KA.D.IWDPLN.CASH.IP,iShares Developed Markets Property Yield UCITS ETF - IWDP,SHARES,N/A,EDITS_ONLY,IW
IWFMLN,KA.D.IWFMLN.CASH.IP,iShares Edge MSCI World Momentum Factor UCITS ETF - IWFM,SHARES,N/A,EDITS_ONLY,IW
IWFSLN,KA.D.IWFSLN.CASH.IP,iShares Edge MSCI World Size Factor UCITS ETF - IWFS,SHARES,N/A,EDITS_ONLY,IW
IWFVLN,KA.D.IWFVLN.CASH.IP,iShares Edge MSCI World Value Factor UCITS ETF - IWFV,SHARES,N/A,EDITS_ONLY,IW
IXLN,KC.D.IXLN.CASH.IP,I(X) Net Zero PLC,SHARES,N/A,CLOSED,IX
PYM,KC.D.PYM.CASH.IP,Ixico Plc,SHARES,N/A,EDITS_ONLY,IX
IZAFEBSS,EH.D.IZAFEBSS.CASH.IP,iZafe Group AB,SHARES,N/A,EDITS_ONLY,IZ
IZEAUS,UB.D.IZEAUS.CASH.IP,IZEA Worldwide Inc,SHARES,N/A,TRADEABLE,IZ
NIKKEI,IX.D.NIKKEI.IFM.IP,Japan 225 Cash ($1),INDICES,N/A,TRADEABLE,JA
NIKFUT,IX.D.NIKFUT.FWM1.IP,Japan 225 ($1),INDICES,N/A,TRADEABLE,JA
JBX,UB.D.JBX.CASH.IP,Jack in the Box Inc,SHARES,N/A,TRADEABLE,JA
DIGI,KC.D.DIGI.CASH.IP,Jaywing PLC,SHARES,N/A,CLOSED,JA
JAKKUS,UB.D.JAKKUS.CASH.IP,JAKKS Pacific Inc,SHARES,N/A,TRADEABLE,JA
JAGXUS,UB.D.JAGXUS.CASH.IP,Jaguar Health Inc,SHARES,N/A,OFFLINE,JA
JHD,KA.D.JHD.CASH.IP,James Halstead PLC,SHARES,N/A,EDITS_ONLY,JA
LTHMLN,KC.D.LTHMLN.CASH.IP,James Latham PLC,SHARES,N/A,EDITS_ONLY,JA
JANLN,KC.D.JANLN.CASH.IP,Jangada Mines PLC,SHARES,N/A,EDITS_ONLY,JA
STJ,KA.D.STJ.CASH.IP,St James's Place PLC,SHARES,N/A,EDITS_ONLY,JA
UJOLN,KC.D.UJOLN.CASH.IP,Union Jack Oil PLC,SHARES,N/A,EDITS_ONLY,JA
LCJGLN,KA.D.LCJGLN.CASH.IP,Amundi MSCI Japan UCITS ETF,SHARES,N/A,EDITS_ONLY,JA
LCJPLN,KA.D.LCJPLN.CASH.IP,Amundi MSCI Japan UCITS ETF (GBP),SHARES,N/A,EDITS_ONLY,JA
FJV,KA.D.FJV.CASH.IP,Fidelity Japan Trust PLC,SHARES,N/A,CLOSED,JA
JASO,UB.D.JASO.CASH.IP,JA Solar Holdings Co Ltd - ADR,SHARES,N/A,CLOSED,JA
JKHY,UB.D.JKHY.CASH.IP,Jack Henry & Associates Inc (24 Hours),SHARES,N/A,TRADEABLE,JA
IMSFP,EC.D.IMSFP.CASH.IP,Jacquet Metal Service,SHARES,N/A,EDITS_ONLY,JA
AVTEUS,UA.D.AVTEUS.CASH.IP,Jade Biosciences Inc,SHARES,N/A,TRADEABLE,JA
ADAMLN,KC.D.ADAMLN.CASH.IP,Jade Road Investments Ltd,SHARES,N/A,EDITS_ONLY,JA
JSELN,KC.D.JSELN.CASH.IP,Jadestone Energy Inc,SHARES,N/A,EDITS_ONLY,JA
FSJ,KA.D.FSJ.CASH.IP,James Fisher & Sons PLC,SHARES,N/A,EDITS_ONLY,JA
JAMFUS,UB.D.JAMFUS.CASH.IP,Jamf Holding Corporation,SHARES,N/A,CLOSED,JA
JANXUS,UB.D.JANXUS.CASH.IP,Janux Therapeutics Inc,SHARES,N/A,TRADEABLE,JA
JIMLN,KC.D.JIMLN.CASH.IP,Jarvis Securities PLC,SHARES,N/A,EDITS_ONLY,JA
JASNUS,UB.D.JASNUS.CASH.IP,Jason Industries Inc,SHARES,N/A,CLOSED,JA
JSPRUS,UB.D.JSPRUS.CASH.IP,Jasper Therapeutics Inc,SHARES,N/A,TRADEABLE,JA
JYDUS,UB.D.JYDUS.CASH.IP,Jayud Global Logistics Ltd,SHARES,N/A,TRADEABLE,JA
JAZZUS,UB.D.JAZZUS.CASH.IP,Jazz Pharmaceuticals PLC,SHARES,N/A,TRADEABLE,JA
JPNLLN,KA.D.JPNLLN.CASH.IP,Lyxor Japan (Topix) (DR) UCITS ETF D-EUR,SHARES,N/A,EDITS_ONLY,JA
EZJUS,SI.D.EZJUS.CASH.IP,ProShares Ultra MSCI Japan,SHARES,N/A,TRADEABLE,JA
SJG,KA.D.SJG.CASH.IP,Schroder Japan Trust plc,SHARES,N/A,EDITS_ONLY,JA
CSJPLN,KA.D.CSJPLN.CASH.IP,iShares MSCI Japan UCITS ETF (Acc),SHARES,N/A,EDITS_ONLY,JA
IJPN,KA.D.IJPN.CASH.IP,iShares MSCI Japan UCITS ETF (Dist),SHARES,N/A,EDITS_ONLY,JA
EWJVUS,UB.D.EWJVUS.CASH.IP,iShares MSCI Japan Value ETF,SHARES,N/A,TRADEABLE,JA
ABAA,KC.D.ABAA.CASH.IP,ABRDN JAPAN INVESTMENT TRUST PLC,SHARES,N/A,CLOSED,JA
JBDIUS,UB.D.JBDIUS.CASH.IP,Jbdi Holdings Ltd,SHARES,N/A,TRADEABLE,JB
JD,KA.D.JD.CASH.IP,JD Sports Fashion PLC,SHARES,N/A,EDITS_ONLY,JD
JDUS,UB.D.JDUS.CASH.IP,JD.com Inc (24 Hours),SHARES,N/A,TRADEABLE,JD
JDW,KA.D.JDW.CASH.IP,JD Wetherspoon PLC,SHARES,N/A,EDITS_ONLY,JD
013CGR,ED.D.013CGR.CASH.IP,JD.com Inc (Frankfurt),SHARES,N/A,CLOSED,JD
JD3LN,KA.D.JD3LN.CASH.IP,Leverage Shares 3x JD.Com ETP,SHARES,N/A,EDITS_ONLY,JD
JDTLN,KC.D.JDTLN.CASH.IP,JDT - Jupiter Dividend & Growth Trust PLC,SHARES,N/A,CLOSED,JD
JDTCLN,KC.D.JDTCLN.CASH.IP,JDTC - Jupiter Dividend & Growth Trust PLC,SHARES,N/A,CLOSED,JD
JDTZLN,KC.D.JDTZLN.CASH.IP,JDTZ - Jupiter Dividend & Growth Trust PLC,SHARES,N/A,CLOSED,JD
3JDELN,KA.D.3JDELN.CASH.IP,Leverage Shares 3x JD.Com ETP - EUR,SHARES,N/A,EDITS_ONLY,JD
3JDLN,KA.D.3JDLN.CASH.IP,Leverage Shares 3x JD.Com ETP - GBp,SHARES,N/A,EDITS_ONLY,JD
JDANDC,EP.D.JDANDC.CASH.IP,Jeudan AS,SHARES,N/A,EDITS_ONLY,JE
JTAIUS,UB.D.JTAIUS.CASH.IP,Jet.AI Inc,SHARES,N/A,TRADEABLE,JE
DTG,KA.D.DTG.CASH.IP,Jet2 PLC,SHARES,N/A,EDITS_ONLY,JE
JEN,ED.D.JEN.CASH.IP,Jenoptik AG,SHARES,N/A,EDITS_ONLY,JE
JENBB,EA.D.JENBB.CASH.IP,Jensen-Group NV,SHARES,N/A,EDITS_ONLY,JE
TRAPLN,KC.D.TRAPLN.CASH.IP,Jersey Oil and Gas PLC,SHARES,N/A,EDITS_ONLY,JE
KGJIUS,UB.D.KGJIUS.CASH.IP,Kingold Jewelry Inc,SHARES,N/A,OFFLINE,JE
JMARPL,PO.D.JMARPL.CASH.IP,Jeronimo Martins SGPS SA,SHARES,N/A,EDITS_ONLY,JE
JELLN,KC.D.JELLN.CASH.IP,Jersey Electricity PLC,SHARES,N/A,EDITS_ONLY,JE
JBLU,UB.D.JBLU.CASH.IP,JetBlue Airways Corp,SHARES,N/A,TRADEABLE,JE
JETSLN,KA.D.JETSLN.CASH.IP,U.S. Global Jets UCITS ETF,SHARES,N/A,CLOSED,JE
JETPLN,KA.D.JETPLN.CASH.IP,US Global Jets UCITS ETF,SHARES,N/A,CLOSED,JE
JCTCFUS,UB.D.JCTCFUS.CASH.IP,Jewett-Cameron Trading Company Limited,SHARES,N/A,TRADEABLE,JE
JEIPLN,KA.D.JEIPLN.CASH.IP,JPMorgan US Equity Premium Income Active UCITS ETF [JEIP],SHARES,N/A,EDITS_ONLY,JE
PTUS,UC.D.PTUS.CASH.IP,J and Friends Holdings Limited,SHARES,N/A,TRADEABLE,JF
FROGUS,UB.D.FROGUS.CASH.IP,JFrog Limited,SHARES,N/A,TRADEABLE,JF
JGUS,UB.D.JGUS.CASH.IP,Aurora Mobile Limited,SHARES,N/A,TRADEABLE,JG
CHOOLN,KA.D.CHOOLN.CASH.IP,Jimmy Choo PLC,SHARES,N/A,CLOSED,JI
JZXNUS,UB.D.JZXNUS.CASH.IP,Jiuzi Holdings Inc,SHARES,N/A,TRADEABLE,JI
JSILN,KC.D.JSILN.CASH.IP,Jiasen International Holdings Ltd,SHARES,N/A,CLOSED,JI
ZJYLUS,UD.D.ZJYLUS.CASH.IP,Jin Medical International Ltd,SHARES,N/A,TRADEABLE,JI
CJMBUS,UA.D.CJMBUS.CASH.IP,Callan Jmb Inc,SHARES,N/A,TRADEABLE,JM
JOANUS,UB.D.JOANUS.CASH.IP,JOANN Inc,SHARES,N/A,CLOSED,JO
JSTGY,ED.D.JSTGY.CASH.IP,JOST Werke AG,SHARES,N/A,EDITS_ONLY,JO
C21LN,KC.D.C21LN.CASH.IP,Journeo PLC,SHARES,N/A,EDITS_ONLY,JO
JLGLN,KA.D.JLGLN.CASH.IP,John Laing Group PLC,SHARES,N/A,CLOSED,JO
MNZS,KA.D.MNZS.CASH.IP,John Menzies PLC,SHARES,N/A,CLOSED,JO
WG,KA.D.WG.CASH.IP,John Wood Group PLC,SHARES,N/A,CLOSED,JO
JMAT,KA.D.JMAT.CASH.IP,Johnson Matthey PLC,SHARES,N/A,EDITS_ONLY,JO
JPR,KA.D.JPR.CASH.IP,Johnston Press PLC,SHARES,N/A,CLOSED,JO
JOULLN,KC.D.JOULLN.CASH.IP,Joules Limited,SHARES,N/A,CLOSED,JO
JYNTUS,UB.D.JYNTUS.CASH.IP,The Joint Corporation,SHARES,N/A,TRADEABLE,JO
WJGLN,KC.D.WJGLN.CASH.IP,Watkin Jones PLC,SHARES,N/A,EDITS_ONLY,JO
DJCOUS,UB.D.DJCOUS.CASH.IP,Daily Journal Corporation,SHARES,N/A,TRADEABLE,JO
GFRM,KA.D.GFRM.CASH.IP,Howden Joinery Group PLC,SHARES,N/A,EDITS_ONLY,JO
JBSSUS,UB.D.JBSSUS.CASH.IP,John B Sanfilippo & Son Inc,SHARES,N/A,TRADEABLE,JO
JOUTUS,UB.D.JOUTUS.CASH.IP,Johnson Outdoors Inc,SHARES,N/A,TRADEABLE,JO
JSG,KA.D.JSG.CASH.IP,Johnson Service Group PLC,SHARES,N/A,EDITS_ONLY,JO
JDTSS,EH.D.JDTSS.CASH.IP,JonDeTech Sensors AB (publ),SHARES,N/A,CLOSED,JO
JOSESS,EH.D.JOSESS.CASH.IP,Josemaria Resources Inc,SHARES,N/A,CLOSED,JO
JNCEUS,UB.D.JNCEUS.CASH.IP,Jounce Therapeutics Inc,SHARES,N/A,CLOSED,JO
DERMUS,UB.D.DERMUS.CASH.IP,Journey Medical Corp,SHARES,N/A,TRADEABLE,JO
JWELUS,UB.D.JWELUS.CASH.IP,Jowell Global Limited,SHARES,N/A,TRADEABLE,JO
LJPCUS,UB.D.LJPCUS.CASH.IP,La Jolla Pharmaceutical Co,SHARES,N/A,CLOSED,JO
PZZA,UC.D.PZZA.CASH.IP,Papa John's International Inc,SHARES,N/A,TRADEABLE,JO
3JOBLN,KA.D.3JOBLN.CASH.IP,Leverage Shares 3x Long Joby Aviation JOBY ETP - GBp,SHARES,N/A,EDITS_ONLY,JO
WEBLUS,SI.D.WEBLUS.CASH.IP,Direxion Daily Dow Jones Internet Bull 3X ETF,SHARES,N/A,TRADEABLE,JO
INSXLN,KA.D.INSXLN.CASH.IP,Invesco Dow Jones US Insurance UCITS ETF,SHARES,N/A,EDITS_ONLY,JO
JOMASS,EH.D.JOMASS.CASH.IP,John Mattson Fastighetsforetagen AB (publ),SHARES,N/A,EDITS_ONLY,JO
SPSKUS,SI.D.SPSKUS.CASH.IP,SP Funds Dow Jones Global Sukuk ETF,SHARES,N/A,TRADEABLE,JO
RWOUS,SI.D.RWOUS.CASH.IP,SPDR Dow Jones Global Real Estate ETF,SHARES,N/A,TRADEABLE,JO
GBRELN,KA.D.GBRELN.CASH.IP,SPDR Dow Jones Global Real Estate UCITS ETF,SHARES,N/A,EDITS_ONLY,JO
GLRELN,KA.D.GLRELN.CASH.IP,SPDR Dow Jones Global Real Estate UCITS ETF,SHARES,N/A,EDITS_ONLY,JO
RWXUS,SI.D.RWXUS.CASH.IP,SPDR Dow Jones International Real Estate ETF,SHARES,N/A,TRADEABLE,JO
RWRUS,SI.D.RWRUS.CASH.IP,State Street SPDR Dow Jones REIT ETF,SHARES,N/A,TRADEABLE,JO
UMMAUS,UD.D.UMMAUS.CASH.IP,Wahed Dow Jones Islamic World ETF,SHARES,N/A,TRADEABLE,JO
DJIWLN,KA.D.DJIWLN.CASH.IP,Wahed Dow Jones Islamic World UCITS ETF,SHARES,N/A,EDITS_ONLY,JO
FDNILN,KA.D.FDNILN.CASH.IP,First Trust Dow Jones International Internet UCITS ETF,SHARES,N/A,EDITS_ONLY,JO
DJEULN,KA.D.DJEULN.CASH.IP,Lyxor Dow Jones Industrial Average UCITS ETF Dist,SHARES,N/A,EDITS_ONLY,JO
CINDLN,KA.D.CINDLN.CASH.IP,iShares Dow Jones Industrial Average UCITS ETF,SHARES,N/A,EDITS_ONLY,JO
FDNLN,KA.D.FDNLN.CASH.IP,First Trust Global Funds Plc - First Trust Dow Jones Internet Ucits Etf,SHARES,N/A,EDITS_ONLY,JO
IGDALN,KA.D.IGDALN.CASH.IP,Invesco Dow Jones Islamic Global Developed Markets UCITS ETF,SHARES,N/A,EDITS_ONLY,JO
ZARJPY,CS.D.ZARJPY.CFD.IP,ZAR/JPY,CURRENCIES,N/A,TRADEABLE,JP
ZARJPY,CS.D.ZARJPY.MINI.IP,ZAR/JPY Mini,CURRENCIES,N/A,TRADEABLE,JP
SGDJPY,CS.D.SGDJPY.CFD.IP,SGD/JPY,CURRENCIES,N/A,TRADEABLE,JP
SGDJPY,CS.D.SGDJPY.MINI.IP,SGD/JPY Mini,CURRENCIES,N/A,TRADEABLE,JP
TRYJPY,CS.D.TRYJPY.CFD.IP,TRY/JPY,CURRENCIES,N/A,OFFLINE,JP
TRYJPY,CS.D.TRYJPY.MINI.IP,TRY/JPY Mini,CURRENCIES,N/A,OFFLINE,JP
MXNJPY,CS.D.MXNJPY.CFD.IP,MXN/JPY,CURRENCIES,N/A,TRADEABLE,JP
PLNJPY,CS.D.PLNJPY.CFD.IP,PLN/JPY,CURRENCIES,N/A,TRADEABLE,JP
MXNJPY,CS.D.MXNJPY.MINI.IP,MXN/JPY Mini,CURRENCIES,N/A,TRADEABLE,JP
PLNJPY,CS.D.PLNJPY.MINI.IP,PLN/JPY Mini,CURRENCIES,N/A,TRADEABLE,JP
SEKJPY,CS.D.SEKJPY.CFD.IP,SEK/JPY,CURRENCIES,N/A,TRADEABLE,JP
NOKJPY,CS.D.NOKJPY.CFD.IP,NOK/JPY,CURRENCIES,N/A,TRADEABLE,JP
NOKJPY,CS.D.NOKJPY.MINI.IP,NOK/JPY Mini,CURRENCIES,N/A,TRADEABLE,JP
SEKJPY,CS.D.SEKJPY.MINI.IP,SEK/JPY Mini,CURRENCIES,N/A,TRADEABLE,JP
USDJPY,CS.D.USDJPY.MINI.IP,USD/JPY Mini,CURRENCIES,N/A,TRADEABLE,JP
JPNYLN,KA.D.JPNYLN.CASH.IP,Amundi JPX-Nikkei 400 UCITS ETF-C JPY,SHARES,N/A,CLOSED,JP
JPECLN,KC.D.JPECLN.CASH.IP,JPEC - JPMorgan Elect Managed Growth,SHARES,N/A,CLOSED,JP
JPEILN,KC.D.JPEILN.CASH.IP,JPEI - JPMorgan Elect Managed Growth,SHARES,N/A,CLOSED,JP
SJP3LN,KA.D.SJP3LN.CASH.IP,ETFS 3x Short JPY Long USD,SHARES,N/A,EDITS_ONLY,JP
SJPYLN,KA.D.SJPYLN.CASH.IP,ETFS Short JPY Long USD,SHARES,N/A,EDITS_ONLY,JP
JGROUS,SI.D.JGROUS.CASH.IP,JPMorgan Active Growth ETF,SHARES,N/A,TRADEABLE,JP
JAVAUS,SI.D.JAVAUS.CASH.IP,JPMorgan Active Value ETF,SHARES,N/A,TRADEABLE,JP
JFF,KA.D.JFF.CASH.IP,JPMorgan European Discovery,SHARES,N/A,EDITS_ONLY,JP
GBJPLN,KA.D.GBJPLN.CASH.IP,WisdomTree Long JPY Short GBP,SHARES,N/A,EDITS_ONLY,JP
LJPYLN,KA.D.LJPYLN.CASH.IP,WisdomTree Long JPY Short USD,SHARES,N/A,EDITS_ONLY,JP
JPYPLN,KA.D.JPYPLN.CASH.IP,WisdomTree Long JPY Short USD,SHARES,N/A,CLOSED,JP
LJP3LN,KA.D.LJP3LN.CASH.IP,WisdomTree Long JPY Short USD,SHARES,N/A,EDITS_ONLY,JP
JPGBLN,KA.D.JPGBLN.CASH.IP,WisdomTree Short JPY Long GBP,SHARES,N/A,EDITS_ONLY,JP
JPSSLN,KA.D.JPSSLN.CASH.IP,JPSS - JPMorgan Japan Smaller Companies Trust PLC,SHARES,N/A,CLOSED,JP
AYWEEKLY,PB.D.AYWEEKLY.EDUP20.IP,AUD/JPY to be above 11140,BINARY,N/A,TRADEABLE,JP
AYWEEKLY,PB.D.AYWEEKLY.EDUP19.IP,AUD/JPY to be above 11190,BINARY,N/A,TRADEABLE,JP
AYWEEKLY,PB.D.AYWEEKLY.EDUP18.IP,AUD/JPY to be above 11240,BINARY,N/A,TRADEABLE,JP
AYWEEKLY,PB.D.AYWEEKLY.EDUP17.IP,AUD/JPY to be above 11265,BINARY,N/A,TRADEABLE,JP
AYWEEKLY,PB.D.AYWEEKLY.EDUP16.IP,AUD/JPY to be above 11290,BINARY,N/A,TRADEABLE,JP
JREULN,KA.D.JREULN.CASH.IP,JPMorgan US Research Enhanced Index Equity ESG UCITS ETF - JREU,SHARES,N/A,EDITS_ONLY,JR
JSESJ,AR.D.JSESJ.CASH.IP,JSE Ltd,SHARES,N/A,EDITS_ONLY,JS
AIRALI,PK.D.AIRALI.CASH.IP,Air Astana JSC,SHARES,N/A,EDITS_ONLY,JS
TBCGLN,KA.D.TBCGLN.CASH.IP,JSC TBC Bank,SHARES,N/A,EDITS_ONLY,JS
KSPILI,PK.D.KSPILI.CASH.IP,Kaspi.KZ JSC,SHARES,N/A,CLOSED,JS
KSPIUS,UB.D.KSPIUS.CASH.IP,Kaspi.KZ JSC - US,SHARES,N/A,TRADEABLE,JS
KAPLI,PK.D.KAPLI.CASH.IP,NAC Kazatomprom JSC,SHARES,N/A,EDITS_ONLY,JS
N1011UD,PB.D.N1011UD.9.IP,Japan 225 to be above 49050 at 11am JST,BINARY,N/A,EDITS_ONLY,JS
N1011UD,PB.D.N1011UD.8.IP,Japan 225 to be above 49150 at 11am JST,BINARY,N/A,EDITS_ONLY,JS
N1011UD,PB.D.N1011UD.7.IP,Japan 225 to be above 49250 at 11am JST,BINARY,N/A,EDITS_ONLY,JS
N1011UD,PB.D.N1011UD.6.IP,Japan 225 to be above 49350 at 11am JST,BINARY,N/A,EDITS_ONLY,JS
N1011UD,PB.D.N1011UD.5.IP,Japan 225 to be above 49400 at 11am JST,BINARY,N/A,EDITS_ONLY,JS
N1011UD,PB.D.N1011UD.4.IP,Japan 225 to be above 49450 at 11am JST,BINARY,N/A,EDITS_ONLY,JS
N1011UD,PB.D.N1011UD.3.IP,Japan 225 to be above 49500 at 11am JST,BINARY,N/A,EDITS_ONLY,JS
N1011UD,PB.D.N1011UD.2.IP,Japan 225 to be above 49550 at 11am JST,BINARY,N/A,EDITS_ONLY,JS
N1011UD,PB.D.N1011UD.1.IP,Japan 225 to be above 49650 at 11am JST,BINARY,N/A,EDITS_ONLY,JS
N1011UD,PB.D.N1011UD.0.IP,Japan 225 to be above 49750 at 11am JST,BINARY,N/A,EDITS_ONLY,JS
N1314UD,PB.D.N1314UD.9.IP,Japan 225 to be above 65594 at 2pm JST,BINARY,N/A,EDITS_ONLY,JS
N1314UD,PB.D.N1314UD.8.IP,Japan 225 to be above 65644 at 2pm JST,BINARY,N/A,EDITS_ONLY,JS
N1314UD,PB.D.N1314UD.7.IP,Japan 225 to be above 65694 at 2pm JST,BINARY,N/A,EDITS_ONLY,JS
N1314UD,PB.D.N1314UD.6.IP,Japan 225 to be above 65719 at 2pm JST,BINARY,N/A,EDITS_ONLY,JS
N1314UD,PB.D.N1314UD.5.IP,Japan 225 to be above 65744 at 2pm JST,BINARY,N/A,EDITS_ONLY,JS
N1314UD,PB.D.N1314UD.4.IP,Japan 225 to be above 65769 at 2pm JST,BINARY,N/A,EDITS_ONLY,JS
N1314UD,PB.D.N1314UD.3.IP,Japan 225 to be above 65794 at 2pm JST,BINARY,N/A,EDITS_ONLY,JS
N1314UD,PB.D.N1314UD.2.IP,Japan 225 to be above 65819 at 2pm JST,BINARY,N/A,EDITS_ONLY,JS
N1314UD,PB.D.N1314UD.1.IP,Japan 225 to be above 65844 at 2pm JST,BINARY,N/A,EDITS_ONLY,JS
N1314UD,PB.D.N1314UD.0.IP,Japan 225 to be above 65894 at 2pm JST,BINARY,N/A,EDITS_ONLY,JS
N1415UD,PB.D.N1415UD.9.IP,Japan 225 to be above 66046 at 3pm JST,BINARY,N/A,EDITS_ONLY,JS
N1415UD,PB.D.N1415UD.8.IP,Japan 225 to be above 66096 at 3pm JST,BINARY,N/A,EDITS_ONLY,JS
N1415UD,PB.D.N1415UD.7.IP,Japan 225 to be above 66146 at 3pm JST,BINARY,N/A,EDITS_ONLY,JS
N1415UD,PB.D.N1415UD.6.IP,Japan 225 to be above 66196 at 3pm JST,BINARY,N/A,EDITS_ONLY,JS
N1415UD,PB.D.N1415UD.5.IP,Japan 225 to be above 66246 at 3pm JST,BINARY,N/A,EDITS_ONLY,JS
N1415UD,PB.D.N1415UD.4.IP,Japan 225 to be above 66296 at 3pm JST,BINARY,N/A,EDITS_ONLY,JS
N1415UD,PB.D.N1415UD.3.IP,Japan 225 to be above 66346 at 3pm JST,BINARY,N/A,EDITS_ONLY,JS
N1415UD,PB.D.N1415UD.2.IP,Japan 225 to be above 66396 at 3pm JST,BINARY,N/A,EDITS_ONLY,JS
N1415UD,PB.D.N1415UD.1.IP,Japan 225 to be above 66446 at 3pm JST,BINARY,N/A,EDITS_ONLY,JS
N1415UD,PB.D.N1415UD.0.IP,Japan 225 to be above 66546 at 3pm JST,BINARY,N/A,EDITS_ONLY,JS
N0910UD,PB.D.N0910UD.9.IP,Japan 225 to be above 66600 at 10am JST,BINARY,N/A,EDITS_ONLY,JS
N0910UD,PB.D.N0910UD.8.IP,Japan 225 to be above 66700 at 10am JST,BINARY,N/A,EDITS_ONLY,JS
N0910UD,PB.D.N0910UD.7.IP,Japan 225 to be above 66800 at 10am JST,BINARY,N/A,EDITS_ONLY,JS
JTCLN,KC.D.JTCLN.CASH.IP,JTC PLC,SHARES,N/A,EDITS_ONLY,JT
JRGLN,KA.D.JRGLN.CASH.IP,Just Group PLC,SHARES,N/A,CLOSED,JU
JUN3GY,ED.D.JUN3GY.CASH.IP,Jungheinrich AG - Pfd,SHARES,N/A,EDITS_ONLY,JU
JLP,KC.D.JLP.CASH.IP,Jubilee Metals Group PLC,SHARES,N/A,EDITS_ONLY,JU
JDGLN,KC.D.JDGLN.CASH.IP,Judges Scientific PLC,SHARES,N/A,EDITS_ONLY,JU
JPRLLN,KC.D.JPRLLN.CASH.IP,Jupiter Energy Limited (LSE),SHARES,N/A,CLOSED,JU
JUP,KA.D.JUP.CASH.IP,Jupiter Fund Management PLC,SHARES,N/A,EDITS_ONLY,JU
JUNSUS,UB.D.JUNSUS.CASH.IP,Jupiter Neurosciences Inc,SHARES,N/A,TRADEABLE,JU
JILLN,KC.D.JILLN.CASH.IP,Juridica Investments Ltd,SHARES,N/A,CLOSED,JU
JUVEIM,EF.D.JUVEIM.CASH.IP,Juventus Football Club SpA,SHARES,N/A,EDITS_ONLY,JU
JURPLN,KA.D.JURPLN.CASH.IP,JURY Global High Dividend UCITS ETF,SHARES,N/A,EDITS_ONLY,JU
KBSFUS,UB.D.KBSFUS.CASH.IP,JX Luxventure Limited,SHARES,N/A,TRADEABLE,JX
JZCZLN,KC.D.JZCZLN.CASH.IP,JZCZ - JZ Capital Partners Limited,SHARES,N/A,CLOSED,JZ
JZCP,KC.D.JZCP.CASH.IP,JZ Capital Partners Ltd,SHARES,N/A,EDITS_ONLY,JZ
KTEKGY,ED.D.KTEKGY.CASH.IP,KATEK SE,SHARES,N/A,CLOSED,KA
KAKULN,KC.D.KAKULN.CASH.IP,Kakuzi PLC,SHARES,N/A,EDITS_ONLY,KA
KALMARFH,EB.D.KALMARFH.CASH.IP,Kalmar Oyj,SHARES,N/A,EDITS_ONLY,KA
ALKALFP,EC.D.ALKALFP.CASH.IP,Kalray SA,SHARES,N/A,EDITS_ONLY,KA
KAMUXFH,EB.D.KAMUXFH.CASH.IP,Kamux Oyj,SHARES,N/A,EDITS_ONLY,KA
KARD,EG.D.KARD.CASH.IP,Kardan NV,SHARES,N/A,CLOSED,KA
KABEBSS,EH.D.KABEBSS.CASH.IP,KABE Group AB (publ.),SHARES,N/A,EDITS_ONLY,KA
KAPSJ,AR.D.KAPSJ.CASH.IP,KAP Limited,SHARES,N/A,EDITS_ONLY,KA
KLTRUS,UB.D.KLTRUS.CASH.IP,Kaltura Inc,SHARES,N/A,TRADEABLE,KA
KAROSS,EH.D.KAROSS.CASH.IP,Karo Pharma AB,SHARES,N/A,CLOSED,KA
KAYLN,KC.D.KAYLN.CASH.IP,Albion KAY VCT PLC,SHARES,N/A,CLOSED,KA
KALSJ,AR.D.KALSJ.CASH.IP,KAL Group Limited,SHARES,N/A,EDITS_ONLY,KA
KAZ,KA.D.KAZ.CASH.IP,KAZ Minerals PLC,SHARES,N/A,CLOSED,KA
KNOSLN,KA.D.KNOSLN.CASH.IP,Kainos Group PLC,SHARES,N/A,EDITS_ONLY,KA
KXINUS,UB.D.KXINUS.CASH.IP,Kaixin Holdings,SHARES,N/A,TRADEABLE,KA
KMDAUS,UB.D.KMDAUS.CASH.IP,Kamada Limited,SHARES,N/A,TRADEABLE,KA
KAMBISS,EH.D.KAMBISS.CASH.IP,Kambi Group Limited,SHARES,N/A,EDITS_ONLY,KA
SOPLN,KC.D.SOPLN.CASH.IP,Kanabo Group PLC,SHARES,N/A,SUSPENDED,KA
FMFCUS,UB.D.FMFCUS.CASH.IP,Kandal M Venture Ltd,SHARES,N/A,TRADEABLE,KA
KRTUS,UB.D.KRTUS.CASH.IP,Karat Packaging Inc,SHARES,N/A,TRADEABLE,KA
KARNELBSS,EH.D.KARNELBSS.CASH.IP,Karnell Group AB,SHARES,N/A,EDITS_ONLY,KA
KARSS,EH.D.KARSS.CASH.IP,Karnov Group AB (publ),SHARES,N/A,EDITS_ONLY,KA
KAROUS,UB.D.KAROUS.CASH.IP,Karooooo Limited,SHARES,N/A,TRADEABLE,KA
GNUSUS,UB.D.GNUSUS.CASH.IP,Kartoon Studios Inc,SHARES,N/A,TRADEABLE,KA
FSRVUS,UB.D.FSRVUS.CASH.IP,Katapult Holdings,SHARES,N/A,TRADEABLE,KA
KOFFP,EC.D.KOFFP.CASH.IP,Kaufman & Broad SA,SHARES,N/A,EDITS_ONLY,KA
BUBLSS,EH.D.BUBLSS.CASH.IP,Goodbye Kansas Group,SHARES,N/A,EDITS_ONLY,KA
KD8GY,ED.D.KD8GY.CASH.IP,Kabel Deutschland Holding AG,SHARES,N/A,CLOSED,KA
KALU,UB.D.KALU.CASH.IP,Kaiser Aluminum Corp,SHARES,N/A,TRADEABLE,KA
KALAUS,UB.D.KALAUS.CASH.IP,Kala Pharmaceuticals Inc,SHARES,N/A,TRADEABLE,KA
ALVRUS,UA.D.ALVRUS.CASH.IP,Kalaris Therapeutics Inc,SHARES,N/A,TRADEABLE,KA
KLDOUS,UB.D.KLDOUS.CASH.IP,Kaleido BioSciences Inc,SHARES,N/A,OFFLINE,KA
KAPIABSS,EH.D.KAPIABSS.CASH.IP,Kalleback Property Invest AB (publ),SHARES,N/A,EDITS_ONLY,KA
KANURSS,EH.D.KANURSS.CASH.IP,Kancera AB - Rights Issue,SHARES,N/A,CLOSED,KA
KBCA,EA.D.KBCA.CASH.IP,KBC Ancora,SHARES,N/A,EDITS_ONLY,KB
KBCBB,EA.D.KBCBB.CASH.IP,KBC Groep NV,SHARES,N/A,EDITS_ONLY,KB
KBCSS,EH.D.KBCSS.CASH.IP,KB Components AB,SHARES,N/A,CLOSED,KB
FTEKLN,KA.D.FTEKLN.CASH.IP,Invesco KBW NASDAQ Fintech UCITS ETF,SHARES,N/A,EDITS_ONLY,KB
KBWPUS,UB.D.KBWPUS.CASH.IP,Invesco KBW Property & Casualty ETF,SHARES,N/A,TRADEABLE,KB
KBWYUS,SI.D.KBWYUS.CASH.IP,Invesco KBW Premium Yield Equity REIT Portfolio,SHARES,N/A,TRADEABLE,KB
KCUS,UB.D.KCUS.CASH.IP,Kingsoft Cloud Holdings Limited,SHARES,N/A,TRADEABLE,KC
KCOM,KA.D.KCOM.CASH.IP,Kcom Group PLC,SHARES,N/A,CLOSED,KC
KCRLN,KC.D.KCRLN.CASH.IP,KCR Residential REIT PLC,SHARES,N/A,EDITS_ONLY,KC
OKDBV,EB.D.OKDBV.CASH.IP,Oriola-KD OYJ,SHARES,N/A,EDITS_ONLY,KD
KEUS,UB.D.KEUS.CASH.IP,Kimball Electronics Inc,SHARES,N/A,TRADEABLE,KE
PP,EC.D.PP.CASH.IP,Kering,SHARES,N/A,EDITS_ONLY,KE
KEBNIBSS,EH.D.KEBNIBSS.CASH.IP,KebNi AB,SHARES,N/A,EDITS_ONLY,KE
IBSULN,KC.D.IBSULN.CASH.IP,Kelso PLC,SHARES,N/A,CLOSED,KE
KRA1V,EB.D.KRA1V.CASH.IP,Kemira OYJ,SHARES,N/A,EDITS_ONLY,KE
FRXLN,KC.D.FRXLN.CASH.IP,Keras PLC,SHARES,N/A,EDITS_ONLY,KE
KESBV,EB.D.KESBV.CASH.IP,Kesko OYJ,SHARES,N/A,EDITS_ONLY,KE
KESKOAFH,EB.D.KESKOAFH.CASH.IP,Kesko Oyj,SHARES,N/A,EDITS_ONLY,KE
KEMPOWRFH,EB.D.KEMPOWRFH.CASH.IP,Kempower Oyj,SHARES,N/A,EDITS_ONLY,KE
KENDRNA,EG.D.KENDRNA.CASH.IP,Kendrion NV,SHARES,N/A,EDITS_ONLY,KE
KEFILN,KC.D.KEFILN.CASH.IP,KEFI Minerals PLC,SHARES,N/A,EDITS_ONLY,KE
KLNLN,KC.D.KLNLN.CASH.IP,Kellan Group PLC,SHARES,N/A,CLOSED,KE
KLR,KA.D.KLR.CASH.IP,Keller Group PLC,SHARES,N/A,EDITS_ONLY,KE
KELYAUS,UB.D.KELYAUS.CASH.IP,Kelly Services Inc,SHARES,N/A,TRADEABLE,KE
PPXGY,ED.D.PPXGY.CASH.IP,Kering SA - Xetra,SHARES,N/A,EDITS_ONLY,KE
KYGLN,KA.D.KYGLN.CASH.IP,Kerry Group PLC (LSE),SHARES,N/A,EDITS_ONLY,KE
BKYIUS,UA.D.BKYIUS.CASH.IP,BIO-key International Inc,SHARES,N/A,OFFLINE,KE
BMR,KC.D.BMR.CASH.IP,KENDRICK RESOURCES PLC,SHARES,N/A,CLOSED,KE
KRNY,UB.D.KRNY.CASH.IP,Kearny Financial Corp,SHARES,N/A,TRADEABLE,KE
BITFUS,UA.D.BITFUS.CASH.IP,Keel Infrastructure Corp (24 Hours),SHARES,N/A,TRADEABLE,KE
KENLN,KC.D.KENLN.CASH.IP,Kendrick Resources PLC - New,SHARES,N/A,EDITS_ONLY,KE
KMRLN,KA.D.KMRLN.CASH.IP,Kenmare Resources PLC (LSE),SHARES,N/A,EDITS_ONLY,KE
KRNLUUS,UB.D.KRNLUUS.CASH.IP,Kernel Group Holdings Inc,SHARES,N/A,CLOSED,KE
KROSUS,UB.D.KROSUS.CASH.IP,Keros Therapeutics Inc,SHARES,N/A,TRADEABLE,KE
KEYSLN,KC.D.KEYSLN.CASH.IP,Keystone Law Group PLC,SHARES,N/A,EDITS_ONLY,KE
KWSLN,KC.D.KWSLN.CASH.IP,Keywords Studios Plc,SHARES,N/A,CLOSED,KE
KZRUS,UB.D.KZRUS.CASH.IP,Kezar Life Sciences Inc,SHARES,N/A,CLOSED,KE
MKEAFP,EC.D.MKEAFP.CASH.IP,Mauna Kea Technologies,SHARES,N/A,EDITS_ONLY,KE
KEYWUS,UB.D.KEYWUS.CASH.IP,The KeyW Holding Corporation,SHARES,N/A,CLOSED,KE
PPUS,SI.D.PPUS.CASH.IP,The Meet Kevin Pricing Power ETF,SHARES,N/A,CLOSED,KE
KEQUUS,UB.D.KEQUUS.CASH.IP,Kewaunee Scientific Corporation,SHARES,N/A,TRADEABLE,KE
KIT,KA.D.KIT.CASH.IP,Keystone Positive Change Investment Trust PLC,SHARES,N/A,CLOSED,KE
KFRCUS,UB.D.KFRCUS.CASH.IP,Kforce Inc,SHARES,N/A,TRADEABLE,KF
KSBGY,ED.D.KSBGY.CASH.IP,KSB SE & Co. KGaA,SHARES,N/A,EDITS_ONLY,KG
KSB3GY,ED.D.KSB3GY.CASH.IP,KSB SE & Co. KGaA,SHARES,N/A,EDITS_ONLY,KG
STO3GY,ED.D.STO3GY.CASH.IP,Sto SE & Co. KGaA,SHARES,N/A,EDITS_ONLY,KG
TKMSGY,ED.D.TKMSGY.CASH.IP,Tkms AG& Co KGaA,SHARES,N/A,EDITS_ONLY,KG
1SXPGY,ED.D.1SXPGY.CASH.IP,Schott Pharma AG & Co KGaA,SHARES,N/A,EDITS_ONLY,KG
SPGGR,ED.D.SPGGR.CASH.IP,Springer Nature AG & Co KGaA,SHARES,N/A,EDITS_ONLY,KG
FME,ED.D.FME.CASH.IP,Fresenius Medical Care AG & Co. KGaA,SHARES,N/A,EDITS_ONLY,KG
FSNTGY,ED.D.FSNTGY.CASH.IP,Platform Group SE & Co KgaA,SHARES,N/A,EDITS_ONLY,KG
NCH2GR,ED.D.NCH2GR.CASH.IP,Thyssenkrupp Nucera AG & Co KGaa,SHARES,N/A,EDITS_ONLY,KG
SIEVIFH,EB.D.SIEVIFH.CASH.IP,KH Group Plc,SHARES,N/A,EDITS_ONLY,KH
KVSAUS,UB.D.KVSAUS.CASH.IP,Khosla Ventures Acquisition Company (Ord),SHARES,N/A,CLOSED,KH
PTIUS,UC.D.PTIUS.CASH.IP,Kineta Inc,SHARES,N/A,CLOSED,KI
BILBLN,KC.D.BILBLN.CASH.IP,Kinovo Plc,SHARES,N/A,CLOSED,KI
KGXGY,ED.D.KGXGY.CASH.IP,KION Group AG,SHARES,N/A,EDITS_ONLY,KI
KIE,KA.D.KIE.CASH.IP,Kier Group PLC,SHARES,N/A,EDITS_ONLY,KI
SIV,KA.D.SIV.CASH.IP,Kin and Carta Plc,SHARES,N/A,CLOSED,KI
KDLYUS,UB.D.KDLYUS.CASH.IP,Kindly MD Inc,SHARES,N/A,TRADEABLE,KI
KINVASS,EH.D.KINVASS.CASH.IP,Kinnevik AB,SHARES,N/A,EDITS_ONLY,KI
KDSNA,EG.D.KDSNA.CASH.IP,Kiadis Pharma NV,SHARES,N/A,CLOSED,KI
KIBOLN,KC.D.KIBOLN.CASH.IP,Kibo Energy PLC,SHARES,N/A,SUSPENDED,KI
UNIB,EH.D.UNIB.CASH.IP,Kindred Group PLC,SHARES,N/A,CLOSED,KI
KINBB,EA.D.KINBB.CASH.IP,Kinepolis Group NV,SHARES,N/A,EDITS_ONLY,KI
KGF,KA.D.KGF.CASH.IP,Kingfisher PLC,SHARES,N/A,EDITS_ONLY,KI
KGPLN,KA.D.KGPLN.CASH.IP,Kingspan Group PLC (LSE),SHARES,N/A,CLOSED,KI
KISTLN,KC.D.KISTLN.CASH.IP,Kistos Holdings PLC,SHARES,N/A,EDITS_ONLY,KI
KITWLN,KA.D.KITWLN.CASH.IP,Kitwave Group PLC,SHARES,N/A,CLOSED,KI
NZDCAD,CS.D.NZDCAD.CFD.IP,NZD/CAD,CURRENCIES,N/A,TRADEABLE,KI
EYEGUS,UB.D.EYEGUS.CASH.IP,KIORA PHARMACEUTICALS INC,SHARES,N/A,TRADEABLE,KI
KBALUS,UB.D.KBALUS.CASH.IP,Kimball International Inc,SHARES,N/A,CLOSED,KI
KBELN,KC.D.KBELN.CASH.IP,Kimberly Enterprises NV,SHARES,N/A,CLOSED,KI
KINUS,UB.D.KINUS.CASH.IP,Kindred Biosciences Inc,SHARES,N/A,CLOSED,KI
ALTMUS,UA.D.ALTMUS.CASH.IP,Kinetic Holdings Inc,SHARES,N/A,TRADEABLE,KI
KINSUS,UB.D.KINSUS.CASH.IP,Kingstone Companies Inc,SHARES,N/A,TRADEABLE,KI
EWGLN,KC.D.EWGLN.CASH.IP,Kingswood Holdings Limited,SHARES,N/A,CLOSED,KI
KNTEUS,UB.D.KNTEUS.CASH.IP,Kinnate Biopharma Inc,SHARES,N/A,CLOSED,KI
KINVB,EH.D.KINVB.CASH.IP,Kinnevik Investment AB,SHARES,N/A,EDITS_ONLY,KI
KNSLUS,UB.D.KNSLUS.CASH.IP,Kinsale Capital Group Inc,SHARES,N/A,TRADEABLE,KI
KRBPUS,UB.D.KRBPUS.CASH.IP,Kiromic BioPharma Inc,SHARES,N/A,OFFLINE,KI
NZDCAD,CS.D.NZDCAD.MINI.IP,NZD/CAD Mini,CURRENCIES,N/A,TRADEABLE,KI
FKULN,KA.D.FKULN.CASH.IP,First Trust United Kingdom AlphaDEX UCITS ETF,SHARES,N/A,EDITS_ONLY,KI
KJELLSS,EH.D.KJELLSS.CASH.IP,Kjell Group AB,SHARES,N/A,EDITS_ONLY,KJ
KLOVBSS,EH.D.KLOVBSS.CASH.IP,Klovern AB,SHARES,N/A,CLOSED,KL
KLOVPREFS,EH.D.KLOVPREFS.CASH.IP,Klovern AB (publ),SHARES,N/A,CLOSED,KL
KLOVSS,EH.D.KLOVSS.CASH.IP,Klovern AB - A,SHARES,N/A,CLOSED,KL
M12GY,ED.D.M12GY.CASH.IP,M1 Kliniken AG,SHARES,N/A,EDITS_ONLY,KL
KLAC,UB.D.KLAC.CASH.IP,KLA-Tencor Corp (24 Hours),SHARES,N/A,TRADEABLE,KL
KLARABSS,EH.D.KLARABSS.CASH.IP,KlaraBo Sverige AB,SHARES,N/A,EDITS_ONLY,KL
KA8GY,ED.D.KA8GY.CASH.IP,Klassik Radio AG,SHARES,N/A,EDITS_ONLY,KL
ALKLHFP,EC.D.ALKLHFP.CASH.IP,Klea Holding SACA,SHARES,N/A,EDITS_ONLY,KL
KCOGY,ED.D.KCOGY.CASH.IP,Kloeckner & Co SE,SHARES,N/A,EDITS_ONLY,KL
WLSNC,EG.D.WLSNC.CASH.IP,Wolters Kluwer NV,SHARES,N/A,EDITS_ONLY,KL
IUSASCADC,EP.D.IUSASCADC.CASH.IP,Bankinvest - USA Small Cap KL,SHARES,N/A,CLOSED,KL
KLARSS,EH.D.KLARSS.CASH.IP,Klaria Pharma Holding AB,SHARES,N/A,EDITS_ONLY,KL
MAKGY,ED.D.MAKGY.CASH.IP,Maternus-Kliniken AG,SHARES,N/A,EDITS_ONLY,KL
SYDEDC,EP.D.SYDEDC.CASH.IP,Sydinvest Danmark KL,SHARES,N/A,CLOSED,KL
SYDGDC,EP.D.SYDGDC.CASH.IP,Sydinvest Latinamerika KL,SHARES,N/A,CLOSED,KL
WOSBGY,ED.D.WOSBGY.CASH.IP,Wolters Kluwer NV -Xetra,SHARES,N/A,EDITS_ONLY,KL
CWIIADC,EP.D.CWIIADC.CASH.IP,Investeringsforeningen C Worldwide Indien Kl,SHARES,N/A,EDITS_ONLY,KL
KLXEUS,UB.D.KLXEUS.CASH.IP,KLX Energy Services Holdings Inc,SHARES,N/A,TRADEABLE,KL
INKAUUS,UB.D.INKAUUS.CASH.IP,Kludein I Acquisition Corporation (Unit),SHARES,N/A,CLOSED,KL
SPIJASDC,EP.D.SPIJASDC.CASH.IP,Sparindex INDEX Japan Small Cap KL,SHARES,N/A,CLOSED,KL
SPIJAVDC,EP.D.SPIJAVDC.CASH.IP,Sparindex INDEX Japan Value KL,SHARES,N/A,CLOSED,KL
SPVBUSAKD,EP.D.SPVBUSAKD.CASH.IP,Sparinvest - Index Sektor Energi Kl,SHARES,N/A,EDITS_ONLY,KL
SYIMSTARD,EP.D.SYIMSTARD.CASH.IP,Investeringsforeningen Sydinvest- Morningstar Global Markets Sustainability Leaders Kl,SHARES,N/A,CLOSED,KL
WIKG24IM,EF.D.WIKG24IM.CASH.IP,KME Group S.p.A. 2021 - 2024,SHARES,N/A,CLOSED,KM
KUWPLN,KA.D.KUWPLN.CASH.IP,Kmefic Kuwait Equity Ucits ETF (GBp),SHARES,N/A,CLOSED,KM
KUW8LN,KA.D.KUW8LN.CASH.IP,Kmefic Kuwait Equity Ucits ETF (USD),SHARES,N/A,CLOSED,KM
KNFP,EC.D.KNFP.CASH.IP,Natixis,SHARES,N/A,CLOSED,KN
KNOWSS,EH.D.KNOWSS.CASH.IP,Knowit AB (publ),SHARES,N/A,EDITS_ONLY,KN
KNBEUS,UB.D.KNBEUS.CASH.IP,KnowBe4 Inc,SHARES,N/A,CLOSED,KN
KSCPUS,UB.D.KSCPUS.CASH.IP,Knightscope Inc,SHARES,N/A,TRADEABLE,KN
KBXGY,ED.D.KBXGY.CASH.IP,Knorr-Bremse AG,SHARES,N/A,EDITS_ONLY,KN
KGHLN,KA.D.KGHLN.CASH.IP,Knights Group Holdings PLC,SHARES,N/A,EDITS_ONLY,KN
K2ABSS,EH.D.K2ABSS.CASH.IP,K2A Knaust & Andersson Fastigheter AB (publ),SHARES,N/A,EDITS_ONLY,KN
K2APREFSS,EH.D.K2APREFSS.CASH.IP,K2A Knaust & Andersson Fastigheter AB (publ),SHARES,N/A,EDITS_ONLY,KN
KNEBV,EB.D.KNEBV.CASH.IP,Kone OYJ,SHARES,N/A,EDITS_ONLY,KO
SANTGY,ED.D.SANTGY.CASH.IP,Kontron AG,SHARES,N/A,EDITS_ONLY,KO
KOOLN,KC.D.KOOLN.CASH.IP,Kooth Plc,SHARES,N/A,EDITS_ONLY,KO
KOOVLN,KC.D.KOOVLN.CASH.IP,Koovs PLC,SHARES,N/A,CLOSED,KO
KDKUS,UB.D.KDKUS.CASH.IP,Kodiak AI Inc,SHARES,N/A,TRADEABLE,KO
KONAUS,UB.D.KONAUS.CASH.IP,Kona Grill Inc,SHARES,N/A,CLOSED,KO
KOJAMOFH,EB.D.KOJAMOFH.CASH.IP,Lumo Kodit Oyj,SHARES,N/A,CLOSED,KO
KODLN,KC.D.KODLN.CASH.IP,Kodal Minerals PLC,SHARES,N/A,EDITS_ONLY,KO
KODUS,UB.D.KODUS.CASH.IP,Kodiak Sciences Inc,SHARES,N/A,TRADEABLE,KO
SKBGY,ED.D.SKBGY.CASH.IP,Koenig & Bauer AG,SHARES,N/A,EDITS_ONLY,KO
KCR1V,EB.D.KCR1V.CASH.IP,Konecranes OYJ,SHARES,N/A,EDITS_ONLY,KO
KPN,EG.D.KPN.CASH.IP,Koninklijke KPN NV,SHARES,N/A,EDITS_ONLY,KO
KOPNUS,UB.D.KOPNUS.CASH.IP,Kopin Corporation,SHARES,N/A,TRADEABLE,KO
KP2LN,KC.D.KP2LN.CASH.IP,Kore Potash PLC,SHARES,N/A,EDITS_ONLY,KO
KOSSUS,UB.D.KOSSUS.CASH.IP,Koss Corporation,SHARES,N/A,TRADEABLE,KO
LKORGY,ED.D.LKORGY.CASH.IP,Amundi MSCI Korea UCITS ETF,SHARES,N/A,EDITS_ONLY,KO
EAC,EP.D.EAC.CASH.IP,Det Ostasiatiske Kompagni A/S,SHARES,N/A,EDITS_ONLY,KO
NOKSEK,CS.D.NOKSEK.CFD.IP,NOK/SEK,CURRENCIES,N/A,TRADEABLE,KR
NOKSEK,CS.D.NOKSEK.MINI.IP,NOK/SEK Mini,CURRENCIES,N/A,TRADEABLE,KR
DNUTUS,UB.D.DNUTUS.CASH.IP,Krispy Kreme Inc,SHARES,N/A,TRADEABLE,KR
KRMLN,KC.D.KRMLN.CASH.IP,KRM22 PLC,SHARES,N/A,EDITS_ONLY,KR
KRN,ED.D.KRN.CASH.IP,Krones AG,SHARES,N/A,EDITS_ONLY,KR
KRPZLN,KC.D.KRPZLN.CASH.IP,Kropz PLC,SHARES,N/A,EDITS_ONLY,KR
KREDC,EP.D.KREDC.CASH.IP,Kreditbanken,SHARES,N/A,EDITS_ONLY,KR
KRONUS,UB.D.KRONUS.CASH.IP,Kronos Bio Inc,SHARES,N/A,CLOSED,KR
K1RGY,ED.D.K1RGY.CASH.IP,KROMI Logistik AG,SHARES,N/A,CLOSED,KR
KREATEFH,EB.D.KREATEFH.CASH.IP,Kreate Group Oyj,SHARES,N/A,EDITS_ONLY,KR
KMKLN,KC.D.KMKLN.CASH.IP,Kromek Group PLC,SHARES,N/A,EDITS_ONLY,KR
KRYSUS,UB.D.KRYSUS.CASH.IP,Krystal Biotech Inc,SHARES,N/A,TRADEABLE,KR
KHCUS,UB.D.KHCUS.CASH.IP,The Kraft Heinz Company (24 Hours),SHARES,N/A,TRADEABLE,KR
ILSLN,KA.D.ILSLN.CASH.IP,KRC Cat Bond UCITS ETF (GBP),SHARES,N/A,EDITS_ONLY,KR
KRBPLN,KA.D.KRBPLN.CASH.IP,KraneShares Global Carbon Strategy ETC,SHARES,N/A,EDITS_ONLY,KR
KRBNLN,KA.D.KRBNLN.CASH.IP,KraneShares Global Carbon Strategy ETC (USD),SHARES,N/A,EDITS_ONLY,KR
KLIPUS,SI.D.KLIPUS.CASH.IP,KraneShares KWEB Covered Call Strategy ETF,SHARES,N/A,TRADEABLE,KR
KSK,KA.D.KSK.CASH.IP,KSK Power Ventur PLC,SHARES,N/A,CLOSED,KS
7KTGY,ED.D.7KTGY.CASH.IP,KTG Agrar SE,SHARES,N/A,CLOSED,KT
KBNTUS,UB.D.KBNTUS.CASH.IP,Kubient Inc,SHARES,N/A,ON_AUCTION,KU
KLEDSS,EH.D.KLEDSS.CASH.IP,Kungsleden AB,SHARES,N/A,CLOSED,KU
KURAUS,UB.D.KURAUS.CASH.IP,Kura Oncology Inc,SHARES,N/A,TRADEABLE,KU
KRUSUS,UB.D.KRUSUS.CASH.IP,Kura Sushi USA Inc,SHARES,N/A,TRADEABLE,KU
KLICUS,UB.D.KLICUS.CASH.IP,Kulicke & Soffa Industries Inc,SHARES,N/A,TRADEABLE,KU
DGLYUS,UB.D.DGLYUS.CASH.IP,Kustom Entertainment Inc,SHARES,N/A,ON_AUCTION,KU
LKUULN,KA.D.LKUULN.CASH.IP,Lyxor UCITS ETF Kuwait (FTSE Coast Kuwait 40) - LKUU,SHARES,N/A,CLOSED,KU
LKUWLN,KA.D.LKUWLN.CASH.IP,Lyxor UCITS ETF Kuwait (FTSE Coast Kuwait 40) - LKUW,SHARES,N/A,CLOSED,KU
KQQQUS,UB.D.KQQQUS.CASH.IP,Kurv Technology Titans Select ETF,SHARES,N/A,TRADEABLE,KU
KVHIUS,UB.D.KVHIUS.CASH.IP,KVH Industries Inc,SHARES,N/A,TRADEABLE,KV
KWSGY,ED.D.KWSGY.CASH.IP,KWS Saat AG,SHARES,N/A,EDITS_ONLY,KW
FGENUS,UB.D.FGENUS.CASH.IP,Kyntra Bio Inc,SHARES,N/A,TRADEABLE,KY
KYIVUS,UB.D.KYIVUS.CASH.IP,Kyivstar Group Ltd,SHARES,N/A,TRADEABLE,KY
UPM1V,EB.D.UPM1V.CASH.IP,UPM-Kymmene OYJ,SHARES,N/A,EDITS_ONLY,KY
KYMRUS,UB.D.KYMRUS.CASH.IP,Kymera Therapeutics Inc,SHARES,N/A,TRADEABLE,KY
KYTXUS,UB.D.KYTXUS.CASH.IP,Kyverna Therapeutics Inc,SHARES,N/A,TRADEABLE,KY
LXS,ED.D.LXS.CASH.IP,LANXESS AG,SHARES,N/A,EDITS_ONLY,LA
LDIM,EF.D.LDIM.CASH.IP,La Dori ASA,SHARES,N/A,CLOSED,LA
LGOUS,UB.D.LGOUS.CASH.IP,Largo Inc,SHARES,N/A,TRADEABLE,LA
TSIAUS,UD.D.TSIAUS.CASH.IP,Latch Inc,SHARES,N/A,OFFLINE,LA
MMB,EC.D.MMB.CASH.IP,Lagardere SCA,SHARES,N/A,EDITS_ONLY,LA
LAM,KA.D.LAM.CASH.IP,Lamprell PLC,SHARES,N/A,CLOSED,LA
LASPDC,EP.D.LASPDC.CASH.IP,Lan & Spar Bank,SHARES,N/A,EDITS_ONLY,LA
LTRXUS,UB.D.LTRXUS.CASH.IP,Lantronix Inc,SHARES,N/A,TRADEABLE,LA
LATFP,EC.D.LATFP.CASH.IP,Latecoere SA,SHARES,N/A,EDITS_ONLY,LA
MOBXUS,UC.D.MOBXUS.CASH.IP,Mobix Labs Inc,SHARES,N/A,TRADEABLE,LA
NAUS,UC.D.NAUS.CASH.IP,Nano Labs Ltd,SHARES,N/A,TRADEABLE,LA
LTODLI,PK.D.LTODLI.CASH.IP,Larsen & Toubro Ltd,SHARES,N/A,EDITS_ONLY,LA
ALABUS,UA.D.ALABUS.CASH.IP,Astera Labs Inc (24 Hours),SHARES,N/A,TRADEABLE,LA
GOVXUS,UB.D.GOVXUS.CASH.IP,GeoVax Labs Inc,SHARES,N/A,TRADEABLE,LA
CYTRUS,UA.D.CYTRUS.CASH.IP,LadRx Corporation,SHARES,N/A,OFFLINE,LA
LRCX,UB.D.LRCX.CASH.IP,Lam Research Corp (24 Hours),SHARES,N/A,TRADEABLE,LA
LFACUS,UB.D.LFACUS.CASH.IP,Landsea Homes Corp,SHARES,N/A,CLOSED,LA
LSTR,UB.D.LSTR.CASH.IP,Landstar System Inc,SHARES,N/A,TRADEABLE,LA
LTRNUS,UB.D.LTRNUS.CASH.IP,Lantern Pharma Inc,SHARES,N/A,TRADEABLE,LA
LTCHWUS,UB.D.LTCHWUS.CASH.IP,Latch Inc -  Warrants,SHARES,N/A,ON_AUCTION,LA
SWIMUS,UD.D.SWIMUS.CASH.IP,Latham Group Inc,SHARES,N/A,TRADEABLE,LA
LPEFP,EC.D.LPEFP.CASH.IP,Laurent-Perrier SA,SHARES,N/A,EDITS_ONLY,LA
VBLTUS,UD.D.VBLTUS.CASH.IP,"Notable Labs, Ltd",SHARES,N/A,OFFLINE,LA
PRPHUS,UC.D.PRPHUS.CASH.IP,ProPhase Labs Inc,SHARES,N/A,OFFLINE,LA
STTKUS,UD.D.STTKUS.CASH.IP,Shattuck Labs Inc,SHARES,N/A,TRADEABLE,LA
LANSNA,EG.D.LANSNA.CASH.IP,Van Lanschot NV,SHARES,N/A,EDITS_ONLY,LA
ZLABUS,UD.D.ZLABUS.CASH.IP,Zai Lab Limited,SHARES,N/A,TRADEABLE,LA
BGLCUS,UA.D.BGLCUS.CASH.IP,BioNexus Gene Lab Corp,SHARES,N/A,TRADEABLE,LA
BLND,KA.D.BLND.CASH.IP,British Land Company PLC,SHARES,N/A,EDITS_ONLY,LA
EGLAIM,EF.D.EGLAIM.CASH.IP,Eurogroup Laminations SpA,SHARES,N/A,EDITS_ONLY,LA
GBL,EA.D.GBL.CASH.IP,Groupe Bruxelles Lambert SA,SHARES,N/A,EDITS_ONLY,LA
LPKGY,ED.D.LPKGY.CASH.IP,LPKF Laser & Electronics AG,SHARES,N/A,EDITS_ONLY,LA
LFDEFP,EC.D.LFDEFP.CASH.IP,La Francaise de l'Energie SA,SHARES,N/A,EDITS_ONLY,LA
LADLN,KA.D.LADLN.CASH.IP,Ladbrokes Coral Group PLC,SHARES,N/A,CLOSED,LA
LAGRBSS,EH.D.LAGRBSS.CASH.IP,Lagercrantz Group AB,SHARES,N/A,EDITS_ONLY,LA
LSBKUS,UB.D.LSBKUS.CASH.IP,Lake Shore Bancorp Inc,SHARES,N/A,TRADEABLE,LA
IEHLN,KA.D.IEHLN.CASH.IP,Lb-shell,SHARES,N/A,CLOSED,LB
LBGLN,KC.D.LBGLN.CASH.IP,LBG Media PLC,SHARES,N/A,EDITS_ONLY,LB
LCNBUS,UB.D.LCNBUS.CASH.IP,LCNB Corporation,SHARES,N/A,TRADEABLE,LC
LDLFP,EC.D.LDLFP.CASH.IP,Groupe LDLC,SHARES,N/A,EDITS_ONLY,LD
LDRHUS,UB.D.LDRHUS.CASH.IP,LDR Holding Corp,SHARES,N/A,CLOSED,LD
LEAD,CS.D.LEAD.CFD.IP,Lead,CURRENCIES,N/A,TRADEABLE,LE
LEAD,CS.D.LEAD.MINI.IP,Lead ($5 Mini Contract),CURRENCIES,N/A,TRADEABLE,LE
LSSFP,EC.D.LSSFP.CASH.IP,Lectra,SHARES,N/A,EDITS_ONLY,LE
LNSRUS,UB.D.LNSRUS.CASH.IP,LENSAR Inc,SHARES,N/A,TRADEABLE,LE
LRFP,EC.D.LRFP.CASH.IP,Legrand SA,SHARES,N/A,EDITS_ONLY,LE
LNTALI,PK.D.LNTALI.CASH.IP,Lenta Ltd,SHARES,N/A,CLOSED,LE
LEO,ED.D.LEO.CASH.IP,Leoni AG,SHARES,N/A,CLOSED,LE
LESLUS,UB.D.LESLUS.CASH.IP,Leslie's Inc,SHARES,N/A,TRADEABLE,LE
LEADDFH,EB.D.LEADDFH.CASH.IP,LeadDesk Oy,SHARES,N/A,EDITS_ONLY,LE
LGNUS,UB.D.LGNUS.CASH.IP,Legence Corp,SHARES,N/A,TRADEABLE,LE
LEIGY,ED.D.LEIGY.CASH.IP,Leifheit AG,SHARES,N/A,EDITS_ONLY,LE
LEMONFH,EB.D.LEMONFH.CASH.IP,Lemonsoft Oyj,SHARES,N/A,EDITS_ONLY,LE
LEOSS,EH.D.LEOSS.CASH.IP,LeoVegas AB,SHARES,N/A,CLOSED,LE
ATHAUS,UA.D.ATHAUS.CASH.IP,LeonaBio Inc,SHARES,N/A,TRADEABLE,LE
ALGGY,ED.D.ALGGY.CASH.IP,Albis Leasing AG,SHARES,N/A,EDITS_ONLY,LE
MCMJUS,UC.D.MCMJUS.CASH.IP,Leafly Holdings Inc,SHARES,N/A,OFFLINE,LE
LDSGLN,KC.D.LDSGLN.CASH.IP,Leeds Group PLC,SHARES,N/A,CLOSED,LE
LGCYUS,UB.D.LGCYUS.CASH.IP,Legacy Reserves LP,SHARES,N/A,CLOSED,LE
LZUS,UB.D.LZUS.CASH.IP,LegalZoom.com Inc,SHARES,N/A,TRADEABLE,LE
LEHTOFH,EB.D.LEHTOFH.CASH.IP,Lehto Group Oyj,SHARES,N/A,EDITS_ONLY,LE
LINVLN,KC.D.LINVLN.CASH.IP,LendInvest PLC,SHARES,N/A,EDITS_ONLY,LE
TREEUS,UD.D.TREEUS.CASH.IP,LendingTree Inc,SHARES,N/A,TRADEABLE,LE
LEWSJ,AR.D.LEWSJ.CASH.IP,Lewis Group Ltd,SHARES,N/A,EDITS_ONLY,LE
LPROUS,UB.D.LPROUS.CASH.IP,Open Lending LLC,SHARES,N/A,TRADEABLE,LE
SLELN,KA.D.SLELN.CASH.IP,San Leon Energy PLC,SHARES,N/A,CLOSED,LE
GLIZLN,KC.D.GLIZLN.CASH.IP,Sancus Lend ZDP,SHARES,N/A,CLOSED,LE
LNSXGY,ED.D.LNSXGY.CASH.IP,Sixt Leasing AG,SHARES,N/A,CLOSED,LE
WLGSUS,UD.D.WLGSUS.CASH.IP,Wang & Lee Group Inc,SHARES,N/A,OFFLINE,LE
LEEDLN,KA.D.LEEDLN.CASH.IP,WisdomTree Lead,SHARES,N/A,EDITS_ONLY,LE
BLCFP,EC.D.BLCFP.CASH.IP,Bastide Le Confort Medical SA,SHARES,N/A,EDITS_ONLY,LE
BLVLN,KC.D.BLVLN.CASH.IP,Belvoir Lettings PLC,SHARES,N/A,CLOSED,LE
SAMAUS,UD.D.SAMAUS.CASH.IP,Clever Leaves Holdings Inc,SHARES,N/A,OFFLINE,LE
LLEALN,KA.D.LLEALN.CASH.IP,ETFS 2x Daily Long Lead,SHARES,N/A,CLOSED,LE
LLHOLN,KA.D.LLHOLN.CASH.IP,ETFS 2x Daily Long Lean Hogs,SHARES,N/A,CLOSED,LE
LGCULN,KA.D.LGCULN.CASH.IP,Invesco LGIM Commodity Composite UCITS ETF,SHARES,N/A,CLOSED,LG
LGCFLN,KA.D.LGCFLN.CASH.IP,Invesco LGIM Commodity Composite UCITS ETF,SHARES,N/A,CLOSED,LG
LHCGUS,UB.D.LHCGUS.CASH.IP,LHC Group Inc,SHARES,N/A,CLOSED,LH
FIIFP,EC.D.FIIFP.CASH.IP,LISI,SHARES,N/A,EDITS_ONLY,LI
LKUS,UB.D.LKUS.CASH.IP,Luckin Coffee Inc - ADR,SHARES,N/A,OFFLINE,LK
LKQXUS,UB.D.LKQXUS.CASH.IP,LKQ Corp (24 Hours),SHARES,N/A,TRADEABLE,LK
LNCOUS,UB.D.LNCOUS.CASH.IP,LinnCo LLC,SHARES,N/A,CLOSED,LL
TBLDLN,KA.D.TBLDLN.CASH.IP,tinyBuild LLC,SHARES,N/A,EDITS_ONLY,LL
UFPI,UD.D.UFPI.CASH.IP,UFP Packaging LLC,SHARES,N/A,TRADEABLE,LL
SEATUS,UD.D.SEATUS.CASH.IP,Vivid Seats LLC,SHARES,N/A,TRADEABLE,LL
VIRIUS,UD.D.VIRIUS.CASH.IP,Dogwood Therapeutics LLC,SHARES,N/A,TRADEABLE,LL
GBLIUS,UB.D.GBLIUS.CASH.IP,Global Indemnity Group LLC - A,SHARES,N/A,TRADEABLE,LL
NFEUS,UC.D.NFEUS.CASH.IP,New Fortress Energy LLC (24 Hours),SHARES,N/A,TRADEABLE,LL
WESTUS,UD.D.WESTUS.CASH.IP,Westrock Coffee Company LLC,SHARES,N/A,TRADEABLE,LL
BLPHUS,UA.D.BLPHUS.CASH.IP,Bellerophon Therapeutics LLC,SHARES,N/A,CLOSED,LL
FEPLN,KA.D.FEPLN.CASH.IP,Lloyd Focused Equity UCITS ETF,SHARES,N/A,EDITS_ONLY,LL
LLPDLN,KC.D.LLPDLN.CASH.IP,Lloyds Banking Group PLC (LLPD) 9.75 PERP,SHARES,N/A,CLOSED,LL
LLOYPB,KC.D.LLOYPB.CASH.IP,Lloyds Banking Group PLC 6.475% Pfd,SHARES,N/A,CLOSED,LL
LLOYPF,KC.D.LLOYPF.CASH.IP,Lloyds Banking Group PLC 9.25% Pfd,SHARES,N/A,EDITS_ONLY,LL
IPDNUS,UB.D.IPDNUS.CASH.IP,Professional Diversity Network LLC,SHARES,N/A,TRADEABLE,LL
ZNTLUS,UD.D.ZNTLUS.CASH.IP,Zentalis Pharmaceuticals LLC,SHARES,N/A,TRADEABLE,LL
3LLLLN,KA.D.3LLLLN.CASH.IP,GraniteShares 3x Long Lloyds Banking Group Daily ETP,SHARES,N/A,EDITS_ONLY,LL
3SLLLN,KA.D.3SLLLN.CASH.IP,GraniteShares 3x Short Lloyds Banking Group Daily ETP,SHARES,N/A,EDITS_ONLY,LL
LMSLN,KA.D.LMSLN.CASH.IP,LMS Capital PLC,SHARES,N/A,EDITS_ONLY,LM
LMFAUS,UB.D.LMFAUS.CASH.IP,LM Funding America Inc,SHARES,N/A,TRADEABLE,LM
LMPXUS,UB.D.LMPXUS.CASH.IP,LMP Automotive Holdings Inc,SHARES,N/A,OFFLINE,LM
LNAFP,EC.D.LNAFP.CASH.IP,LNA Sante SA,SHARES,N/A,EDITS_ONLY,LN
SLLN,KA.D.SLLN.CASH.IP,Abrdn PLC,SHARES,N/A,EDITS_ONLY,LN
SWRDLN,KA.D.SWRDLN.CASH.IP,SPDR MSCI World UCITS ETF - SWRD LN,SHARES,N/A,EDITS_ONLY,LN
VECALN,KA.D.VECALN.CASH.IP,Vanguard EUR Corporate Bond UCITS ETF [VECA LN],SHARES,N/A,EDITS_ONLY,LN
LCFYUS,UB.D.LCFYUS.CASH.IP,Locafy Ltd,SHARES,N/A,TRADEABLE,LO
TGHNGY,ED.D.TGHNGY.CASH.IP,Logwin AG,SHARES,N/A,EDITS_ONLY,LO
LCC,CO.D.LCC.FWS4.IP,London Cocoa (£10),COMMODITIES,N/A,EDITS_ONLY,LO
LCC,CO.D.LCC.FWS7.IP,London Cocoa (£10),COMMODITIES,N/A,EDITS_ONLY,LO
LCC,CO.D.LCC.FWM4.IP,London Cocoa (£2),COMMODITIES,N/A,EDITS_ONLY,LO
LCC,CO.D.LCC.FWM7.IP,London Cocoa (£2),COMMODITIES,N/A,EDITS_ONLY,LO
LSU,CO.D.LSU.FWM1.IP,London Sugar No. 5 ($10),COMMODITIES,N/A,EDITS_ONLY,LO
LSU,CO.D.LSU.FWM2.IP,London Sugar No. 5 ($10),COMMODITIES,N/A,EDITS_ONLY,LO
LSU,CO.D.LSU.FWS1.IP,London Sugar No. 5 ($50),COMMODITIES,N/A,EDITS_ONLY,LO
LSU,CO.D.LSU.FWS2.IP,London Sugar No. 5 ($50),COMMODITIES,N/A,EDITS_ONLY,LO
LWB,CO.D.LWB.FWS3.IP,London Wheat (£100),COMMODITIES,N/A,EDITS_ONLY,LO
LWB,CO.D.LWB.FWM3.IP,London Wheat (£20),COMMODITIES,N/A,EDITS_ONLY,LO
LMI,KA.D.LMI.CASH.IP,Lonmin PLC,SHARES,N/A,CLOSED,LO
LOOMB,EH.D.LOOMB.CASH.IP,Loomis AB - B,SHARES,N/A,EDITS_ONLY,LO
LO24,ED.D.LO24.CASH.IP,Lotto24,SHARES,N/A,CLOSED,LO
NXTDUS,UC.D.NXTDUS.CASH.IP,LogicMark Inc,SHARES,N/A,OFFLINE,LO
LOGIASS,EH.D.LOGIASS.CASH.IP,Logistea AB (publ) - A,SHARES,N/A,EDITS_ONLY,LO
LOGIBSS,EH.D.LOGIBSS.CASH.IP,Logistea AB (publ) - B,SHARES,N/A,EDITS_ONLY,LO
LSU,CC.D.LSU.UNC.IP,London Sugar No. 5 ($50),COMMODITIES,N/A,EDITS_ONLY,LO
LSU,CC.D.LSU.UMP.IP,London Sugar No. 5 (£1),COMMODITIES,N/A,EDITS_ONLY,LO
L4LSJ,AR.D.L4LSJ.CASH.IP,Long4Life Ltd,SHARES,N/A,CLOSED,LO
LOOK,KA.D.LOOK.CASH.IP,Lookers PLC,SHARES,N/A,CLOSED,LO
TDACUS,UD.D.TDACUS.CASH.IP,Lottery.com,SHARES,N/A,TRADEABLE,LO
LGRSLN,KC.D.LGRSLN.CASH.IP,Loungers PLC,SHARES,N/A,CLOSED,LO
SUMOUS,UD.D.SUMOUS.CASH.IP,Sumo Logic Inc,SHARES,N/A,CLOSED,LO
DLNLN,KA.D.DLNLN.CASH.IP,Derwent London PLC,SHARES,N/A,EDITS_ONLY,LO
LWLGUS,UB.D.LWLGUS.CASH.IP,Lightwave Logic Inc,SHARES,N/A,TRADEABLE,LO
LOHILOSS,EH.D.LOHILOSS.CASH.IP,Lohilo Foods AB,SHARES,N/A,CLOSED,LO
LOLBDC,EP.D.LOLBDC.CASH.IP,Lollands Bank A/S,SHARES,N/A,EDITS_ONLY,LO
EVARUS,UB.D.EVARUS.CASH.IP,Lombard Medical Inc,SHARES,N/A,OFFLINE,LO
LPALN,KC.D.LPALN.CASH.IP,LPA Group PLC,SHARES,N/A,EDITS_ONLY,LP
CQPUS,SI.D.CQPUS.CASH.IP,Cheniere Energy Partners LP,SHARES,N/A,TRADEABLE,LP
GPPUS,UB.D.GPPUS.CASH.IP,Green Plains Partners LP,SHARES,N/A,CLOSED,LP
LPLAUS,UB.D.LPLAUS.CASH.IP,LPL Financial Holdings Inc,SHARES,N/A,TRADEABLE,LP
RTLRUS,UC.D.RTLRUS.CASH.IP,Rattler Midstream LP,SHARES,N/A,CLOSED,LP
USOUS,SI.D.USOUS.CASH.IP,United States Oil Fund LP (24 Hours),SHARES,N/A,TRADEABLE,LP
BKEPUS,UA.D.BKEPUS.CASH.IP,Blueknight Energy Partners LP,SHARES,N/A,CLOSED,LP
LMRKUS,UB.D.LMRKUS.CASH.IP,Landmark Infrastructure Partners LP,SHARES,N/A,CLOSED,LP
USLUS,SI.D.USLUS.CASH.IP,United States 12 Month Oil Fund LP,SHARES,N/A,TRADEABLE,LP
BNOUS,SI.D.BNOUS.CASH.IP,United States Brent Oil Fund LP,SHARES,N/A,TRADEABLE,LP
UGAUS,SI.D.UGAUS.CASH.IP,United States Gasoline Fund LP,SHARES,N/A,TRADEABLE,LP
UNGUS,SI.D.UNGUS.CASH.IP,United States Natural Gas Fund LP (24 Hours),SHARES,N/A,TRADEABLE,LP
XLPELN,KA.D.XLPELN.CASH.IP,Xtrackers LPX Private Equity Swap UCITS ETF 1C,SHARES,N/A,EDITS_ONLY,LP
LQDGLN,KA.D.LQDGLN.CASH.IP,iShares $ Corporate Bond Interest Rate Hedged UCITS ETF - LQDG,SHARES,N/A,CLOSED,LQ
LQDHLN,KA.D.LQDHLN.CASH.IP,iShares $ Corporate Bond Interest Rate Hedged UCITS ETF - LQDH,SHARES,N/A,EDITS_ONLY,LQ
LQGHLN,KA.D.LQGHLN.CASH.IP,iShares Public Limited Company - iShares $ Corp Bond UCITS ETF - LQGH,SHARES,N/A,EDITS_ONLY,LQ
YLRCLN,KA.D.YLRCLN.CASH.IP,IncomeShares Lam Research LRCX Options ETP,SHARES,N/A,EDITS_ONLY,LR
LYTSUS,UB.D.LYTSUS.CASH.IP,LSI Industries Inc,SHARES,N/A,TRADEABLE,LS
N91LN,KA.D.N91LN.CASH.IP,Ninety One Group - LSE,SHARES,N/A,EDITS_ONLY,LS
0I1BLN,KA.D.0I1BLN.CASH.IP,Colfax Corporation - LSE,SHARES,N/A,EDITS_ONLY,LS
IPCLN,KC.D.IPCLN.CASH.IP,International Paper Co [LSE],SHARES,N/A,EDITS_ONLY,LS
SPYSLN,KA.D.SPYSLN.CASH.IP,LS -5X Short SPY ETP - USD,SHARES,N/A,EDITS_ONLY,LS
1AMZLN,KA.D.1AMZLN.CASH.IP,LS 1x Amazon Tracker ETP,SHARES,N/A,EDITS_ONLY,LS
AMZNLN,KA.D.AMZNLN.CASH.IP,LS 1x Amazon Tracker ETP (GBP),SHARES,N/A,EDITS_ONLY,LS
ARKALN,KA.D.ARKALN.CASH.IP,LS ARK Innovation Tracker ETP,SHARES,N/A,EDITS_ONLY,LS
LSL,KA.D.LSL.CASH.IP,LSL Property Services PLC,SHARES,N/A,EDITS_ONLY,LS
LSXMAUS,UB.D.LSXMAUS.CASH.IP,LSXMA - Liberty SiriusXM Group,SHARES,N/A,CLOSED,LS
NASLLN,KA.D.NASLLN.CASH.IP,Lyxor Nasdaq-100 UCITS ETF - LSE,SHARES,N/A,EDITS_ONLY,LS
EGYLN,KC.D.EGYLN.CASH.IP,VAALCO Energy Inc - LSE,SHARES,N/A,EDITS_ONLY,LS
JARLN,KA.D.JARLN.CASH.IP,Jardine Matheson Holdings Limited - LSE,SHARES,N/A,EDITS_ONLY,LS
1ARWLN,KA.D.1ARWLN.CASH.IP,LS ARK NextGen Internet Tracker ETP,SHARES,N/A,EDITS_ONLY,LS
LTSVLN,KA.D.LTSVLN.CASH.IP,LS Short Volatility Long Tech ETP,SHARES,N/A,EDITS_ONLY,LS
PGD,KC.D.PGD.CASH.IP,Patagonia Gold Corporation - LSE,SHARES,N/A,CLOSED,LS
WDSLN,KC.D.WDSLN.CASH.IP,Woodside Energy Group Limited - LSE,SHARES,N/A,CLOSED,LS
XSERLN,KA.D.XSERLN.CASH.IP,Xtrackers MSCI Europe Energy ESG Screened UCITS ETF - LSE,SHARES,N/A,CLOSED,LS
PPCSJ,AR.D.PPCSJ.CASH.IP,PPC Ltd,SHARES,N/A,EDITS_ONLY,LT
PTLEUS,UC.D.PTLEUS.CASH.IP,PTL Ltd,SHARES,N/A,TRADEABLE,LT
SLBFP,EC.D.SLBFP.CASH.IP,SLB Ltd,SHARES,N/A,CLOSED,LT
UTLLN,KC.D.UTLLN.CASH.IP,UIL Ltd,SHARES,N/A,EDITS_ONLY,LT
VEMFSDBSS,EH.D.VEMFSDBSS.CASH.IP,VEF Ltd,SHARES,N/A,EDITS_ONLY,LT
COMSJ,AR.D.COMSJ.CASH.IP,Comair Ltd,SHARES,N/A,CLOSED,LT
INMDUS,UB.D.INMDUS.CASH.IP,Inmode Ltd,SHARES,N/A,TRADEABLE,LT
MRKTUS,UC.D.MRKTUS.CASH.IP,Markit Ltd,SHARES,N/A,CLOSED,LT
MPTSJ,AR.D.MPTSJ.CASH.IP,Mpact Ltd,SHARES,N/A,EDITS_ONLY,LT
NPKSJ,AR.D.NPKSJ.CASH.IP,Nampak Ltd,SHARES,N/A,EDITS_ONLY,LT
NVMIUS,UC.D.NVMIUS.CASH.IP,Nova Ltd,SHARES,N/A,TRADEABLE,LT
WNL,KA.D.WNL.CASH.IP,PACSCo Ltd,SHARES,N/A,EDITS_ONLY,LT
REMSJ,AR.D.REMSJ.CASH.IP,Remgro Ltd,SHARES,N/A,EDITS_ONLY,LT
SLMSJ,AR.D.SLMSJ.CASH.IP,Sanlam Ltd,SHARES,N/A,EDITS_ONLY,LT
SNTSJ,AR.D.SNTSJ.CASH.IP,Santam Ltd,SHARES,N/A,EDITS_ONLY,LT
SAPSJ,AR.D.SAPSJ.CASH.IP,Sappi Ltd,SHARES,N/A,EDITS_ONLY,LT
SOLSJ,AR.D.SOLSJ.CASH.IP,Sasol Ltd,SHARES,N/A,EDITS_ONLY,LT
UCARUS,UD.D.UCARUS.CASH.IP,U Power Ltd,SHARES,N/A,TRADEABLE,LT
UTMEUS,UD.D.UTMEUS.CASH.IP,UTime Ltd,SHARES,N/A,TRADEABLE,LT
MAILLI,PK.D.MAILLI.CASH.IP,VK Co Ltd,SHARES,N/A,CLOSED,LT
XNETUS,UD.D.XNETUS.CASH.IP,Xunlei Ltd,SHARES,N/A,TRADEABLE,LT
BGNEUS,UA.D.BGNEUS.CASH.IP,BeiGene Ltd,SHARES,N/A,TRADEABLE,LT
CHARLN,KA.D.CHARLN.CASH.IP,Chariot Ltd,SHARES,N/A,EDITS_ONLY,LT
LXR,CC.D.LXR.UNC.IP,Lumber ($0.275),COMMODITIES,N/A,TRADEABLE,LU
LXR,CC.D.LXR.UMP.IP,Lumber (£1),COMMODITIES,N/A,TRADEABLE,LU
LUND,EP.D.LUND.CASH.IP,H Lundbeck AS,SHARES,N/A,EDITS_ONLY,LU
HLUNADC,EP.D.HLUNADC.CASH.IP,H. Lundbeck AS - A,SHARES,N/A,EDITS_ONLY,LU
LUVEIM,EF.D.LUVEIM.CASH.IP,LU-VE SpA,SHARES,N/A,EDITS_ONLY,LU
LUCELN,KA.D.LUCELN.CASH.IP,Luceco PLC,SHARES,N/A,EDITS_ONLY,LU
ALUCIFP,EC.D.ALUCIFP.CASH.IP,Lucibel SA,SHARES,N/A,EDITS_ONLY,LU
LAT1VFH,EB.D.LAT1VFH.CASH.IP,Luotea Oyj,SHARES,N/A,EDITS_ONLY,LU
LASTIKFH,EB.D.LASTIKFH.CASH.IP,Luotea Plc,SHARES,N/A,EDITS_ONLY,LU
VOLABSS,EH.D.VOLABSS.CASH.IP,VEG of Lund AB,SHARES,N/A,CLOSED,LU
LUMENSS,EH.D.LUMENSS.CASH.IP,LumenRadio AB,SHARES,N/A,EDITS_ONLY,LU
LBIRDFP,EC.D.LBIRDFP.CASH.IP,Lumibird SA,SHARES,N/A,EDITS_ONLY,LU
LMNXUS,UB.D.LMNXUS.CASH.IP,Luminex Corp,SHARES,N/A,CLOSED,LU
BSTGY,ED.D.BSTGY.CASH.IP,Bastei Lubbe AG,SHARES,N/A,EDITS_ONLY,LU
LHDXUS,UB.D.LHDXUS.CASH.IP,Lucira Health Inc,SHARES,N/A,CLOSED,LU
LMDXUS,UB.D.LMDXUS.CASH.IP,LumiraDx Limited,SHARES,N/A,CLOSED,LU
NLNKUS,UC.D.NLNKUS.CASH.IP,Lumos Pharma Inc,SHARES,N/A,CLOSED,LU
ENOBUS,UB.D.ENOBUS.CASH.IP,Lunai Bioworks Inc,SHARES,N/A,TRADEABLE,LU
LUMI,EH.D.LUMI.CASH.IP,Lundin Mining Corp,SHARES,N/A,EDITS_ONLY,LU
LLAILN,KA.D.LLAILN.CASH.IP,LungLife AI Inc,SHARES,N/A,CLOSED,LU
CHGUS,UA.D.CHGUS.CASH.IP,LuxUrban Hotels Inc,SHARES,N/A,OFFLINE,LU
CDROUS,UA.D.CDROUS.CASH.IP,Codere Online Luxembourg SA,SHARES,N/A,TRADEABLE,LU
LHAG,ED.D.LHAG.CASH.IP,Deutsche Lufthansa AG,SHARES,N/A,EDITS_ONLY,LU
KBHLDC,EP.D.KBHLDC.CASH.IP,Kobenhavns Lufthavne,SHARES,N/A,EDITS_ONLY,LU
LUCDUS,UB.D.LUCDUS.CASH.IP,Lucid Diagnostics Inc,SHARES,N/A,TRADEABLE,LU
LCIDWUS,UB.D.LCIDWUS.CASH.IP,Lucid Group Inc - Warrants,SHARES,N/A,CLOSED,LU
LULU,UB.D.LULU.CASH.IP,Lululemon Athletica Inc (24 Hours),SHARES,N/A,TRADEABLE,LU
LITEUS,UB.D.LITEUS.CASH.IP,Lumentum Holdings Inc,SHARES,N/A,TRADEABLE,LU
GMHIUS,UB.D.GMHIUS.CASH.IP,Luminar Technologies Inc,SHARES,N/A,CLOSED,LU
LMDXWUS,UB.D.LMDXWUS.CASH.IP,LumiraDx Limited - Warrants,SHARES,N/A,CLOSED,LU
LUNAUS,UB.D.LUNAUS.CASH.IP,Luna Innovations Inc,SHARES,N/A,OFFLINE,LU
LUNDB,EH.D.LUNDB.CASH.IP,Lundbergforetagen AB,SHARES,N/A,EDITS_ONLY,LU
KONEUS,UB.D.KONEUS.CASH.IP,Luokong Technology Corp,SHARES,N/A,OFFLINE,LU
LUXULN,KA.D.LUXULN.CASH.IP,Amundi S&P Global Luxury UCITS ETF,SHARES,N/A,EDITS_ONLY,LU
LUXGLN,KA.D.LUXGLN.CASH.IP,Amundi S&P Global Luxury UCITS ETF - GBP,SHARES,N/A,EDITS_ONLY,LU
LUXYGR,ED.D.LUXYGR.CASH.IP,Boreas S&P Absolute Luxury UCITS ETF,SHARES,N/A,EDITS_ONLY,LU
CDROWUS,UA.D.CDROWUS.CASH.IP,Codere Online Luxembourg SA - Warrants,SHARES,N/A,TRADEABLE,LU
LSDIUS,UB.D.LSDIUS.CASH.IP,Lucy Scientific Discovery Inc,SHARES,N/A,OFFLINE,LU
LVLUUS,UB.D.LVLUUS.CASH.IP,Lulu's Fashion Lounge Holdings Inc,SHARES,N/A,TRADEABLE,LU
LUXAUUS,UB.D.LUXAUUS.CASH.IP,Lux Health Tech Acquisition Corporation,SHARES,N/A,CLOSED,LU
LUXAUS,UB.D.LUXAUS.CASH.IP,Lux Health Tech Acquisition Corporation (Ord),SHARES,N/A,CLOSED,LU
MCA,EC.D.MCA.CASH.IP,LVMH Moet Hennessy Louis Vuitton SA,SHARES,N/A,EDITS_ONLY,LV
1MCIM,EF.D.1MCIM.CASH.IP,LVMH Moet Hennessy Louis Vuitton SE,SHARES,N/A,EDITS_ONLY,LV
PAALN,KC.D.PAALN.CASH.IP,Live Company Group PLC,SHARES,N/A,CLOSED,LV
LXUS,UB.D.LXUS.CASH.IP,LexinFintech Holdings Limited,SHARES,N/A,TRADEABLE,LX
LXILN,KA.D.LXILN.CASH.IP,LXI REIT PLC,SHARES,N/A,CLOSED,LX
LXBLN,KA.D.LXBLN.CASH.IP,LXB Retail Properties PLC,SHARES,N/A,CLOSED,LX
LYFTUS,UB.D.LYFTUS.CASH.IP,Lyft Inc (24 Hours),SHARES,N/A,TRADEABLE,LY
LYKOASS,EH.D.LYKOASS.CASH.IP,Lyko Group AB (publ),SHARES,N/A,EDITS_ONLY,LY
TATE,KA.D.TATE.CASH.IP,Tate & Lyle PLC,SHARES,N/A,EDITS_ONLY,LY
BWINBUS,UA.D.BWINBUS.CASH.IP,Baldwin & Lyons Inc,SHARES,N/A,CLOSED,LY
MSEDLN,KA.D.MSEDLN.CASH.IP,Lyxor Euro Stoxx 50 (DR),SHARES,N/A,EDITS_ONLY,LY
LYELUS,UB.D.LYELUS.CASH.IP,Lyell Immunopharma Inc,SHARES,N/A,TRADEABLE,LY
LYRAUS,UB.D.LYRAUS.CASH.IP,Lyra Therapeutics Inc,SHARES,N/A,OFFLINE,LY
RIOULN,KA.D.RIOULN.CASH.IP,Lyxor Brazil (Ibovespa) UCITS ETF Acc,SHARES,N/A,EDITS_ONLY,LY
DAXXLN,KA.D.DAXXLN.CASH.IP,Lyxor DAX (DR) UCITS ETF - Acc,SHARES,N/A,EDITS_ONLY,LY
CSHDLN,KA.D.CSHDLN.CASH.IP,Lyxor Euro Cash UCITS ETF Acc,SHARES,N/A,EDITS_ONLY,LY
XCO2LN,KA.D.XCO2LN.CASH.IP,Lyxor Global Green Bond 1-10Y,SHARES,N/A,EDITS_ONLY,LY
USAULN,KA.D.USAULN.CASH.IP,Lyxor MSCI USA UCITS ETF Dist,SHARES,N/A,CLOSED,LY
USALLN,KA.D.USALLN.CASH.IP,Lyxor MSCI USA UCITS ETF Dist,SHARES,N/A,CLOSED,LY
LCCNLN,KA.D.LCCNLN.CASH.IP,Lyxor Msci China Ucits Etf,SHARES,N/A,EDITS_ONLY,LY
LSPULN,KA.D.LSPULN.CASH.IP,Lyxor S&P 500 UCITS ETF,SHARES,N/A,EDITS_ONLY,LY
TURLLN,KA.D.TURLLN.CASH.IP,Lyxor Turkey (DJ Turkey Titans 20) UCITS ETF Acc,SHARES,N/A,CLOSED,LY
CACXLN,KA.D.CACXLN.CASH.IP,Lyxor UCITS ETF CAC 40 (DR),SHARES,N/A,EDITS_ONLY,LY
MALLLN,KA.D.MALLLN.CASH.IP,Lyxor UCITS ETF MSCI Mal ASA,SHARES,N/A,CLOSED,LY
USTLN,KA.D.USTLN.CASH.IP,Lyxor UCITS ETF Nasdaq-100 - UST,SHARES,N/A,CLOSED,LY
RUSLLN,KA.D.RUSLLN.CASH.IP,Lyxor UCITS ETF Russia (Dow Jones Russia GDR) - RUSL,SHARES,N/A,CLOSED,LY
RUSULN,KA.D.RUSULN.CASH.IP,Lyxor UCITS ETF Russia (Dow Jones Russia GDR) - RUSU,SHARES,N/A,CLOSED,LY
THAGLN,KA.D.THAGLN.CASH.IP,Lyxor UCITS ETF Thailand (SET50 NET TR),SHARES,N/A,CLOSED,LY
LFASLN,KA.D.LFASLN.CASH.IP,LYXOR ETF FTSE All-Share/France,SHARES,N/A,CLOSED,LY
LYTUS,UB.D.LYTUS.CASH.IP,Lytus Technologies Holdings PTV Ltd,SHARES,N/A,OFFLINE,LY
ASIULN,KA.D.ASIULN.CASH.IP,Lyxor China Enterprise (HSCEI) UCITS ETF Acc,SHARES,N/A,EDITS_ONLY,LY
LCWLLN,KA.D.LCWLLN.CASH.IP,Lyxor Core MSCI World (DR) UCITS ETF,SHARES,N/A,CLOSED,LY
CRPXLN,KA.D.CRPXLN.CASH.IP,Lyxor Euro Corporate Bond UCITS ETF Acc,SHARES,N/A,EDITS_ONLY,LY
LTMLLN,KA.D.LTMLLN.CASH.IP,Lyxor MSCI EM Latin America UCITS ETF Acc,SHARES,N/A,CLOSED,LY
EMXCLN,KA.D.EMXCLN.CASH.IP,Lyxor MSCI Emerging Markets Ex China UCITS ETF,SHARES,N/A,EDITS_ONLY,LY
MEUGLN,KA.D.MEUGLN.CASH.IP,Lyxor MSCI Europe UCITS ETF Dist,SHARES,N/A,EDITS_ONLY,LY
JPXGLN,KA.D.JPXGLN.CASH.IP,Lyxor MSCI Japan ESG Leaders ETF - C-EUR,SHARES,N/A,CLOSED,LY
JPX4LN,KA.D.JPX4LN.CASH.IP,Lyxor MSCI Japan ESG Leaders ETF - C-EUR,SHARES,N/A,CLOSED,LY
ROAILN,KA.D.ROAILN.CASH.IP,Lyxor MSCI Robotics & AI ESG Filtered UCITS ETF,SHARES,N/A,CLOSED,LY
LYXRUSGY,ED.D.LYXRUSGY.CASH.IP,Lyxor MSCI Russia UCITS ETF Acc,SHARES,N/A,CLOSED,LY
LZMHUS,UB.D.LZMHUS.CASH.IP,LZ Technology Holdings Ltd,SHARES,N/A,TRADEABLE,LZ
MANG,ED.D.MANG.CASH.IP,MAN SE,SHARES,N/A,CLOSED,MA
MATASDC,EP.D.MATASDC.CASH.IP,Mata SA,SHARES,N/A,EDITS_ONLY,MA
MAN3GY,ED.D.MAN3GY.CASH.IP,MAN SE - Pfd,SHARES,N/A,CLOSED,MA
MARRIM,EF.D.MARRIM.CASH.IP,MARR SpA,SHARES,N/A,EDITS_ONLY,MA
MTIM,EF.D.MTIM.CASH.IP,Maire SpA,SHARES,N/A,EDITS_ONLY,MA
MANTEXSS,EH.D.MANTEXSS.CASH.IP,Mantex AB,SHARES,N/A,EDITS_ONLY,MA
MRAIUS,UC.D.MRAIUS.CASH.IP,Marpai Inc,SHARES,N/A,OFFLINE,MA
MAT,UC.D.MAT.CASH.IP,Mattel Inc,SHARES,N/A,TRADEABLE,MA
MTEKUS,UC.D.MTEKUS.CASH.IP,MARIS - TECH LTD,SHARES,N/A,TRADEABLE,MA
MF6GY,ED.D.MF6GY.CASH.IP,MagForce AG,SHARES,N/A,CLOSED,MA
FEYEUS,UB.D.FEYEUS.CASH.IP,Mandiant Inc,SHARES,N/A,CLOSED,MA
MNKDUS,UC.D.MNKDUS.CASH.IP,MannKind Corp,SHARES,N/A,TRADEABLE,MA
MTEXUS,UC.D.MTEXUS.CASH.IP,Mannatech Inc,SHARES,N/A,TRADEABLE,MA
CARTUS,UA.D.CARTUS.CASH.IP,Maplebear Inc,SHARES,N/A,TRADEABLE,MA
MCHXUS,UC.D.MCHXUS.CASH.IP,Marchex Inc,SHARES,N/A,TRADEABLE,MA
MMO1VFH,EB.D.MMO1VFH.CASH.IP,Marimekko Oyj,SHARES,N/A,EDITS_ONLY,MA
MRLLN,KC.D.MRLLN.CASH.IP,Marlowe PLC,SHARES,N/A,CLOSED,MA
MQUS,UC.D.MQUS.CASH.IP,Marqeta Inc,SHARES,N/A,TRADEABLE,MA
MSLH,KA.D.MSLH.CASH.IP,Marshalls PLC,SHARES,N/A,EDITS_ONLY,MA
MARS,KA.D.MARS.CASH.IP,Marston's PLC,SHARES,N/A,EDITS_ONLY,MA
MASALN,KC.D.MASALN.CASH.IP,Masawara PLC,SHARES,N/A,CLOSED,MA
MASI,UC.D.MASI.CASH.IP,Masimo Corp,SHARES,N/A,TRADEABLE,MA
MZXGY,ED.D.MZXGY.CASH.IP,Masterflex SE,SHARES,N/A,EDITS_ONLY,MA
MXCLLN,KA.D.MXCLLN.CASH.IP,MaxCyte Inc (MXCL),SHARES,N/A,CLOSED,MA
MXCTLN,KA.D.MXCTLN.CASH.IP,MaxCyte Inc (MXCT),SHARES,N/A,CLOSED,MA
MXCTUS,UC.D.MXCTUS.CASH.IP,MaxCyte Inc - US,SHARES,N/A,TRADEABLE,MA
SMRTUS,UD.D.SMRTUS.CASH.IP,Stein Mart Inc,SHARES,N/A,CLOSED,MA
MDBI,EF.D.MDBI.CASH.IP,Mediobanca SpA,SHARES,N/A,EDITS_ONLY,MB
MBBGY,ED.D.MBBGY.CASH.IP,MBB SE,SHARES,N/A,EDITS_ONLY,MB
MBXUS,UC.D.MBXUS.CASH.IP,MBX Biosciences Inc,SHARES,N/A,TRADEABLE,MB
MCB,KA.D.MCB.CASH.IP,McBride PLC,SHARES,N/A,EDITS_ONLY,MC
GVM,KA.D.GVM.CASH.IP,MC Mining Limited (LSE),SHARES,N/A,CLOSED,MC
CZASJ,AR.D.CZASJ.CASH.IP,MC Mining Limited (SA),SHARES,N/A,CLOSED,MC
MCFEUS,UC.D.MCFEUS.CASH.IP,McAfee Corporation,SHARES,N/A,CLOSED,MC
MCSLN,KA.D.MCSLN.CASH.IP,McCarthy & Stone PLC,SHARES,N/A,CLOSED,MC
CLSGY,ED.D.CLSGY.CASH.IP,McKesson Europe AG,SHARES,N/A,CLOSED,MC
MCPHYFP,EC.D.MCPHYFP.CASH.IP,McPhy Energy SA,SHARES,N/A,CLOSED,MC
CMCOUS,UA.D.CMCOUS.CASH.IP,Columbus McKinnon Corp,SHARES,N/A,TRADEABLE,MC
MCLSLN,KA.D.MCLSLN.CASH.IP,McColl's Retail Group Ltd,SHARES,N/A,CLOSED,MC
MGRCUS,UC.D.MGRCUS.CASH.IP,McGrath Rent Corporation,SHARES,N/A,TRADEABLE,MC
MCKS,KA.D.MCKS.CASH.IP,McKay Securities PLC,SHARES,N/A,CLOSED,MC
MDXHBB,EA.D.MDXHBB.CASH.IP,MDxHealth,SHARES,N/A,CLOSED,MD
TSSIUS,UD.D.TSSIUS.CASH.IP,TSS Inc/MD,SHARES,N/A,TRADEABLE,MD
MDXHUS,UC.D.MDXHUS.CASH.IP,MDxHealth SA,SHARES,N/A,TRADEABLE,MD
MDCAUS,UC.D.MDCAUS.CASH.IP,MDC Partners Inc,SHARES,N/A,CLOSED,MD
SMDLN,KC.D.SMDLN.CASH.IP,Spectral MD Holdings Limited,SHARES,N/A,CLOSED,MD
MDMGLI,PK.D.MDMGLI.CASH.IP,MD Medical Group Investments PLC,SHARES,N/A,CLOSED,MD
PA,MT.D.PA.FWS1.IP,Palladium ($100),COMMODITIES,N/A,TRADEABLE,ME
PA,MT.D.PA.FWM1.IP,Palladium ($20),COMMODITIES,N/A,TRADEABLE,ME
PL,MT.D.PL.FWM2.IP,Platinum ($10),COMMODITIES,N/A,TRADEABLE,ME
PL,MT.D.PL.FWS2.IP,Platinum ($50),COMMODITIES,N/A,TRADEABLE,ME
CRLFP,EC.D.CRLFP.CASH.IP,Mersen,SHARES,N/A,EDITS_ONLY,ME
MCAPSS,EH.D.MCAPSS.CASH.IP,MedCap AB (publ),SHARES,N/A,EDITS_ONLY,ME
ILM1GY,ED.D.ILM1GY.CASH.IP,Medio SA,SHARES,N/A,EDITS_ONLY,ME
MDNGY,ED.D.MDNGY.CASH.IP,Medion AG,SHARES,N/A,CLOSED,ME
MVIRBSS,EH.D.MVIRBSS.CASH.IP,Medivir AB,SHARES,N/A,CLOSED,ME
MELEBB,EA.D.MELEBB.CASH.IP,Melexis NV,SHARES,N/A,EDITS_ONLY,ME
IMMUSS,EH.D.IMMUSS.CASH.IP,Mendus AB,SHARES,N/A,EDITS_ONLY,ME
MNTCSS,EH.D.MNTCSS.CASH.IP,Mentice AB,SHARES,N/A,EDITS_ONLY,ME
MRLNUS,UC.D.MRLNUS.CASH.IP,Merlin Inc,SHARES,N/A,TRADEABLE,ME
MRUSUS,UC.D.MRUSUS.CASH.IP,Merus NV,SHARES,N/A,CLOSED,ME
MSYSLN,KC.D.MSYSLN.CASH.IP,Metir Plc,SHARES,N/A,EDITS_ONLY,ME
B4B3GY,ED.D.B4B3GY.CASH.IP,Metro AG,SHARES,N/A,CLOSED,ME
SM,CO.D.SM.FWM2.IP,Soybean Meal ($0.50),COMMODITIES,N/A,TRADEABLE,ME
SM,CO.D.SM.FWM1.IP,Soybean Meal ($0.50),COMMODITIES,N/A,TRADEABLE,ME
SM,CO.D.SM.FWS2.IP,Soybean Meal ($1),COMMODITIES,N/A,TRADEABLE,ME
SM,CO.D.SM.FWS1.IP,Soybean Meal ($1),COMMODITIES,N/A,TRADEABLE,ME
SM,CC.D.SM.UNC.IP,Soybean Meal ($1),COMMODITIES,N/A,TRADEABLE,ME
SM,CC.D.SM.UMP.IP,Soybean Meal (GBP1),COMMODITIES,N/A,TRADEABLE,ME
M3VGY,ED.D.M3VGY.CASH.IP,MeVis Medical Solution SA,SHARES,N/A,EDITS_ONLY,ME
MMSI,UC.D.MMSI.CASH.IP,Merit Medical Systems Inc,SHARES,N/A,TRADEABLE,ME
MTLNLN,KC.D.MTLNLN.CASH.IP,Metlen Energy & Metals PLC,SHARES,N/A,EDITS_ONLY,ME
MDZLN,KC.D.MDZLN.CASH.IP,MediaZest PLC,SHARES,N/A,EDITS_ONLY,ME
MEDGY,ED.D.MEDGY.CASH.IP,Mediclin AG,SHARES,N/A,EDITS_ONLY,ME
MCOVBSS,EH.D.MCOVBSS.CASH.IP,Medicover AB (publ),SHARES,N/A,EDITS_ONLY,ME
MDGGY,ED.D.MDGGY.CASH.IP,Medigene AG,SHARES,N/A,CLOSED,ME
MEDCLFP,EC.D.MEDCLFP.CASH.IP,MedinCell SA,SHARES,N/A,EDITS_ONLY,ME
MFUS,UC.D.MFUS.CASH.IP,Missfresh Limited,SHARES,N/A,OFFLINE,MF
MF,EC.D.MF.CASH.IP,Wendel SA,SHARES,N/A,EDITS_ONLY,MF
VIRCUS,UD.D.VIRCUS.CASH.IP,Virco Mfg. Corp,SHARES,N/A,TRADEABLE,MF
T0J2GR,ED.D.T0J2GR.CASH.IP,MFE-MediaForEurope N.V. (Frankfurt),SHARES,N/A,EDITS_ONLY,MF
MS,EF.D.MS.CASH.IP,MFE-MediaForEurope NV,SHARES,N/A,EDITS_ONLY,MF
MFEAIM,EF.D.MFEAIM.CASH.IP,MFE-MediaForEurope NV - A,SHARES,N/A,EDITS_ONLY,MF
MGPIUS,UC.D.MGPIUS.CASH.IP,MGP Ingredients Inc,SHARES,N/A,TRADEABLE,MG
ALMDGFP,EC.D.ALMDGFP.CASH.IP,MGI Digital Technology SA,SHARES,N/A,EDITS_ONLY,MG
MHALN,KC.D.MHALN.CASH.IP,MHA PLC,SHARES,N/A,EDITS_ONLY,MH
FRILN,KC.D.FRILN.CASH.IP,Fortis Frontier PLC,SHARES,N/A,SUSPENDED,MH
MKSI,UC.D.MKSI.CASH.IP,MKS Inc,SHARES,N/A,TRADEABLE,MK
NEDSENA,EG.D.NEDSENA.CASH.IP,MKB Nedsense NV,SHARES,N/A,EDITS_ONLY,MK
MKALN,KC.D.MKALN.CASH.IP,Mkango Resources Limited,SHARES,N/A,EDITS_ONLY,MK
MLP,ED.D.MLP.CASH.IP,MLP SE,SHARES,N/A,EDITS_ONLY,ML
MLPXUS,SI.D.MLPXUS.CASH.IP,Global X MLP & Energy Infrastructure ETF,SHARES,N/A,OFFLINE,ML
MLPILN,KA.D.MLPILN.CASH.IP,L&G US Energy Infrastructure MLP UCITS ETF,SHARES,N/A,CLOSED,ML
MLPXLN,KA.D.MLPXLN.CASH.IP,L&G US Energy Infrastructure MLP UCITS ETF,SHARES,N/A,CLOSED,ML
MLPQLN,KA.D.MLPQLN.CASH.IP,Invesco Morningstar US Energy Infrastructure MLP UCITS ETF (Acc) - GBP,SHARES,N/A,EDITS_ONLY,ML
MLPSLN,KA.D.MLPSLN.CASH.IP,Invesco Morningstar US Energy Infrastructure MLP UCITS ETF (Acc) - USD,SHARES,N/A,EDITS_ONLY,ML
MLPPLN,KA.D.MLPPLN.CASH.IP,Invesco Morningstar US Energy Infrastructure MLP UCITS ETF (Dist) - GBP,SHARES,N/A,EDITS_ONLY,ML
MLPDLN,KA.D.MLPDLN.CASH.IP,Invesco Morningstar US Energy Infrastructure MLP UCITS ETF (Dist) - USD,SHARES,N/A,EDITS_ONLY,ML
MTCUS,UC.D.MTCUS.CASH.IP,Mmtec Inc,SHARES,N/A,TRADEABLE,MM
SRA,IR.D.SRA.FWS15.IP,3-month SOFR ($25),RATES,N/A,TRADEABLE,MO
SRA,IR.D.SRA.FWS16.IP,3-month SOFR ($25),RATES,N/A,TRADEABLE,MO
SRA,IR.D.SRA.FWS.IP,3-month SOFR ($25),RATES,N/A,TRADEABLE,MO
SRA,IR.D.SRA.FWS5.IP,3-month SOFR ($25),RATES,N/A,TRADEABLE,MO
SRA,IR.D.SRA.FWS6.IP,3-month SOFR ($25),RATES,N/A,TRADEABLE,MO
SRA,IR.D.SRA.FWM15.IP,3-month SOFR ($5),RATES,N/A,TRADEABLE,MO
SRA,IR.D.SRA.FWM16.IP,3-month SOFR ($5),RATES,N/A,TRADEABLE,MO
SRA,IR.D.SRA.FWM.IP,3-month SOFR ($5),RATES,N/A,TRADEABLE,MO
SRA,IR.D.SRA.FWM5.IP,3-month SOFR ($5),RATES,N/A,TRADEABLE,MO
SRA,IR.D.SRA.FWM7.IP,3-month SOFR ($5),RATES,N/A,TRADEABLE,MO
MBQGY,ED.D.MBQGY.CASH.IP,Mobotix AG,SHARES,N/A,EDITS_ONLY,MO
MGNGY,ED.D.MGNGY.CASH.IP,Mologen AG,SHARES,N/A,CLOSED,MO
MNPSJ,AR.D.MNPSJ.CASH.IP,Mondi PLC,SHARES,N/A,EDITS_ONLY,MO
MNDI,KA.D.MNDI.CASH.IP,Mondi PLC,SHARES,N/A,EDITS_ONLY,MO
MNROUS,UC.D.MNROUS.CASH.IP,Monro Inc,SHARES,N/A,TRADEABLE,MO
SRACUS,UD.D.SRACUS.CASH.IP,MOMENTUS INC,SHARES,N/A,TRADEABLE,MO
MONY,KA.D.MONY.CASH.IP,MONY Group plc,SHARES,N/A,EDITS_ONLY,MO
MRNAUS,UC.D.MRNAUS.CASH.IP,Moderna Inc (24 Hours),SHARES,N/A,TRADEABLE,MO
0QFGY,ED.D.0QFGY.CASH.IP,Moderna Inc (DE),SHARES,N/A,EDITS_ONLY,MO
PRSCUS,UC.D.PRSCUS.CASH.IP,ModivCare Inc,SHARES,N/A,CLOSED,MO
MODUFH,EB.D.MODUFH.CASH.IP,Modulight Oyj,SHARES,N/A,EDITS_ONLY,MO
MONCIM,EF.D.MONCIM.CASH.IP,Moncler SpA,SHARES,N/A,EDITS_ONLY,MO
MTVIM,EF.D.MTVIM.CASH.IP,Mondo TV SpA,SHARES,N/A,EDITS_ONLY,MO
MNYWWUS,UC.D.MNYWWUS.CASH.IP,MoneyHero Ltd,SHARES,N/A,TRADEABLE,MO
MDBUS,UC.D.MDBUS.CASH.IP,MongoDB Inc,SHARES,N/A,TRADEABLE,MO
MORUS,UC.D.MORUS.CASH.IP,MorphoSys AG,SHARES,N/A,CLOSED,MO
MORROWSS,EH.D.MORROWSS.CASH.IP,Morrow Bank AB,SHARES,N/A,EDITS_ONLY,MO
MTFBLN,KA.D.MTFBLN.CASH.IP,Motif Bio PLC,SHARES,N/A,CLOSED,MO
PCSUS,SE.D.PCSUS.CASH.IP,T-Mobile US Inc (24 Hours),SHARES,N/A,TRADEABLE,MO
FSS,IR.D.FSS.FWS14.IP,3 Month SONIA (GBP 25),RATES,N/A,EDITS_ONLY,MO
FSS,IR.D.FSS.FWM11.IP,3 Month SONIA (GBP 5),RATES,N/A,EDITS_ONLY,MO
FSS,IR.D.FSS.FWM1.IP,3 Month SONIA (GBP 5),RATES,N/A,EDITS_ONLY,MO
FSS,IR.D.FSS.FWM12.IP,3 Month SONIA (GBP 5),RATES,N/A,EDITS_ONLY,MO
FSS,IR.D.FSS.FWM13.IP,3 Month SONIA (GBP 5),RATES,N/A,EDITS_ONLY,MO
FSS,IR.D.FSS.FWM14.IP,3 Month SONIA (GBP 5),RATES,N/A,EDITS_ONLY,MO
MTMYLN,KC.D.MTMYLN.CASH.IP,Automax Motors Ltd,SHARES,N/A,CLOSED,MO
MLINLN,KC.D.MLINLN.CASH.IP,Mpac Group PLC,SHARES,N/A,EDITS_ONLY,MP
MPOWLN,KC.D.MPOWLN.CASH.IP,Mporium Group plc,SHARES,N/A,CLOSED,MP
MPCGY,ED.D.MPCGY.CASH.IP,MPC Muenchmeyer Petersen Capital AG,SHARES,N/A,EDITS_ONLY,MP
MPCSJ,AR.D.MPCSJ.CASH.IP,Mr Price Group Ltd,SHARES,N/A,EDITS_ONLY,MR
MRBFP,EC.D.MRBFP.CASH.IP,MR Bricolage SA,SHARES,N/A,EDITS_ONLY,MR
WMIHUS,UD.D.WMIHUS.CASH.IP,Mr Cooper Group Inc,SHARES,N/A,CLOSED,MR
SMRNLN,KA.D.SMRNLN.CASH.IP,Leverage Shares -3x Short Moderna MRNA ETP - GBp,SHARES,N/A,CLOSED,MR
MRNSLN,KA.D.MRNSLN.CASH.IP,Leverage Shares -3x Short Moderna MRNA ETP - USD,SHARES,N/A,CLOSED,MR
YMRVLN,KA.D.YMRVLN.CASH.IP,IncomeShares Marvell Technology MRVL Options ETP,SHARES,N/A,EDITS_ONLY,MR
MRN3LN,KA.D.MRN3LN.CASH.IP,Leverage Shares 3x Long Moderna MRNA ETP Securities,SHARES,N/A,EDITS_ONLY,MR
FJHGY,ED.D.FJHGY.CASH.IP,MSG Life AG,SHARES,N/A,CLOSED,MS
MSAGGY,ED.D.MSAGGY.CASH.IP,MS Industrie AG,SHARES,N/A,CLOSED,MS
MSPRUS,UC.D.MSPRUS.CASH.IP,MSP Recovery Inc,SHARES,N/A,OFFLINE,MS
ITWN,KA.D.ITWN.CASH.IP,iShares MSCI Taiwan,SHARES,N/A,EDITS_ONLY,MS
CNALLN,KA.D.CNALLN.CASH.IP,Amundi MSCI China A UCITS ETF,SHARES,N/A,EDITS_ONLY,MS
MXEULN,KA.D.MXEULN.CASH.IP,Invesco MSCI Europe UCITS ETF,SHARES,N/A,EDITS_ONLY,MS
MXUSLN,KA.D.MXUSLN.CASH.IP,Invesco MSCI USA UCITS ETF,SHARES,N/A,EDITS_ONLY,MS
MXWOLN,KA.D.MXWOLN.CASH.IP,Invesco MSCI World UCITS ETF,SHARES,N/A,EDITS_ONLY,MS
MXWSLN,KA.D.MXWSLN.CASH.IP,Invesco MSCI World UCITS ETF,SHARES,N/A,EDITS_ONLY,MS
CASELN,KA.D.CASELN.CASH.IP,L&GE Fund MSCI China A UCITS ETF,SHARES,N/A,CLOSED,MS
CASHLN,KA.D.CASHLN.CASH.IP,L&GE Fund MSCI China A UCITS ETF,SHARES,N/A,CLOSED,MS
MSILN,KC.D.MSILN.CASH.IP,MS INTERNATIONAL PLC,SHARES,N/A,EDITS_ONLY,MS
UB12LN,KA.D.UB12LN.CASH.IP,MSCI Europe UCITS ETF,SHARES,N/A,EDITS_ONLY,MS
UC07LN,KA.D.UC07LN.CASH.IP,MSCI USA Value UCITS ETF,SHARES,N/A,EDITS_ONLY,MS
SUSWLN,KA.D.SUSWLN.CASH.IP,MSCI World SRI UCITS ETF Fund,SHARES,N/A,EDITS_ONLY,MS
EMADLN,KA.D.EMADLN.CASH.IP,SPDR MSCI EM Asia UCITS ETF,SHARES,N/A,EDITS_ONLY,MS
EMASLN,KA.D.EMASLN.CASH.IP,SPDR MSCI EM Asia UCITS ETF,SHARES,N/A,CLOSED,MS
MTGB,EH.D.MTGB.CASH.IP,Modern Times Group AB - B,SHARES,N/A,EDITS_ONLY,MT
MTGPUS,UC.D.MTGPUS.CASH.IP,MTGE Investment Corporation Pfd 8.125% 12/31/49,SHARES,N/A,CLOSED,MT
MTECUS,UC.D.MTECUS.CASH.IP,MTech Acquisition Corporation,SHARES,N/A,CLOSED,MT
MU,UC.D.MU.CASH.IP,Micron Technology Inc (24 Hours),SHARES,N/A,TRADEABLE,MU
MTEGY,ED.D.MTEGY.CASH.IP,Micron Technology Inc (DE),SHARES,N/A,EDITS_ONLY,MU
MUXGY,ED.D.MUXGY.CASH.IP,mutares SA,SHARES,N/A,EDITS_ONLY,MU
M4NGY,ED.D.M4NGY.CASH.IP,Muehlhan AG,SHARES,N/A,CLOSED,MU
FRUGY,ED.D.FRUGY.CASH.IP,Multitude PLC,SHARES,N/A,EDITS_ONLY,MU
MUL,KA.D.MUL.CASH.IP,Mulberry Group PLC,SHARES,N/A,EDITS_ONLY,MU
MTRSSS,EH.D.MTRSSS.CASH.IP,Munters Group AB (publ),SHARES,N/A,EDITS_ONLY,MU
MURAUS,UC.D.MURAUS.CASH.IP,Mural Oncology PLC,SHARES,N/A,CLOSED,MU
MBIOUS,UC.D.MBIOUS.CASH.IP,Mustang Bio Inc,SHARES,N/A,TRADEABLE,MU
MUSTIFH,EB.D.MUSTIFH.CASH.IP,Musti Group Oyj,SHARES,N/A,EDITS_ONLY,MU
OMUSJ,AR.D.OMUSJ.CASH.IP,Old Mutual Limited,SHARES,N/A,EDITS_ONLY,MU
OMULN,KA.D.OMULN.CASH.IP,Old Mutual Limited,SHARES,N/A,EDITS_ONLY,MU
MMAGLN,KC.D.MMAGLN.CASH.IP,musicMagpie PLC,SHARES,N/A,CLOSED,MU
MUV2,ED.D.MUV2.CASH.IP,Muenchener Rueckversicherungs AG,SHARES,N/A,EDITS_ONLY,MU
MUBGY,ED.D.MUBGY.CASH.IP,Muhlbauer Holding AG,SHARES,N/A,EDITS_ONLY,MU
MLLGY,ED.D.MLLGY.CASH.IP,Muller - Die lila Logistik AG,SHARES,N/A,EDITS_ONLY,MU
MCGSJ,AR.D.MCGSJ.CASH.IP,MultiChoice Group Ltd,SHARES,N/A,CLOSED,MU
MULQSS,EH.D.MULQSS.CASH.IP,MultiQ International AB (publ),SHARES,N/A,CLOSED,MU
MSAIUS,UC.D.MSAIUS.CASH.IP,MultiSensor AI Holdings Inc,SHARES,N/A,TRADEABLE,MU
MURSJ,AR.D.MURSJ.CASH.IP,Murray & Roberts Holdings Ltd,SHARES,N/A,CLOSED,MU
MUT,KA.D.MUT.CASH.IP,Murray Income Trust PLC,SHARES,N/A,EDITS_ONLY,MU
NCSMUS,UC.D.NCSMUS.CASH.IP,NCS Multistage Holdings Inc,SHARES,N/A,TRADEABLE,MU
UMGNA,EG.D.UMGNA.CASH.IP,Universal Music Group NV,SHARES,N/A,EDITS_ONLY,MU
NYFUS,SI.D.NYFUS.CASH.IP,iShares New York Muni Bond ETF,SHARES,N/A,TRADEABLE,MU
TFPNUS,SI.D.TFPNUS.CASH.IP,Blueprint Chesapeake Multi-Asset Trend ETF,SHARES,N/A,TRADEABLE,MU
HWWALN,KA.D.HWWALN.CASH.IP,HSBC Multi Factor Worldwide Equity UCITS ETF,SHARES,N/A,EDITS_ONLY,MU
MLTILN,KA.D.MLTILN.CASH.IP,IncomeShares 60-30-10 Multi-Asset Balanced ETP,SHARES,N/A,EDITS_ONLY,MU
MLTYLN,KA.D.MLTYLN.CASH.IP,IncomeShares 60-30-10 Multi-Asset Balanced ETP (USD),SHARES,N/A,EDITS_ONLY,MU
GRWILN,KA.D.GRWILN.CASH.IP,IncomeShares 75/10/15 Multi-Asset Growth ETP,SHARES,N/A,EDITS_ONLY,MU
MUIYLN,KA.D.MUIYLN.CASH.IP,IncomeShares Micron MU Options ETP,SHARES,N/A,EDITS_ONLY,MU
PZAUS,SI.D.PZAUS.CASH.IP,Invesco National AMT-Free Municipal Bond ETF,SHARES,N/A,OFFLINE,MU
JPLGLN,KA.D.JPLGLN.CASH.IP,JPMorgan Global Equity Multi-Factor UCITS ETF,SHARES,N/A,EDITS_ONLY,MU
JPGLLN,KA.D.JPGLLN.CASH.IP,JPMorgan Global Equity Multi-Factor UCITS ETF (USD),SHARES,N/A,EDITS_ONLY,MU
MATELN,KA.D.MATELN.CASH.IP,JPMorgan Multi-Asset Trust PLC,SHARES,N/A,CLOSED,MU
JMSTUS,SI.D.JMSTUS.CASH.IP,JPMorgan Ultra-Short Municipal Income ETF,SHARES,N/A,TRADEABLE,MU
MYI,KA.D.MYI.CASH.IP,MYI - Murray International Trust PLC,SHARES,N/A,EDITS_ONLY,MU
HYDUS,SI.D.HYDUS.CASH.IP,Market Vectors High Yield Municipal Index ETF,SHARES,N/A,TRADEABLE,MU
MIGTLN,KC.D.MIGTLN.CASH.IP,Momentum Multi-Asset Value Trust PLC,SHARES,N/A,CLOSED,MU
PYLDUS,SI.D.PYLDUS.CASH.IP,PIMCO Multisector Bond Active ETF,SHARES,N/A,TRADEABLE,MU
RHMLN,KC.D.RHMLN.CASH.IP,Round Hill Music Royalty Fund Limited,SHARES,N/A,CLOSED,MU
RHMPLN,KA.D.RHMPLN.CASH.IP,Round Hill Music Royalty Fund Limited - GBP,SHARES,N/A,CLOSED,MU
RLYUS,SI.D.RLYUS.CASH.IP,SPDR SSgA Multi-Asset Real Return ETF,SHARES,N/A,TRADEABLE,MU
QISUS,SI.D.QISUS.CASH.IP,Simplify Multi-Qis Alternative ETF,SHARES,N/A,TRADEABLE,MU
WMGUS,UD.D.WMGUS.CASH.IP,Warner Music Group Corporation,SHARES,N/A,TRADEABLE,MU
VFLUS,SI.D.VFLUS.CASH.IP,abrdn National Municipal Income Fund,SHARES,N/A,TRADEABLE,MU
MVV1GY,ED.D.MVV1GY.CASH.IP,MVV Energie AG,SHARES,N/A,EDITS_ONLY,MV
MVBFUS,UC.D.MVBFUS.CASH.IP,MVB Financial Corporation,SHARES,N/A,TRADEABLE,MV
MVUSLN,KA.D.MVUSLN.CASH.IP,iShares S&P 500 Minimum Volatility UCITS ETF - MVUS,SHARES,N/A,EDITS_ONLY,MV
MWOZLN,KA.D.MWOZLN.CASH.IP,Amundi Prime Global UCITS ETF [MWOZ],SHARES,N/A,EDITS_ONLY,MW
MWBGY,ED.D.MWBGY.CASH.IP,mwb fairtrade Wertpapierhandelsbank AG,SHARES,N/A,CLOSED,MW
USDMXN,CS.D.USDMXN.CFD.IP,USD/MXN,CURRENCIES,N/A,TRADEABLE,MX
USDMXN,CS.D.USDMXN.MINI.IP,USD/MXN Mini,CURRENCIES,N/A,TRADEABLE,MX
MYSZUS,UC.D.MYSZUS.CASH.IP,My Size Inc,SHARES,N/A,TRADEABLE,MY
MBCGY,ED.D.MBCGY.CASH.IP,MyBucks SA,SHARES,N/A,CLOSED,MY
M0YGY,ED.D.M0YGY.CASH.IP,Mynaric AG,SHARES,N/A,CLOSED,MY
DATSUS,UB.D.DATSUS.CASH.IP,Myseum Inc,SHARES,N/A,TRADEABLE,MY
MYRGUS,UC.D.MYRGUS.CASH.IP,MYR Group Inc,SHARES,N/A,TRADEABLE,MY
MYCRSS,EH.D.MYCRSS.CASH.IP,Mycronic AB (publ),SHARES,N/A,EDITS_ONLY,MY
MYRXV,UC.D.MYRXV.CASH.IP,Myrexis Inc,SHARES,N/A,OFFLINE,MY
MYRKGY,ED.D.MYRKGY.CASH.IP,MYHAMMER HOLDING AG,SHARES,N/A,CLOSED,MY
MYSLLN,KA.D.MYSLLN.CASH.IP,MySale Group PLC,SHARES,N/A,CLOSED,MY
MYGN,UC.D.MYGN.CASH.IP,Myriad Genetics Inc,SHARES,N/A,TRADEABLE,MY
SAFETYBSS,EH.D.SAFETYBSS.CASH.IP,Mysafety Group AB,SHARES,N/A,EDITS_ONLY,MY
MYTLN,KA.D.MYTLN.CASH.IP,Mytrah Energy Ltd,SHARES,N/A,CLOSED,MY
MYFCSS,EH.D.MYFCSS.CASH.IP,myFC Holding AB,SHARES,N/A,CLOSED,MY
FXXGY,ED.D.FXXGY.CASH.IP,mybet Holding SE,SHARES,N/A,CLOSED,MY
MYXLN,KC.D.MYXLN.CASH.IP,MYCELX Technologies Corporation,SHARES,N/A,EDITS_ONLY,MY
MILLN,KC.D.MILLN.CASH.IP,Myanmar Investments International Limited,SHARES,N/A,CLOSED,MY
NASDAQ,IX.D.NASDAQ.FWS1.IP,US Tech 100 ($100),INDICES,N/A,TRADEABLE,NA
NASDAQ,IX.D.NASDAQ.FWM1.IP,US Tech 100 ($20),INDICES,N/A,TRADEABLE,NA
NASDAQ,IX.D.NASDAQ.IFS.IP,US Tech 100 Cash (GBP1),INDICES,N/A,TRADEABLE,NA
NASDAQ,IX.D.NASDAQ.IZE.IP,US Tech 100 Cash (€1),INDICES,N/A,TRADEABLE,NA
SUNNAS,IX.D.SUNNAS.IFS.IP,Weekend US Tech 100 (GBP1),INDICES,N/A,EDITS_ONLY,NA
NACONFP,EC.D.NACONFP.CASH.IP,Nacon SA,SHARES,N/A,EDITS_ONLY,NA
NA9GY,ED.D.NA9GY.CASH.IP,Nagarro SE,SHARES,N/A,EDITS_ONLY,NA
WDLGY,ED.D.WDLGY.CASH.IP,Nakiki Se,SHARES,N/A,CLOSED,NA
NANEXASS,EH.D.NANEXASS.CASH.IP,Nanexa AB,SHARES,N/A,EDITS_ONLY,NA
NTRAUS,UC.D.NTRAUS.CASH.IP,Natera Inc,SHARES,N/A,TRADEABLE,NA
NAVNUS,UC.D.NAVNUS.CASH.IP,Navan Inc,SHARES,N/A,TRADEABLE,NA
NAVYAFP,EC.D.NAVYAFP.CASH.IP,Navya SA,SHARES,N/A,CLOSED,NA
NAHLN,KA.D.NAHLN.CASH.IP,NAHL Group Ltd,SHARES,N/A,EDITS_ONLY,NA
NTGGY,ED.D.NTGGY.CASH.IP,Nabaltec AG,SHARES,N/A,EDITS_ONLY,NA
N4GGY,ED.D.N4GGY.CASH.IP,Naga Group AG/The,SHARES,N/A,CLOSED,NA
NN6GY,ED.D.NN6GY.CASH.IP,NanoRepro AG,SHARES,N/A,EDITS_ONLY,NA
NANOFP,EC.D.NANOFP.CASH.IP,Nanobiotix,SHARES,N/A,EDITS_ONLY,NA
N7GGY,ED.D.N7GGY.CASH.IP,Nanogate AG,SHARES,N/A,CLOSED,NA
NPNSJ,AR.D.NPNSJ.CASH.IP,Naspers Ltd,SHARES,N/A,EDITS_ONLY,NA
NAVIUS,UC.D.NAVIUS.CASH.IP,Navient Corp,SHARES,N/A,TRADEABLE,NA
I7NGY,ED.D.I7NGY.CASH.IP,ItN Nanovation AG,SHARES,N/A,CLOSED,NA
CYBALN,KC.D.CYBALN.CASH.IP,NARF INDUSTRIES PLC,SHARES,N/A,EDITS_ONLY,NA
NDAQ,UC.D.NDAQ.CASH.IP,NASDAQ OMX Group Inc (24 Hours),SHARES,N/A,TRADEABLE,NA
REDUUS,UC.D.REDUUS.CASH.IP,NaaS Technology INC,SHARES,N/A,TRADEABLE,NA
MJW,KA.D.MJW.CASH.IP,Naked Wines PLC,SHARES,N/A,EDITS_ONLY,NA
EVCLN,KA.D.EVCLN.CASH.IP,Nanoco Group PLC,SHARES,N/A,EDITS_ONLY,NA
AEROLN,KC.D.AEROLN.CASH.IP,Nanosynth Group PLC,SHARES,N/A,CLOSED,NA
NGT,KA.D.NGT.CASH.IP,National Grid PLC,SHARES,N/A,EDITS_ONLY,NA
NWORLN,KC.D.NWORLN.CASH.IP,National World PLC,SHARES,N/A,CLOSED,NA
NGRLN,KC.D.NGRLN.CASH.IP,Nature Group PLC,SHARES,N/A,CLOSED,NA
BABYUS,UA.D.BABYUS.CASH.IP,Natus Medical Inc,SHARES,N/A,CLOSED,NA
ATLOUS,UA.D.ATLOUS.CASH.IP,Ames National Corporation,SHARES,N/A,TRADEABLE,NA
ANXULN,KA.D.ANXULN.CASH.IP,Amundi Nasdaq-100 ETF-C USD,SHARES,N/A,EDITS_ONLY,NA
NBUS,UC.D.NBUS.CASH.IP,NioCorp Developments Ltd,SHARES,N/A,TRADEABLE,NB
NBTBUS,UC.D.NBTBUS.CASH.IP,NBT Bancorp Inc,SHARES,N/A,TRADEABLE,NB
NBCBUS,UC.D.NBCBUS.CASH.IP,First NBC Bank Holding Co,SHARES,N/A,CLOSED,NB
NEBXUS,SI.D.NEBXUS.CASH.IP,Tradr 2X Long NBIS Daily ETF,SHARES,N/A,TRADEABLE,NB
NBDDLN,KC.D.NBDDLN.CASH.IP,NBDD - NB Distressed Debt Investment Fund Limited,SHARES,N/A,SUSPENDED,NB
NBDGLN,KC.D.NBDGLN.CASH.IP,NBDG - NB Distressed Debt Investment Fund Limited,SHARES,N/A,SUSPENDED,NB
NBDXLN,KC.D.NBDXLN.CASH.IP,NBDX - NB Distressed Debt Investment Fund Limited,SHARES,N/A,SUSPENDED,NB
3NBILN,KA.D.3NBILN.CASH.IP,Leverage Shares 3x Long Nebius NBIS ETP - GBp,SHARES,N/A,EDITS_ONLY,NB
NBLSLN,KA.D.NBLSLN.CASH.IP,NB Global Monthly Income Fund Limited,SHARES,N/A,CLOSED,NB
NBPELN,KA.D.NBPELN.CASH.IP,NB Private Equity Partners Limited,SHARES,N/A,EDITS_ONLY,NB
NBPPLN,KC.D.NBPPLN.CASH.IP,NB Private Equity Partners Limited - Pref,SHARES,N/A,CLOSED,NB
NBPSLN,KC.D.NBPSLN.CASH.IP,NB Private Equity Partners Limited ZDP 2024 - Pref,SHARES,N/A,CLOSED,NB
NCNOUS,UC.D.NCNOUS.CASH.IP,nCino Inc,SHARES,N/A,TRADEABLE,NC
NCABSS,EH.D.NCABSS.CASH.IP,NCAB Group AB (publ),SHARES,N/A,EDITS_ONLY,NC
NCCLN,KA.D.NCCLN.CASH.IP,NCC Group PLC,SHARES,N/A,EDITS_ONLY,NC
NXUGY,ED.D.NXUGY.CASH.IP,Nexu SA,SHARES,N/A,CLOSED,NE
NXGLUS,UC.D.NXGLUS.CASH.IP,NEXGEL Inc,SHARES,N/A,TRADEABLE,NE
MEO1V,EB.D.MEO1V.CASH.IP,Neles Oyj,SHARES,N/A,CLOSED,NE
NEOENFP,EC.D.NEOENFP.CASH.IP,Neoen SA,SHARES,N/A,CLOSED,NE
NESRGY,ED.D.NESRGY.CASH.IP,Nestle SA (DE),SHARES,N/A,EDITS_ONLY,NE
NTAP,UC.D.NTAP.CASH.IP,NetApp Inc (24 Hours),SHARES,N/A,TRADEABLE,NE
NETBSS,EH.D.NETBSS.CASH.IP,NetEnt AB,SHARES,N/A,CLOSED,NE
NETILBSS,EH.D.NETILBSS.CASH.IP,NetEnt AB (publ),SHARES,N/A,CLOSED,NE
NTGFP,EC.D.NTGFP.CASH.IP,NetGem SA,SHARES,N/A,CLOSED,NE
O1BC,ED.D.O1BC.CASH.IP,New Work SE,SHARES,N/A,CLOSED,NE
NWSA,UC.D.NWSA.CASH.IP,News Corp - A (24 Hours),SHARES,N/A,TRADEABLE,NE
NWS,UC.D.NWS.CASH.IP,News Corp - B (24 Hours),SHARES,N/A,TRADEABLE,NE
NEXFP,EC.D.NEXFP.CASH.IP,Nexans SA,SHARES,N/A,EDITS_ONLY,NE
NEXIIM,EF.D.NEXIIM.CASH.IP,Nexi SpA,SHARES,N/A,EDITS_ONLY,NE
NXIFP,EC.D.NXIFP.CASH.IP,Nexity SA,SHARES,N/A,EDITS_ONLY,NE
NXT,KA.D.NXT.CASH.IP,Next PLC,SHARES,N/A,EDITS_ONLY,NE
QXTLN,KC.D.QXTLN.CASH.IP,Nexteq plc,SHARES,N/A,EDITS_ONLY,NE
NTGR,UC.D.NTGR.CASH.IP,NETGEAR Inc,SHARES,N/A,TRADEABLE,NE
KSMTUS,UB.D.KSMTUS.CASH.IP,NEXTERS INC,SHARES,N/A,TRADEABLE,NE
NEMGY,ED.D.NEMGY.CASH.IP,Nemetschek AG,SHARES,N/A,EDITS_ONLY,NE
NGMSUS,UC.D.NGMSUS.CASH.IP,NeoGames SA,SHARES,N/A,CLOSED,NE
NEOVUS,UC.D.NEOVUS.CASH.IP,NeoVolta Inc,SHARES,N/A,TRADEABLE,NE
NEONUS,UC.D.NEONUS.CASH.IP,Neonode Inc,SHARES,N/A,TRADEABLE,NE
NVCNUS,UC.D.NVCNUS.CASH.IP,Neovasc Inc,SHARES,N/A,CLOSED,NE
NES1V,EB.D.NES1V.CASH.IP,Neste Oil OYJ,SHARES,N/A,EDITS_ONLY,NE
NETIBSS,EH.D.NETIBSS.CASH.IP,Net Insight AB (publ),SHARES,N/A,EDITS_ONLY,NE
NET,KC.D.NET.CASH.IP,Netcall PLC,SHARES,N/A,EDITS_ONLY,NE
NTCSJ,AR.D.NTCSJ.CASH.IP,Netcare Ltd,SHARES,N/A,EDITS_ONLY,NE
NLSTUS,UC.D.NLSTUS.CASH.IP,Netlist Inc,SHARES,N/A,OFFLINE,NE
NPTLN,KC.D.NPTLN.CASH.IP,Netplay TV PLC,SHARES,N/A,CLOSED,NE
NTSKUS,UC.D.NTSKUS.CASH.IP,Netskope Inc,SHARES,N/A,TRADEABLE,NE
NPCEUS,UC.D.NPCEUS.CASH.IP,NeuroPace Inc,SHARES,N/A,TRADEABLE,NE
AQXPUS,UA.D.AQXPUS.CASH.IP,Neurogene Inc,SHARES,N/A,TRADEABLE,NE
NROFP,EC.D.NROFP.CASH.IP,Neurones SA,SHARES,N/A,EDITS_ONLY,NE
NEWTUS,UC.D.NEWTUS.CASH.IP,Newtekone INC,SHARES,N/A,TRADEABLE,NE
NEXIUS,UC.D.NEXIUS.CASH.IP,NexImmune Inc,SHARES,N/A,OFFLINE,NE
NXTMHFH,EB.D.NXTMHFH.CASH.IP,Nexstim PLC,SHARES,N/A,EDITS_ONLY,NE
NXTCUS,UC.D.NXTCUS.CASH.IP,NextCure Inc,SHARES,N/A,TRADEABLE,NE
EZFLUS,UB.D.EZFLUS.CASH.IP,NextNRG Inc,SHARES,N/A,TRADEABLE,NE
NNUS,UC.D.NNUS.CASH.IP,NextNav Inc,SHARES,N/A,TRADEABLE,NE
OSATUS,UC.D.OSATUS.CASH.IP,NextPlat Corp,SHARES,N/A,TRADEABLE,NE
SGLBUS,UD.D.SGLBUS.CASH.IP,NextTrip Inc,SHARES,N/A,TRADEABLE,NE
NFLX,UC.D.NFLX.CASH.IP,Netflix Inc (24 Hours),SHARES,N/A,TRADEABLE,NF
NFLYLN,KA.D.NFLYLN.CASH.IP,IncomeShares Netflix NFLX Options ETP,SHARES,N/A,EDITS_ONLY,NF
NFLYUS,SI.D.NFLYUS.CASH.IP,YieldMax NFLX Option Income Strategy ETF,SHARES,N/A,TRADEABLE,NF
NGMUS,UC.D.NGMUS.CASH.IP,NGM Biopharmaceuticals Inc,SHARES,N/A,CLOSED,NG
NGSPLN,KA.D.NGSPLN.CASH.IP,WisdomTree Natural Gas [NGSP],SHARES,N/A,EDITS_ONLY,NG
EPSFP,EC.D.EPSFP.CASH.IP,NHOA,SHARES,N/A,CLOSED,NH
COXFP,EC.D.COXFP.CASH.IP,NicOx SA,SHARES,N/A,EDITS_ONLY,NI
NIXUFH,EB.D.NIXUFH.CASH.IP,Nixu Oyj,SHARES,N/A,CLOSED,NI
RCRTUS,UC.D.RCRTUS.CASH.IP,Nixxy Inc,SHARES,N/A,TRADEABLE,NI
NIPGUS,UC.D.NIPGUS.CASH.IP,NIP Group Inc,SHARES,N/A,TRADEABLE,NI
NICL,KA.D.NICL.CASH.IP,Nichols PLC,SHARES,N/A,EDITS_ONLY,NI
NGHTLN,KA.D.NGHTLN.CASH.IP,Nightcap PLC,SHARES,N/A,CLOSED,NI
CIRLN,KA.D.CIRLN.CASH.IP,Niox Group plc,SHARES,N/A,EDITS_ONLY,NI
NIBCNA,EG.D.NIBCNA.CASH.IP,NIBC Holding NV,SHARES,N/A,CLOSED,NI
NICEUS,UC.D.NICEUS.CASH.IP,NICE Systems Ltd - ADR,SHARES,N/A,TRADEABLE,NI
NIBEB,EH.D.NIBEB.CASH.IP,Nibe Industrier AB,SHARES,N/A,EDITS_ONLY,NI
NLFSKDC,EP.D.NLFSKDC.CASH.IP,Nilfisk Holding AS,SHARES,N/A,CLOSED,NI
NILBSS,EH.D.NILBSS.CASH.IP,Nilorngruppen AB,SHARES,N/A,EDITS_ONLY,NI
BOATSS,EH.D.BOATSS.CASH.IP,Nimbus Group AB,SHARES,N/A,EDITS_ONLY,NI
N91SJ,AR.D.N91SJ.CASH.IP,Ninety One Group,SHARES,N/A,EDITS_ONLY,NI
NY1SJ,AR.D.NY1SJ.CASH.IP,Ninety One Group,SHARES,N/A,EDITS_ONLY,NI
NITROSS,EH.D.NITROSS.CASH.IP,Nitro Games Oyj,SHARES,N/A,EDITS_ONLY,NI
ECNICK,KA.D.ECNICK.CASH.IP,WisdomTree Nickel,SHARES,N/A,EDITS_ONLY,NI
VTIQUS,UD.D.VTIQUS.CASH.IP,Nikola Corporation,SHARES,N/A,CLOSED,NI
CRSTLN,KA.D.CRSTLN.CASH.IP,Crest Nicholson Holdings PLC,SHARES,N/A,EDITS_ONLY,NI
DNALN,KC.D.DNALN.CASH.IP,Doric Nimrod Air One Limited,SHARES,N/A,CLOSED,NI
DNA2LN,KC.D.DNA2LN.CASH.IP,Doric Nimrod Air Two Limited,SHARES,N/A,CLOSED,NI
CDXCUS,UA.D.CDXCUS.CASH.IP,Niagen Bioscience Inc,SHARES,N/A,TRADEABLE,NI
BLOXUS,SI.D.BLOXUS.CASH.IP,Nicholas Crypto Income ETF,SHARES,N/A,TRADEABLE,NI
NCBSUS,UC.D.NCBSUS.CASH.IP,Nicolet Bankshares Inc,SHARES,N/A,TRADEABLE,NI
HEALTHFH,EB.D.HEALTHFH.CASH.IP,Nightingale Health OYJ,SHARES,N/A,EDITS_ONLY,NI
NILARSS,EH.D.NILARSS.CASH.IP,Nilar International AB,SHARES,N/A,CLOSED,NI
NAVFLN,KC.D.NAVFLN.CASH.IP,Nippon Active Value Fund PLC,SHARES,N/A,EDITS_ONLY,NI
NIUUS,UC.D.NIUUS.CASH.IP,Niu Technologies ADR,SHARES,N/A,TRADEABLE,NI
NIVIBSS,EH.D.NIVIBSS.CASH.IP,Nivika Fastigheter AB,SHARES,N/A,EDITS_ONLY,NI
NIKLUS,UC.D.NIKLUS.CASH.IP,Sprott Nickel Miners ETF,SHARES,N/A,TRADEABLE,NI
CNKYLN,KA.D.CNKYLN.CASH.IP,iShares Nikkei 225 UCITS ETF,SHARES,N/A,EDITS_ONLY,NI
JPHGLN,KA.D.JPHGLN.CASH.IP,Amundi JPX-Nikkei 400 UCITS ETF-C GBP Hedged,SHARES,N/A,EDITS_ONLY,NI
CNMILN,KC.D.CNMILN.CASH.IP,Camper & Nicholsons Marina Investment Limited,SHARES,N/A,CLOSED,NI
DNA3LN,KC.D.DNA3LN.CASH.IP,Doric Nimrod Air Three Limited,SHARES,N/A,CLOSED,NI
3LNILN,KA.D.3LNILN.CASH.IP,GraniteShares 3x Long NIO Daily ETP,SHARES,N/A,EDITS_ONLY,NI
3SNILN,KA.D.3SNILN.CASH.IP,GraniteShares 3x Short NIO Daily ETP - USD,SHARES,N/A,EDITS_ONLY,NI
N400LN,KA.D.N400LN.CASH.IP,Invesco JPX-Nikkei 400 UCITS ETF,SHARES,N/A,EDITS_ONLY,NI
S400LN,KA.D.S400LN.CASH.IP,Invesco JPX-Nikkei 400 UCITS ETF,SHARES,N/A,EDITS_ONLY,NI
N4USLN,KA.D.N4USLN.CASH.IP,Invesco JPX-Nikkei 400 UCITS ETF (USD Hdg),SHARES,N/A,EDITS_ONLY,NI
NIOSLN,KA.D.NIOSLN.CASH.IP,Leverage Shares -3x Short NIO ETP Securities,SHARES,N/A,CLOSED,NI
NKTXUS,UC.D.NKTXUS.CASH.IP,Nkarta Inc,SHARES,N/A,TRADEABLE,NK
LASRUS,UB.D.LASRUS.CASH.IP,nLIGHT Inc,SHARES,N/A,TRADEABLE,NL
NMIHUS,UC.D.NMIHUS.CASH.IP,NMI Holdings Inc,SHARES,N/A,TRADEABLE,NM
NNBRUS,UC.D.NNBRUS.CASH.IP,NN Inc,SHARES,N/A,TRADEABLE,NN
NNITDC,EP.D.NNITDC.CASH.IP,NNIT A/S,SHARES,N/A,EDITS_ONLY,NN
RWEG,ED.D.RWEG.CASH.IP,RWE AG,SHARES,N/A,EDITS_ONLY,NP
BRPAUS,UA.D.BRPAUS.CASH.IP,NRX Pharmaceuticals Inc,SHARES,N/A,TRADEABLE,NR
OZENER,KB.D.OZENER.IFD.IP,Australia 200 Energy,SECTORS,N/A,EDITS_ONLY,NR
OZENER,KB.D.OZENER.IFM.IP,Australia 200 Energy (A$2 Mini Contract),SECTORS,N/A,EDITS_ONLY,NR
NEURDC,EP.D.NEURDC.CASH.IP,NTG Nordic Transport Group AS,SHARES,N/A,EDITS_ONLY,NT
SGQGLN,KA.D.SGQGLN.CASH.IP,Lyxor SG European Quality Income NTR UCITS ETF,SHARES,N/A,CLOSED,NT
SGQLLN,KA.D.SGQLLN.CASH.IP,Lyxor SG Global Quality Income NTR UCITS ETF - C-GBP - SGQL,SHARES,N/A,EDITS_ONLY,NT
SGQXLN,KA.D.SGQXLN.CASH.IP,Lyxor SG Global Quality Income NTR UCITS ETF - Monthly Hedged C-GBP - SGQX,SHARES,N/A,EDITS_ONLY,NT
DPHCUS,UB.D.DPHCUS.CASH.IP,Nu Ride Inc,SHARES,N/A,OFFLINE,NU
NCNAUS,UC.D.NCNAUS.CASH.IP,NuCana PLC,SHARES,N/A,TRADEABLE,NU
NUVAUS,UC.D.NUVAUS.CASH.IP,NuVasive Inc,SHARES,N/A,CLOSED,NU
LVRTLN,KC.D.LVRTLN.CASH.IP,Nuformix PLC,SHARES,N/A,EDITS_ONLY,NU
NUM,KA.D.NUM.CASH.IP,Numis Corp PLC,SHARES,N/A,CLOSED,NU
NUTRUS,UC.D.NUTRUS.CASH.IP,Nusatrip Inc,SHARES,N/A,SUSPENDED,NU
NTNXUS,UC.D.NTNXUS.CASH.IP,Nutanix Inc,SHARES,N/A,TRADEABLE,NU
NTRBUS,UC.D.NTRBUS.CASH.IP,Nutriband Inc,SHARES,N/A,TRADEABLE,NU
NUVLUS,UC.D.NUVLUS.CASH.IP,Nuvalent Inc,SHARES,N/A,TRADEABLE,NU
NVEIUS,UC.D.NVEIUS.CASH.IP,Nuvei Corp - US,SHARES,N/A,CLOSED,NU
CHFSUS,UA.D.CHFSUS.CASH.IP,Nuwellis Inc,SHARES,N/A,TRADEABLE,NU
NUTXUS,UC.D.NUTXUS.CASH.IP,Nutex Health Inc,SHARES,N/A,TRADEABLE,NU
NVCTUS,UC.D.NVCTUS.CASH.IP,Nuvectis Pharma Inc,SHARES,N/A,TRADEABLE,NU
NBACUS,UC.D.NBACUS.CASH.IP,Nuvve Holding Corp,SHARES,N/A,TRADEABLE,NU
SCSS,UD.D.SCSS.CASH.IP,Sleep Number Corp,SHARES,N/A,TRADEABLE,NU
LCAUS,UB.D.LCAUS.CASH.IP,Golden Nugget Online Gaming,SHARES,N/A,CLOSED,NU
ENEGLN,KC.D.ENEGLN.CASH.IP,Halo Minerals PLC - NUOG,SHARES,N/A,CLOSED,NU
NNEUS,UC.D.NNEUS.CASH.IP,NANO Nuclear Energy Inc (24 Hours),SHARES,N/A,TRADEABLE,NU
SVUS,UD.D.SVUS.CASH.IP,NuScale Power Corporation (24 Hours),SHARES,N/A,TRADEABLE,NU
NUAN,UC.D.NUAN.CASH.IP,Nuance Communications Inc,SHARES,N/A,CLOSED,NU
NRIXUS,UC.D.NRIXUS.CASH.IP,Nurix Therapeutics Inc,SHARES,N/A,TRADEABLE,NU
NLG1VFH,EB.D.NLG1VFH.CASH.IP,Nurminen Logistics Oyj,SHARES,N/A,EDITS_ONLY,NU
TCPSJ,AR.D.TCPSJ.CASH.IP,Nutun Investments Limited,SHARES,N/A,EDITS_ONLY,NU
ODX,KC.D.ODX.CASH.IP,Cambridge Nutritional Sciences PLC,SHARES,N/A,EDITS_ONLY,NU
LITMUS,UB.D.LITMUS.CASH.IP,Frontier Nuclear and Minerals Inc,SHARES,N/A,OFFLINE,NU
NUKZLN,KA.D.NUKZLN.CASH.IP,Nuclear Renaissance UCITS ETF,SHARES,N/A,EDITS_ONLY,NU
NUKPLN,KA.D.NUKPLN.CASH.IP,Nuclear Renaissance UCITS ETF - GBp,SHARES,N/A,EDITS_ONLY,NU
NUCLN,KC.D.NUCLN.CASH.IP,Nucleus Financial Group Limited,SHARES,N/A,CLOSED,NU
NCLRLN,KA.D.NCLRLN.CASH.IP,WisdomTree Uranium and Nuclear Energy UCITS ETF,SHARES,N/A,EDITS_ONLY,NU
3SMRLN,KA.D.3SMRLN.CASH.IP,Leverage Shares 3x Long NuScale Power SMR ETP - GBp,SHARES,N/A,EDITS_ONLY,NU
NBG6GY,ED.D.NBG6GY.CASH.IP,NURNBERGER Beteiligungs-Aktiengesellschaft,SHARES,N/A,EDITS_ONLY,NU
NUCLLN,KA.D.NUCLLN.CASH.IP,VanEck Uranium and Nuclear Technologies UCITS ETF,SHARES,N/A,EDITS_ONLY,NU
NUCGLN,KA.D.NUCGLN.CASH.IP,VanEck Uranium and Nuclear Technologies UCITS ETF - GBP,SHARES,N/A,EDITS_ONLY,NU
F,EF.D.F.CASH.IP,Stellantis NV (Italy),SHARES,N/A,EDITS_ONLY,NV
OCI,EG.D.OCI.CASH.IP,OCI NV,SHARES,N/A,EDITS_ONLY,NV
RENNA,EG.D.RENNA.CASH.IP,Relx NV,SHARES,N/A,EDITS_ONLY,NV
VGPBB,EA.D.VGPBB.CASH.IP,VGP NV,SHARES,N/A,EDITS_ONLY,NV
CSMNC,EG.D.CSMNC.CASH.IP,Corbion NV,SHARES,N/A,EDITS_ONLY,NV
IFRXUS,UB.D.IFRXUS.CASH.IP,InflaRx NV,SHARES,N/A,TRADEABLE,NV
OPTIBB,EA.D.OPTIBB.CASH.IP,Option NV,SHARES,N/A,EDITS_ONLY,NV
ORDINA,EG.D.ORDINA.CASH.IP,Ordina NV,SHARES,N/A,CLOSED,NV
THRBB,EA.D.THRBB.CASH.IP,Oxurion NV,SHARES,N/A,EDITS_ONLY,NV
TNT,EG.D.TNT.CASH.IP,PostNL NV,SHARES,N/A,EDITS_ONLY,NV
PRXSJ,AR.D.PRXSJ.CASH.IP,Prosus NV (JSE),SHARES,N/A,EDITS_ONLY,NV
PRXNA,EG.D.PRXNA.CASH.IP,Prosus NV (NL),SHARES,N/A,EDITS_ONLY,NV
QIA,ED.D.QIA.CASH.IP,QIAGEN NV (DE),SHARES,N/A,EDITS_ONLY,NV
QGENUS,UC.D.QGENUS.CASH.IP,QIAGEN NV (US),SHARES,N/A,TRADEABLE,NV
RESBB,EA.D.RESBB.CASH.IP,Resilux NV,SHARES,N/A,CLOSED,NV
SIPBB,EA.D.SIPBB.CASH.IP,SIPEF NV,SHARES,N/A,EDITS_ONLY,NV
STMIM,EF.D.STMIM.CASH.IP,STMicroelectronics NV (IT),SHARES,N/A,EDITS_ONLY,NV
LIGHTNA,EG.D.LIGHTNA.CASH.IP,Signify NV,SHARES,N/A,EDITS_ONLY,NV
TOM2,EG.D.TOM2.CASH.IP,TomTom NV,SHARES,N/A,EDITS_ONLY,NV
TRVGUS,UD.D.TRVGUS.CASH.IP,Trivago NV,SHARES,N/A,TRADEABLE,NV
VALUENA,EG.D.VALUENA.CASH.IP,Value8 NV,SHARES,N/A,EDITS_ONLY,NV
NWF,KC.D.NWF.CASH.IP,NWF Group PLC,SHARES,N/A,EDITS_ONLY,NW
NWPXUS,UC.D.NWPXUS.CASH.IP,NWPX Infrastructure Inc,SHARES,N/A,TRADEABLE,NW
AMVUS,UA.D.AMVUS.CASH.IP,Nxu Inc,SHARES,N/A,OFFLINE,NX
NXFILNA,EG.D.NXFILNA.CASH.IP,NX Filtration NV,SHARES,N/A,EDITS_ONLY,NX
NXPI,UC.D.NXPI.CASH.IP,NXP Semiconductor NV (24 Hours),SHARES,N/A,TRADEABLE,NX
SB,CC.D.SB.UNC.IP,NY Sugar No. 11 ($11.20),COMMODITIES,N/A,EDITS_ONLY,NY
SB,CC.D.SB.UMP.IP,NY Sugar No. 11 (£1),COMMODITIES,N/A,EDITS_ONLY,NY
SKARTAFH,EB.D.SKARTAFH.CASH.IP,NYAB Plc,SHARES,N/A,CLOSED,NY
M7UGY,ED.D.M7UGY.CASH.IP,Nynomic AG,SHARES,N/A,EDITS_ONLY,NY
NYRBB,EA.D.NYRBB.CASH.IP,Nyrstar,SHARES,N/A,EDITS_ONLY,NY
NYXHBB,EA.D.NYXHBB.CASH.IP,Nyxoah SA,SHARES,N/A,EDITS_ONLY,NY
NYXHUS,UC.D.NYXHUS.CASH.IP,Nyxoah SA - US,SHARES,N/A,TRADEABLE,NY
TRST,UD.D.TRST.CASH.IP,TrustCo Bank Corp NY,SHARES,N/A,TRADEABLE,NY
SBNYUS,UD.D.SBNYUS.CASH.IP,Signature Bank/New York NY,SHARES,N/A,OFFLINE,NY
NYMXUS,UC.D.NYMXUS.CASH.IP,Nymox Pharmaceutical Corporation,SHARES,N/A,OFFLINE,NY
FBTLN,KA.D.FBTLN.CASH.IP,First Trust NYSE Arca Biotechnology UCITS ETF - GBp,SHARES,N/A,EDITS_ONLY,NY
GOLBLN,KA.D.GOLBLN.CASH.IP,Market Access NYSE Arca Gold Bugs Index UCITS ETF,SHARES,N/A,EDITS_ONLY,NY
O,CO.D.O.FWA1.IP,Oats ($1),COMMODITIES,N/A,TRADEABLE,OA
O,CO.D.O.FWM1.IP,Oats ($25),COMMODITIES,N/A,OFFLINE,OA
O,CO.D.O.FWS1.IP,Oats ($50),COMMODITIES,N/A,OFFLINE,OA
OTLYUS,UC.D.OTLYUS.CASH.IP,Oatly Group AB,SHARES,N/A,TRADEABLE,OA
LOBUS,UB.D.LOBUS.CASH.IP,Live Oak Bancshares Inc,SHARES,N/A,TRADEABLE,OA
OAKMUS,SI.D.OAKMUS.CASH.IP,Oakmark US Large Cap ETF,SHARES,N/A,TRADEABLE,OA
OASUS,UC.D.OASUS.CASH.IP,Oasis Petroleum Inc - New,SHARES,N/A,TRADEABLE,OA
OASMUS,UC.D.OASMUS.CASH.IP,Oasmia Pharmaceutical AB (publ) - US,SHARES,N/A,OFFLINE,OA
FAIRLN,KC.D.FAIRLN.CASH.IP,Fair Oaks Income Fund Limited - 2021,SHARES,N/A,CLOSED,OA
OCLLN,KC.D.OCLLN.CASH.IP,Oakley Capital Investments Ltd,SHARES,N/A,EDITS_ONLY,OA
SVOKUUS,UD.D.SVOKUUS.CASH.IP,Seven Oaks Acquisition Corporation (unit),SHARES,N/A,CLOSED,OA
OBSVUS,UC.D.OBSVUS.CASH.IP,ObsEva SA,SHARES,N/A,CLOSED,OB
OWLSUS,UC.D.OWLSUS.CASH.IP,OBOOK Holdings Inc,SHARES,N/A,TRADEABLE,OB
HRTSUS,UB.D.HRTSUS.CASH.IP,Tema Obesity & Cardiometabolic ETF,SHARES,N/A,TRADEABLE,OB
HSGXUS,UB.D.HSGXUS.CASH.IP,Ocugen Inc (24 Hours),SHARES,N/A,TRADEABLE,OC
OPUS,UC.D.OPUS.CASH.IP,OceanPal Inc,SHARES,N/A,TRADEABLE,OC
OCTLN,KC.D.OCTLN.CASH.IP,Octagonal PLC,SHARES,N/A,CLOSED,OC
OCDO,KA.D.OCDO.CASH.IP,Ocado Group PLC,SHARES,N/A,EDITS_ONLY,OC
OBCIUS,UC.D.OBCIUS.CASH.IP,Ocean Bio-Chem Inc,SHARES,N/A,CLOSED,OC
OCESJ,AR.D.OCESJ.CASH.IP,Oceana Group Ltd,SHARES,N/A,EDITS_ONLY,OC
OSECLN,KC.D.OSECLN.CASH.IP,Octopus AIM VCT 2 PLC,SHARES,N/A,EDITS_ONLY,OC
OOALN,KC.D.OOALN.CASH.IP,Octopus AIM VCT PLC,SHARES,N/A,EDITS_ONLY,OC
OCV3LN,KC.D.OCV3LN.CASH.IP,Octopus VCT 3 PLC,SHARES,N/A,CLOSED,OC
CODAUS,UA.D.CODAUS.CASH.IP,Coda Octopus Group Inc,SHARES,N/A,TRADEABLE,OC
VLCCF,UD.D.VLCCF.CASH.IP,Golden Ocean Group Ltd (US),SHARES,N/A,CLOSED,OC
OCAXUUS,UC.D.OCAXUUS.CASH.IP,OCA Acquisition Corporation,SHARES,N/A,CLOSED,OC
OCEAUS,UC.D.OCEAUS.CASH.IP,Ocean Biomedical Inc,SHARES,N/A,OFFLINE,OC
OLOTLN,KA.D.OLOTLN.CASH.IP,Ocean Outdoor Limited,SHARES,N/A,CLOSED,OC
OPTTUS,UC.D.OPTTUS.CASH.IP,Ocean Power Technologies Inc,SHARES,N/A,TRADEABLE,OC
OCN,KC.D.OCN.CASH.IP,Ocean Wilsons Holdings Ltd,SHARES,N/A,CLOSED,OC
OCTVUS,UC.D.OCTVUS.CASH.IP,Octave Intelligence PLC (US),SHARES,N/A,TRADEABLE,OC
AMBCUS,UA.D.AMBCUS.CASH.IP,Octave Specialty Group Inc,SHARES,N/A,TRADEABLE,OC
OAP3LN,KC.D.OAP3LN.CASH.IP,Octopus Apollo VCT PLC,SHARES,N/A,EDITS_ONLY,OC
OTV2LN,KC.D.OTV2LN.CASH.IP,Octopus Titan VCT PLC,SHARES,N/A,EDITS_ONLY,OC
OCULUS,UC.D.OCULUS.CASH.IP,Ocular Therapeutix Inc,SHARES,N/A,TRADEABLE,OC
OHTLN,KC.D.OHTLN.CASH.IP,Ocean Harvest Technology Group PLC,SHARES,N/A,CLOSED,OC
OCFCUS,UC.D.OCFCUS.CASH.IP,OceanFirst Financial Corporation,SHARES,N/A,TRADEABLE,OC
OFGLN,KA.D.OFGLN.CASH.IP,Octopus Future Generations Vct PLC,SHARES,N/A,EDITS_ONLY,OC
ORITLN,KA.D.ORITLN.CASH.IP,Octopus Renewables Infrastructure Trust PLC,SHARES,N/A,EDITS_ONLY,OC
ODTUS,UC.D.ODTUS.CASH.IP,Odonate Inc,SHARES,N/A,OFFLINE,OD
ODDUS,UC.D.ODDUS.CASH.IP,Oddity Tech Ltd,SHARES,N/A,TRADEABLE,OD
ODDSS,EH.D.ODDSS.CASH.IP,Odd Molly International AB (publ),SHARES,N/A,CLOSED,OD
ODYSYNA,EG.D.ODYSYNA.CASH.IP,Odyssey Acquisition SA,SHARES,N/A,CLOSED,OD
OITLN,KA.D.OITLN.CASH.IP,Odyssean Investment Trust PLC,SHARES,N/A,EDITS_ONLY,OD
OMEX,UC.D.OMEX.CASH.IP,Odyssey Marine Exploration Inc,SHARES,N/A,TRADEABLE,OD
SBTFP,EC.D.SBTFP.CASH.IP,Oeneo SA,SHARES,N/A,EDITS_ONLY,OE
OEMBSS,EH.D.OEMBSS.CASH.IP,OEM International AB (publ),SHARES,N/A,EDITS_ONLY,OE
OGUNBSS,EH.D.OGUNBSS.CASH.IP,Ogunsen AB (publ),SHARES,N/A,EDITS_ONLY,OG
OHB0GY,ED.D.OHB0GY.CASH.IP,OHB SE,SHARES,N/A,CLOSED,OH
OMHUS,UC.D.OMHUS.CASH.IP,Ohmyhome LTD,SHARES,N/A,TRADEABLE,OH
PKOHUS,UC.D.PKOHUS.CASH.IP,Park-Ohio Holdings Corp,SHARES,N/A,TRADEABLE,OH
BO,CO.D.BO.FWM2.IP,Soybean Oil ($3),COMMODITIES,N/A,TRADEABLE,OI
BO,CO.D.BO.FWS2.IP,Soybean Oil ($6),COMMODITIES,N/A,TRADEABLE,OI
TETYSS,EH.D.TETYSS.CASH.IP,Tethys Oil AB (publ),SHARES,N/A,CLOSED,OI
TLW,KA.D.TLW.CASH.IP,Tullow Oil PLC,SHARES,N/A,EDITS_ONLY,OI
NOGLN,KA.D.NOGLN.CASH.IP,Nostrum Oil & Gas PLC,SHARES,N/A,EDITS_ONLY,OI
PVACUS,UC.D.PVACUS.CASH.IP,Ranger Oil Corp,SHARES,N/A,CLOSED,OI
BO,CC.D.BO.UNC.IP,Soybean Oil ($6),COMMODITIES,N/A,TRADEABLE,OI
BO,CC.D.BO.UMP.IP,Soybean Oil (GBP1),COMMODITIES,N/A,TRADEABLE,OI
SLGLN,KC.D.SLGLN.CASH.IP,UK Oil & Gas PLC,SHARES,N/A,EDITS_ONLY,OI
SENLN,KC.D.SENLN.CASH.IP,United Oil & Gas PLC,SHARES,N/A,CLOSED,OI
UOGLN,KC.D.UOGLN.CASH.IP,United Oil and Gas PLC (UOG),SHARES,N/A,EDITS_ONLY,OI
ZNUS,UD.D.ZNUS.CASH.IP,Zion Oil & Gas Inc,SHARES,N/A,OFFLINE,OI
OIGBLN,KA.D.OIGBLN.CASH.IP,Vaneck Oil Services UCITS ETF - OIGB,SHARES,N/A,EDITS_ONLY,OI
LSYOLN,KA.D.LSYOLN.CASH.IP,ETFS 2X Daily Long Soybean Oil,SHARES,N/A,CLOSED,OI
OKTAUS,UC.D.OKTAUS.CASH.IP,Okta Inc (24 Hours),SHARES,N/A,TRADEABLE,OK
VVV3GY,ED.D.VVV3GY.CASH.IP,Okoworld AG,SHARES,N/A,EDITS_ONLY,OK
EML,KC.D.EML.CASH.IP,OKYO Pharma Limited,SHARES,N/A,CLOSED,OK
OKYOUS,UC.D.OKYOUS.CASH.IP,OKYO Pharma Ltd,SHARES,N/A,TRADEABLE,OK
3OKLLN,KA.D.3OKLLN.CASH.IP,Leverage Shares 3x Long Oklo ETP - GBp,SHARES,N/A,EDITS_ONLY,OK
WORLN,KC.D.WORLN.CASH.IP,Oleeo PLC,SHARES,N/A,CLOSED,OL
OLVASFH,EB.D.OLVASFH.CASH.IP,Olvi Oyj,SHARES,N/A,EDITS_ONLY,OL
OLBUS,UC.D.OLBUS.CASH.IP,The OLB Group Inc,SHARES,N/A,TRADEABLE,OL
OLKUS,UC.D.OLKUS.CASH.IP,Olink Holding AB (publ),SHARES,N/A,CLOSED,OL
ZEUSUS,UD.D.ZEUSUS.CASH.IP,Olympic Steel Inc,SHARES,N/A,CLOSED,OL
OLPXUS,UC.D.OLPXUS.CASH.IP,Olaplex Holdings Inc,SHARES,N/A,TRADEABLE,OL
ODFL,UC.D.ODFL.CASH.IP,Old Dominion Freight Line Inc (24 Hours),SHARES,N/A,TRADEABLE,OL
ONBUS,UC.D.ONBUS.CASH.IP,Old National Ban Corporation,SHARES,N/A,TRADEABLE,OL
OSBCUS,UC.D.OSBCUS.CASH.IP,Old Second Bancorp Inc,SHARES,N/A,TRADEABLE,OL
OLMAUS,UC.D.OLMAUS.CASH.IP,Olema Pharmaceuticals Inc,SHARES,N/A,TRADEABLE,OL
SGBXUS,UD.D.SGBXUS.CASH.IP,Olenox Industries Inc,SHARES,N/A,OFFLINE,OL
SKGLN,KA.D.SKGLN.CASH.IP,Smurfit Kappa Group PLC (LSE) Old,SHARES,N/A,CLOSED,OL
CBRL,UA.D.CBRL.CASH.IP,Cracker Barrel Old Country Store Inc,SHARES,N/A,TRADEABLE,OL
NICKUS,UC.D.NICKUS.CASH.IP,Old Market Capital Corporation,SHARES,N/A,OFFLINE,OL
OLLIUS,UC.D.OLLIUS.CASH.IP,Ollie's Bargain Outlet Holdings Inc,SHARES,N/A,TRADEABLE,OL
OMUS,UC.D.OMUS.CASH.IP,Outset Medical Inc,SHARES,N/A,TRADEABLE,OM
OMX,IX.D.OMX.IFD.IP,Sweden 30 Cash (SK100),INDICES,N/A,TRADEABLE,OM
OMX,IX.D.OMX.IFM.IP,Sweden 30 Cash (SK20),INDICES,N/A,TRADEABLE,OM
OMX,IX.D.OMX.FWS1.IP,Sweden 30 (SK100),INDICES,N/A,TRADEABLE,OM
OMX,IX.D.OMX.FWM1.IP,Sweden 30 (SK20),INDICES,N/A,TRADEABLE,OM
OABIUS,UC.D.OABIUS.CASH.IP,OmniAb Inc,SHARES,N/A,TRADEABLE,OM
OFLXUS,UC.D.OFLXUS.CASH.IP,OmegaFlex Inc,SHARES,N/A,TRADEABLE,OM
OMERUS,UC.D.OMERUS.CASH.IP,Omeros Corp,SHARES,N/A,TRADEABLE,OM
OMCLUS,UC.D.OMCLUS.CASH.IP,Omnicell Inc,SHARES,N/A,TRADEABLE,OM
OMDAUS,UC.D.OMDAUS.CASH.IP,Omada Health Inc,SHARES,N/A,TRADEABLE,OM
OMNSJ,AR.D.OMNSJ.CASH.IP,Omnia Holdings Ltd,SHARES,N/A,EDITS_ONLY,OM
BOMNUS,UA.D.BOMNUS.CASH.IP,Boston Omaha Corporation,SHARES,N/A,TRADEABLE,OM
OMSEUS,UC.D.OMSEUS.CASH.IP,OMS Energy Technologies Inc,SHARES,N/A,TRADEABLE,OM
OMASPFH,EB.D.OMASPFH.CASH.IP,Oma Saastopankki Oyj,SHARES,N/A,EDITS_ONLY,OM
OMGAUS,UC.D.OMGAUS.CASH.IP,Omega Therapeutics Inc,SHARES,N/A,CLOSED,OM
AOSLUS,UA.D.AOSLUS.CASH.IP,Alpha & Omega Semiconductor Limited,SHARES,N/A,TRADEABLE,OM
OMXSLN,KA.D.OMXSLN.CASH.IP,iShares OMX Stockholm Capped UCITS ETF,SHARES,N/A,EDITS_ONLY,OM
OODASS,EH.D.OODASS.CASH.IP,OODA AI AB,SHARES,N/A,EDITS_ONLY,OO
OPSS,EH.D.OPSS.CASH.IP,Oscar Properties Holding AB (publ),SHARES,N/A,CLOSED,OP
OPELN,KC.D.OPELN.CASH.IP,Optare PLC,SHARES,N/A,CLOSED,OP
OPTERSS,EH.D.OPTERSS.CASH.IP,Opter AB,SHARES,N/A,EDITS_ONLY,OP
OPN,EC.D.OPN.CASH.IP,Groupe Open,SHARES,N/A,CLOSED,OP
POMFP,EC.D.POMFP.CASH.IP,OPmobility,SHARES,N/A,EDITS_ONLY,OP
OTEX,UC.D.OTEX.CASH.IP,Open Text Corp,SHARES,N/A,TRADEABLE,OP
OPRAUS,UC.D.OPRAUS.CASH.IP,Opera Limited,SHARES,N/A,TRADEABLE,OP
OPTNUS,UC.D.OPTNUS.CASH.IP,OptiNose Inc,SHARES,N/A,CLOSED,OP
OPTOMEDFH,EB.D.OPTOMEDFH.CASH.IP,Optomed Oyj,SHARES,N/A,EDITS_ONLY,OP
OPUSSS,EH.D.OPUSSS.CASH.IP,Opus Group AB (publ),SHARES,N/A,CLOSED,OP
OCUPUS,UC.D.OCUPUS.CASH.IP,Opus Genetics Inc,SHARES,N/A,TRADEABLE,OP
AMDILN,KA.D.AMDILN.CASH.IP,IncomeShares AMD Options ETP,SHARES,N/A,EDITS_ONLY,OP
YARMLN,KA.D.YARMLN.CASH.IP,IncomeShares ARM Options ETP,SHARES,N/A,EDITS_ONLY,OP
OPG,KC.D.OPG.CASH.IP,OPG Power Ventures PLC,SHARES,N/A,CLOSED,OP
ONWDLN,KA.D.ONWDLN.CASH.IP,Onward Opportunities Ltd,SHARES,N/A,EDITS_ONLY,OP
O5HGY,ED.D.O5HGY.CASH.IP,OpenLimit Holding AG,SHARES,N/A,CLOSED,OP
OPNTUS,UC.D.OPNTUS.CASH.IP,Opiant Pharmaceuticals Inc,SHARES,N/A,CLOSED,OP
OPTILN,KC.D.OPTILN.CASH.IP,OptiBiotix Health PLC,SHARES,N/A,EDITS_ONLY,OP
OPTISS,EH.D.OPTISS.CASH.IP,OptiCept Technologies AB,SHARES,N/A,EDITS_ONLY,OP
OPTLN,KC.D.OPTLN.CASH.IP,Optima Health Group Ltd,SHARES,N/A,EDITS_ONLY,OP
OPRXUS,UC.D.OPRXUS.CASH.IP,OptimizeRx Corporation,SHARES,N/A,TRADEABLE,OP
OPHCUS,UC.D.OPHCUS.CASH.IP,OptimumBank Holdings Inc,SHARES,N/A,TRADEABLE,OP
BIOSUS,UA.D.BIOSUS.CASH.IP,Option Care Health Inc,SHARES,N/A,TRADEABLE,OP
PROPUS,UC.D.PROPUS.CASH.IP,Prairie Operating Co,SHARES,N/A,TRADEABLE,OP
RTOPLN,KC.D.RTOPLN.CASH.IP,Regtech Open Project PLC,SHARES,N/A,CLOSED,OP
ROSS,EH.D.ROSS.CASH.IP,Rolling Optics Holding AB,SHARES,N/A,CLOSED,OP
OPTXUS,UC.D.OPTXUS.CASH.IP,Syntec Optics Holdings Inc,SHARES,N/A,TRADEABLE,OP
AJOTLN,KA.D.AJOTLN.CASH.IP,AVI Japan Opportunity Trust PLC,SHARES,N/A,EDITS_ONLY,OP
ICOIUS,SI.D.ICOIUS.CASH.IP,Bitwise COIN Option Income Strategy ETF,SHARES,N/A,TRADEABLE,OP
IMRAUS,SI.D.IMRAUS.CASH.IP,Bitwise MARA Option Income Strategy ETF,SHARES,N/A,TRADEABLE,OP
IMSTUS,SI.D.IMSTUS.CASH.IP,Bitwise MSTR Option Income Strategy ETF,SHARES,N/A,TRADEABLE,OP
CATCLN,KC.D.CATCLN.CASH.IP,Catco Reinsurance Opportunities Fund Ltd,SHARES,N/A,CLOSED,OP
GLOUS,SI.D.GLOUS.CASH.IP,Clough Global Opportunities Fund,SHARES,N/A,TRADEABLE,OP
JEO,KA.D.JEO.CASH.IP,European Opportunities Trust PLC,SHARES,N/A,EDITS_ONLY,OP
EPGLN,KA.D.EPGLN.CASH.IP,Global Opportunities Trust PLC,SHARES,N/A,EDITS_ONLY,OP
HOTLN,KA.D.HOTLN.CASH.IP,Henderson Opportunities Trust PLC,SHARES,N/A,CLOSED,OP
TLTILN,KA.D.TLTILN.CASH.IP,IncomeShares 20+ Year Treasury TLT Options ETP,SHARES,N/A,EDITS_ONLY,OP
YASMLN,KA.D.YASMLN.CASH.IP,IncomeShares ASML Options ETP - GBP,SHARES,N/A,EDITS_ONLY,OP
ASMYLN,KA.D.ASMYLN.CASH.IP,IncomeShares ASML Options ETP - USD,SHARES,N/A,EDITS_ONLY,OP
GOOOLN,KA.D.GOOOLN.CASH.IP,IncomeShares Alphabet GOOG Options ETP,SHARES,N/A,EDITS_ONLY,OP
OSUS,UC.D.OSUS.CASH.IP,Onestream Inc,SHARES,N/A,CLOSED,OS
OSRGR,ED.D.OSRGR.CASH.IP,Osram Licht AG,SHARES,N/A,EDITS_ONLY,OS
OSSDSS,EH.D.OSSDSS.CASH.IP,OssDsign AB,SHARES,N/A,EDITS_ONLY,OS
OSISUS,UC.D.OSISUS.CASH.IP,OSI Systems Inc,SHARES,N/A,TRADEABLE,OS
DANIOSTDC,EP.D.DANIOSTDC.CASH.IP,Danske Invest Osteuropa,SHARES,N/A,CLOSED,OS
OSEFP,EC.D.OSEFP.CASH.IP,OSE Immunotherapeutics SA,SHARES,N/A,EDITS_ONLY,OS
OPPREFSS,EH.D.OPPREFSS.CASH.IP,Oscar Properties Holding AB (publ),SHARES,N/A,CLOSED,OS
OSTUS,UC.D.OSTUS.CASH.IP,Ostin Technology Group Co Ltd,SHARES,N/A,SUSPENDED,OS
SSKUS,SI.D.SSKUS.CASH.IP,REX-OSPREY SOL + Staking ETF,SHARES,N/A,TRADEABLE,OS
UKMVLN,KA.D.UKMVLN.CASH.IP,OSSIAM ETF FTSE 100 MINIMUM VARIANCE,SHARES,N/A,CLOSED,OS
OPPREFBSS,EH.D.OPPREFBSS.CASH.IP,Oscar Properties Holding AB (publ) - Pref,SHARES,N/A,CLOSED,OS
OSIO,KC.D.OSIO.CASH.IP,Osirium Technologies Limited,SHARES,N/A,CLOSED,OS
OSNUS,UC.D.OSNUS.CASH.IP,Ossen Innovation Company Limited,SHARES,N/A,CLOSED,OS
CAPULN,KA.D.CAPULN.CASH.IP,OSSIAM SHILLER BARCLAYS CAPE US SECTOR VALUE TR - GBP,SHARES,N/A,EDITS_ONLY,OS
UCAPLN,KA.D.UCAPLN.CASH.IP,OSSIAM SHILLER BARCLAYS CAPE US SECTOR VALUE TR - USD,SHARES,N/A,EDITS_ONLY,OS
CAPELN,KA.D.CAPELN.CASH.IP,Ossiam Shiller Barclays Cape Europe Sector Value TR,SHARES,N/A,EDITS_ONLY,OS
OTICUS,UC.D.OTICUS.CASH.IP,Otonomy Inc,SHARES,N/A,CLOSED,OT
OTRAUUS,UC.D.OTRAUUS.CASH.IP,OTR Acquisition Corporation,SHARES,N/A,CLOSED,OT
SAIIUS,UD.D.SAIIUS.CASH.IP,Otonmo Technologies,SHARES,N/A,CLOSED,OT
OTTRUS,UC.D.OTTRUS.CASH.IP,Otter Tail Corporation,SHARES,N/A,TRADEABLE,OT
ETIVFUS,UB.D.ETIVFUS.CASH.IP,Unbound Group PLC - US OTC,SHARES,N/A,CLOSED,OT
OASPWUS,UC.D.OASPWUS.CASH.IP,Chord Energy Corp - Warrants OTC,SHARES,N/A,CLOSED,OT
OTMOWUS,UC.D.OTMOWUS.CASH.IP,Otonomo Technologies Ltd - Warrants,SHARES,N/A,CLOSED,OT
WFTUFUS,UD.D.WFTUFUS.CASH.IP,Weatherford International PLC - Warrants OTC,SHARES,N/A,CLOSED,OT
OBAIUS,UC.D.OBAIUS.CASH.IP,Our Bond Inc,SHARES,N/A,TRADEABLE,OU
OUT1V,EB.D.OUT1V.CASH.IP,Outokumpu OYJ,SHARES,N/A,EDITS_ONLY,OU
AOUTVUS,UA.D.AOUTVUS.CASH.IP,American Outdoor Brands Inc,SHARES,N/A,TRADEABLE,OU
RMISJ,AR.D.RMISJ.CASH.IP,OUTsurance Group Limited,SHARES,N/A,EDITS_ONLY,OU
ONSUS,UC.D.ONSUS.CASH.IP,Outlook Therapeutics Inc,SHARES,N/A,TRADEABLE,OU
URBN,UD.D.URBN.CASH.IP,Urban Outfitters Inc,SHARES,N/A,TRADEABLE,OU
OVSIM,EF.D.OVSIM.CASH.IP,OVS SpA,SHARES,N/A,EDITS_ONLY,OV
OVZONSS,EH.D.OVZONSS.CASH.IP,Ovzon AB (publ),SHARES,N/A,EDITS_ONLY,OV
OVHFP,EC.D.OVHFP.CASH.IP,OVH Groupe SAS,SHARES,N/A,EDITS_ONLY,OV
OVIDUS,UC.D.OVIDUS.CASH.IP,Ovid Therapeutics Inc,SHARES,N/A,TRADEABLE,OV
WBOSJ,AR.D.WBOSJ.CASH.IP,Wilson Bayly Holmes-Ovcon Ltd,SHARES,N/A,EDITS_ONLY,OV
SMTCLN,KA.D.SMTCLN.CASH.IP,Amundi Smart Overnight Return USD Hedged,SHARES,N/A,EDITS_ONLY,OV
COPLLN,KC.D.COPLLN.CASH.IP,Canadian Overseas Petroleum Ltd,SHARES,N/A,CLOSED,OV
OSTKUS,UC.D.OSTKUS.CASH.IP,Overstock.com Inc 1 12/31/49 Pfd,SHARES,N/A,CLOSED,OV
CSH2LN,KA.D.CSH2LN.CASH.IP,Amundi Smart Overnight Return GBP Hedged UCITS ETF Acc,SHARES,N/A,EDITS_ONLY,OV
XSOPLN,KA.D.XSOPLN.CASH.IP,WisdomTree Emerging Markets ex-State-Owned Enterprises UCITS ETF,SHARES,N/A,EDITS_ONLY,OW
CXSEUS,UA.D.CXSEUS.CASH.IP,WisdomTree Trust WisdomTree China ex-State-Owned Enterprises Fund,SHARES,N/A,TRADEABLE,OW
XSOELN,KA.D.XSOELN.CASH.IP,Wisdomtree Emerging Markets ex-State-Owned Enterprises ESG Screened UCITS ETF,SHARES,N/A,EDITS_ONLY,OW
OMGLN,KC.D.OMGLN.CASH.IP,Oxford Metrics PLC,SHARES,N/A,EDITS_ONLY,OX
OXBRUS,UC.D.OXBRUS.CASH.IP,Oxbridge Re Holdings Limited,SHARES,N/A,TRADEABLE,OX
OXASLN,KA.D.OXASLN.CASH.IP,Oxford Advanced Surfaces Ltd,SHARES,N/A,CLOSED,OX
OBDLN,KA.D.OBDLN.CASH.IP,Oxford BioDynamics Limited,SHARES,N/A,EDITS_ONLY,OX
OXB,KA.D.OXB.CASH.IP,Oxford Biomedica PLC,SHARES,N/A,EDITS_ONLY,OX
OXIG,KA.D.OXIG.CASH.IP,Oxford Instruments PLC,SHARES,N/A,EDITS_ONLY,OX
OXTLN,KC.D.OXTLN.CASH.IP,Oxford Technology VCT PLC,SHARES,N/A,CLOSED,OX
IINNUS,UB.D.IINNUS.CASH.IP,Inspira Technologies Oxy B.H.N. Limited,SHARES,N/A,OFFLINE,OX
ONTLN,KA.D.ONTLN.CASH.IP,Oxford Nanopore Technologies PLC,SHARES,N/A,EDITS_ONLY,OX
OTTLN,KC.D.OTTLN.CASH.IP,Oxford Technology 2 Venture Capital Trust PLC,SHARES,N/A,EDITS_ONLY,OX
OXHLN,KC.D.OXHLN.CASH.IP,Oxford Technology 2 Venture Capital Trust PLC,SHARES,N/A,EDITS_ONLY,OX
OXFLN,KC.D.OXFLN.CASH.IP,Oxford Technology 2 Venture Capital Trust PLC,SHARES,N/A,EDITS_ONLY,OX
OCTPLN,KC.D.OCTPLN.CASH.IP,Oxford Cannabinoid Technologies Holdings PLC,SHARES,N/A,CLOSED,OX
YTY1V,EB.D.YTY1V.CASH.IP,YIT OYJ,SHARES,N/A,EDITS_ONLY,OY
ASPOFH,EB.D.ASPOFH.CASH.IP,Aspo Oyj,SHARES,N/A,EDITS_ONLY,OY
BOREOFH,EB.D.BOREOFH.CASH.IP,Boreo Oyj,SHARES,N/A,EDITS_ONLY,OY
CAPMANFH,EB.D.CAPMANFH.CASH.IP,CapMan Oyj,SHARES,N/A,EDITS_ONLY,OY
ICP1VFH,EB.D.ICP1VFH.CASH.IP,Incap Oyj,SHARES,N/A,EDITS_ONLY,OY
NOA3GY,ED.D.NOA3GY.CASH.IP,Nokia OYJ (DE),SHARES,N/A,EDITS_ONLY,OY
NOKI,EH.D.NOKI.CASH.IP,Nokia OYJ (SE),SHARES,N/A,EDITS_ONLY,OY
OKDAVFH,EB.D.OKDAVFH.CASH.IP,Oriola Oyj,SHARES,N/A,CLOSED,OY
ORNBVFH,EB.D.ORNBVFH.CASH.IP,Orion Oyj,SHARES,N/A,EDITS_ONLY,OY
ORNAVFH,EB.D.ORNAVFH.CASH.IP,Orion Oyj,SHARES,N/A,EDITS_ONLY,OY
ORTHEXFH,EB.D.ORTHEXFH.CASH.IP,Orthex Oyj,SHARES,N/A,EDITS_ONLY,OY
PON1VFH,EB.D.PON1VFH.CASH.IP,Ponsse Oyj,SHARES,N/A,EDITS_ONLY,OY
PUUILOFH,EB.D.PUUILOFH.CASH.IP,Puuilo Oyj,SHARES,N/A,EDITS_ONLY,OY
RAUTEFH,EB.D.RAUTEFH.CASH.IP,Raute Oyj,SHARES,N/A,EDITS_ONLY,OY
ROBITFH,EB.D.ROBITFH.CASH.IP,Robit Oyj,SHARES,N/A,EDITS_ONLY,OY
SMP0GY,ED.D.SMP0GY.CASH.IP,Sampo Oyj,SHARES,N/A,EDITS_ONLY,OY
SWSBV,EB.D.SWSBV.CASH.IP,Sanoma OYJ,SHARES,N/A,EDITS_ONLY,OY
SOLTEQFH,EB.D.SOLTEQFH.CASH.IP,Solteq Oyj,SHARES,N/A,EDITS_ONLY,OY
TEKOVAFH,EB.D.TEKOVAFH.CASH.IP,Tekova Oyj,SHARES,N/A,EDITS_ONLY,OY
TIE1V,EB.D.TIE1V.CASH.IP,Tieto OYJ (Fin),SHARES,N/A,EDITS_ONLY,OY
PAEUS,UC.D.PAEUS.CASH.IP,PAE Inc,SHARES,N/A,CLOSED,PA
PCAR,UC.D.PCAR.CASH.IP,PACCAR Inc (24 Hours),SHARES,N/A,TRADEABLE,PA
PTSIUS,UC.D.PTSIUS.CASH.IP,PAMT Corp,SHARES,N/A,TRADEABLE,PA
PAVMUS,UC.D.PAVMUS.CASH.IP,PAVmed Inc,SHARES,N/A,TRADEABLE,PA
PA8GY,ED.D.PA8GY.CASH.IP,Paion AG,SHARES,N/A,CLOSED,PA
PNDORA,EP.D.PNDORA.CASH.IP,Pandora AS,SHARES,N/A,EDITS_ONLY,PA
PNDXBSS,EH.D.PNDXBSS.CASH.IP,Pandox AB (publ),SHARES,N/A,EDITS_ONLY,PA
PARRO,EC.D.PARRO.CASH.IP,Parrot SA,SHARES,N/A,EDITS_ONLY,PA
PAXSS,EH.D.PAXSS.CASH.IP,Paxman AB,SHARES,N/A,EDITS_ONLY,PA
FTIVUS,UB.D.FTIVUS.CASH.IP,Parella Weinberg Partners,SHARES,N/A,TRADEABLE,PA
PALGY,ED.D.PALGY.CASH.IP,PANTAFLIX AG,SHARES,N/A,EDITS_ONLY,PA
MPI,KA.D.MPI.CASH.IP,PageGroup PLC,SHARES,N/A,EDITS_ONLY,PA
PNA1VFH,EB.D.PNA1VFH.CASH.IP,Panostaja Oyj,SHARES,N/A,EDITS_ONLY,PA
PLT,EF.D.PLT.CASH.IP,Parmalat SpA,SHARES,N/A,CLOSED,PA
PXMDUS,UC.D.PXMDUS.CASH.IP,PaxMedica Inc,SHARES,N/A,OFFLINE,PA
PAY,KA.D.PAY.CASH.IP,PayPoint PLC,SHARES,N/A,EDITS_ONLY,PA
PAYX,UC.D.PAYX.CASH.IP,Paychex Inc (24 Hours),SHARES,N/A,TRADEABLE,PA
TPNLUS,UD.D.TPNLUS.CASH.IP,Paysign Inc,SHARES,N/A,TRADEABLE,PA
AIP,KA.D.AIP.CASH.IP,Air Partner PLC,SHARES,N/A,CLOSED,PA
PARPFP,EC.D.PARPFP.CASH.IP,Groupe Partouche SA,SHARES,N/A,EDITS_ONLY,PA
MPAYLN,KC.D.MPAYLN.CASH.IP,Mi-Pay Group PLC,SHARES,N/A,CLOSED,PA
NOHOFH,EB.D.NOHOFH.CASH.IP,NoHo Partners Oyj,SHARES,N/A,EDITS_ONLY,PA
OSILN,KC.D.OSILN.CASH.IP,Origo Partners PLC,SHARES,N/A,CLOSED,PA
PACWUS,UC.D.PACWUS.CASH.IP,PacWest Bancorp,SHARES,N/A,CLOSED,PA
PAGEROSS,EH.D.PAGEROSS.CASH.IP,Pagero Group AB,SHARES,N/A,CLOSED,PA
PRFXUS,UC.D.PRFXUS.CASH.IP,PainReform Limited,SHARES,N/A,TRADEABLE,PA
PCALN,KC.D.PCALN.CASH.IP,Palace Capital PLC,SHARES,N/A,EDITS_ONLY,PA
ENVIUUS,UB.D.ENVIUUS.CASH.IP,GreenLight Biosciences Holdings PBC,SHARES,N/A,CLOSED,PB
PCUS,UC.D.PCUS.CASH.IP,Premium Catering Holdings Ltd,SHARES,N/A,SUSPENDED,PC
PCTIUS,UC.D.PCTIUS.CASH.IP,PCTEL Inc,SHARES,N/A,CLOSED,PC
PGHZLN,KA.D.PGHZLN.CASH.IP,PCGH ZDP PLC,SHARES,N/A,CLOSED,PC
PCCCUS,UC.D.PCCCUS.CASH.IP,PC Connection Inc,SHARES,N/A,TRADEABLE,PC
MCTLN,KA.D.MCTLN.CASH.IP,Middlefield Canadian Income PC,SHARES,N/A,CLOSED,PC
RECILN,KA.D.RECILN.CASH.IP,Real Estate Credit Investments PCC Ltd,SHARES,N/A,EDITS_ONLY,PC
PCFTLN,KA.D.PCFTLN.CASH.IP,PCFT - Polar Capital Global Financials Trust PLC,SHARES,N/A,EDITS_ONLY,PC
PDCEUS,UC.D.PDCEUS.CASH.IP,PDC Energy Inc,SHARES,N/A,CLOSED,PD
PDDUS,UC.D.PDDUS.CASH.IP,PDD Holdings Inc (24 Hours),SHARES,N/A,TRADEABLE,PD
PDFSUS,UC.D.PDFSUS.CASH.IP,PDF Solutions Inc,SHARES,N/A,TRADEABLE,PD
PDLI,UC.D.PDLI.CASH.IP,PDL BioPharma Inc,SHARES,N/A,CLOSED,PD
EDGEUS,UB.D.EDGEUS.CASH.IP,PDS Biotechnology Corp,SHARES,N/A,TRADEABLE,PD
PEPGUS,UC.D.PEPGUS.CASH.IP,PepGen Inc,SHARES,N/A,TRADEABLE,PE
MOSYUS,UC.D.MOSYUS.CASH.IP,Peraso Inc,SHARES,N/A,TRADEABLE,PE
PETQUS,UC.D.PETQUS.CASH.IP,PetIQ Inc,SHARES,N/A,CLOSED,PE
RBS9PERPP,KC.D.RBS9PERPP.CASH.IP,RBS 9 PERP,SHARES,N/A,EDITS_ONLY,PE
PEMBLN,KC.D.PEMBLN.CASH.IP,PEMB - Pembroke VCT PLC,SHARES,N/A,EDITS_ONLY,PE
PSON,KA.D.PSON.CASH.IP,Pearson PLC,SHARES,N/A,EDITS_ONLY,PE
PAQCUUS,UC.D.PAQCUUS.CASH.IP,Perfect Corp,SHARES,N/A,TRADEABLE,PE
PSN,KA.D.PSN.CASH.IP,Persimmon PLC,SHARES,N/A,EDITS_ONLY,PE
PFC,KA.D.PFC.CASH.IP,Petrofac Ltd,SHARES,N/A,CLOSED,PE
PETRO,EH.D.PETRO.CASH.IP,Petrogrand AB,SHARES,N/A,CLOSED,PE
RSABLN,KC.D.RSABLN.CASH.IP,RSALN 7 3/8 PERP,SHARES,N/A,CLOSED,PE
MXP,KA.D.MXP.CASH.IP,Max Petroleum PLC,SHARES,N/A,CLOSED,PE
PHOLN,KC.D.PHOLN.CASH.IP,Peel Hotels PLC,SHARES,N/A,CLOSED,PE
PEGAUS,UC.D.PEGAUS.CASH.IP,Pegasystems Inc,SHARES,N/A,TRADEABLE,PE
PNN,KA.D.PNN.CASH.IP,Pennon Group PLC,SHARES,N/A,EDITS_ONLY,PE
PEBOUS,UC.D.PEBOUS.CASH.IP,Peoples Bancorp Inc,SHARES,N/A,TRADEABLE,PE
SRRSJ,AR.D.SRRSJ.CASH.IP,Pepkor Holdings Ltd,SHARES,N/A,EDITS_ONLY,PE
PRFTUS,UC.D.PRFTUS.CASH.IP,Perficient Inc,SHARES,N/A,CLOSED,PE
PFSWUS,UC.D.PFSWUS.CASH.IP,PFSweb Inc,SHARES,N/A,CLOSED,PF
SIX3GY,ED.D.SIX3GY.CASH.IP,Sixt AG - Pfd,SHARES,N/A,EDITS_ONLY,PF
SRT3GY,ED.D.SRT3GY.CASH.IP,Sartorius AG - Pfd,SHARES,N/A,EDITS_ONLY,PF
VIB3GY,ED.D.VIB3GY.CASH.IP,Villeroy & Boch AG - Pfd,SHARES,N/A,EDITS_ONLY,PF
COREPREFS,EH.D.COREPREFS.CASH.IP,Corem Property Group AB (publ) - Pfd,SHARES,N/A,EDITS_ONLY,PF
PBBGY,ED.D.PBBGY.CASH.IP,Deutsche Pfandbriefbank AG,SHARES,N/A,EDITS_ONLY,PF
MMAT0PFD,UC.D.MMAT0PFD.CASH.IP,Meta Materials Inc - Pfd  31/01/22,SHARES,N/A,CLOSED,PF
PFSEGY,ED.D.PFSEGY.CASH.IP,Pfisterer Holding SE,SHARES,N/A,EDITS_ONLY,PF
RELNPF,KA.D.RELNPF.CASH.IP,R.E.A. Holdings PLC Pfd,SHARES,N/A,EDITS_ONLY,PF
SANSP,KC.D.SANSP.CASH.IP,SANTANDER UK 10.375 PFD,SHARES,N/A,CLOSED,PF
STANP,KC.D.STANP.CASH.IP,Standard Chartered 7.375 PFD,SHARES,N/A,CLOSED,PF
STANLN825,KC.D.STANLN825.CASH.IP,Standard Chartered 8.25 PFD,SHARES,N/A,CLOSED,PF
AGNCPF,UA.D.AGNCPF.CASH.IP,American Capital Agency 6 ? PERP Pfd,SHARES,N/A,TRADEABLE,PF
BMW3GY,ED.D.BMW3GY.CASH.IP,Bayerische Motoren Werke AG - Pfd,SHARES,N/A,EDITS_ONLY,PF
BWSLN,KC.D.BWSLN.CASH.IP,Bristol & West Plc 8.125% 31/12/49 Pfd,SHARES,N/A,CLOSED,PF
FTRPFD,UB.D.FTRPFD.CASH.IP,Frontier Communications 11.125 PFD,SHARES,N/A,CLOSED,PF
AVLN8875P,KC.D.AVLN8875P.CASH.IP,General Accident PLC 8.875 Pfd,SHARES,N/A,CLOSED,PF
FWSDLN,KA.D.FWSDLN.CASH.IP,Invesco FTSE All-World UCITS ETF GBP PFHDG DIST,SHARES,N/A,EDITS_ONLY,PF
NTEAI,KC.D.NTEAI.CASH.IP,Northern Electric PLC 8.061 Pfd,SHARES,N/A,CLOSED,PF
PFVGY,ED.D.PFVGY.CASH.IP,Pfeiffer Vacuum Technology AG,SHARES,N/A,EDITS_ONLY,PF
PSHG_p,ED.D.PSHG_p.CASH.IP,Porsche Automobil Holding SE - Pfd,SHARES,N/A,EDITS_ONLY,PF
SMSDLI,PK.D.SMSDLI.CASH.IP,Samsung Electronics Co Ltd - Pfd,SHARES,N/A,EDITS_ONLY,PF
PGTIUS,UC.D.PGTIUS.CASH.IP,PGT Innovations Inc,SHARES,N/A,CLOSED,PG
PULSUS,SI.D.PULSUS.CASH.IP,PGIM Ultra Short Bond ETF,SHARES,N/A,TRADEABLE,PG
PHSCLN,KC.D.PHSCLN.CASH.IP,PHSC PLC,SHARES,N/A,EDITS_ONLY,PH
PHATUS,UC.D.PHATUS.CASH.IP,Phathom Pharmaceuticals Inc,SHARES,N/A,TRADEABLE,PH
RXIIUS,UC.D.RXIIUS.CASH.IP,Phio Pharmaceuticals Corp,SHARES,N/A,TRADEABLE,PH
DDDDLN,KA.D.DDDDLN.CASH.IP,4d pharma plc,SHARES,N/A,CLOSED,PH
PLXPUS,UC.D.PLXPUS.CASH.IP,PLx Pharma Inc,SHARES,N/A,OFFLINE,PH
ALPHAFP,EC.D.ALPHAFP.CASH.IP,Pharnext SA,SHARES,N/A,CLOSED,PH
PTCPL,PO.D.PTCPL.CASH.IP,Pharol SGPS SA,SHARES,N/A,EDITS_ONLY,PH
PHVSUS,UC.D.PHVSUS.CASH.IP,Pharvaris NV,SHARES,N/A,TRADEABLE,PH
PZRXUS,UC.D.PZRXUS.CASH.IP,PhaseRx Inc,SHARES,N/A,OFFLINE,PH
BLIUS,UA.D.BLIUS.CASH.IP,PhenomeX Inc,SHARES,N/A,CLOSED,PH
ZBOLN,KC.D.ZBOLN.CASH.IP,Phimedix PLC,SHARES,N/A,CLOSED,PH
PHUNUS,UC.D.PHUNUS.CASH.IP,Phunware Inc,SHARES,N/A,TRADEABLE,PH
CXRXUS,UA.D.CXRXUS.CASH.IP,Advanz Pharma Corp. (US),SHARES,N/A,CLOSED,PH
ALBOUS,UA.D.ALBOUS.CASH.IP,Albireo Pharma Inc,SHARES,N/A,CLOSED,PH
APHLN,KA.D.APHLN.CASH.IP,Alliance Pharma PLC,SHARES,N/A,CLOSED,PH
ALZCURSS,EH.D.ALZCURSS.CASH.IP,Alzecure Pharma AB,SHARES,N/A,EDITS_ONLY,PH
ATRSUS,UA.D.ATRSUS.CASH.IP,Antares Pharma Inc,SHARES,N/A,CLOSED,PH
ACETO1SS,EH.D.ACETO1SS.CASH.IP,Ascelia Pharma AB (Warrants),SHARES,N/A,CLOSED,PH
ACESS,EH.D.ACESS.CASH.IP,Ascelia Pharma AB (publ),SHARES,N/A,EDITS_ONLY,PH
ASNDUS,UA.D.ASNDUS.CASH.IP,Ascendis Pharma AS,SHARES,N/A,TRADEABLE,PH
DESTLN,KC.D.DESTLN.CASH.IP,Destiny Pharma PLC,SHARES,N/A,CLOSED,PH
ERMASS,EH.D.ERMASS.CASH.IP,Enorama Pharma AB (publ),SHARES,N/A,EDITS_ONLY,PH
FWPUS,UB.D.FWPUS.CASH.IP,Forward Pharma A/S,SHARES,N/A,CLOSED,PH
HOOKUS,UB.D.HOOKUS.CASH.IP,HOOKIPA Pharma Inc,SHARES,N/A,OFFLINE,PH
HRTISFH,EB.D.HRTISFH.CASH.IP,Herantis Pharma Oyj,SHARES,N/A,EDITS_ONLY,PH
HZNPUS,UB.D.HZNPUS.CASH.IP,Horizon Pharma Inc,SHARES,N/A,CLOSED,PH
INITSS,EH.D.INITSS.CASH.IP,Initiator Pharma AS,SHARES,N/A,EDITS_ONLY,PH
IPHAUS,UB.D.IPHAUS.CASH.IP,Innate Pharma SA,SHARES,N/A,TRADEABLE,PH
IPHFP,EC.D.IPHFP.CASH.IP,Innate Pharma SA,SHARES,N/A,EDITS_ONLY,PH
INZYUS,UB.D.INZYUS.CASH.IP,Inozyme Pharma Inc,SHARES,N/A,CLOSED,PH
MOBSS,EH.D.MOBSS.CASH.IP,Moberg Pharma AB (publ),SHARES,N/A,EDITS_ONLY,PH
NXTCLSS,EH.D.NXTCLSS.CASH.IP,NextCell Pharma AB,SHARES,N/A,EDITS_ONLY,PH
KANSS,EH.D.KANSS.CASH.IP,Novakand Pharma AB,SHARES,N/A,CLOSED,PH
PVNIM,EF.D.PVNIM.CASH.IP,Piovan SpA,SHARES,N/A,CLOSED,PI
POOLBSS,EH.D.POOLBSS.CASH.IP,PION GROUP AB,SHARES,N/A,EDITS_ONLY,PI
PIAIM,EF.D.PIAIM.CASH.IP,Piaggio & C SpA,SHARES,N/A,EDITS_ONLY,PI
PCLAUS,UC.D.PCLAUS.CASH.IP,PicoCELA Inc,SHARES,N/A,TRADEABLE,PI
PIPLN,KC.D.PIPLN.CASH.IP,PipeHawk PLC,SHARES,N/A,EDITS_ONLY,PI
PIRCIM,EF.D.PIRCIM.CASH.IP,Pirelli & C. SpA,SHARES,N/A,EDITS_ONLY,PI
PTNMUS,UC.D.PTNMUS.CASH.IP,Pitanium Ltd,SHARES,N/A,SUSPENDED,PI
PTDLN,KC.D.PTDLN.CASH.IP,Pittards PLC,SHARES,N/A,CLOSED,PI
UNXLUS,UD.D.UNXLUS.CASH.IP,Uni-Pixel Inc,SHARES,N/A,CLOSED,PI
PIKSJ,AR.D.PIKSJ.CASH.IP,Pick n Pay Stores Ltd,SHARES,N/A,EDITS_ONLY,PI
PIERCESS,EH.D.PIERCESS.CASH.IP,Pierce Group AB (publ),SHARES,N/A,EDITS_ONLY,PI
VAC,EC.D.VAC.CASH.IP,Pierre & Vacances SA,SHARES,N/A,EDITS_ONLY,PI
PIHLISFH,EB.D.PIHLISFH.CASH.IP,Pihlajalinna Oyj,SHARES,N/A,EDITS_ONLY,PI
PPCUS,SE.D.PPCUS.CASH.IP,Pilgrim's Pride Corp,SHARES,N/A,TRADEABLE,PI
PINFIM,EF.D.PINFIM.CASH.IP,Pininfarina SpA,SHARES,N/A,EDITS_ONLY,PI
PXLWUS,UC.D.PXLWUS.CASH.IP,Pixelworks Inc,SHARES,N/A,TRADEABLE,PI
RPILN,KC.D.RPILN.CASH.IP,Raspberry PI Ltd,SHARES,N/A,EDITS_ONLY,PI
BARLN,KC.D.BARLN.CASH.IP,Brighton Pier Group PLC,SHARES,N/A,CLOSED,PI
DOM,KA.D.DOM.CASH.IP,Domino's Pizza Group PLC,SHARES,N/A,EDITS_ONLY,PI
IRET,KA.D.IRET.CASH.IP,Picton Property Income Ltd,SHARES,N/A,EDITS_ONLY,PI
PLLUS,UC.D.PLLUS.CASH.IP,Piedmont Lithium Limited,SHARES,N/A,CLOSED,PI
BONDUS,SI.D.BONDUS.CASH.IP,Pimco Total Return ETF,SHARES,N/A,TRADEABLE,PI
PFAIUS,UC.D.PFAIUS.CASH.IP,Pinnacle Food Group Ltd,SHARES,N/A,TRADEABLE,PI
PACXUUS,UC.D.PACXUUS.CASH.IP,Pioneer Merger Corporation (unit),SHARES,N/A,CLOSED,PI
PPSIUS,UC.D.PPSIUS.CASH.IP,Pioneer Power Solutions Inc,SHARES,N/A,TRADEABLE,PI
PDJFP,EC.D.PDJFP.CASH.IP,Piscines Desjoyaux SA,SHARES,N/A,EDITS_ONLY,PI
GMBTUUS,UB.D.GMBTUUS.CASH.IP,Pivotal Holdings Corp,SHARES,N/A,CLOSED,PI
PICIM,EF.D.PICIM.CASH.IP,Banca Piccolo Credito Valtellinese SCRL,SHARES,N/A,CLOSED,PI
STHSLN,KA.D.STHSLN.CASH.IP,PIMCO Short-Term High Yield Corporate Bond,SHARES,N/A,EDITS_ONLY,PI
MISTLN,KA.D.MISTLN.CASH.IP,PIMCO US Dollar Short Maturity UCITS ETF,SHARES,N/A,EDITS_ONLY,PI
PPIHUS,UC.D.PPIHUS.CASH.IP,Perma-Pipe International Holdings Inc,SHARES,N/A,TRADEABLE,PI
VACBSFP,EC.D.VACBSFP.CASH.IP,Pierre et Vacances SA - Warrants,SHARES,N/A,EDITS_ONLY,PI
PDG,KA.D.PDG.CASH.IP,Pinewood Technologies Group PLC,SHARES,N/A,EDITS_ONLY,PI
PNFPUS,UC.D.PNFPUS.CASH.IP,Pinnacle Financial Partners Inc,SHARES,N/A,OFFLINE,PI
STPZUS,SI.D.STPZUS.CASH.IP,PIMCO 1-5 Year U.S. TIPS Index Exchange-Traded Fund,SHARES,N/A,TRADEABLE,PI
LTPZUS,SI.D.LTPZUS.CASH.IP,PIMCO 15+ Year U.S. TIPS Index Exchange-Traded Fund,SHARES,N/A,TRADEABLE,PI
ZROZUS,SI.D.ZROZUS.CASH.IP,PIMCO 25+ Year Zero Coupon U.S. Treasury Index ETF,SHARES,N/A,TRADEABLE,PI
MINTUS,SI.D.MINTUS.CASH.IP,PIMCO Enhanced Short Maturity Active Exchange-Traded Fund,SHARES,N/A,TRADEABLE,PI
SSHYLN,KA.D.SSHYLN.CASH.IP,PIMCO Short-Term High Yield Corporate Bond - SSHY,SHARES,N/A,EDITS_ONLY,PI
STHELN,KA.D.STHELN.CASH.IP,PIMCO Short-Term High Yield Corporate Bond - STHE,SHARES,N/A,EDITS_ONLY,PI
STHYLN,KA.D.STHYLN.CASH.IP,PIMCO Short-Term High Yield Corporate Bond - STHY,SHARES,N/A,EDITS_ONLY,PI
QUIDLN,KA.D.QUIDLN.CASH.IP,PIMCO Sterling Short Maturity Source UCITS ETF,SHARES,N/A,EDITS_ONLY,PI
MINTLN,KA.D.MINTLN.CASH.IP,PIMCO US Dollar Short Maturity Source UCITS ETF,SHARES,N/A,EDITS_ONLY,PI
HYSUS,SI.D.HYSUS.CASH.IP,PIMCO 0-5 Year High Yield Corporate Bond Index Exchange-Traded Fund,SHARES,N/A,TRADEABLE,PI
EMLBLN,KA.D.EMLBLN.CASH.IP,PIMCO Emerging Markets Advantage Local Bond Index Source UCITS,SHARES,N/A,EDITS_ONLY,PI
PLZLLI,PK.D.PLZLLI.CASH.IP,Polyus PJSC,SHARES,N/A,CLOSED,PJ
RSTILI,PK.D.RSTILI.CASH.IP,ROSSETI PJSC,SHARES,N/A,CLOSED,PJ
NCSPLI,PK.D.NCSPLI.CASH.IP,Novorossiysk Commercial Sea Port PJSC,SHARES,N/A,SUSPENDED,PJ
USDPLN,CS.D.USDPLN.CFD.IP,USD/PLN,CURRENCIES,N/A,TRADEABLE,PL
USDPLN,CS.D.USDPLN.MINI.IP,USD/PLN Mini,CURRENCIES,N/A,TRADEABLE,PL
450LN,KC.D.450LN.CASH.IP,450 PLC,SHARES,N/A,CLOSED,PL
GFS,KA.D.GFS.CASH.IP,G4S PLC,SHARES,N/A,CLOSED,PL
ITV,KA.D.ITV.CASH.IP,ITV PLC,SHARES,N/A,EDITS_ONLY,PL
MNGLN,KA.D.MNGLN.CASH.IP,M&G PLC,SHARES,N/A,EDITS_ONLY,PL
RM,KA.D.RM.CASH.IP,RM PLC,SHARES,N/A,EDITS_ONLY,PL
SUSLN,KA.D.SUSLN.CASH.IP,S&U PLC,SHARES,N/A,EDITS_ONLY,PL
SHI,KA.D.SHI.CASH.IP,SIG PLC,SHARES,N/A,EDITS_ONLY,PL
LIONUUS,UB.D.LIONUUS.CASH.IP,SMX (Security Matters) Plc,SHARES,N/A,TRADEABLE,PL
SSE,KA.D.SSE.CASH.IP,SSE PLC,SHARES,N/A,EDITS_ONLY,PL
UBM,KA.D.UBM.CASH.IP,UBM PLC,SHARES,N/A,CLOSED,PL
UIEDC,EP.D.UIEDC.CASH.IP,UIE PLC,SHARES,N/A,EDITS_ONLY,PL
PMVPUS,UC.D.PMVPUS.CASH.IP,PMV Pharmaceuticals Inc,SHARES,N/A,TRADEABLE,PM
POLAUS,UC.D.POLAUS.CASH.IP,Polar Power Inc,SHARES,N/A,TRADEABLE,PO
SDHUS,UD.D.SDHUS.CASH.IP,E-Power Inc,SHARES,N/A,TRADEABLE,PO
AFCLN,KA.D.AFCLN.CASH.IP,H-Power plc,SHARES,N/A,CLOSED,PO
PONYUS,UC.D.PONYUS.CASH.IP,Pony AI Inc (24 Hours),SHARES,N/A,TRADEABLE,PO
POOL,UC.D.POOL.CASH.IP,Pool Corp (24 Hours),SHARES,N/A,TRADEABLE,PO
PPDUS,UC.D.PPDUS.CASH.IP,PPD Inc,SHARES,N/A,CLOSED,PP
PPHLN,KC.D.PPHLN.CASH.IP,PPHE Hotel Group Ltd,SHARES,N/A,EDITS_ONLY,PP
PRNIM,EF.D.PRNIM.CASH.IP,Premuda SpA,SHARES,N/A,CLOSED,PR
PREVBSS,EH.D.PREVBSS.CASH.IP,Prevas AB,SHARES,N/A,EDITS_ONLY,PR
PRICBSS,EH.D.PRICBSS.CASH.IP,Pricer AB,SHARES,N/A,EDITS_ONLY,PR
PROBSS,EH.D.PROBSS.CASH.IP,Probi AB (publ),SHARES,N/A,CLOSED,PR
ALPROFP,EC.D.ALPROFP.CASH.IP,Prodware,SHARES,N/A,CLOSED,PR
BELG,EA.D.BELG.CASH.IP,Proximus,SHARES,N/A,EDITS_ONLY,PR
SQFTUS,UD.D.SQFTUS.CASH.IP,Presidio Property Trust Inc,SHARES,N/A,TRADEABLE,PR
PRAGY,ED.D.PRAGY.CASH.IP,Praktiker AG,SHARES,N/A,CLOSED,PR
PRPOUS,UC.D.PRPOUS.CASH.IP,Precipio Inc,SHARES,N/A,TRADEABLE,PR
PINCUS,UC.D.PINCUS.CASH.IP,Premier Inc,SHARES,N/A,CLOSED,PR
LENSUS,UB.D.LENSUS.CASH.IP,Presbia PLC,SHARES,N/A,CLOSED,PR
PVNLN,KC.D.PVNLN.CASH.IP,ProVen VCT PLC,SHARES,N/A,EDITS_ONLY,PR
PGYLN,KC.D.PGYLN.CASH.IP,Progility PLC,SHARES,N/A,CLOSED,PR
PGNYUS,UC.D.PGNYUS.CASH.IP,Progyny Inc,SHARES,N/A,TRADEABLE,PR
ACTCUS,UA.D.ACTCUS.CASH.IP,Proterra Inc,SHARES,N/A,CLOSED,PR
PXS,KA.D.PXS.CASH.IP,Provexis PLC,SHARES,N/A,EDITS_ONLY,PR
PRYIM,EF.D.PRYIM.CASH.IP,Prysmian SpA,SHARES,N/A,EDITS_ONLY,PR
PRSRLN,KC.D.PRSRLN.CASH.IP,The PRS REIT PLC,SHARES,N/A,CLOSED,PR
PROIM,EF.D.PROIM.CASH.IP,Banca Profilo SpA,SHARES,N/A,EDITS_ONLY,PR
ALCORFP,EC.D.ALCORFP.CASH.IP,Biocorp Production,SHARES,N/A,CLOSED,PR
CNPIM,EF.D.CNPIM.CASH.IP,Conafi Prestito SpA,SHARES,N/A,CLOSED,PR
CRULN,KC.D.CRULN.CASH.IP,Coral Products PLC,SHARES,N/A,EDITS_ONLY,PR
DORMUS,UB.D.DORMUS.CASH.IP,Dorman Products Inc,SHARES,N/A,TRADEABLE,PR
LII,KA.D.LII.CASH.IP,Intu Properties PLC (LSE),SHARES,N/A,CLOSED,PR
AVOUS,UA.D.AVOUS.CASH.IP,Mission Produce Inc,SHARES,N/A,TRADEABLE,PR
PSUS,UC.D.PSUS.CASH.IP,Pluralsight Inc,SHARES,N/A,CLOSED,PS
PSBFP,EC.D.PSBFP.CASH.IP,PSB Industries SA,SHARES,N/A,CLOSED,PS
PSA2GY,ED.D.PSA2GY.CASH.IP,PSI Software AG,SHARES,N/A,EDITS_ONLY,PS
PSIGUS,UC.D.PSIGUS.CASH.IP,PS International Group Ltd,SHARES,N/A,TRADEABLE,PS
KSTSJ,AR.D.KSTSJ.CASH.IP,PSG Financial Services,SHARES,N/A,EDITS_ONLY,PS
PMDUS,UC.D.PMDUS.CASH.IP,Psychemedics Corporation,SHARES,N/A,OFFLINE,PS
PBMUS,UC.D.PBMUS.CASH.IP,Psyence Biomedical Ltd,SHARES,N/A,TRADEABLE,PS
PSILUS,SI.D.PSILUS.CASH.IP,Advisorshares Psychedelics ETF,SHARES,N/A,TRADEABLE,PS
PMTC,UC.D.PMTC.CASH.IP,PTC Inc (24 Hours),SHARES,N/A,TRADEABLE,PT
INQOPZ,KC.D.INQOPZ.CASH.IP,Inqo Investments Pty Ltd,SHARES,N/A,EDITS_ONLY,PT
PTCTUS,UC.D.PTCTUS.CASH.IP,PTC Therapeutics Inc,SHARES,N/A,TRADEABLE,PT
RFGSJ,AR.D.RFGSJ.CASH.IP,Rhodes Food Group Pty Ltd,SHARES,N/A,CLOSED,PT
PUM,ED.D.PUM.CASH.IP,Puma SE,SHARES,N/A,EDITS_ONLY,PU
PBYGY,ED.D.PBYGY.CASH.IP,publity AG,SHARES,N/A,CLOSED,PU
PU13LN,KA.D.PU13LN.CASH.IP,PUMA VCT 13 PLC,SHARES,N/A,EDITS_ONLY,PU
PUBMUS,UC.D.PUBMUS.CASH.IP,PubMatic Inc,SHARES,N/A,TRADEABLE,PU
PULMUS,UC.D.PULMUS.CASH.IP,Pulmatrix Inc,SHARES,N/A,TRADEABLE,PU
PU11LN,KC.D.PU11LN.CASH.IP,Puma VCT 11 PLC,SHARES,N/A,CLOSED,PU
PUB,EC.D.PUB.CASH.IP,Publicis Groupe SA,SHARES,N/A,EDITS_ONLY,PU
ACCLN,KC.D.ACCLN.CASH.IP,Pulsar Group Plc,SHARES,N/A,EDITS_ONLY,PU
PLSRLN,KC.D.PLSRLN.CASH.IP,Pulsar Helium Inc,SHARES,N/A,EDITS_ONLY,PU
PUALLN,KC.D.PUALLN.CASH.IP,Puma Alpha Vct PLC,SHARES,N/A,EDITS_ONLY,PU
PRTCLN,KA.D.PRTCLN.CASH.IP,PureTech Health Plc,SHARES,N/A,EDITS_ONLY,PU
PURMOFH,EB.D.PURMOFH.CASH.IP,Purmo Group Oyj,SHARES,N/A,CLOSED,PU
KTOVUS,UB.D.KTOVUS.CASH.IP,Purple Biotech Ltd,SHARES,N/A,TRADEABLE,PU
PPHCLN,KC.D.PPHCLN.CASH.IP,Public Policy Holding Co Inc,SHARES,N/A,EDITS_ONLY,PU
LUNGUS,UB.D.LUNGUS.CASH.IP,Pulmonx Corporation,SHARES,N/A,TRADEABLE,PU
PLSEUS,UC.D.PLSEUS.CASH.IP,Pulse Biosciences Inc,SHARES,N/A,TRADEABLE,PU
ROCHUS,UC.D.ROCHUS.CASH.IP,PureCycle Technologies Inc,SHARES,N/A,TRADEABLE,PU
PPESJ,AR.D.PPESJ.CASH.IP,Purple Group Limited,SHARES,N/A,CLOSED,PU
PRPLUS,UC.D.PRPLUS.CASH.IP,Purple Innovation Inc,SHARES,N/A,TRADEABLE,PU
PURPLN,KA.D.PURPLN.CASH.IP,Purplebricks Group PLC,SHARES,N/A,CLOSED,PU
SGGD,PK.D.SGGD.CASH.IP,Surgutneftegas Public,SHARES,N/A,CLOSED,PU
TPCOUS,UD.D.TPCOUS.CASH.IP,Tribune Publishing Company,SHARES,N/A,CLOSED,PU
TPEGY,ED.D.TPEGY.CASH.IP,PVA TePla AG,SHARES,N/A,EDITS_ONLY,PV
PVCS,KA.D.PVCS.CASH.IP,PV Crystalox Solar PLC,SHARES,N/A,CLOSED,PV
PWUS,SI.D.PWUS.CASH.IP,Power REIT,SHARES,N/A,TRADEABLE,PW
PYXSUS,UC.D.PYXSUS.CASH.IP,Pyxis Oncology Inc,SHARES,N/A,TRADEABLE,PY
PXSUS,UC.D.PXSUS.CASH.IP,Pyxis Tankers Inc,SHARES,N/A,TRADEABLE,PY
PYXLN,KC.D.PYXLN.CASH.IP,PYX Resources Limited,SHARES,N/A,SUSPENDED,PY
PYPYUS,SI.D.PYPYUS.CASH.IP,YieldMax PYPL Option Income Strategy ETF,SHARES,N/A,TRADEABLE,PY
QADAUS,UC.D.QADAUS.CASH.IP,QAD Inc,SHARES,N/A,CLOSED,QA
QATUS,UC.D.QATUS.CASH.IP,iShares MSCI Qatar Capped ETF,SHARES,N/A,TRADEABLE,QA
QBENSS,EH.D.QBENSS.CASH.IP,Qben Infra AB,SHARES,N/A,EDITS_ONLY,QB
QCRHUS,UC.D.QCRHUS.CASH.IP,QCR Holdings Inc,SHARES,N/A,TRADEABLE,QC
YQCOLN,KA.D.YQCOLN.CASH.IP,IncomeShares QUALCOMM QCOM Options ETP,SHARES,N/A,EDITS_ONLY,QC
QELLUS,UC.D.QELLUS.CASH.IP,Qell Acquisition Corporation (Ord),SHARES,N/A,CLOSED,QE
QELLUUS,UC.D.QELLUUS.CASH.IP,Qell Acquisition Corporation (Unit),SHARES,N/A,CLOSED,QE
JFUUS,UB.D.JFUUS.CASH.IP,9F Inc,SHARES,N/A,TRADEABLE,QF
SSNTUS,UD.D.SSNTUS.CASH.IP,QXO Inc,SHARES,N/A,TRADEABLE,QF
QSCGY,ED.D.QSCGY.CASH.IP,q.beyond AG,SHARES,N/A,CLOSED,QF
QRVOUS,UC.D.QRVOUS.CASH.IP,Qorvo Inc,SHARES,N/A,TRADEABLE,QF
QHUS,UC.D.QHUS.CASH.IP,Quhuo Limited ADR,SHARES,N/A,TRADEABLE,QH
QIWIUS,UC.D.QIWIUS.CASH.IP,QIWI plc,SHARES,N/A,CLOSED,QI
QQ,KA.D.QQ.CASH.IP,QinetiQ Group PLC,SHARES,N/A,EDITS_ONLY,QI
QKUS,UC.D.QKUS.CASH.IP,XChange TEC.INC,SHARES,N/A,TRADEABLE,QK
QLIROSS,EH.D.QLIROSS.CASH.IP,Qliro AB (publ),SHARES,N/A,EDITS_ONLY,QL
QAIRSS,EH.D.QAIRSS.CASH.IP,QleanAir AB,SHARES,N/A,EDITS_ONLY,QL
CDON,EH.D.CDON.CASH.IP,Qliro Group AB,SHARES,N/A,EDITS_ONLY,QL
QLIFESS,EH.D.QLIFESS.CASH.IP,Qlife Holding AB (publ),SHARES,N/A,EDITS_ONLY,QL
QMMMUS,UC.D.QMMMUS.CASH.IP,QMMM Holdings Ltd,SHARES,N/A,SUSPENDED,QM
PSQUS,SI.D.PSQUS.CASH.IP,ProShares Short QQQ,SHARES,N/A,TRADEABLE,QQ
QLDUS,SI.D.QLDUS.CASH.IP,ProShares Ultra QQQ,SHARES,N/A,TRADEABLE,QQ
QQQ,UC.D.QQQ.CASH.IP,Invesco QQQ Trust Series 1 (24 Hours),SHARES,N/A,TRADEABLE,QQ
QID,SI.D.QID.CASH.IP,ProShares UltraShort QQQ,SHARES,N/A,TRADEABLE,QQ
QQ3SLN,KA.D.QQ3SLN.CASH.IP,Leverage Shares -5x Short US Tech 100 ETP Securities - QQ3S,SHARES,N/A,EDITS_ONLY,QQ
QTCOMFH,EB.D.QTCOMFH.CASH.IP,Qt Group Oyj,SHARES,N/A,EDITS_ONLY,QT
QTIUS,UC.D.QTIUS.CASH.IP,QT Imaging Holdings Inc,SHARES,N/A,TRADEABLE,QT
QUIZLN,KA.D.QUIZLN.CASH.IP,QUIZ PLC,SHARES,N/A,CLOSED,QU
NEO,EC.D.NEO.CASH.IP,Quadient,SHARES,N/A,EDITS_ONLY,QU
QLYSUS,UC.D.QLYSUS.CASH.IP,Qualys Inc,SHARES,N/A,TRADEABLE,QU
QUMUUS,UC.D.QUMUUS.CASH.IP,Qumu Corp,SHARES,N/A,CLOSED,QU
QCOM,UC.D.QCOM.CASH.IP,QUALCOMM Inc (24 Hours),SHARES,N/A,TRADEABLE,QU
QFILN,KA.D.QFILN.CASH.IP,Quadrise PLC,SHARES,N/A,EDITS_ONLY,QU
CAPAUS,UA.D.CAPAUS.CASH.IP,Quantum-Si Inc,SHARES,N/A,TRADEABLE,QU
QLTLN,KA.D.QLTLN.CASH.IP,Quilter PLC (LSE),SHARES,N/A,EDITS_ONLY,QU
QLTSJ,AR.D.QLTSJ.CASH.IP,Quilter PLC (SA),SHARES,N/A,EDITS_ONLY,QU
QTTUS,UC.D.QTTUS.CASH.IP,Qutoutiao Inc,SHARES,N/A,OFFLINE,QU
SKYQUS,UD.D.SKYQUS.CASH.IP,Sky Quarry Inc,SHARES,N/A,TRADEABLE,QU
ARQQUS,UA.D.ARQQUS.CASH.IP,Arqit Quantum Inc,SHARES,N/A,TRADEABLE,QU
ALQGCFP,EC.D.ALQGCFP.CASH.IP,Quantum Genomics SA,SHARES,N/A,SUSPENDED,QU
MSMNLN,KC.D.MSMNLN.CASH.IP,Quantum Helium Ltd,SHARES,N/A,EDITS_ONLY,QU
WILNUS,UD.D.WILNUS.CASH.IP,Quarterhill Inc,SHARES,N/A,OFFLINE,QU
QNSTUS,UC.D.QNSTUS.CASH.IP,QuinStreet Inc,SHARES,N/A,TRADEABLE,QU
QTNTUS,UC.D.QTNTUS.CASH.IP,Quotient Limited,SHARES,N/A,CLOSED,QU
BNDDUS,SI.D.BNDDUS.CASH.IP,Quadratic Deflation ETF,SHARES,N/A,TRADEABLE,QU
QBAKUS,UC.D.QBAKUS.CASH.IP,Qualstar Corporation,SHARES,N/A,OFFLINE,QU
XMUS,UD.D.XMUS.CASH.IP,Qualtrics International Inc,SHARES,N/A,CLOSED,QU
QTRXUS,UC.D.QTRXUS.CASH.IP,Quanterix Corporation,SHARES,N/A,TRADEABLE,QU
QUBELN,KC.D.QUBELN.CASH.IP,Quantum Base Holdings PLC,SHARES,N/A,EDITS_ONLY,QU
HUGEUS,UB.D.HUGEUS.CASH.IP,Quantum BioPharma Ltd,SHARES,N/A,TRADEABLE,QU
QUBTUS,UC.D.QUBTUS.CASH.IP,Quantum Computing Inc (24 Hours),SHARES,N/A,TRADEABLE,QU
MASTLN,KC.D.MASTLN.CASH.IP,Quantum Data Energy PLC,SHARES,N/A,CLOSED,QU
QFHSJ,AR.D.QFHSJ.CASH.IP,Quantum Foods Holdings,SHARES,N/A,EDITS_ONLY,QU
QTXLN,KC.D.QTXLN.CASH.IP,Quartix Holdings PLC,SHARES,N/A,EDITS_ONLY,QU
QUIKUS,UC.D.QUIKUS.CASH.IP,QuickLogic Corporation,SHARES,N/A,TRADEABLE,QU
QDELUS,UC.D.QDELUS.CASH.IP,QuidelOrtho Corporation,SHARES,N/A,TRADEABLE,QU
CRTXUS,UA.D.CRTXUS.CASH.IP,Quince Therapeutics Inc,SHARES,N/A,TRADEABLE,QU
APOPUS,UA.D.APOPUS.CASH.IP,Quoin Pharmaceuticals Ltd,SHARES,N/A,TRADEABLE,QU
QMOMUS,UC.D.QMOMUS.CASH.IP,Alpha Architect US Quantitative Momentum ETF,SHARES,N/A,TRADEABLE,QU
QGROUS,SI.D.QGROUS.CASH.IP,American Century US Quality Growth ETF,SHARES,N/A,TRADEABLE,QU
UC99LN,KA.D.UC99LN.CASH.IP,Factor MSCI USA Quality UCITS ETF,SHARES,N/A,EDITS_ONLY,QU
FGQPLN,KA.D.FGQPLN.CASH.IP,Fidelity Global Quality Income UCITS ETF,SHARES,N/A,EDITS_ONLY,QU
FUSDLN,KA.D.FUSDLN.CASH.IP,Fidelity US Quality Income UCITS ETF,SHARES,N/A,EDITS_ONLY,QU
FUSPLN,KA.D.FUSPLN.CASH.IP,Fidelity US Quality Income UCITS ETF (FUSP) - GBP,SHARES,N/A,EDITS_ONLY,QU
FUSILN,KA.D.FUSILN.CASH.IP,Fidelity US Quality Income UCITS ETF - USD,SHARES,N/A,EDITS_ONLY,QU
SPQBLN,KA.D.SPQBLN.CASH.IP,Global X S&P 500 Quarterly Buffer UCITS ETF,SHARES,N/A,EDITS_ONLY,QU
SQBPGLN,KA.D.SQBPGLN.CASH.IP,Global X S&P 500 Quarterly Buffer UCITS ETF (GBP),SHARES,N/A,EDITS_ONLY,QU
CLPLN,KC.D.CLPLN.CASH.IP,Quantum Blockchain Technologies,SHARES,N/A,EDITS_ONLY,QU
QRHCUS,UC.D.QRHCUS.CASH.IP,Quest Resource Holding Corporation,SHARES,N/A,TRADEABLE,QU
QIPTUS,UC.D.QIPTUS.CASH.IP,Quipt Home Medical Corporation,SHARES,N/A,CLOSED,QU
RAYCUS,SI.D.RAYCUS.CASH.IP,Rayliant Quantamental China Equity ETF,SHARES,N/A,CLOSED,QU
EP059248E,UB.D.EP059248E.CASH.IP,QVC Group Inc,SHARES,N/A,OFFLINE,QV
QRTEAUS,UC.D.QRTEAUS.CASH.IP,QVC Group Inc,SHARES,N/A,OFFLINE,QV
PQVGLN,KA.D.PQVGLN.CASH.IP,Invesco S&P 500 QVM UCITS ETF,SHARES,N/A,EDITS_ONLY,QV
RDNTUS,UC.D.RDNTUS.CASH.IP,RadNet Inc,SHARES,N/A,TRADEABLE,RA
RWAYIM,EF.D.RWAYIM.CASH.IP,Rai Way SpA,SHARES,N/A,EDITS_ONLY,RA
RAIVV,EB.D.RAIVV.CASH.IP,Raisio PLC,SHARES,N/A,EDITS_ONLY,RA
RALFP,EC.D.RALFP.CASH.IP,Rallye SA,SHARES,N/A,CLOSED,RA
RMBS,UC.D.RMBS.CASH.IP,Rambus Inc,SHARES,N/A,TRADEABLE,RA
RPDUS,UC.D.RPDUS.CASH.IP,Rapid7 Inc,SHARES,N/A,TRADEABLE,RA
RATOB,EH.D.RATOB.CASH.IP,Ratos AB (publ),SHARES,N/A,EDITS_ONLY,RA
RATOASS,EH.D.RATOASS.CASH.IP,Ratos AB (publ),SHARES,N/A,EDITS_ONLY,RA
RDWR,UC.D.RDWR.CASH.IP,RADWARE Ltd,SHARES,N/A,TRADEABLE,RA
RLYBUS,UC.D.RLYBUS.CASH.IP,Rallybio Corp,SHARES,N/A,TRADEABLE,RA
RSTD,EG.D.RSTD.CASH.IP,Randstad NV,SHARES,N/A,EDITS_ONLY,RA
RNK,KA.D.RNK.CASH.IP,Rank Group PLC,SHARES,N/A,EDITS_ONLY,RA
RAAGY,ED.D.RAAGY.CASH.IP,Rational AG,SHARES,N/A,EDITS_ONLY,RA
RYZBUS,UC.D.RYZBUS.CASH.IP,RayzeBio Inc,SHARES,N/A,CLOSED,RA
RDCMUS,UC.D.RDCMUS.CASH.IP,Radcom Limited,SHARES,N/A,TRADEABLE,RA
RDUSUS,UC.D.RDUSUS.CASH.IP,Radius Health Inc,SHARES,N/A,CLOSED,RA
RVSNUS,UC.D.RVSNUS.CASH.IP,Rail Vision Ltd,SHARES,N/A,TRADEABLE,RA
RAILSS,EH.D.RAILSS.CASH.IP,Railcare Group AB (publ),SHARES,N/A,EDITS_ONLY,RA
RAINUS,UC.D.RAINUS.CASH.IP,Rain Oncology Inc.,SHARES,N/A,CLOSED,RA
RBOSJ,AR.D.RBOSJ.CASH.IP,Rainbow Chicken,SHARES,N/A,EDITS_ONLY,RA
RAT,KA.D.RAT.CASH.IP,Rathbones Group Plc,SHARES,N/A,EDITS_ONLY,RA
RBXSJ,AR.D.RBXSJ.CASH.IP,Raubex Group Ltd,SHARES,N/A,EDITS_ONLY,RA
RAYUS,UC.D.RAYUS.CASH.IP,Raytech Holding Ltd,SHARES,N/A,TRADEABLE,RA
RRS,KA.D.RRS.CASH.IP,Randgold Resources Ltd,SHARES,N/A,CLOSED,RA
IB,IR.D.IB.FWS2.IP,Australian 30-Day Interbank Rate (A$24.66),RATES,N/A,TRADEABLE,RA
IB,IR.D.IB.FWS5.IP,Australian 30-Day Interbank Rate (A$24.66),RATES,N/A,TRADEABLE,RA
IB,IR.D.IB.FWM5.IP,Australian 30-Day Interbank Rate (A$5),RATES,N/A,TRADEABLE,RA
IB,IR.D.IB.FWM2.IP,Australian 30-Day Interbank Rate (A$5),RATES,N/A,TRADEABLE,RA
CRND,KC.D.CRND.CASH.IP,Central Rand Gold Ltd,SHARES,N/A,CLOSED,RA
RB,KA.D.RB.CASH.IP,Reckitt Benckiser Group PLC,SHARES,N/A,EDITS_ONLY,RB
ROLLUS,UC.D.ROLLUS.CASH.IP,RBC Bearings Inc,SHARES,N/A,TRADEABLE,RB
RBGPLN,KC.D.RBGPLN.CASH.IP,RBG Holdings PLC,SHARES,N/A,CLOSED,RB
AIRRUS,UA.D.AIRRUS.CASH.IP,First Trust RBA American Industrial Renaissance ETF (USD),SHARES,N/A,TRADEABLE,RB
RCGHLN,KC.D.RCGHLN.CASH.IP,RC365 Holding PLC,SHARES,N/A,EDITS_ONLY,RC
RCSIM,EF.D.RCSIM.CASH.IP,RCS MediaGroup SpA,SHARES,N/A,EDITS_ONLY,RC
RCMTUS,UC.D.RCMTUS.CASH.IP,RCM Technologies Inc,SHARES,N/A,TRADEABLE,RC
WICH,KA.D.WICH.CASH.IP,RDI REIT PLC (LSE),SHARES,N/A,EDITS_ONLY,RD
RPLSJ,AR.D.RPLSJ.CASH.IP,RDI REIT PLC (ZA),SHARES,N/A,CLOSED,RD
RDXSLN,KA.D.RDXSLN.CASH.IP,Invesco RDX UCITS ETF,SHARES,N/A,CLOSED,RD
RDLLN,KA.D.RDLLN.CASH.IP,Ranger Direct Lending Fund PLC - RDL,SHARES,N/A,CLOSED,RD
RELN,KA.D.RELN.CASH.IP,REA Holdings PLC,SHARES,N/A,EDITS_ONLY,RE
RENA,EC.D.RENA.CASH.IP,Renault SA,SHARES,N/A,EDITS_ONLY,RE
RRRUS,UC.D.RRRUS.CASH.IP,Red Rock Resorts Inc,SHARES,N/A,TRADEABLE,RE
REL,KA.D.REL.CASH.IP,RELX PLC,SHARES,N/A,EDITS_ONLY,RE
TNI,KA.D.TNI.CASH.IP,Reach PLC,SHARES,N/A,EDITS_ONLY,RE
REC,KA.D.REC.CASH.IP,Record PLC,SHARES,N/A,EDITS_ONLY,RE
RXFP,EC.D.RXFP.CASH.IP,Recylex SA,SHARES,N/A,CLOSED,RE
RDW,KA.D.RDW.CASH.IP,Redrow PLC,SHARES,N/A,CLOSED,RE
REJLBSS,EH.D.REJLBSS.CASH.IP,Rejlers AB (publ),SHARES,N/A,EDITS_ONLY,RE
SKS,KA.D.SKS.CASH.IP,Renewi PLC,SHARES,N/A,CLOSED,RE
RNOLN,KA.D.RNOLN.CASH.IP,Renold PLC,SHARES,N/A,CLOSED,RE
REYIM,EF.D.REYIM.CASH.IP,Reply SpA,SHARES,N/A,EDITS_ONLY,RE
RXLFP,EC.D.RXLFP.CASH.IP,Rexel SA,SHARES,N/A,EDITS_ONLY,RE
RBDLN,KC.D.RBDLN.CASH.IP,Reabold Resources PLC,SHARES,N/A,EDITS_ONLY,RE
RRRLN,KC.D.RRRLN.CASH.IP,Red Rock Resources PLC,SHARES,N/A,EDITS_ONLY,RE
RGLLN,KA.D.RGLLN.CASH.IP,Regional Reit Limited,SHARES,N/A,EDITS_ONLY,RE
AFINUS,UA.D.AFINUS.CASH.IP,The Necessity Retail REIT Inc,SHARES,N/A,CLOSED,RE
BEIJBSS,EH.D.BEIJBSS.CASH.IP,Beijer Ref AB (publ),SHARES,N/A,EDITS_ONLY,RE
CRESIM,EF.D.CRESIM.CASH.IP,COIMA RES SpA,SHARES,N/A,CLOSED,RE
IHRLN,KC.D.IHRLN.CASH.IP,Care REIT PLC,SHARES,N/A,CLOSED,RE
RTCGY,ED.D.RTCGY.CASH.IP,REALTECH AG,SHARES,N/A,EDITS_ONLY,RE
RGNXUS,UC.D.RGNXUS.CASH.IP,REGENXBIO Inc,SHARES,N/A,TRADEABLE,RE
RFFP,EC.D.RFFP.CASH.IP,Eurazeo SE,SHARES,N/A,EDITS_ONLY,RF
RFILUS,UC.D.RFILUS.CASH.IP,RF Industries Limited,SHARES,N/A,TRADEABLE,RF
RHIMLN,KA.D.RHIMLN.CASH.IP,RHI Magnesita NV,SHARES,N/A,EDITS_ONLY,RH
RHM,ED.D.RHM.CASH.IP,Rheinmetall AG,SHARES,N/A,EDITS_ONLY,RH
RYTMUS,UC.D.RYTMUS.CASH.IP,Rhythm Pharmaceuticals Inc,SHARES,N/A,TRADEABLE,RH
RI,EC.D.RI.CASH.IP,Pernod Ricard SA,SHARES,N/A,EDITS_ONLY,RI
RR,CO.D.RR.FWM2.IP,Rough Rice ($1),COMMODITIES,N/A,OFFLINE,RI
RR,CO.D.RR.FWS2.IP,Rough Rice ($2),COMMODITIES,N/A,OFFLINE,RI
RIO,KA.D.RIO.CASH.IP,Rio Tinto PLC,SHARES,N/A,EDITS_ONLY,RI
RCDO,KA.D.RCDO.CASH.IP,Ricardo PLC,SHARES,N/A,CLOSED,RI
RMV,KA.D.RMV.CASH.IP,Rightmove PLC,SHARES,N/A,EDITS_ONLY,RI
RIZZOBSS,EH.D.RIZZOBSS.CASH.IP,Rizzo Group AB (publ),SHARES,N/A,CLOSED,RI
ALDDSFP,EC.D.ALDDSFP.CASH.IP,ALD SA - Rights Issue,SHARES,N/A,CLOSED,RI
CCRFLN,KA.D.CCRFLN.CASH.IP,C&C Group PLC - Rights,SHARES,N/A,CLOSED,RI
NDXBGY,ED.D.NDXBGY.CASH.IP,Nordex SE - Rights,SHARES,N/A,CLOSED,RI
PRICTRBSS,EH.D.PRICTRBSS.CASH.IP,Pricer AB Tr B Rights,SHARES,N/A,CLOSED,RI
RSTAGY,ED.D.RSTAGY.CASH.IP,RIB Software AG,SHARES,N/A,CLOSED,RI
RICLN,KC.D.RICLN.CASH.IP,Richoux Group PLC,SHARES,N/A,CLOSED,RI
RMBLUS,UC.D.RMBLUS.CASH.IP,RideNow Group Inc,SHARES,N/A,TRADEABLE,RI
NAKLN,KC.D.NAKLN.CASH.IP,Ridgecrest PLC,SHARES,N/A,CLOSED,RI
RIFTLN,KC.D.RIFTLN.CASH.IP,Rift Helium PLC,SHARES,N/A,EDITS_ONLY,RI
RMNIUS,UC.D.RMNIUS.CASH.IP,Rimini Street Inc,SHARES,N/A,TRADEABLE,RI
RNIM,EF.D.RNIM.CASH.IP,Risanamento SpA,SHARES,N/A,EDITS_ONLY,RI
F3CBGR,ED.D.F3CBGR.CASH.IP,SFC Energy AG rights,SHARES,N/A,CLOSED,RI
RIIILN,KC.D.RIIILN.CASH.IP,RIII - Rights and Issues Investment Trust PLC,SHARES,N/A,EDITS_ONLY,RI
CAOSUS,SI.D.CAOSUS.CASH.IP,Alpha Architect Tail Risk Etf,SHARES,N/A,TRADEABLE,RI
CASLN,KC.D.CASLN.CASH.IP,Big River Gold Limited,SHARES,N/A,CLOSED,RI
TAILUS,SI.D.TAILUS.CASH.IP,Cambria Tail Risk ETF,SHARES,N/A,TRADEABLE,RI
CRODSFP,EC.D.CRODSFP.CASH.IP,Crossject SA Right Issue,SHARES,N/A,SUSPENDED,RI
CPTAUS,UA.D.CPTAUS.CASH.IP,Logan Ridge Financial Corp,SHARES,N/A,CLOSED,RI
NRRP,KC.D.NRRP.CASH.IP,North River Resources PLC,SHARES,N/A,CLOSED,RI
RCP,KA.D.RCP.CASH.IP,RIT Capital Partners PLC,SHARES,N/A,EDITS_ONLY,RI
SONS,UD.D.SONS.CASH.IP,Ribbon Communications Inc,SHARES,N/A,TRADEABLE,RI
RIBTUS,UC.D.RIBTUS.CASH.IP,RiceBran Technologies,SHARES,N/A,OFFLINE,RI
RRUS,UC.D.RRUS.CASH.IP,Richtech Robotics Inc,SHARES,N/A,TRADEABLE,RI
RIGLUS,UC.D.RIGLUS.CASH.IP,Rigel Pharmaceuticals Inc,SHARES,N/A,TRADEABLE,RI
RILBADC,EP.D.RILBADC.CASH.IP,Ringkjobing Landbobank AS,SHARES,N/A,EDITS_ONLY,RI
ZESTUS,UD.D.ZESTUS.CASH.IP,RiskOn International Inc,SHARES,N/A,OFFLINE,RI
RIVLN,KA.D.RIVLN.CASH.IP,River & Mercantile Group PLC,SHARES,N/A,CLOSED,RI
RMMCLN,KC.D.RMMCLN.CASH.IP,River UK Micro Cap Ltd,SHARES,N/A,EDITS_ONLY,RI
RSELN,KA.D.RSELN.CASH.IP,Riverstone Energy Limited,SHARES,N/A,EDITS_ONLY,RI
RVSBUS,UC.D.RVSBUS.CASH.IP,Riverview Bancorp Inc,SHARES,N/A,TRADEABLE,RI
3RKLLN,KA.D.3RKLLN.CASH.IP,Leverage Shares 3x Long Rocket Lab RKLB ETP - GBp,SHARES,N/A,EDITS_ONLY,RK
RLJEUS,UC.D.RLJEUS.CASH.IP,RLJ Entertainment Inc,SHARES,N/A,OFFLINE,RL
RMIM,EF.D.RMIM.CASH.IP,Reno de Medici SpA,SHARES,N/A,CLOSED,RM
RMRUS,UC.D.RMRUS.CASH.IP,The RMR Group Inc,SHARES,N/A,TRADEABLE,RM
RMHSJ,AR.D.RMHSJ.CASH.IP,RMB Holdings Ltd,SHARES,N/A,EDITS_ONLY,RM
RMDLLN,KC.D.RMDLLN.CASH.IP,RM Infrastructure Income Plc,SHARES,N/A,EDITS_ONLY,RM
RMGLN,KA.D.RMGLN.CASH.IP,International Distributions Services PLC,SHARES,N/A,CLOSED,RM
TITR,EF.D.TITR.CASH.IP,Telecom Italia SpA - RNC,SHARES,N/A,CLOSED,RN
DANR,EF.D.DANR.CASH.IP,Danieli & C Officine Meccaniche SpA - RNC,SHARES,N/A,EDITS_ONLY,RN
ASRIM,EF.D.ASRIM.CASH.IP,AS Roma SpA,SHARES,N/A,CLOSED,RO
LKD,CO.D.LKD.FWS3.IP,Coffee Robusta ($10),COMMODITIES,N/A,EDITS_ONLY,RO
LKD,CO.D.LKD.FWS.IP,Coffee Robusta ($10),COMMODITIES,N/A,EDITS_ONLY,RO
LKD,CO.D.LKD.FWM3.IP,Coffee Robusta ($2),COMMODITIES,N/A,EDITS_ONLY,RO
LKD,CO.D.LKD.FWM1.IP,Coffee Robusta ($2),COMMODITIES,N/A,EDITS_ONLY,RO
ROCKADC,EP.D.ROCKADC.CASH.IP,ROCKWOOL A/S,SHARES,N/A,EDITS_ONLY,RO
ROCKB,EP.D.ROCKB.CASH.IP,ROCKWOOL A/S,SHARES,N/A,EDITS_ONLY,RO
ROKUUS,UC.D.ROKUUS.CASH.IP,Roku Inc (24 Hours),SHARES,N/A,TRADEABLE,RO
ROOTUS,UC.D.ROOTUS.CASH.IP,Root Inc,SHARES,N/A,TRADEABLE,RO
ROLLN,KC.D.ROLLN.CASH.IP,Rotala PLC,SHARES,N/A,CLOSED,RO
ROR,KA.D.ROR.CASH.IP,Rotork PLC,SHARES,N/A,EDITS_ONLY,RO
RDZNUS,UC.D.RDZNUS.CASH.IP,Roadzen Inc,SHARES,N/A,TRADEABLE,RO
RBNLN,KC.D.RBNLN.CASH.IP,Robinson PLC,SHARES,N/A,EDITS_ONLY,RO
ESSCUS,UB.D.ESSCUS.CASH.IP,Robo.ai Inc,SHARES,N/A,TRADEABLE,RO
HOTHUS,UB.D.HOTHUS.CASH.IP,Rocket One Inc,SHARES,N/A,OFFLINE,RO
AGROLI,PK.D.AGROLI.CASH.IP,Ros Agro PLC,SHARES,N/A,CLOSED,RO
RGPLN,KC.D.RGPLN.CASH.IP,Ross Group PLC,SHARES,N/A,CLOSED,RO
RROSSS,EH.D.RROSSS.CASH.IP,Rottneros AB (publ),SHARES,N/A,EDITS_ONLY,RO
RBREWDC,EP.D.RBREWDC.CASH.IP,Royal Unibrew AS,SHARES,N/A,EDITS_ONLY,RO
NRPSJ,AR.D.NRPSJ.CASH.IP,NEPI Rockcastle N.V.,SHARES,N/A,EDITS_ONLY,RO
RWA,KA.D.RWA.CASH.IP,Robert Walters PLC,SHARES,N/A,EDITS_ONLY,RO
RBNEUS,UC.D.RBNEUS.CASH.IP,Robin Energy Ltd,SHARES,N/A,TRADEABLE,RO
BOTUS,UA.D.BOTUS.CASH.IP,Robostrategy Inc,SHARES,N/A,TRADEABLE,RO
RKETGY,ED.D.RKETGY.CASH.IP,Rocket Internet AG,SHARES,N/A,CLOSED,RO
RKE1GR,ED.D.RKE1GR.CASH.IP,Rocket Internet SE,SHARES,N/A,CLOSED,RO
RCKYUS,UC.D.RCKYUS.CASH.IP,Rocky Brands Inc,SHARES,N/A,TRADEABLE,RO
ROKAUS,UC.D.ROKAUS.CASH.IP,Roka Bioscience Inc,SHARES,N/A,CLOSED,RO
PFP,KC.D.PFP.CASH.IP,Rome Resources PLC,SHARES,N/A,EDITS_ONLY,RO
ROODNA,EG.D.ROODNA.CASH.IP,RoodMicrotec NV,SHARES,N/A,CLOSED,RO
ROST,UC.D.ROST.CASH.IP,Ross Stores Inc (24 Hours),SHARES,N/A,TRADEABLE,RO
ROTHFP,EC.D.ROTHFP.CASH.IP,Rothschild & Co SCA,SHARES,N/A,CLOSED,RO
ROVRUS,UC.D.ROVRUS.CASH.IP,Rover Group Inc,SHARES,N/A,CLOSED,RO
HEIJ,EG.D.HEIJ.CASH.IP,Royal Heijmans NV,SHARES,N/A,EDITS_ONLY,RO
RPC,KA.D.RPC.CASH.IP,RPC Group PLC,SHARES,N/A,CLOSED,RP
RPS,KA.D.RPS.CASH.IP,RPS Group PLC,SHARES,N/A,CLOSED,RP
RTXDC,EP.D.RTXDC.CASH.IP,RTX AS,SHARES,N/A,EDITS_ONLY,RQ
RRD,UC.D.RRD.CASH.IP,RR Donnelley & Sons Co,SHARES,N/A,CLOSED,RR
ECM,KA.D.ECM.CASH.IP,RS Group PLC,SHARES,N/A,EDITS_ONLY,RS
KMERIM,EF.D.KMERIM.CASH.IP,Intek Group SpA - RSP,SHARES,N/A,EDITS_ONLY,RS
RTCLN,KC.D.RTCLN.CASH.IP,RTC Group PLC,SHARES,N/A,EDITS_ONLY,RT
RRTLGY,ED.D.RRTLGY.CASH.IP,RTL Group SA,SHARES,N/A,EDITS_ONLY,RT
ALIGTRSS,EH.D.ALIGTRSS.CASH.IP,Alimak Group AB RTS,SHARES,N/A,CLOSED,RT
RTWLN,KA.D.RTWLN.CASH.IP,RTW Biotech Opportunities Ltd,SHARES,N/A,EDITS_ONLY,RT
RTWGLN,KA.D.RTWGLN.CASH.IP,RTW Biotech Opportunities Ltd - GBp,SHARES,N/A,CLOSED,RT
RUSSELL,IX.D.RUSSELL.FWM2.IP,US Russell 2000 ($10),INDICES,N/A,TRADEABLE,RU
RUSSELL,IX.D.RUSSELL.FWS2.IP,US Russell 2000 ($50),INDICES,N/A,TRADEABLE,RU
RUSSELL,IX.D.RUSSELL.IFM.IP,US Russell 2000 Cash ($10),INDICES,N/A,TRADEABLE,RU
RUSSELL,IX.D.RUSSELL.IFD.IP,US Russell 2000 Cash ($50),INDICES,N/A,TRADEABLE,RU
RUBIUS,UC.D.RUBIUS.CASH.IP,Rubico Inc,SHARES,N/A,TRADEABLE,RU
RUIFP,EC.D.RUIFP.CASH.IP,Rubis SCA,SHARES,N/A,EDITS_ONLY,RU
CFVIUS,UA.D.CFVIUS.CASH.IP,Rumble Inc,SHARES,N/A,TRADEABLE,RU
RUSTASS,EH.D.RUSTASS.CASH.IP,Rusta AB,SHARES,N/A,EDITS_ONLY,RU
BRUNUS,UA.D.BRUNUS.CASH.IP,Boost Run Inc,SHARES,N/A,TRADEABLE,RU
RUR,KC.D.RUR.CASH.IP,Rurelec PLC,SHARES,N/A,CLOSED,RU
RENTUS,UC.D.RENTUS.CASH.IP,Rent the Runway Inc,SHARES,N/A,TRADEABLE,RU
RUGSS,EH.D.RUGSS.CASH.IP,Rugvista Group AB,SHARES,N/A,EDITS_ONLY,RU
FPIRUSDC,EP.D.FPIRUSDC.CASH.IP,Formuepleje - Rusland,SHARES,N/A,CLOSED,RU
RWMUS,SI.D.RWMUS.CASH.IP,ProShares Short Russell2000,SHARES,N/A,TRADEABLE,RU
UWMUS,SI.D.UWMUS.CASH.IP,ProShares Ultra Russell2000,SHARES,N/A,TRADEABLE,RU
AOR,KC.D.AOR.CASH.IP,Rua Life Sciences PLC,SHARES,N/A,EDITS_ONLY,RU
RBCN,UC.D.RBCN.CASH.IP,Rubicon Technology Inc,SHARES,N/A,OFFLINE,RU
RUBYUS,UC.D.RUBYUS.CASH.IP,Rubius Therapeutics Inc,SHARES,N/A,CLOSED,RU
RUSHAUS,UC.D.RUSHAUS.CASH.IP,Rush Enterprises Inc,SHARES,N/A,TRADEABLE,RU
RUTHUS,UC.D.RUTHUS.CASH.IP,Ruth's Hospitality Group Inc,SHARES,N/A,CLOSED,RU
VTWOUS,UD.D.VTWOUS.CASH.IP,Vanguard Russell 2000 ETF,SHARES,N/A,TRADEABLE,RU
VTWGUS,UD.D.VTWGUS.CASH.IP,Vanguard Russell 2000 Growth,SHARES,N/A,TRADEABLE,RU
RYLDUS,SI.D.RYLDUS.CASH.IP,Global X Russell 2000 Covered Call ETF,SHARES,N/A,TRADEABLE,RU
HNR1,ED.D.HNR1.CASH.IP,Hannover Rueckversicherung SE,SHARES,N/A,EDITS_ONLY,RU
RTYSLN,KA.D.RTYSLN.CASH.IP,Invesco Russell 2000 UCITS ETF,SHARES,N/A,EDITS_ONLY,RU
RTWPLN,KA.D.RTWPLN.CASH.IP,L&G Russell 2000 US Small Cap UCITS ETF,SHARES,N/A,EDITS_ONLY,RU
RTWOLN,KA.D.RTWOLN.CASH.IP,L&G Russell 2000 US Small Cap UCITS ETF,SHARES,N/A,EDITS_ONLY,RU
RSGLLN,KA.D.RSGLLN.CASH.IP,Lyxor Russell 1000 Growth UCITS ETF Acc,SHARES,N/A,CLOSED,RU
RUSGLN,KA.D.RUSGLN.CASH.IP,Lyxor Russell 1000 Growth UCITS ETF USD,SHARES,N/A,CLOSED,RU
RVRCSS,EH.D.RVRCSS.CASH.IP,RVRC Holding AB (publ),SHARES,N/A,EDITS_ONLY,RV
OSMTUS,UC.D.OSMTUS.CASH.IP,RVL Pharmaceuticals Plc,SHARES,N/A,OFFLINE,RV
RWS,KA.D.RWS.CASH.IP,RWS Holdings PLC,SHARES,N/A,EDITS_ONLY,RW
RXSTUS,UC.D.RXSTUS.CASH.IP,RxSight Inc,SHARES,N/A,TRADEABLE,RX
AGFYUS,UA.D.AGFYUS.CASH.IP,Rythm Inc,SHARES,N/A,TRADEABLE,RY
RY4CGY,ED.D.RY4CGY.CASH.IP,Ryanair Holdings PLC (DE),SHARES,N/A,EDITS_ONLY,RY
0RYALN,KC.D.0RYALN.CASH.IP,Ryanair Holdings PLC - GBp,SHARES,N/A,EDITS_ONLY,RY
SPM,EF.D.SPM.CASH.IP,Saipem SpA,SHARES,N/A,EDITS_ONLY,SA
TENIM,EF.D.TENIM.CASH.IP,Tenaris SA,SHARES,N/A,EDITS_ONLY,SA
SAFFP,EC.D.SAFFP.CASH.IP,Safran SA,SHARES,N/A,EDITS_ONLY,SA
ALBUDFP,EC.D.ALBUDFP.CASH.IP,MINT SA,SHARES,N/A,EDITS_ONLY,SA
OBSGY,ED.D.OBSGY.CASH.IP,ORBI SA,SHARES,N/A,CLOSED,SA
SK,EC.D.SK.CASH.IP,SEB SA,SHARES,N/A,EDITS_ONLY,SA
SPIEFP,EC.D.SPIEFP.CASH.IP,SPIE SA,SHARES,N/A,EDITS_ONLY,SA
STFFP,EC.D.STFFP.CASH.IP,STEF SA,SHARES,N/A,EDITS_ONLY,SA
SUSEGY,ED.D.SUSEGY.CASH.IP,SUSE SA,SHARES,N/A,CLOSED,SA
SAMAS,EB.D.SAMAS.CASH.IP,Sampo,SHARES,N/A,EDITS_ONLY,SA
SASY,EC.D.SASY.CASH.IP,Sanofi,SHARES,N/A,EDITS_ONLY,SA
UCBBB,EA.D.UCBBB.CASH.IP,UCB SA,SHARES,N/A,EDITS_ONLY,SA
BNCLN,KA.D.BNCLN.CASH.IP,Banco Santander SA (LSE),SHARES,N/A,EDITS_ONLY,SA
SANTPL,PO.D.SANTPL.CASH.IP,Banco Santander SA (Po),SHARES,N/A,CLOSED,SA
AL2SIFP,EC.D.AL2SIFP.CASH.IP,2CRSI SACA,SHARES,N/A,EDITS_ONLY,SA
SBMO,EG.D.SBMO.CASH.IP,SBM Offshore NV,SHARES,N/A,EDITS_ONLY,SB
SBBBSS,EH.D.SBBBSS.CASH.IP,Samhallsbyggnadsbolaget i Norden AB (publ) - B,SHARES,N/A,EDITS_ONLY,SB
SBBDSS,EH.D.SBBDSS.CASH.IP,Samhallsbyggnadsbolaget i Norden AB (publ) - D,SHARES,N/A,EDITS_ONLY,SB
SBFGUS,UD.D.SBFGUS.CASH.IP,SB Financial Group Inc,SHARES,N/A,TRADEABLE,SB
FGBS,IR.D.FGBS.FN2B.IP,Schatz (€1),RATES,N/A,TRADEABLE,SC
FGBS,IR.D.FGBS.FN2A.IP,Schatz (€1),RATES,N/A,TRADEABLE,SC
FGBS,IR.D.FGBS.FWS2.IP,Schatz (€10),RATES,N/A,TRADEABLE,SC
FGBS,IR.D.FGBS.FWS.IP,Schatz (€10),RATES,N/A,TRADEABLE,SC
FGBS,IR.D.FGBS.FWM2.IP,Schatz (€2),RATES,N/A,TRADEABLE,SC
FGBS,IR.D.FGBS.FWM.IP,Schatz (€2),RATES,N/A,TRADEABLE,SC
SCOR,EC.D.SCOR.CASH.IP,SCOR SE,SHARES,N/A,EDITS_ONLY,SC
G24GY,ED.D.G24GY.CASH.IP,Scout24 SE,SHARES,N/A,EDITS_ONLY,SC
TOUPFP,EC.D.TOUPFP.CASH.IP,Touax SCA,SHARES,N/A,CLOSED,SC
AMMAUS,UA.D.AMMAUS.CASH.IP,SCWorx Corp.,SHARES,N/A,OFFLINE,SC
SCYXUS,UD.D.SCYXUS.CASH.IP,SCYNEXIS Inc,SHARES,N/A,OFFLINE,SC
S4AGY,ED.D.S4AGY.CASH.IP,SMT Scharf AG,SHARES,N/A,CLOSED,SC
SCSLN,KA.D.SCSLN.CASH.IP,ScS Group PLC,SHARES,N/A,CLOSED,SC
SCANFLFH,EB.D.SCANFLFH.CASH.IP,Scanfil Oyj,SHARES,N/A,EDITS_ONLY,SC
SHAGR,ED.D.SHAGR.CASH.IP,Schaeffler AG,SHARES,N/A,CLOSED,SC
SHA0GR,ED.D.SHA0GR.CASH.IP,Schaeffler AG,SHARES,N/A,EDITS_ONLY,SC
PZSGY,ED.D.PZSGY.CASH.IP,Scherzer & Co. AG,SHARES,N/A,EDITS_ONLY,SC
SDR,KA.D.SDR.CASH.IP,Schroders PLC,SHARES,N/A,EDITS_ONLY,SC
TRPXUS,UD.D.TRPXUS.CASH.IP,SciSparc Ltd,SHARES,N/A,TRADEABLE,SC
SAGLN,KC.D.SAGLN.CASH.IP,Science Group,SHARES,N/A,EDITS_ONLY,SC
SGEMLN,KC.D.SGEMLN.CASH.IP,ScotGems PLC,SHARES,N/A,CLOSED,SC
CORZWUS,UA.D.CORZWUS.CASH.IP,Core Scientific Inc (Warrants - Tranche 1),SHARES,N/A,TRADEABLE,SC
CORZZUS,UA.D.CORZZUS.CASH.IP,Core Scientific Inc (Warrants - Tranche 2),SHARES,N/A,TRADEABLE,SC
XPDIUS,UD.D.XPDIUS.CASH.IP,Core Scientific inc,SHARES,N/A,TRADEABLE,SC
GNTAUS,UB.D.GNTAUS.CASH.IP,Genenta Science SpA,SHARES,N/A,TRADEABLE,SC
SHMDUS,UD.D.SHMDUS.CASH.IP,SCHMID Group NV,SHARES,N/A,TRADEABLE,SC
SJRBSS,EH.D.SJRBSS.CASH.IP,SJR in Scandinavia AB (publ),SHARES,N/A,CLOSED,SC
SCSC,UD.D.SCSC.CASH.IP,ScanSource Inc,SHARES,N/A,TRADEABLE,SC
SCSTSS,EH.D.SCSTSS.CASH.IP,Scandi Standard AB (publ),SHARES,N/A,EDITS_ONLY,SC
SCOLSS,EH.D.SCOLSS.CASH.IP,Scandion Oncology A/S,SHARES,N/A,CLOSED,SC
SCPA,KA.D.SCPA.CASH.IP,Scapa Group PLC,SHARES,N/A,CLOSED,SC
SCHL,UD.D.SCHL.CASH.IP,Scholastic Corp,SHARES,N/A,TRADEABLE,SC
SCHOLN,KC.D.SCHOLN.CASH.IP,Scholium Group Plc,SHARES,N/A,CLOSED,SC
SDGRUS,UD.D.SDGRUS.CASH.IP,Schrodinger Inc,SHARES,N/A,TRADEABLE,SC
SCIBSS,EH.D.SCIBSS.CASH.IP,Scibase Holding AB,SHARES,N/A,EDITS_ONLY,SC
SISLN,KC.D.SISLN.CASH.IP,Science In Sport Ltd,SHARES,N/A,CLOSED,SC
SCLXUS,UD.D.SCLXUS.CASH.IP,Scilex Holding Co,SHARES,N/A,TRADEABLE,SC
SDILN,KC.D.SDILN.CASH.IP,SDI Group PLC,SHARES,N/A,EDITS_ONLY,SD
SDXLN,KC.D.SDXLN.CASH.IP,SDX Energy Inc,SHARES,N/A,CLOSED,SD
SDIPPREFS,EH.D.SDIPPREFS.CASH.IP,Sdiptech AB,SHARES,N/A,CLOSED,SD
SDVPLN,KC.D.SDVPLN.CASH.IP,SDV 2025 ZDP PLC,SHARES,N/A,CLOSED,SD
CSTEUS,UA.D.CSTEUS.CASH.IP,Caesarstone Sdot-Yam Ltd,SHARES,N/A,TRADEABLE,SD
SDICLI,PK.D.SDICLI.CASH.IP,SDIC Power Holdings Company Limited,SHARES,N/A,EDITS_ONLY,SD
SDEULN,KA.D.SDEULN.CASH.IP,iShares Germany Government Bond UCITS ETF - SDEU,SHARES,N/A,EDITS_ONLY,SD
SDHGLN,KA.D.SDHGLN.CASH.IP,iShares $ Short Duration High Yield Corporate Bond UCITS ETF - SDHG,SHARES,N/A,EDITS_ONLY,SD
SDHYLN,KA.D.SDHYLN.CASH.IP,iShares $ Short Duration High Yield Corporate Bond UCITS ETF - SDHY,SHARES,N/A,EDITS_ONLY,SD
EOA,ED.D.EOA.CASH.IP,E.ON SE,SHARES,N/A,EDITS_ONLY,SE
SESG,EC.D.SESG.CASH.IP,SES SA,SHARES,N/A,EDITS_ONLY,SE
SJJGY,ED.D.SJJGY.CASH.IP,Serviceware SE,SHARES,N/A,EDITS_ONLY,SE
AIXGY,ED.D.AIXGY.CASH.IP,AIXTRON SE,SHARES,N/A,EDITS_ONLY,SE
COKGY,ED.D.COKGY.CASH.IP,CANCOM SE,SHARES,N/A,EDITS_ONLY,SE
F3CGY,ED.D.F3CGY.CASH.IP,SFC Energy AG,SHARES,N/A,EDITS_ONLY,SF
SFRBLN,KA.D.SFRBLN.CASH.IP,iShares France Government Bond UCITS ETF - SFRB,SHARES,N/A,CLOSED,SF
SGIM,EF.D.SGIM.CASH.IP,SAES Getters SpA,SHARES,N/A,CLOSED,SG
ZONPL,PO.D.ZONPL.CASH.IP,NOS SGPS,SHARES,N/A,EDITS_ONLY,SG
COFIPL,PO.D.COFIPL.CASH.IP,Cofina SGPS SA,SHARES,N/A,CLOSED,SG
SG33LN,KA.D.SG33LN.CASH.IP,SG Issuer SA,SHARES,N/A,CLOSED,SG
SG90LN,KA.D.SG90LN.CASH.IP,SG Issuer SA,SHARES,N/A,CLOSED,SG
SGL,ED.D.SGL.CASH.IP,SGL Carbon SE,SHARES,N/A,EDITS_ONLY,SG
SONPL,PO.D.SONPL.CASH.IP,Sonae SGPS SA,SHARES,N/A,EDITS_ONLY,SG
MARPL,PO.D.MARPL.CASH.IP,Martifer SGPS SA,SHARES,N/A,EDITS_ONLY,SG
EGLPL,PO.D.EGLPL.CASH.IP,Mota-Engil SGPS SA,SHARES,N/A,EDITS_ONLY,SG
NBAPL,PO.D.NBAPL.CASH.IP,Novabase SGPS SA,SHARES,N/A,EDITS_ONLY,SG
SNCPL,PO.D.SNCPL.CASH.IP,Sonaecom SGPS SA,SHARES,N/A,EDITS_ONLY,SG
CORPL,PO.D.CORPL.CASH.IP,Corticeira Amorim SGPS SA,SHARES,N/A,EDITS_ONLY,SG
SG20LN,KA.D.SG20LN.CASH.IP,SG NATURAL GAS x5 DAILY LONG,SHARES,N/A,CLOSED,SG
SONIPL,PO.D.SONIPL.CASH.IP,Sonae Industria SGPS SA,SHARES,N/A,CLOSED,SG
SGVLLN,KA.D.SGVLLN.CASH.IP,Lyxor SG Global Value Beta UCITS ETF,SHARES,N/A,CLOSED,SG
RENE,PO.D.RENE.CASH.IP,Redes Energeticas Nacionais SGPS SA,SHARES,N/A,EDITS_ONLY,SG
SG24LN,KA.D.SG24LN.CASH.IP,SG Natural Gas X3 Daily Long USD,SHARES,N/A,CLOSED,SG
SGLOLN,KA.D.SGLOLN.CASH.IP,iShares Global Government Bond UCITS ETF - SGLO,SHARES,N/A,EDITS_ONLY,SG
SGLNLN,KA.D.SGLNLN.CASH.IP,iShares Physical Gold ETC - SGLN,SHARES,N/A,EDITS_ONLY,SG
SGEALN,KA.D.SGEALN.CASH.IP,iShares Emerging Asia Local Government Bond UCITS ETF - SGEA,SHARES,N/A,EDITS_ONLY,SG
SGILLN,KA.D.SGILLN.CASH.IP,iShares Global Inflation Linked Government Bond UCITS ETF - SGIL,SHARES,N/A,EDITS_ONLY,SG
EURSGD,CS.D.EURSGD.MINI.IP,EUR/SGD Mini,CURRENCIES,N/A,TRADEABLE,SG
USDSGD,CS.D.USDSGD.MINI.IP,USD/SGD Mini,CURRENCIES,N/A,TRADEABLE,SG
SHUS,SI.D.SHUS.CASH.IP,ProShares Short S&P500,SHARES,N/A,TRADEABLE,SH
RDSB,KA.D.RDSB.CASH.IP,Shell PLC,SHARES,N/A,CLOSED,SH
SHELLN,KA.D.SHELLN.CASH.IP,Shell PLC (LSE),SHARES,N/A,EDITS_ONLY,SH
SHELLNA,EG.D.SHELLNA.CASH.IP,Shell PLC (NL),SHARES,N/A,EDITS_ONLY,SH
SHP,KA.D.SHP.CASH.IP,Shire PLC,SHARES,N/A,CLOSED,SH
SHWGY,ED.D.SHWGY.CASH.IP,SHS Viveon AG,SHARES,N/A,CLOSED,SH
FCACUS,UB.D.FCACUS.CASH.IP,Sharecare Inc,SHARES,N/A,CLOSED,SH
MTSLUS,UC.D.MTSLUS.CASH.IP,Sharplink Inc (24 Hours),SHARES,N/A,TRADEABLE,SH
PIXYUS,UC.D.PIXYUS.CASH.IP,ShiftPixy Inc,SHARES,N/A,CLOSED,SH
TYHTUS,UD.D.TYHTUS.CASH.IP,Shineco Inc,SHARES,N/A,OFFLINE,SH
SHOELN,KC.D.SHOELN.CASH.IP,Shoe Zone PLC,SHARES,N/A,EDITS_ONLY,SH
TOPSUS,UD.D.TOPSUS.CASH.IP,Top Ships Inc,SHARES,N/A,TRADEABLE,SH
SSHELN,KA.D.SSHELN.CASH.IP,Leverage Shares -1x Short Shopify ETP - EUR,SHARES,N/A,CLOSED,SH
SSHOLN,KA.D.SSHOLN.CASH.IP,Leverage Shares -1x Short Shopify ETP - GBp,SHARES,N/A,CLOSED,SH
SHOSLN,KA.D.SHOSLN.CASH.IP,Leverage Shares -1x Short Shopify ETP - USD,SHARES,N/A,CLOSED,SH
ITABBSS,EH.D.ITABBSS.CASH.IP,ITAB Shop Concept AB (publ),SHARES,N/A,EDITS_ONLY,SH
SLYGGY,ED.D.SLYGGY.CASH.IP,SHELLY GROUP AD,SHARES,N/A,EDITS_ONLY,SH
SHFSUS,UD.D.SHFSUS.CASH.IP,SHF Holdings Inc,SHARES,N/A,TRADEABLE,SH
SSABBHFH,EB.D.SSABBHFH.CASH.IP,SSAB AB (publ) - B Shares,SHARES,N/A,EDITS_ONLY,SH
SHB,KA.D.SHB.CASH.IP,Shaftesbury PLC,SHARES,N/A,CLOSED,SH
SHAPEDC,EP.D.SHAPEDC.CASH.IP,Shape Robotics A/S,SHARES,N/A,EDITS_ONLY,SH
SMTPUS,UD.D.SMTPUS.CASH.IP,SharpSpring Inc,SHARES,N/A,CLOSED,SH
SHAWLN,KC.D.SHAWLN.CASH.IP,Shawbrook Group PLC,SHARES,N/A,EDITS_ONLY,SH
SITIM,EF.D.SITIM.CASH.IP,SIT SpA,SHARES,N/A,EDITS_ONLY,SI
SIBNUS,UD.D.SIBNUS.CASH.IP,SI-BONE Inc,SHARES,N/A,TRADEABLE,SI
SIEGn,ED.D.SIEGn.CASH.IP,Siemens AG,SHARES,N/A,EDITS_ONLY,SI
1SIEIM,EF.D.1SIEIM.CASH.IP,Siemens AG (ITA),SHARES,N/A,EDITS_ONLY,SI
SIMDC,EP.D.SIMDC.CASH.IP,SimCorp AS,SHARES,N/A,CLOSED,SI
SINCHSS,EH.D.SINCHSS.CASH.IP,Sinch AB (publ),SHARES,N/A,EDITS_ONLY,SI
SIVLN,KC.D.SIVLN.CASH.IP,Sivota PLC,SHARES,N/A,CLOSED,SI
SIENUS,UD.D.SIENUS.CASH.IP,Sientra Inc,SHARES,N/A,CLOSED,SI
MESLN,KC.D.MESLN.CASH.IP,Sigmaroc PLC,SHARES,N/A,EDITS_ONLY,SI
SILCUS,UD.D.SILCUS.CASH.IP,Silicom Ltd,SHARES,N/A,TRADEABLE,SI
DESS,EH.D.DESS.CASH.IP,Siljansvik AB,SHARES,N/A,EDITS_ONLY,SI
WAFGY,ED.D.WAFGY.CASH.IP,Siltronic AG,SHARES,N/A,EDITS_ONLY,SI
SIMLN,KC.D.SIMLN.CASH.IP,SimiGon Ltd,SHARES,N/A,CLOSED,SI
SPPLUS,UD.D.SPPLUS.CASH.IP,Simpple Ltd,SHARES,N/A,TRADEABLE,SI
SBGIUS,UD.D.SBGIUS.CASH.IP,Sinclair Inc,SHARES,N/A,TRADEABLE,SI
SINTSS,EH.D.SINTSS.CASH.IP,SinterCast AB (publ),SHARES,N/A,EDITS_ONLY,SI
BSTIM,EF.D.BSTIM.CASH.IP,Banca Sistem ASA,SHARES,N/A,EDITS_ONLY,SI
SICTIM,EF.D.SICTIM.CASH.IP,SICIT Group SpA,SHARES,N/A,CLOSED,SI
SITOUS,UD.D.SITOUS.CASH.IP,SITO Mobile Limited,SHARES,N/A,OFFLINE,SI
SITMUS,UD.D.SITMUS.CASH.IP,SiTime Corporation,SHARES,N/A,TRADEABLE,SI
SIDUUS,UD.D.SIDUUS.CASH.IP,Sidus Space Inc,SHARES,N/A,TRADEABLE,SI
ENRGY,ED.D.ENRGY.CASH.IP,Siemens Energy AG,SHARES,N/A,EDITS_ONLY,SI
DNAIUS,UB.D.DNAIUS.CASH.IP,Sierra Oncology Inc,SHARES,N/A,CLOSED,SI
SWIR,UD.D.SWIR.CASH.IP,Sierra Wireless Inc,SHARES,N/A,CLOSED,SI
SGHTUS,UD.D.SGHTUS.CASH.IP,Sight Sciences Inc,SHARES,N/A,TRADEABLE,SI
SJUS,UD.D.SJUS.CASH.IP,Scienjoy Holding Corp,SHARES,N/A,TRADEABLE,SJ
SKAB,EH.D.SKAB.CASH.IP,Skanska AB,SHARES,N/A,EDITS_ONLY,SK
SKISB,EH.D.SKISB.CASH.IP,SkiStar AB,SHARES,N/A,EDITS_ONLY,SK
STSSUS,UD.D.STSSUS.CASH.IP,SkyAI Inc,SHARES,N/A,OFFLINE,SK
SKJEDC,EP.D.SKJEDC.CASH.IP,Skjern Bank AS,SHARES,N/A,EDITS_ONLY,SK
SKYW,UD.D.SKYW.CASH.IP,SkyWest Inc,SHARES,N/A,TRADEABLE,SK
SKYXUS,UD.D.SKYXUS.CASH.IP,SKYX Platforms Corp,SHARES,N/A,TRADEABLE,SK
SKLLN,KC.D.SKLLN.CASH.IP,Skillcast Group PLC,SHARES,N/A,EDITS_ONLY,SK
SKP,KA.D.SKP.CASH.IP,Skyepharma PLC,SHARES,N/A,CLOSED,SK
BSKYUS,UA.D.BSKYUS.CASH.IP,Big Sky Growth Partners Inc,SHARES,N/A,CLOSED,SK
BRE2SS,EH.D.BRE2SS.CASH.IP,Bredband2 i Skandinavien AB,SHARES,N/A,CLOSED,SK
SSKNUS,UD.D.SSKNUS.CASH.IP,STRATA Skin Sciences Inc,SHARES,N/A,OFFLINE,SK
SBTXLN,KC.D.SBTXLN.CASH.IP,SkinBioTherapeutics PLC,SHARES,N/A,SUSPENDED,SK
SKYTUS,UD.D.SKYTUS.CASH.IP,SkyWater Technology Inc,SHARES,N/A,TRADEABLE,SK
SWKS,UD.D.SWKS.CASH.IP,Skyworks Solutions Inc (24 Hours),SHARES,N/A,TRADEABLE,SK
SEBa,EH.D.SEBa.CASH.IP,Skandinaviska Enskilda Banken AB (publ.) - A,SHARES,N/A,EDITS_ONLY,SK
SEBCSS,EH.D.SEBCSS.CASH.IP,Skandinaviska Enskilda Banken AB (publ.) - C,SHARES,N/A,EDITS_ONLY,SK
SKBLUS,UD.D.SKBLUS.CASH.IP,Skyline Builders Group Holding Ltd,SHARES,N/A,TRADEABLE,SK
SKWDUS,UD.D.SKWDUS.CASH.IP,Skyward Specialty Insurance Group Inc,SHARES,N/A,TRADEABLE,SK
EDTKUS,UB.D.EDTKUS.CASH.IP,Skillful Craftsman Education Technology Limited,SHARES,N/A,TRADEABLE,SK
SLM,SG.D.SLM.CASH.IP,SLM Corp,SHARES,N/A,TRADEABLE,SL
BTBAGY,ED.D.BTBAGY.CASH.IP,Sleepz AG,SHARES,N/A,CLOSED,SL
SQNLN,KA.D.SQNLN.CASH.IP,SLF Realisation Fund Ltd - SLFR,SHARES,N/A,CLOSED,SL
SQNXLN,KA.D.SQNXLN.CASH.IP,SLF Realisation Fund Ltd - SLFX,SHARES,N/A,CLOSED,SL
SLNGLN,KC.D.SLNGLN.CASH.IP,H C Slingsby PLC,SHARES,N/A,CLOSED,SL
SLIGRNA,EG.D.SLIGRNA.CASH.IP,Sligro Food Group NV,SHARES,N/A,EDITS_ONLY,SL
AM3DGY,ED.D.AM3DGY.CASH.IP,SLM Solutions Group AG,SHARES,N/A,CLOSED,SL
SMWH,KA.D.SMWH.CASH.IP,WH Smith PLC,SHARES,N/A,EDITS_ONLY,SM
SMCPFP,EC.D.SMCPFP.CASH.IP,SMCP S.A.S.,SHARES,N/A,EDITS_ONLY,SM
ULSLN,KA.D.ULSLN.CASH.IP,Smoove Plc,SHARES,N/A,CLOSED,SM
SMJLN,KC.D.SMJLN.CASH.IP,J. Smart & Co. (Contractors) PLC,SHARES,N/A,EDITS_ONLY,SM
SNDUS,UD.D.SNDUS.CASH.IP,Smart Sand Inc,SHARES,N/A,TRADEABLE,SM
SMFLUS,UD.D.SMFLUS.CASH.IP,Smart for Life Inc,SHARES,N/A,OFFLINE,SM
CREGUS,UA.D.CREGUS.CASH.IP,Smart Powerr Corp,SHARES,N/A,TRADEABLE,SM
SMBKUS,UD.D.SMBKUS.CASH.IP,SmartFinancial Inc,SHARES,N/A,TRADEABLE,SM
SMCRTSS,EH.D.SMCRTSS.CASH.IP,Smartcraft Group AB,SHARES,N/A,CLOSED,SM
SN,KA.D.SN.CASH.IP,Smith & Nephew PLC,SHARES,N/A,EDITS_ONLY,SM
SMIDUS,UD.D.SMIDUS.CASH.IP,Smith-Midland Corp,SHARES,N/A,TRADEABLE,SM
SMIN,KA.D.SMIN.CASH.IP,Smiths Group PLC,SHARES,N/A,EDITS_ONLY,SM
NWS,KA.D.NWS.CASH.IP,Smiths News PLC,SHARES,N/A,EDITS_ONLY,SM
DFASUS,SI.D.DFASUS.CASH.IP,Dimensional US Small Cap ETF,SHARES,N/A,TRADEABLE,SM
690DGY,ED.D.690DGY.CASH.IP,Haier Smart Home Co Ltd,SHARES,N/A,EDITS_ONLY,SM
SAAUS,SI.D.SAAUS.CASH.IP,ProShares Ultra SmallCap600,SHARES,N/A,TRADEABLE,SM
S92GY,ED.D.S92GY.CASH.IP,SMA Solar Technology AG,SHARES,N/A,EDITS_ONLY,SM
SMXUS,UD.D.SMXUS.CASH.IP,SMX Security Matters PLC (US),SHARES,N/A,EDITS_ONLY,SM
SDMUS,UD.D.SDMUS.CASH.IP,Smart Digital Group Ltd,SHARES,N/A,SUSPENDED,SM
SMSLN,KA.D.SMSLN.CASH.IP,Smart Metering Systems PLC,SHARES,N/A,CLOSED,SM
GOGRIDSDS,EH.D.GOGRIDSDS.CASH.IP,Smart Wires Technology Ltd,SHARES,N/A,CLOSED,SM
COMSLN,KC.D.COMSLN.CASH.IP,Smartspace Software PLC,SHARES,N/A,CLOSED,SM
S247LN,KC.D.S247LN.CASH.IP,Smarttech247 Group PLC,SHARES,N/A,CLOSED,SM
SDCUS,UD.D.SDCUS.CASH.IP,SmileDirectClub Inc,SHARES,N/A,ON_AUCTION,SM
SWHCUS,UD.D.SWHCUS.CASH.IP,Smith & Wesson Brands Inc,SHARES,N/A,TRADEABLE,SM
SMSIUS,UD.D.SMSIUS.CASH.IP,Smith Micro Software Inc,SHARES,N/A,TRADEABLE,SM
SFDUS,UD.D.SFDUS.CASH.IP,Smithfield Foods Inc,SHARES,N/A,TRADEABLE,SM
SKGPLN,KA.D.SKGPLN.CASH.IP,Smurfit WestRock PLC,SHARES,N/A,EDITS_ONLY,SM
ASCHLN,KC.D.ASCHLN.CASH.IP,Aberdeen Smaller Companies Income Trust PLC,SHARES,N/A,CLOSED,SM
ASL,KA.D.ASL.CASH.IP,Aberforth Smaller Companies Trust PLC,SHARES,N/A,EDITS_ONLY,SM
PRUKLN,KA.D.PRUKLN.CASH.IP,Amundi Prime UK Mid & Small Cap - GBp,SHARES,N/A,EDITS_ONLY,SM
AVSGLN,KA.D.AVSGLN.CASH.IP,Avantis Global Small Cap Value UCITS ETF (LSE),SHARES,N/A,EDITS_ONLY,SM
BRSC,KA.D.BRSC.CASH.IP,BlackRock Smaller Cos Trust PLC,SHARES,N/A,EDITS_ONLY,SM
BSCLN,KC.D.BSCLN.CASH.IP,British Smaller Companies VCT 2 PLC,SHARES,N/A,EDITS_ONLY,SM
SNDLUS,UD.D.SNDLUS.CASH.IP,SNDL Inc,SHARES,N/A,TRADEABLE,SN
SNALUS,UD.D.SNALUS.CASH.IP,Snail Inc,SHARES,N/A,TRADEABLE,SN
SRGIM,EF.D.SRGIM.CASH.IP,Snam SpA,SHARES,N/A,EDITS_ONLY,SN
SNOWNA,EG.D.SNOWNA.CASH.IP,SnowWorld NV,SHARES,N/A,CLOSED,SN
JJSF,UB.D.JJSF.CASH.IP,J&J Snack Foods Corp,SHARES,N/A,TRADEABLE,SN
SNXSS,EH.D.SNXSS.CASH.IP,Premium Snacks Nordic AB,SHARES,N/A,EDITS_ONLY,SN
ZZZLN,KC.D.ZZZLN.CASH.IP,Snoozebox Holdings PLC,SHARES,N/A,CLOSED,SN
SNXXUS,SI.D.SNXXUS.CASH.IP,Tradr 2X SNDK Long Daily ETF,SHARES,N/A,TRADEABLE,SN
3SNDLN,KA.D.3SNDLN.CASH.IP,Leverage Shares 3x Long SanDisk SNDK ETP - GBP,SHARES,N/A,EDITS_ONLY,SN
SHFGY,ED.D.SHFGY.CASH.IP,SNP Schneider-Neureither & Partner SE,SHARES,N/A,EDITS_ONLY,SN
SNPOUS,UD.D.SNPOUS.CASH.IP,Snap One Holdings Corporation,SHARES,N/A,CLOSED,SN
SNOYUS,SI.D.SNOYUS.CASH.IP,YieldMax SNOW Option Income Strategy ETF,SHARES,N/A,TRADEABLE,SN
SGFIIM,EF.D.SGFIIM.CASH.IP,Sogefi SpA,SHARES,N/A,EDITS_ONLY,SO
S,CC.D.S.UNC.IP,Soybeans ($50),COMMODITIES,N/A,TRADEABLE,SO
S,CC.D.S.UMP.IP,Soybeans (GBP1),COMMODITIES,N/A,TRADEABLE,SO
SOI,EC.D.SOI.CASH.IP,SOITEC,SHARES,N/A,EDITS_ONLY,SO
SOLIM,EF.D.SOLIM.CASH.IP,SOL SpA,SHARES,N/A,EDITS_ONLY,SO
EXHO,EC.D.EXHO.CASH.IP,Sodexo,SHARES,N/A,EDITS_ONLY,SO
SOLARBDC,EP.D.SOLARBDC.CASH.IP,Solar AS,SHARES,N/A,EDITS_ONLY,SO
S,CO.D.S.FWM3.IP,Soybeans ($25),COMMODITIES,N/A,TRADEABLE,SO
S,CO.D.S.FWM2.IP,Soybeans ($25),COMMODITIES,N/A,TRADEABLE,SO
S,CO.D.S.FWS3.IP,Soybeans ($50),COMMODITIES,N/A,TRADEABLE,SO
S,CO.D.S.FWS2.IP,Soybeans ($50),COMMODITIES,N/A,TRADEABLE,SO
SOFBB,EA.D.SOFBB.CASH.IP,Sofina SA,SHARES,N/A,EDITS_ONLY,SO
SYTGY,ED.D.SYTGY.CASH.IP,Softing AG,SHARES,N/A,EDITS_ONLY,SO
SOO1GY,ED.D.SOO1GY.CASH.IP,Solon SE,SHARES,N/A,CLOSED,SO
SOLVBB,EA.D.SOLVBB.CASH.IP,Solvac SA,SHARES,N/A,EDITS_ONLY,SO
SOLB,EA.D.SOLB.CASH.IP,Solvay SA,SHARES,N/A,EDITS_ONLY,SO
SOFP,EC.D.SOFP.CASH.IP,Somfy SA,SHARES,N/A,CLOSED,SO
SONOUS,UD.D.SONOUS.CASH.IP,Sonos Inc,SHARES,N/A,TRADEABLE,SO
SOZAPSS,EH.D.SOZAPSS.CASH.IP,Sozap AB,SHARES,N/A,CLOSED,SO
SPUS,UD.D.SPUS.CASH.IP,SP Plus Corporation,SHARES,N/A,CLOSED,SP
AEMIM,EF.D.AEMIM.CASH.IP,A2A SpA,SHARES,N/A,EDITS_ONLY,SP
SPX5LN,KA.D.SPX5LN.CASH.IP,SPDR(r) S&P 500 UCITS ETF - SPX5 (GBP),SHARES,N/A,EDITS_ONLY,SP
SPY5LN,KA.D.SPY5LN.CASH.IP,SPDR(r) S&P 500 UCITS ETF - SPY5 (USD),SHARES,N/A,EDITS_ONLY,SP
BFGIM,EF.D.BFGIM.CASH.IP,B.F. SpA,SHARES,N/A,EDITS_ONLY,SP
TIT,EF.D.TIT.CASH.IP,Telecom Italia SpA (IT),SHARES,N/A,EDITS_ONLY,SP
TODIM,EF.D.TODIM.CASH.IP,Tod's SpA,SHARES,N/A,CLOSED,SP
SQIFP,EC.D.SQIFP.CASH.IP,SQLi,SHARES,N/A,CLOSED,SQ
MSGNV,UC.D.MSGNV.CASH.IP,Madison Square Garden Co,SHARES,N/A,TRADEABLE,SQ
GLAFLN,KC.D.GLAFLN.CASH.IP,SQN Secured Income Fund PLC,SHARES,N/A,CLOSED,SQ
SSQELN,KA.D.SSQELN.CASH.IP,Leverage Shares -1x Short Square ETP - EUR,SHARES,N/A,EDITS_ONLY,SQ
SSQLN,KA.D.SSQLN.CASH.IP,Leverage Shares -1x Short Square ETP - GBp,SHARES,N/A,EDITS_ONLY,SQ
3SQELN,KA.D.3SQELN.CASH.IP,Leverage Shares 3x Square ETP - EUR,SHARES,N/A,EDITS_ONLY,SQ
3SQLN,KA.D.3SQLN.CASH.IP,Leverage Shares 3x Square ETP - GBp,SHARES,N/A,EDITS_ONLY,SQ
SQ3LN,KA.D.SQ3LN.CASH.IP,Leverage Shares 3x Square ETP - USD,SHARES,N/A,EDITS_ONLY,SQ
PSHLN,KA.D.PSHLN.CASH.IP,Pershing Square Holdings Limited,SHARES,N/A,EDITS_ONLY,SQ
SQS,KC.D.SQS.CASH.IP,SQS Software Quality Systems AG,SHARES,N/A,EDITS_ONLY,SQ
SRAXUS,UD.D.SRAXUS.CASH.IP,SRAX Inc,SHARES,N/A,OFFLINE,SR
SRPFP,EC.D.SRPFP.CASH.IP,SRP Groupe SA,SHARES,N/A,EDITS_ONLY,SR
SRV1VFH,EB.D.SRV1VFH.CASH.IP,SRV Yhtiot Oyj,SHARES,N/A,EDITS_ONLY,SR
SRTLN,KC.D.SRTLN.CASH.IP,SRT Marine Systems PLC,SHARES,N/A,EDITS_ONLY,SR
SUSMLN,KA.D.SUSMLN.CASH.IP,iShares MSCI EM SRI UCITS ETF,SHARES,N/A,EDITS_ONLY,SR
SUUSLN,KA.D.SUUSLN.CASH.IP,iShares MSCI USA SRI UCITS ETF,SHARES,N/A,EDITS_ONLY,SR
SUAPLN,KA.D.SUAPLN.CASH.IP,iShares MSCI USA SRI UCITS ETF (SUAP),SHARES,N/A,EDITS_ONLY,SR
FLXGLN,KA.D.FLXGLN.CASH.IP,Franklin LibertyQ Global Equity SRI UCITS ETF,SHARES,N/A,CLOSED,SR
SUESLN,KA.D.SUESLN.CASH.IP,iShares MSCI Emerging Markets SRI UCITS ETF,SHARES,N/A,EDITS_ONLY,SR
SUJALN,KA.D.SUJALN.CASH.IP,iShares MSCI Japan SRI UCITS ETF,SHARES,N/A,EDITS_ONLY,SR
SUJPLN,KA.D.SUJPLN.CASH.IP,iShares MSCI Japan SRI UCITS ETF,SHARES,N/A,EDITS_ONLY,SR
SUJSLN,KA.D.SUJSLN.CASH.IP,iShares MSCI Japan SRI UCITS ETF (GBp),SHARES,N/A,CLOSED,SR
SUWSLN,KA.D.SUWSLN.CASH.IP,iShares MSCI World SRI UCITS ETF,SHARES,N/A,EDITS_ONLY,SR
SUWGLN,KA.D.SUWGLN.CASH.IP,iShares MSCI World SRI UCITS ETF - GBp,SHARES,N/A,EDITS_ONLY,SR
SUASLN,KA.D.SUASLN.CASH.IP,iShares Sustainable MSCI USA SRI UCITS ETF,SHARES,N/A,EDITS_ONLY,SR
ESRGLN,KA.D.ESRGLN.CASH.IP,Amundi MSCI Europe SRI Climate Paris Aligned ETF,SHARES,N/A,EDITS_ONLY,SR
AEGGLN,KA.D.AEGGLN.CASH.IP,iShares Global Aggregate Bond ESG SRI UCITS ETF,SHARES,N/A,EDITS_ONLY,SR
SSABB,EH.D.SSABB.CASH.IP,SSAB AB (publ) - B,SHARES,N/A,EDITS_ONLY,SS
SSPGLN,KA.D.SSPGLN.CASH.IP,SSP Group Ltd,SHARES,N/A,EDITS_ONLY,SS
SSRI,UD.D.SSRI.CASH.IP,SSR Mining Inc,SHARES,N/A,TRADEABLE,SS
SSLJUS,UD.D.SSLJUS.CASH.IP,SSLJ.com Limited,SHARES,N/A,CLOSED,SS
SSIIUS,UD.D.SSIIUS.CASH.IP,SS Innovations International Inc,SHARES,N/A,TRADEABLE,SS
ENGWLN,KA.D.ENGWLN.CASH.IP,SS SPDR MSCI World Energy UCITS ETF,SHARES,N/A,CLOSED,SS
SPX4LN,KA.D.SPX4LN.CASH.IP,SS SPDR S&P 400 US Mid Cap UCITS ETF (GBP),SHARES,N/A,EDITS_ONLY,SS
SSNC,UD.D.SSNC.CASH.IP,SS&C Technologies Holdings Inc,SHARES,N/A,TRADEABLE,SS
SSH1VFH,EB.D.SSH1VFH.CASH.IP,SSH Communications Security Oyj,SHARES,N/A,EDITS_ONLY,SS
SSICLN,KC.D.SSICLN.CASH.IP,Seraphim Space Investment Trust PLC [SSIC],SHARES,N/A,EDITS_ONLY,SS
SSACLN,KA.D.SSACLN.CASH.IP,iShares MSCI ACWI UCITS ETF - SSAC,SHARES,N/A,EDITS_ONLY,SS
IMIDLN,KA.D.IMIDLN.CASH.IP,SS SPDR MSCI All Country World Investable Market UCITS ETF,SHARES,N/A,EDITS_ONLY,SS
SSXFLN,KA.D.SSXFLN.CASH.IP,iShares (GBP) Corporate Bond ex-Financials UCITS ETF - SSXF,SHARES,N/A,EDITS_ONLY,SS
SU,EC.D.SU.CASH.IP,Schneider Electric SA,SHARES,N/A,EDITS_ONLY,SU
RUNUS,UC.D.RUNUS.CASH.IP,Sunrun Inc (24 Hours),SHARES,N/A,TRADEABLE,SU
AEGIRSS,EH.D.AEGIRSS.CASH.IP,Subgen AI AB,SHARES,N/A,EDITS_ONLY,SU
SZUGY,ED.D.SZUGY.CASH.IP,Suedzucker AG,SHARES,N/A,EDITS_ONLY,SU
SUMOLN,KA.D.SUMOLN.CASH.IP,Sumo Group PLC,SHARES,N/A,CLOSED,SU
STKLUS,UD.D.STKLUS.CASH.IP,SunOpta Inc,SHARES,N/A,CLOSED,SU
SPWR,UD.D.SPWR.CASH.IP,SunPower Corp,SHARES,N/A,CLOSED,SU
SUNWUS,UD.D.SUNWUS.CASH.IP,Sunworks Inc,SHARES,N/A,OFFLINE,SU
SUY1VFH,EB.D.SUY1VFH.CASH.IP,Suominen Oyj,SHARES,N/A,EDITS_ONLY,SU
SPCBUS,UD.D.SPCBUS.CASH.IP,SuperCom Ltd,SHARES,N/A,TRADEABLE,SU
SGPLN,KA.D.SGPLN.CASH.IP,Superdry Plc,SHARES,N/A,CLOSED,SU
SUPLN,KC.D.SUPLN.CASH.IP,Supreme PLC,SHARES,N/A,EDITS_ONLY,SU
SRDX,UD.D.SRDX.CASH.IP,SurModics Inc,SHARES,N/A,CLOSED,SU
SURGUS,UD.D.SURGUS.CASH.IP,SurgePays Inc,SHARES,N/A,TRADEABLE,SU
SUNDOW,IX.D.SUNDOW.IFS.IP,Weekend Wall Street Cash (GBP1),INDICES,N/A,EDITS_ONLY,SU
RXP,KC.D.RXP.CASH.IP,Caspian Sunrise PLC,SHARES,N/A,EDITS_ONLY,SU
JCSUS,UB.D.JCSUS.CASH.IP,SUNation Energy Inc,SHARES,N/A,TRADEABLE,SU
SMHGY,ED.D.SMHGY.CASH.IP,SUSS MicroTec SE,SHARES,N/A,EDITS_ONLY,SU
SUMMAFF,EB.D.SUMMAFF.CASH.IP,Summa Defence Plc,SHARES,N/A,EDITS_ONLY,SU
SUMRUS,UD.D.SUMRUS.CASH.IP,Summer Infant Inc,SHARES,N/A,OFFLINE,SU
RORGY,ED.D.RORGY.CASH.IP,SunMirror AG - Xetra,SHARES,N/A,CLOSED,SU
GOO,KC.D.GOO.CASH.IP,Sunda Energy Plc,SHARES,N/A,EDITS_ONLY,SU
SPGSJ,AR.D.SPGSJ.CASH.IP,Super Group Ltd (SA),SHARES,N/A,EDITS_ONLY,SU
SPRTUS,UD.D.SPRTUS.CASH.IP,Support.com Inc,SHARES,N/A,CLOSED,SU
SURELN,KC.D.SURELN.CASH.IP,Sure Ventures PLC,SHARES,N/A,EDITS_ONLY,SU
LAKELN,KA.D.LAKELN.CASH.IP,Sureserve Group PLC,SHARES,N/A,CLOSED,SU
SURGY,ED.D.SURGY.CASH.IP,Surteco Group SE,SHARES,N/A,EDITS_ONLY,SU
STROUS,UD.D.STROUS.CASH.IP,Sutro Biopharma Inc,SHARES,N/A,TRADEABLE,SU
TSCOUS,UD.D.TSCOUS.CASH.IP,Tractor Supply Co (24 Hours),SHARES,N/A,TRADEABLE,SU
GDFSJ,AR.D.GDFSJ.CASH.IP,Tsogo Sun Limited,SHARES,N/A,EDITS_ONLY,SU
SVITZRDC,EP.D.SVITZRDC.CASH.IP,Svitzer A/S,SHARES,N/A,CLOSED,SV
SVOLASS,EH.D.SVOLASS.CASH.IP,Svolder AB,SHARES,N/A,CLOSED,SV
SVOLBSS,EH.D.SVOLBSS.CASH.IP,Svolder AB,SHARES,N/A,EDITS_ONLY,SV
HOVDSS,EH.D.HOVDSS.CASH.IP,Hovding Sverige AB,SHARES,N/A,CLOSED,SV
SIVBUS,UD.D.SIVBUS.CASH.IP,SVB Financial Group,SHARES,N/A,CLOSED,SV
MAXFSS,EH.D.MAXFSS.CASH.IP,MaxFastigheter i Sverige AB (publ),SHARES,N/A,CLOSED,SV
SVFAUUS,UD.D.SVFAUUS.CASH.IP,SVF Investment Corporation,SHARES,N/A,CLOSED,SV
SVMLN,KC.D.SVMLN.CASH.IP,SVM UK Emerging Fund PLC,SHARES,N/A,CLOSED,SV
SVEDBSS,EH.D.SVEDBSS.CASH.IP,Svedbergs i Dalstorp AB (publ),SHARES,N/A,EDITS_ONLY,SV
SHBBSS,EH.D.SHBBSS.CASH.IP,Svenska Handelsbanken AB (publ),SHARES,N/A,EDITS_ONLY,SV
BRIIM,EF.D.BRIIM.CASH.IP,Brioschi Sviluppo Immobiliare SpA,SHARES,N/A,EDITS_ONLY,SV
SCAASS,EH.D.SCAASS.CASH.IP,Svenska Cellulosa Aktiebolaget SCA (publ),SHARES,N/A,EDITS_ONLY,SV
SWECBSS,EH.D.SWECBSS.CASH.IP,Sweco AB,SHARES,N/A,EDITS_ONLY,SW
SWOLBSS,EH.D.SWOLBSS.CASH.IP,Swedol AB,SHARES,N/A,CLOSED,SW
SWEDA,EH.D.SWEDA.CASH.IP,Swedbank AB,SHARES,N/A,EDITS_ONLY,SW
SECARESS,EH.D.SECARESS.CASH.IP,Swedencare AB (publ),SHARES,N/A,EDITS_ONLY,SW
SWP,EC.D.SWP.CASH.IP,Sword Group,SHARES,N/A,EDITS_ONLY,SW
GENISS,EH.D.GENISS.CASH.IP,Generic Sweden AB,SHARES,N/A,EDITS_ONLY,SW
PCELLSS,EH.D.PCELLSS.CASH.IP,PowerCell Sweden AB,SHARES,N/A,EDITS_ONLY,SW
SWMA,EH.D.SWMA.CASH.IP,Swedish Match AB,SHARES,N/A,CLOSED,SW
STRLNGSS,EH.D.STRLNGSS.CASH.IP,Swedish Stirling AB,SHARES,N/A,CLOSED,SW
ONELN,KC.D.ONELN.CASH.IP,Switch Metals Plc,SHARES,N/A,EDITS_ONLY,SW
SWVLUS,UD.D.SWVLUS.CASH.IP,Swvl Holdings Corp,SHARES,N/A,TRADEABLE,SW
FIRSTBSS,EH.D.FIRSTBSS.CASH.IP,First Venture Sweden AB (publ),SHARES,N/A,EDITS_ONLY,SW
SWLDLN,KA.D.SWLDLN.CASH.IP,SPDR MSCI World UCITS ETF - SWLD,SHARES,N/A,EDITS_ONLY,SW
SOLTSS,EH.D.SOLTSS.CASH.IP,SolTech Energy Sweden AB,SHARES,N/A,EDITS_ONLY,SW
SUSSS,EH.D.SUSSS.CASH.IP,Surgical Science Sweden AB (publ),SHARES,N/A,EDITS_ONLY,SW
SLPBSS,EH.D.SLPBSS.CASH.IP,Swedish Logistic Property AB,SHARES,N/A,EDITS_ONLY,SW
StoxxBank,IX.D.StoxxBank.FNI3.IP,EU Stocks Banks Index (50 EUR),INDICES,N/A,TRADEABLE,SX
SXTCUS,UD.D.SXTCUS.CASH.IP,China SXT Pharmaceuticals Inc,SHARES,N/A,TRADEABLE,SX
SYUS,UD.D.SYUS.CASH.IP,So-Young International Inc ADR,SHARES,N/A,TRADEABLE,SY
SYENSBB,EA.D.SYENSBB.CASH.IP,Syensqo SA,SHARES,N/A,EDITS_ONLY,SY
SY1GY,ED.D.SY1GY.CASH.IP,Symrise AG,SHARES,N/A,EDITS_ONLY,SY
SYABGY,ED.D.SYABGY.CASH.IP,Synlab AG,SHARES,N/A,CLOSED,SY
SYNSAMSS,EH.D.SYNSAMSS.CASH.IP,Synsam AB (publ),SHARES,N/A,EDITS_ONLY,SY
SYZGY,ED.D.SYZGY.CASH.IP,Syzygy AG,SHARES,N/A,EDITS_ONLY,SY
BACTLN,KA.D.BACTLN.CASH.IP,SYNC - Syncona Limited,SHARES,N/A,EDITS_ONLY,SY
SYMXUS,UD.D.SYMXUS.CASH.IP,Synthesis Energy Systems Inc,SHARES,N/A,OFFLINE,SY
SVFCUS,UD.D.SVFCUS.CASH.IP,Symbotic Inc,SHARES,N/A,TRADEABLE,SY
SNGLN,KC.D.SNGLN.CASH.IP,Synairgen PLC,SHARES,N/A,CLOSED,SY
SYNA,UD.D.SYNA.CASH.IP,Synaptics Inc,SHARES,N/A,TRADEABLE,SY
SNXLN,KC.D.SNXLN.CASH.IP,Synectics PLC,SHARES,N/A,EDITS_ONLY,SY
SDGFP,EC.D.SDGFP.CASH.IP,Synergie SA,SHARES,N/A,EDITS_ONLY,SY
SYBXUS,UD.D.SYBXUS.CASH.IP,Synlogic Inc,SHARES,N/A,OFFLINE,SY
SNPS,UD.D.SNPS.CASH.IP,Synopsys Inc (24 Hours),SHARES,N/A,TRADEABLE,SY
YULC,KA.D.YULC.CASH.IP,Synthomer PLC,SHARES,N/A,EDITS_ONLY,SY
SYSLN,KC.D.SYSLN.CASH.IP,SysGroup PLC,SHARES,N/A,EDITS_ONLY,SY
SYSXUS,UD.D.SYSXUS.CASH.IP,Sysorex Inc,SHARES,N/A,CLOSED,SY
BJULN,KC.D.BJULN.CASH.IP,System1 Group,SHARES,N/A,EDITS_ONLY,SY
SYSRSS,EH.D.SYSRSS.CASH.IP,Systemair AB,SHARES,N/A,EDITS_ONLY,SY
ADBE,UA.D.ADBE.CASH.IP,Adobe Systems Inc (24 Hours),SHARES,N/A,TRADEABLE,SY
BSYUS,UA.D.BSYUS.CASH.IP,Bentley Systems Inc,SHARES,N/A,TRADEABLE,SY
CASAUS,UA.D.CASAUS.CASH.IP,Casa Systems Inc,SHARES,N/A,CLOSED,SY
DCTHUS,UB.D.DCTHUS.CASH.IP,Delcath Systems Inc,SHARES,N/A,TRADEABLE,SY
IS7GY,ED.D.IS7GY.CASH.IP,InTiCa System SA,SHARES,N/A,EDITS_ONLY,SY
MRCY,UC.D.MRCY.CASH.IP,Mercury Systems Inc,SHARES,N/A,TRADEABLE,SY
MITKUS,UC.D.MITKUS.CASH.IP,Mitek Systems Inc,SHARES,N/A,TRADEABLE,SY
OSSUS,UC.D.OSSUS.CASH.IP,One Stop Systems Inc,SHARES,N/A,TRADEABLE,SY
REKRUS,UC.D.REKRUS.CASH.IP,Rekor Systems Inc,SHARES,N/A,TRADEABLE,SY
EVOLUS,UB.D.EVOLUS.CASH.IP,Symbolic Logic Inc,SHARES,N/A,OFFLINE,SY
SYNACTSS,EH.D.SYNACTSS.CASH.IP,SynAct Pharma AB,SHARES,N/A,EDITS_ONLY,SY
SYNHUS,UD.D.SYNHUS.CASH.IP,Syneos Health Inc,SHARES,N/A,CLOSED,SY
OEX,KC.D.OEX.CASH.IP,Synergia Energy Ltd,SHARES,N/A,EDITS_ONLY,SY
ELOSUS,UB.D.ELOSUS.CASH.IP,Syneron Medical Ltd,SHARES,N/A,CLOSED,SY
SYRAUS,UD.D.SYRAUS.CASH.IP,Syra Health Corp,SHARES,N/A,OFFLINE,SY
SNPXUS,UD.D.SNPXUS.CASH.IP,TAO Synergies Inc,SHARES,N/A,TRADEABLE,SY
TAIH,KC.D.TAIH.CASH.IP,Taihua PLC,SHARES,N/A,CLOSED,TA
TTKGY,ED.D.TTKGY.CASH.IP,Takkt AG,SHARES,N/A,EDITS_ONLY,TA
TLXGY,ED.D.TLXGY.CASH.IP,Talanx AG,SHARES,N/A,EDITS_ONLY,TA
TLNDUS,UD.D.TLNDUS.CASH.IP,Talend SA,SHARES,N/A,CLOSED,TA
TKTTFP,EC.D.TKTTFP.CASH.IP,Tarkett SA,SHARES,N/A,CLOSED,TA
TASKUS,UD.D.TASKUS.CASH.IP,TaskUs Inc,SHARES,N/A,TRADEABLE,TA
TAALAFH,EB.D.TAALAFH.CASH.IP,Taaleri Oyj,SHARES,N/A,EDITS_ONLY,TA
TNOMFH,EB.D.TNOMFH.CASH.IP,Talenom Oyj,SHARES,N/A,EDITS_ONLY,TA
HECUS,UB.D.HECUS.CASH.IP,Talkspace Inc,SHARES,N/A,TRADEABLE,TA
ACRXUS,UA.D.ACRXUS.CASH.IP,Talphera Inc,SHARES,N/A,TRADEABLE,TA
CNITUS,UA.D.CNITUS.CASH.IP,Taoping Inc,SHARES,N/A,TRADEABLE,TA
CTR,KA.D.CTR.CASH.IP,Charles Taylor PLC,SHARES,N/A,CLOSED,TA
TAXUS,UD.D.TAXUS.CASH.IP,Liberty Tax Inc,SHARES,N/A,TRADEABLE,TA
OVG,KC.D.OVG.CASH.IP,TALISMAN METALS PLC,SHARES,N/A,CLOSED,TA
FARIM,EF.D.FARIM.CASH.IP,Talea Group SpA,SHARES,N/A,EDITS_ONLY,TA
TNDLN,KC.D.TNDLN.CASH.IP,Tandem Group PLC,SHARES,N/A,EDITS_ONLY,TA
TANLN,KA.D.TANLN.CASH.IP,Tanfield Group PLC,SHARES,N/A,EDITS_ONLY,TA
FMCIUS,UB.D.FMCIUS.CASH.IP,Tattooed Chef Inc,SHARES,N/A,CLOSED,TA
TAULN,KC.D.TAULN.CASH.IP,Tau Capital PLC,SHARES,N/A,CLOSED,TA
TAYDUS,UD.D.TAYDUS.CASH.IP,Taylor Devices Inc,SHARES,N/A,TRADEABLE,TA
TWLN,KA.D.TWLN.CASH.IP,Taylor Wimpey PLC,SHARES,N/A,EDITS_ONLY,TA
DRTSUS,UB.D.DRTSUS.CASH.IP,Alpha Tau Medical Ltd,SHARES,N/A,TRADEABLE,TA
CTGUS,UA.D.CTGUS.CASH.IP,Computer Task Group Inc,SHARES,N/A,CLOSED,TA
TACOUS,UD.D.TACOUS.CASH.IP,Del Taco Restaurants Inc,SHARES,N/A,CLOSED,TA
TEGBGY,ED.D.TEGBGY.CASH.IP,TAG Immobilien AG - Rights,SHARES,N/A,CLOSED,TA
TATTUS,UD.D.TATTUS.CASH.IP,TAT Technologies Limited,SHARES,N/A,TRADEABLE,TA
TCUS,UD.D.TCUS.CASH.IP,Token Cat Limited,SHARES,N/A,TRADEABLE,TC
TCSLI,PK.D.TCSLI.CASH.IP,TCS Group Holding PLC,SHARES,N/A,CLOSED,TC
TCBPUS,UD.D.TCBPUS.CASH.IP,TC Biopharm (Holdings) PLC,SHARES,N/A,CLOSED,TC
CHFCUS,UA.D.CHFCUS.CASH.IP,TCF Financial Corporation,SHARES,N/A,CLOSED,TC
TCRRUS,UD.D.TCRRUS.CASH.IP,TCR2 Therapeutics Inc,SHARES,N/A,CLOSED,TC
UCONUS,SI.D.UCONUS.CASH.IP,First Trust Tcw Unconstrained Plus Bond Etf,SHARES,N/A,TRADEABLE,TC
PETZUS,UC.D.PETZUS.CASH.IP,TDH Holdings Inc,SHARES,N/A,TRADEABLE,TD
TEFP,EC.D.TEFP.CASH.IP,Technip Energies,SHARES,N/A,EDITS_ONLY,TE
TTEK,UD.D.TTEK.CASH.IP,Tetra Tech Inc,SHARES,N/A,TRADEABLE,TE
ITECHSS,EH.D.ITECHSS.CASH.IP,I-Tech AB,SHARES,N/A,EDITS_ONLY,TE
TEAMLN,KC.D.TEAMLN.CASH.IP,TEAM PLC,SHARES,N/A,EDITS_ONLY,TE
TEL2b,EH.D.TEL2b.CASH.IP,Tele2 AB - B,SHARES,N/A,EDITS_ONLY,TE
TLSUS,UD.D.TLSUS.CASH.IP,Telos Corp,SHARES,N/A,TRADEABLE,TE
ASAISS,EH.D.ASAISS.CASH.IP,Teneo AI AB,SHARES,N/A,EDITS_ONLY,TE
TEQSS,EH.D.TEQSS.CASH.IP,Teqnion AB (publ),SHARES,N/A,EDITS_ONLY,TE
2MXFP,EC.D.2MXFP.CASH.IP,Teract SA,SHARES,N/A,SUSPENDED,TE
TERNLN,KC.D.TERNLN.CASH.IP,Tern PLC,SHARES,N/A,EDITS_ONLY,TE
TSCO,KA.D.TSCO.CASH.IP,Tesco PLC,SHARES,N/A,EDITS_ONLY,TE
TL0GY,ED.D.TL0GY.CASH.IP,Tesla Inc (DE),SHARES,N/A,EDITS_ONLY,TE
1TSLAIM,EF.D.1TSLAIM.CASH.IP,Tesla Inc (ITA),SHARES,N/A,EDITS_ONLY,TE
TES,EC.D.TES.CASH.IP,Tessi SA,SHARES,N/A,CLOSED,TE
VQTGY,ED.D.VQTGY.CASH.IP,va-Q-tec AG,SHARES,N/A,CLOSED,TE
TESSUS,UD.D.TESSUS.CASH.IP,TESSCO Technologies Inc,SHARES,N/A,CLOSED,TE
HEBTUS,UB.D.HEBTUS.CASH.IP,AIOS Tech Inc,SHARES,N/A,OFFLINE,TE
TFFPUS,UD.D.TFFPUS.CASH.IP,TFF Pharmaceuticals Inc,SHARES,N/A,CLOSED,TF
TFSLUS,UD.D.TFSLUS.CASH.IP,TFS Financial Corporation,SHARES,N/A,TRADEABLE,TF
TFI,EC.D.TFI.CASH.IP,Television Francaise 1 SA,SHARES,N/A,EDITS_ONLY,TF
TFGLN,KC.D.TFGLN.CASH.IP,Tetragon Financial Group Limited -TFG,SHARES,N/A,EDITS_ONLY,TF
TGTXUS,UD.D.TGTXUS.CASH.IP,TG Therapeutics Inc,SHARES,N/A,TRADEABLE,TG
THUS,UD.D.THUS.CASH.IP,Target Hospitality Corporation,SHARES,N/A,TRADEABLE,TH
USDTHB,CS.D.USDTHB.CFD.IP,USD/THB,CURRENCIES,N/A,TRADEABLE,TH
USDTHB,CS.D.USDTHB.MINI.IP,USD/THB Mini,CURRENCIES,N/A,TRADEABLE,TH
ONZLN,KC.D.ONZLN.CASH.IP,Thalia Therapeutics PLC,SHARES,N/A,CLOSED,TH
TFW,KA.D.TFW.CASH.IP,F.W. Thorpe PLC,SHARES,N/A,EDITS_ONLY,TH
THSLN,KC.D.THSLN.CASH.IP,Tharisa PLC,SHARES,N/A,EDITS_ONLY,TH
THASJ,AR.D.THASJ.CASH.IP,Tharisa PLC (JSE),SHARES,N/A,EDITS_ONLY,TH
EVGLN,KC.D.EVGLN.CASH.IP,Theracryf PLC,SHARES,N/A,EDITS_ONLY,TH
TDUPUS,UD.D.TDUPUS.CASH.IP,ThredUp Inc,SHARES,N/A,TRADEABLE,TH
THULESS,EH.D.THULESS.CASH.IP,Thule Group AB (publ),SHARES,N/A,EDITS_ONLY,TH
CCCCUS,UA.D.CCCCUS.CASH.IP,C4 Therapeutics Inc,SHARES,N/A,TRADEABLE,TH
GTHXUS,UB.D.GTHXUS.CASH.IP,G1 Therapeutics Inc,SHARES,N/A,CLOSED,TH
GREATSS,EH.D.GREATSS.CASH.IP,Greater Than AB,SHARES,N/A,EDITS_ONLY,TH
THGLN,KA.D.THGLN.CASH.IP,THG Holdings Ltd,SHARES,N/A,EDITS_ONLY,TH
ALTHXFP,EC.D.ALTHXFP.CASH.IP,THX Pharma SACA,SHARES,N/A,EDITS_ONLY,TH
WRKSLN,KA.D.WRKSLN.CASH.IP,TheWorks.co.uk PLC,SHARES,N/A,EDITS_ONLY,TH
THEP,EC.D.THEP.CASH.IP,Thermador Groupe,SHARES,N/A,EDITS_ONLY,TH
TSLLN,KC.D.TSLLN.CASH.IP,ThinkSmart Limited,SHARES,N/A,CLOSED,TH
THRLN,KA.D.THRLN.CASH.IP,Thor Energy PLC,SHARES,N/A,EDITS_ONLY,TH
THRYUS,UD.D.THRYUS.CASH.IP,Thryv Holdings Inc,SHARES,N/A,TRADEABLE,TH
THUNDRSS,EH.D.THUNDRSS.CASH.IP,Thunderful Group AB,SHARES,N/A,CLOSED,TH
ETXLN,KC.D.ETXLN.CASH.IP,e-Therapeutics PLC,SHARES,N/A,CLOSED,TH
TKAG,ED.D.TKAG.CASH.IP,thyssenkrupp AG,SHARES,N/A,EDITS_ONLY,TH
1TKAIM,EF.D.1TKAIM.CASH.IP,thyssenkrupp AG (IT),SHARES,N/A,EDITS_ONLY,TH
ANTXUS,UA.D.ANTXUS.CASH.IP,AN2 Therapeutics Inc,SHARES,N/A,TRADEABLE,TH
ABEOUS,UA.D.ABEOUS.CASH.IP,Abeona Therapeutics Inc,SHARES,N/A,TRADEABLE,TH
ACERUS,UA.D.ACERUS.CASH.IP,Acer Therapeutic Inc,SHARES,N/A,CLOSED,TH
ACHLUS,UA.D.ACHLUS.CASH.IP,Achilles Therapeutics PLC,SHARES,N/A,CLOSED,TH
ACRSUS,UA.D.ACRSUS.CASH.IP,Aclaris Therapeutics Inc,SHARES,N/A,TRADEABLE,TH
ACOR,UA.D.ACOR.CASH.IP,Acorda Therapeutics Inc,SHARES,N/A,CLOSED,TH
ACTUUS,UA.D.ACTUUS.CASH.IP,Actuate Therapeutics Inc,SHARES,N/A,TRADEABLE,TH
ADXNUS,UA.D.ADXNUS.CASH.IP,Addex Therapeutics Ltd,SHARES,N/A,TRADEABLE,TH
AGRXUS,UA.D.AGRXUS.CASH.IP,Agile Therapeutics Inc,SHARES,N/A,CLOSED,TH
ZIOPUS,UD.D.ZIOPUS.CASH.IP,Alaunos Therapeutics inc,SHARES,N/A,TRADEABLE,TH
ALDXUS,UA.D.ALDXUS.CASH.IP,Aldeyra Therapeutics Inc,SHARES,N/A,TRADEABLE,TH
ALGSUS,UA.D.ALGSUS.CASH.IP,Aligos Therapeutics Inc,SHARES,N/A,TRADEABLE,TH
ALLRSS,EH.D.ALLRSS.CASH.IP,Allarity Therapeutics A/S,SHARES,N/A,CLOSED,TH
ALLRUS,UA.D.ALLRUS.CASH.IP,Allarity Therapeutics AS,SHARES,N/A,TRADEABLE,TH
AGY,KC.D.AGY.CASH.IP,Allergy Therapeutics PLC,SHARES,N/A,EDITS_ONLY,TH
TIVDC,EP.D.TIVDC.CASH.IP,Tivoli AS,SHARES,N/A,EDITS_ONLY,TI
TIENSS,EH.D.TIENSS.CASH.IP,Tieto OYJ (SE),SHARES,N/A,EDITS_ONLY,TI
TLRYUS,UD.D.TLRYUS.CASH.IP,Tilray Inc (24 Hours),SHARES,N/A,TRADEABLE,TI
BOXLN,KC.D.BOXLN.CASH.IP,Tintra PLC,SHARES,N/A,CLOSED,TI
TNTRUS,UD.D.TNTRUS.CASH.IP,Tintri Inc,SHARES,N/A,CLOSED,TI
TITCBB,EA.D.TITCBB.CASH.IP,Titan SA (BE),SHARES,N/A,EDITS_ONLY,TI
TINCBB,EA.D.TINCBB.CASH.IP,TINC Comm. VA,SHARES,N/A,EDITS_ONLY,TI
TIK1VFH,EB.D.TIK1VFH.CASH.IP,Tikkurila Oyj,SHARES,N/A,CLOSED,TI
TECNIM,EF.D.TECNIM.CASH.IP,Tinexta SpA,SHARES,N/A,EDITS_ONLY,TI
TBLSLN,KC.D.TBLSLN.CASH.IP,Tinybuild Inc,SHARES,N/A,CLOSED,TI
TITANFH,EB.D.TITANFH.CASH.IP,Titanium Oyj,SHARES,N/A,EDITS_ONLY,TI
BRGBSS,EH.D.BRGBSS.CASH.IP,Bergs Timber AB (publ),SHARES,N/A,CLOSED,TI
TIRLN,KC.D.TIRLN.CASH.IP,Tiger Alpha PLC,SHARES,N/A,SUSPENDED,TI
TBSSJ,AR.D.TBSSJ.CASH.IP,Tiger Brands Ltd,SHARES,N/A,EDITS_ONLY,TI
TYGOUS,UD.D.TYGOUS.CASH.IP,Tigo Energy Inc,SHARES,N/A,TRADEABLE,TI
TKOFP,EC.D.TKOFP.CASH.IP,Tikehau Capital,SHARES,N/A,EDITS_ONLY,TI
OPMLN,KC.D.OPMLN.CASH.IP,Time Finance Plc,SHARES,N/A,EDITS_ONLY,TI
MICTUS,UC.D.MICTUS.CASH.IP,Tingo Group Inc,SHARES,N/A,OFFLINE,TI
TITNUS,UD.D.TITNUS.CASH.IP,Titan Machinery Inc,SHARES,N/A,TRADEABLE,TI
TMDIUS,UD.D.TMDIUS.CASH.IP,Titan Medical Inc,SHARES,N/A,CLOSED,TI
TITABSS,EH.D.TITABSS.CASH.IP,Titania Holding AB (publ),SHARES,N/A,EDITS_ONLY,TI
TONLN,KC.D.TONLN.CASH.IP,Titon Holdings PLC,SHARES,N/A,EDITS_ONLY,TI
AMHC,UA.D.AMHC.CASH.IP,Tivity Health Inc,SHARES,N/A,CLOSED,TI
TPT,KA.D.TPT.CASH.IP,Topps Tiles PLC,SHARES,N/A,EDITS_ONLY,TI
TINMLN,KA.D.TINMLN.CASH.IP,WisdomTree Tin,SHARES,N/A,EDITS_ONLY,TI
GTIMUS,UB.D.GTIMUS.CASH.IP,Good Times Restaurants Inc,SHARES,N/A,TRADEABLE,TI
GTELN,KC.D.GTELN.CASH.IP,Gran Tierra Energy Inc (LSE),SHARES,N/A,EDITS_ONLY,TI
ITICUS,UB.D.ITICUS.CASH.IP,Investors Title Company,SHARES,N/A,TRADEABLE,TI
ABACUS,UA.D.ABACUS.CASH.IP,Renmin Tianli Group Inc,SHARES,N/A,OFFLINE,TI
STGLN,KC.D.STGLN.CASH.IP,Strip Tinning Holdings plc,SHARES,N/A,EDITS_ONLY,TI
TTSUS,UD.D.TTSUS.CASH.IP,Tile Shop Holdings Inc,SHARES,N/A,OFFLINE,TI
TWEKANA,EG.D.TWEKANA.CASH.IP,TKH Group NV,SHARES,N/A,EDITS_ONLY,TK
TLOULN,KC.D.TLOULN.CASH.IP,Tlou Energy Limited (LSE),SHARES,N/A,CLOSED,TL
TMTLN,KA.D.TMTLN.CASH.IP,TMT Investments PLC,SHARES,N/A,EDITS_ONLY,TM
TMCWWUS,UD.D.TMCWWUS.CASH.IP,TMC the metals company Inc (Warrants),SHARES,N/A,TRADEABLE,TM
TPGUS,UD.D.TPGUS.CASH.IP,TPG Inc,SHARES,N/A,TRADEABLE,TP
CRALN,KC.D.CRALN.CASH.IP,TP Group PLC,SHARES,N/A,CLOSED,TP
TPVDLN,KA.D.TPVDLN.CASH.IP,TP Income VCT PLC,SHARES,N/A,CLOSED,TP
TPICUS,UD.D.TPICUS.CASH.IP,TPI Composites Inc,SHARES,N/A,OFFLINE,TP
TPXLN,KC.D.TPXLN.CASH.IP,TPXImpact Holding PLC,SHARES,N/A,EDITS_ONLY,TP
USDTRY,CS.D.USDTRY.CFD.IP,USD/TRY,CURRENCIES,N/A,TRADEABLE,TR
TRYG,EP.D.TRYG.CASH.IP,Tryg AS,SHARES,N/A,EDITS_ONLY,TR
USDTRY,CS.D.USDTRY.MINI.IP,USD/TRY Mini,CURRENCIES,N/A,TRADEABLE,TR
SGOCUS,UD.D.SGOCUS.CASH.IP,TROOPS Inc,SHARES,N/A,TRADEABLE,TR
8TRASS,EH.D.8TRASS.CASH.IP,Traton SE,SHARES,N/A,EDITS_ONLY,TR
8TRAGY,ED.D.8TRAGY.CASH.IP,Traton SE (DE),SHARES,N/A,EDITS_ONLY,TR
TETLN,KC.D.TETLN.CASH.IP,Treatt PLC,SHARES,N/A,EDITS_ONLY,TR
TRIFP,EC.D.TRIFP.CASH.IP,Trigano SA,SHARES,N/A,EDITS_ONLY,TR
SRMUS,UD.D.SRMUS.CASH.IP,Tron Inc,SHARES,N/A,TRADEABLE,TR
TRULN,KC.D.TRULN.CASH.IP,TruFin PLC,SHARES,N/A,EDITS_ONLY,TR
GLS,KA.D.GLS.CASH.IP,Troy Income & Growth Trust PLC,SHARES,N/A,CLOSED,TR
TRCSLN,KC.D.TRCSLN.CASH.IP,Tracsis PLC,SHARES,N/A,EDITS_ONLY,TR
TRNLN,KA.D.TRNLN.CASH.IP,Trainline PLC,SHARES,N/A,EDITS_ONLY,TR
TRNSUS,UD.D.TRNSUS.CASH.IP,Transcat Inc,SHARES,N/A,TRADEABLE,TR
TNGFP,EC.D.TNGFP.CASH.IP,Transgene SA,SHARES,N/A,EDITS_ONLY,TR
TZOO,UD.D.TZOO.CASH.IP,Travelzoo Inc,SHARES,N/A,TRADEABLE,TR
TRELB,EH.D.TRELB.CASH.IP,Trelleborg AB,SHARES,N/A,EDITS_ONLY,TR
TRESJ,AR.D.TRESJ.CASH.IP,Trencor Ltd,SHARES,N/A,CLOSED,TR
TRVNUS,UD.D.TRVNUS.CASH.IP,Trevena Inc,SHARES,N/A,OFFLINE,TR
TCDAUS,UD.D.TCDAUS.CASH.IP,Tricida Inc,SHARES,N/A,CLOSED,TR
TRI,KA.D.TRI.CASH.IP,Trifast PLC,SHARES,N/A,EDITS_ONLY,TR
TSTL,KC.D.TSTL.CASH.IP,Tristel PLC,SHARES,N/A,EDITS_ONLY,TR
NFINUS,UC.D.NFINUS.CASH.IP,Triterras Inc,SHARES,N/A,CLOSED,TR
TROAXSS,EH.D.TROAXSS.CASH.IP,Troax Group AB (publ),SHARES,N/A,EDITS_ONLY,TR
CPSIUS,UA.D.CPSIUS.CASH.IP,TruBridge Inc,SHARES,N/A,TRADEABLE,TR
TRUEUS,UD.D.TRUEUS.CASH.IP,TrueCar Inc,SHARES,N/A,CLOSED,TR
TRUEBSS,EH.D.TRUEBSS.CASH.IP,Truecaller AB (publ),SHARES,N/A,EDITS_ONLY,TR
BRHLN,KC.D.BRHLN.CASH.IP,Truetide PLC,SHARES,N/A,EDITS_ONLY,TR
USAKUS,UD.D.USAKUS.CASH.IP,USA Truck Inc,SHARES,N/A,CLOSED,TR
ALGT,UA.D.ALGT.CASH.IP,Allegiant Travel Co,SHARES,N/A,TRADEABLE,TR
VIX,IN.D.VIX.FWS4.IP,Volatility Index ($1000),INDICES,N/A,TRADEABLE,TS
VIX,IN.D.VIX.FWS1.IP,Volatility Index ($1000),INDICES,N/A,TRADEABLE,TS
VIX,IN.D.VIX.FWM4.IP,Volatility Index ($200),INDICES,N/A,TRADEABLE,TS
VIX,IN.D.VIX.FWM1.IP,Volatility Index ($200),INDICES,N/A,TRADEABLE,TS
VIX,CC.D.VIX.UNC.IP,Volatility Index,COMMODITIES,N/A,TRADEABLE,TS
VIX,CC.D.VIX.UME.IP,Volatility Index (EUR1 Contract),COMMODITIES,N/A,TRADEABLE,TS
VIX,CC.D.VIX.UMP.IP,Volatility Index (£1 Contract),COMMODITIES,N/A,TRADEABLE,TS
TSRIUS,UD.D.TSRIUS.CASH.IP,TSR Inc,SHARES,N/A,CLOSED,TS
TSIIUS,SI.D.TSIIUS.CASH.IP,REX TSLA Growth & Income ETF,SHARES,N/A,TRADEABLE,TS
TCRXUS,UD.D.TCRXUS.CASH.IP,TScan Therapeutics Inc,SHARES,N/A,TRADEABLE,TS
VSTOXX,CC.D.VSTOXX.UNC.IP,EU Volatility Index,COMMODITIES,N/A,TRADEABLE,TS
TSLILN,KA.D.TSLILN.CASH.IP,IncomeShares Tesla TSLA Options ETP,SHARES,N/A,EDITS_ONLY,TS
IL0ALN,KA.D.IL0ALN.CASH.IP,Permanent tsb Group Holdings PLC,SHARES,N/A,EDITS_ONLY,TS
RINFUS,SI.D.RINFUS.CASH.IP,ProShares 30 Year TIPS TSY Spread,SHARES,N/A,TRADEABLE,TS
TSIAUUS,UD.D.TSIAUUS.CASH.IP,TS Innovation Acquisitions Corporation,SHARES,N/A,CLOSED,TS
TSLYUS,SI.D.TSLYUS.CASH.IP,Yieldmax Tsla Option Income Etf,SHARES,N/A,TRADEABLE,TS
TSMYUS,SI.D.TSMYUS.CASH.IP,Yieldmax Tsm Option Income Strategy Etf,SHARES,N/A,TRADEABLE,TS
TSMYLN,KA.D.TSMYLN.CASH.IP,IncomeShares Taiwan Semiconductors TSM Options ETP,SHARES,N/A,EDITS_ONLY,TS
CRSHUS,SI.D.CRSHUS.CASH.IP,YieldMax Short TSLA Option Income Strategy ETF,SHARES,N/A,TRADEABLE,TS
TSM3LN,KA.D.TSM3LN.CASH.IP,Leverage Shares 3x Long Taiwan Semiconductor TSM ETP Securities,SHARES,N/A,EDITS_ONLY,TS
TTEC,UD.D.TTEC.CASH.IP,TTEC Holdings Inc,SHARES,N/A,TRADEABLE,TT
TTMI,UD.D.TTMI.CASH.IP,TTM Technologies Inc,SHARES,N/A,TRADEABLE,TT
TCXUS,UD.D.TCXUS.CASH.IP,Tucows Inc,SHARES,N/A,TRADEABLE,TU
TOURUS,UD.D.TOURUS.CASH.IP,Tuniu Corp,SHARES,N/A,TRADEABLE,TU
TLTNA,EG.D.TLTNA.CASH.IP,London Tunnels PLC/The,SHARES,N/A,CLOSED,TU
TUNGLN,KA.D.TUNGLN.CASH.IP,Tungsten Corp PLC,SHARES,N/A,CLOSED,TU
TUNLN,KC.D.TUNLN.CASH.IP,Tungsten West PLC,SHARES,N/A,EDITS_ONLY,TU
TUESUS,UD.D.TUESUS.CASH.IP,Tuesday Morning Corp,SHARES,N/A,OFFLINE,TU
SHIPLN,KA.D.SHIPLN.CASH.IP,Tufton Assets Limited,SHARES,N/A,EDITS_ONLY,TU
DMPIUS,UB.D.DMPIUS.CASH.IP,Tuhura Biosciences Inc,SHARES,N/A,TRADEABLE,TU
TULAVFH,EB.D.TULAVFH.CASH.IP,Tulikivi Corporation,SHARES,N/A,EDITS_ONLY,TU
TTRXUS,UD.D.TTRXUS.CASH.IP,Turn Therapeutics Inc,SHARES,N/A,TRADEABLE,TU
TSBXUS,UD.D.TSBXUS.CASH.IP,Turnstone Biologics Corp,SHARES,N/A,CLOSED,TU
HEARUS,UB.D.HEARUS.CASH.IP,Turtle Beach Corporation,SHARES,N/A,TRADEABLE,TU
ITKY,KA.D.ITKY.CASH.IP,iShares MSCI Turkey  UCITS ETF,SHARES,N/A,EDITS_ONLY,TU
HEFTUS,SI.D.HEFTUS.CASH.IP,Hedgeye Fourth Turning ETF - USD,SHARES,N/A,TRADEABLE,TU
TUIBGY,ED.D.TUIBGY.CASH.IP,TUI AG Rights Issue @ EUR 5.55 EXP 11/04/23,SHARES,N/A,CLOSED,TU
TMPMUS,UD.D.TMPMUS.CASH.IP,Turmeric Acquisition Corporation (Ord),SHARES,N/A,CLOSED,TU
TPTXUS,UD.D.TPTXUS.CASH.IP,Turning Point Therapeutics Inc,SHARES,N/A,CLOSED,TU
CARAUS,UA.D.CARAUS.CASH.IP,Tvardi Therapeutics Inc,SHARES,N/A,TRADEABLE,TV
TWUS,UD.D.TWUS.CASH.IP,Tradeweb Markets Inc,SHARES,N/A,TRADEABLE,TW
VULLN,KC.D.VULLN.CASH.IP,Vulcan Two Group PLC,SHARES,N/A,EDITS_ONLY,TW
CEPUS,UA.D.CEPUS.CASH.IP,Twenty One Capital Inc (24 Hours),SHARES,N/A,TRADEABLE,TW
TFIFLN,KA.D.TFIFLN.CASH.IP,TwentyFour Income Fund Ltd,SHARES,N/A,EDITS_ONLY,TW
TWNPUS,UD.D.TWNPUS.CASH.IP,Twin Hospitality Group Inc,SHARES,N/A,OFFLINE,TW
VEEEUS,UD.D.VEEEUS.CASH.IP,Twin Vee PowerCats Co,SHARES,N/A,TRADEABLE,TW
TWT3LN,KA.D.TWT3LN.CASH.IP,Leverage Shares 3x Twitter ETP,SHARES,N/A,CLOSED,TW
3TWELN,KA.D.3TWELN.CASH.IP,Leverage Shares 3x Twitter ETP - EUR,SHARES,N/A,CLOSED,TW
3TWTLN,KA.D.3TWTLN.CASH.IP,Leverage Shares 3x Twitter ETP - GBp,SHARES,N/A,CLOSED,TW
TTWO,UD.D.TTWO.CASH.IP,Take-Two Interactive Software Inc (24 Hours),SHARES,N/A,TRADEABLE,TW
TWSTUS,UD.D.TWSTUS.CASH.IP,Twist Bioscience Corporation,SHARES,N/A,TRADEABLE,TW
SMIFLN,KA.D.SMIFLN.CASH.IP,TwentyFour Select Monthly Income Fund Limited,SHARES,N/A,EDITS_ONLY,TW
YTXNLN,KA.D.YTXNLN.CASH.IP,IncomeShares Texas Instruments TXN Options ETP,SHARES,N/A,EDITS_ONLY,TX
LUP,KA.D.LUP.CASH.IP,Tyman PLC,SHARES,N/A,CLOSED,TY
TYMEUS,UD.D.TYMEUS.CASH.IP,Tyme Technologies Inc,SHARES,N/A,CLOSED,TY
TYRAUS,UD.D.TYRAUS.CASH.IP,Tyra Biosciences Inc,SHARES,N/A,TRADEABLE,TY
UAEUS,UD.D.UAEUS.CASH.IP,iShares MSCI UAE Capped ETF,SHARES,N/A,TRADEABLE,UA
SUBRLN,KA.D.SUBRLN.CASH.IP,Leverage Shares -1x Uber ETP,SHARES,N/A,EDITS_ONLY,UB
2UBRLN,KA.D.2UBRLN.CASH.IP,Leverage Shares 2x Uber ETP,SHARES,N/A,CLOSED,UB
UBR3LN,KA.D.UBR3LN.CASH.IP,Leverage Shares 3x UBER ETP,SHARES,N/A,EDITS_ONLY,UB
UBI,EC.D.UBI.CASH.IP,UBISOFT Entertainment,SHARES,N/A,EDITS_ONLY,UB
WRDALN,KA.D.WRDALN.CASH.IP,UBS Core MSCI World UCITS ETF (Acc),SHARES,N/A,EDITS_ONLY,UB
WRDDLN,KA.D.WRDDLN.CASH.IP,UBS Core MSCI World UCITS ETF (Dist),SHARES,N/A,EDITS_ONLY,UB
S5UALN,KA.D.S5UALN.CASH.IP,UBS Core S&P 500 UCITS ETF,SHARES,N/A,EDITS_ONLY,UB
QQQALN,KA.D.QQQALN.CASH.IP,UBS Nasdaq-100 UCITS ETF,SHARES,N/A,EDITS_ONLY,UB
QQQELN,KA.D.QQQELN.CASH.IP,UBS Nasdaq-100 UCITS ETF (Dist) - GBp,SHARES,N/A,EDITS_ONLY,UB
UBNTUS,UD.D.UBNTUS.CASH.IP,Ubiquiti Networks Inc,SHARES,N/A,TRADEABLE,UB
3LUBLN,KA.D.3LUBLN.CASH.IP,GraniteShares 3x Long Uber Daily ETP,SHARES,N/A,EDITS_ONLY,UB
3SUBLN,KA.D.3SUBLN.CASH.IP,GraniteShares 3x Short Uber Daily ETP,SHARES,N/A,CLOSED,UB
3UBELN,KA.D.3UBELN.CASH.IP,Leverage Shares 3x UBER ETP - EUR,SHARES,N/A,EDITS_ONLY,UB
3UBRLN,KA.D.3UBRLN.CASH.IP,Leverage Shares 3x UBER ETP - GBp,SHARES,N/A,EDITS_ONLY,UB
UC94LN,KA.D.UC94LN.CASH.IP,UBS ETF MSCI Switzerland 20/35 UCITS ETF,SHARES,N/A,EDITS_ONLY,UB
UB23LN,KA.D.UB23LN.CASH.IP,UBS Lux Fund Solutions - MSCI Canada UCITS ETF,SHARES,N/A,EDITS_ONLY,UB
UB0ELN,KA.D.UB0ELN.CASH.IP,UBS Lux Fund Solutions - MSCI EMU UCITS ETF,SHARES,N/A,EDITS_ONLY,UB
UB0DLN,KA.D.UB0DLN.CASH.IP,UBS Lux Fund Solutions - MSCI Japan UCITS ETF,SHARES,N/A,EDITS_ONLY,UB
S5SDLN,KA.D.S5SDLN.CASH.IP,UBS S&P 500 Scored & Screened UCITS ETF,SHARES,N/A,EDITS_ONLY,UB
EGOVLN,KA.D.EGOVLN.CASH.IP,UBS ETF - JP Morgan Global Government ESG Liquid Bond UCITS ETF,SHARES,N/A,EDITS_ONLY,UB
EGOGLN,KA.D.EGOGLN.CASH.IP,UBS ETF - JP Morgan Global Government ESG Liquid Bond UCITS ETF (EGOG),SHARES,N/A,EDITS_ONLY,UB
MDBULN,KA.D.MDBULN.CASH.IP,UBS ETF - Sustainable Development Bank Bonds UCITS ETF,SHARES,N/A,EDITS_ONLY,UB
MDBGLN,KA.D.MDBGLN.CASH.IP,UBS ETF - Sustainable Development Bank Bonds UCITS ETF - GBP,SHARES,N/A,EDITS_ONLY,UB
UB45LN,KA.D.UB45LN.CASH.IP,UBS ETF-MSCI Pacific Socially Responsible UCITS ETF,SHARES,N/A,EDITS_ONLY,UB
T10GLN,KA.D.T10GLN.CASH.IP,UBS Lux Fund Solutions - Bloomberg TIPS 10+ UCITS ETF (GBP Ad),SHARES,N/A,EDITS_ONLY,UB
UBTLLN,KA.D.UBTLLN.CASH.IP,UBS Lux Fund Solutions - Bloomberg TIPS 10+ UCITS ETF GBp,SHARES,N/A,EDITS_ONLY,UB
UB69LN,KA.D.UB69LN.CASH.IP,UBS Lux Fund Solutions - MSCI EMU Small Cap UCITS ETF,SHARES,N/A,EDITS_ONLY,UB
CBSELN,KA.D.CBSELN.CASH.IP,UBS ETF - Bloomberg Barclays MSCI Euro Area Liquid Corporates Sustainable UCITS,SHARES,N/A,EDITS_ONLY,UB
UC98LN,KA.D.UC98LN.CASH.IP,UBS ETF - Bloomberg Barclays MSCI US Liquid Corporates Sustainable UCITS ETF,SHARES,N/A,EDITS_ONLY,UB
JT13LN,KA.D.JT13LN.CASH.IP,UBS Lux Fund Solutions - Bloomberg Japan Treasury 1-3 Year Bond UCITS ETF,SHARES,N/A,EDITS_ONLY,UB
ARKKLN,KA.D.ARKKLN.CASH.IP,ARK Innovation UCITS ETF,SHARES,N/A,EDITS_ONLY,UC
ARCKLN,KA.D.ARCKLN.CASH.IP,ARK Innovation UCITS ETF (GBP),SHARES,N/A,EDITS_ONLY,UC
E901GY,ED.D.E901GY.CASH.IP,ComStage 1 Dax UCITS ETF,SHARES,N/A,CLOSED,UC
UB01LN,KA.D.UB01LN.CASH.IP,Euro Stoxx 50 UCITS ETF,SHARES,N/A,EDITS_ONLY,UC
EUGDLN,KA.D.EUGDLN.CASH.IP,European Green Deal UCITS ETF,SHARES,N/A,CLOSED,UC
NATPLN,KA.D.NATPLN.CASH.IP,Future of Defence UCITS ETF GBp,SHARES,N/A,EDITS_ONLY,UC
NATOLN,KA.D.NATOLN.CASH.IP,Future of Defence UCITS ETF USD,SHARES,N/A,EDITS_ONLY,UC
URNGLN,KA.D.URNGLN.CASH.IP,Global X Uranium UCITS ETF,SHARES,N/A,EDITS_ONLY,UC
URNDLN,KA.D.URNDLN.CASH.IP,Global X Uranium UCITS ETF (Dist),SHARES,N/A,EDITS_ONLY,UC
URNULN,KA.D.URNULN.CASH.IP,Global X Uranium UCITS ETF - USD,SHARES,N/A,EDITS_ONLY,UC
UDMYUS,UD.D.UDMYUS.CASH.IP,Udemy Inc,SHARES,N/A,CLOSED,UD
UDG,KA.D.UDG.CASH.IP,UDG Healthcare PLC,SHARES,N/A,CLOSED,UD
UFPTUS,UD.D.UFPTUS.CASH.IP,UFP Technologies Inc,SHARES,N/A,TRADEABLE,UF
USEGY,ED.D.USEGY.CASH.IP,Beate Uhse AG,SHARES,N/A,CLOSED,UH
UTLFLN,KC.D.UTLFLN.CASH.IP,UIL Finance Limited - UTLF,SHARES,N/A,CLOSED,UI
UTLGLN,KC.D.UTLGLN.CASH.IP,UIL Finance Limited - UTLG,SHARES,N/A,CLOSED,UI
UTLHLN,KC.D.UTLHLN.CASH.IP,UIL Finance Limited - UTLH,SHARES,N/A,EDITS_ONLY,UI
UTLILN,KA.D.UTLILN.CASH.IP,UIL Finance Limited - UTLI,SHARES,N/A,EDITS_ONLY,UI
UIFSLN,KA.D.UIFSLN.CASH.IP,iShares S&P 500 Financials Sector UCITS ETF  -UIFS,SHARES,N/A,EDITS_ONLY,UI
UKUS,UD.D.UKUS.CASH.IP,Ucommune International Limited,SHARES,N/A,TRADEABLE,UK
NCYTLN,KC.D.NCYTLN.CASH.IP,Novacyt SA - UK,SHARES,N/A,EDITS_ONLY,UK
SNAKLN,KC.D.SNAKLN.CASH.IP,Uvenco UK PLC,SHARES,N/A,CLOSED,UK
ARR,KC.D.ARR.CASH.IP,Aurora UK Alpha PLC,SHARES,N/A,EDITS_ONLY,UK
SFELN,KA.D.SFELN.CASH.IP,Safestyle UK PLC,SHARES,N/A,CLOSED,UK
VINOLN,KC.D.VINOLN.CASH.IP,Virgin Wines UK PLC,SHARES,N/A,EDITS_ONLY,UK
UKDVLN,KA.D.UKDVLN.CASH.IP,SPDR(r) S&P UK Dividend Aristocrats UCITS ETF - UKDV,SHARES,N/A,EDITS_ONLY,UK
DCTALN,KC.D.DCTALN.CASH.IP,Directa Plus UK Limited,SHARES,N/A,CLOSED,UK
UKWLN,KA.D.UKWLN.CASH.IP,Greencoat UK Wind PLC,SHARES,N/A,EDITS_ONLY,UK
0A9GLN,KA.D.0A9GLN.CASH.IP,Mereo Biopharma Group PLC - UK,SHARES,N/A,CLOSED,UK
MINILN,KC.D.MINILN.CASH.IP,Miton UK MicroCap Trust PLC,SHARES,N/A,CLOSED,UK
SCP,KA.D.SCP.CASH.IP,Schroder UK Mid Cap Fund PLC,SHARES,N/A,EDITS_ONLY,UK
UKMLLN,KA.D.UKMLLN.CASH.IP,UK Mortgages Limited,SHARES,N/A,CLOSED,UK
UKRLN,KA.D.UKRLN.CASH.IP,Ukrproduct Group Limited,SHARES,N/A,EDITS_ONLY,UK
VMLN,KA.D.VMLN.CASH.IP,Virgin Money Holdings UK PLC,SHARES,N/A,CLOSED,UK
CSUKLN,KA.D.CSUKLN.CASH.IP,iShares MSCI UK UCITS ETF,SHARES,N/A,EDITS_ONLY,UK
IUKD,KA.D.IUKD.CASH.IP,iShares UK Dividend UCITS ETF,SHARES,N/A,EDITS_ONLY,UK
IUKP,KA.D.IUKP.CASH.IP,iShares UK Property UCITS ETF,SHARES,N/A,EDITS_ONLY,UK
UKRELN,KA.D.UKRELN.CASH.IP,iShares MSCI Target UK Real Estate UCITS ETF - UKRE,SHARES,N/A,EDITS_ONLY,UK
SDVLN,KC.D.SDVLN.CASH.IP,Chelverton UK Dividend Trust PLC,SHARES,N/A,EDITS_ONLY,UK
MUSTLN,KC.D.MUSTLN.CASH.IP,DeFi Development Corporation UK PLC,SHARES,N/A,EDITS_ONLY,UK
PSRULN,KA.D.PSRULN.CASH.IP,Invesco FTSE RAFI UK 100 UCITS ETF,SHARES,N/A,CLOSED,UK
MXUKLN,KA.D.MXUKLN.CASH.IP,Invesco MSCI Europe ex-UK UCITS ETF (GBP),SHARES,N/A,EDITS_ONLY,UK
JUKELN,KA.D.JUKELN.CASH.IP,JPMorgan UK Equity Core UCITS ETF,SHARES,N/A,EDITS_ONLY,UK
YCLUS,SI.D.YCLUS.CASH.IP,ProShares Ultra Yen,SHARES,N/A,TRADEABLE,UL
ULTAUS,UD.D.ULTAUS.CASH.IP,Ulta Beauty Inc (24 Hours),SHARES,N/A,TRADEABLE,UL
BITUUS,SI.D.BITUUS.CASH.IP,ProShares Ultra Bitcoin ETF,SHARES,N/A,TRADEABLE,UL
DDMUS,SI.D.DDMUS.CASH.IP,ProShares Ultra Dow30,SHARES,N/A,TRADEABLE,UL
DIGUS,SI.D.DIGUS.CASH.IP,ProShares Ultra Energy,SHARES,N/A,TRADEABLE,UL
ULEUS,SI.D.ULEUS.CASH.IP,ProShares Ultra Euro,SHARES,N/A,TRADEABLE,UL
UYGUS,SI.D.UYGUS.CASH.IP,ProShares Ultra Financials,SHARES,N/A,TRADEABLE,UL
UGLUS,SI.D.UGLUS.CASH.IP,ProShares Ultra Gold,SHARES,N/A,TRADEABLE,UL
RXLUS,SI.D.RXLUS.CASH.IP,ProShares Ultra Health Care,SHARES,N/A,TRADEABLE,UL
UXIUS,SI.D.UXIUS.CASH.IP,ProShares Ultra Industrials,SHARES,N/A,TRADEABLE,UL
UYMUS,SI.D.UYMUS.CASH.IP,ProShares Ultra Materials,SHARES,N/A,TRADEABLE,UL
MVVUS,SI.D.MVVUS.CASH.IP,ProShares Ultra MidCap400,SHARES,N/A,TRADEABLE,UL
SSOUS,SI.D.SSOUS.CASH.IP,ProShares Ultra S&P500,SHARES,N/A,TRADEABLE,UL
AGQUS,SI.D.AGQUS.CASH.IP,ProShares Ultra Silver,SHARES,N/A,TRADEABLE,UL
ROMUS,SI.D.ROMUS.CASH.IP,ProShares Ultra Technology,SHARES,N/A,TRADEABLE,UL
UPWUS,SI.D.UPWUS.CASH.IP,ProShares Ultra Utilities,SHARES,N/A,TRADEABLE,UL
UDOWUS,SI.D.UDOWUS.CASH.IP,ProShares UltraPro Dow30,SHARES,N/A,TRADEABLE,UL
UPROUS,SI.D.UPROUS.CASH.IP,ProShares UltraPro S&P 500,SHARES,N/A,TRADEABLE,UL
DXDUS,SI.D.DXDUS.CASH.IP,ProShares UltraShort Dow30,SHARES,N/A,TRADEABLE,UL
DUGUS,SI.D.DUGUS.CASH.IP,ProShares UltraShort Energy,SHARES,N/A,TRADEABLE,UL
GLLUS,SI.D.GLLUS.CASH.IP,ProShares UltraShort Gold,SHARES,N/A,TRADEABLE,UL
SDSUS,SI.D.SDSUS.CASH.IP,ProShares UltraShort S&P500,SHARES,N/A,TRADEABLE,UL
ZSLUS,SI.D.ZSLUS.CASH.IP,ProShares UltraShort Silver,SHARES,N/A,TRADEABLE,UL
YCS,SI.D.YCS.CASH.IP,ProShares UltraShort Yen,SHARES,N/A,TRADEABLE,UL
UXRPUS,SI.D.UXRPUS.CASH.IP,Proshares Ultra XRP ETF,SHARES,N/A,TRADEABLE,UL
UPGSLN,KA.D.UPGSLN.CASH.IP,Ultimate Products Plc,SHARES,N/A,EDITS_ONLY,UL
UCTTUS,UD.D.UCTTUS.CASH.IP,Ultra Clean Holdings Inc,SHARES,N/A,TRADEABLE,UL
ULBIUS,UD.D.ULBIUS.CASH.IP,Ultralife Corporation,SHARES,N/A,TRADEABLE,UL
ULTRUS,UD.D.ULTRUS.CASH.IP,Ultrapetrol (Bahamas) Limited,SHARES,N/A,OFFLINE,UL
VUSBUS,SI.D.VUSBUS.CASH.IP,Vanguard Ultra Short Bond ETF,SHARES,N/A,TRADEABLE,UL
ULTELN,KA.D.ULTELN.CASH.IP,YieldMax ULTY Ultra Option Income Strategy ETC,SHARES,N/A,EDITS_ONLY,UL
ULTYLN,KA.D.ULTYLN.CASH.IP,YieldMax ULTY Ultra Option Income Strategy ETC - USD,SHARES,N/A,EDITS_ONLY,UL
MEDLN,KC.D.MEDLN.CASH.IP,Intelligent Ultrasound Group PLC,SHARES,N/A,CLOSED,UL
JGSALN,KA.D.JGSALN.CASH.IP,JPMorgan GBP Ultra-Short Income UCITS ETF,SHARES,N/A,EDITS_ONLY,UL
JPSTUS,SI.D.JPSTUS.CASH.IP,JPMorgan Ultra-Short Income ETF,SHARES,N/A,TRADEABLE,UL
UBTUS,SI.D.UBTUS.CASH.IP,ProShares Ultra 20+ Year Treasury,SHARES,N/A,TRADEABLE,UL
UGEUS,SI.D.UGEUS.CASH.IP,ProShares Ultra Consumer Goods,SHARES,N/A,TRADEABLE,UL
UCCUS,SI.D.UCCUS.CASH.IP,ProShares Ultra Consumer Services,SHARES,N/A,TRADEABLE,UL
ALUMSFP,EC.D.ALUMSFP.CASH.IP,Umanis SA,SHARES,N/A,CLOSED,UM
UMIBB,EA.D.UMIBB.CASH.IP,Umicore SA,SHARES,N/A,EDITS_ONLY,UM
UBKGY,ED.D.UBKGY.CASH.IP,UmweltBank AG,SHARES,N/A,EDITS_ONLY,UM
UMBFUS,UD.D.UMBFUS.CASH.IP,UMB Financial Corporation,SHARES,N/A,TRADEABLE,UM
UEPLN,KC.D.UEPLN.CASH.IP,UMC Energy Corporation,SHARES,N/A,CLOSED,UM
UMPQ,UD.D.UMPQ.CASH.IP,Umpqua Holdings Corp,SHARES,N/A,CLOSED,UM
UMDKGR,ED.D.UMDKGR.CASH.IP,UMT United Mobility Technology AG,SHARES,N/A,CLOSED,UM
UNBLFP,EC.D.UNBLFP.CASH.IP,Unibel SA,SHARES,N/A,CLOSED,UN
UN01GY,ED.D.UN01GY.CASH.IP,Uniper SE,SHARES,N/A,EDITS_ONLY,UN
CRINGY,ED.D.CRINGY.CASH.IP,UniCredit SpA (Xetra),SHARES,N/A,EDITS_ONLY,UN
UDCGY,ED.D.UDCGY.CASH.IP,UniDevice AG,SHARES,N/A,CLOSED,UN
UNIRIM,EF.D.UNIRIM.CASH.IP,Unieuro SpA,SHARES,N/A,CLOSED,UN
UN,EG.D.UN.CASH.IP,Unilever NV,SHARES,N/A,EDITS_ONLY,UN
ULVR,KA.D.ULVR.CASH.IP,Unilever PLC,SHARES,N/A,EDITS_ONLY,UN
UNISUS,UD.D.UNISUS.CASH.IP,Unilife Corp (US),SHARES,N/A,CLOSED,UN
UPRLN,KC.D.UPRLN.CASH.IP,Uniphar PLC - (LSE),SHARES,N/A,EDITS_ONLY,UN
QUREUS,UC.D.QUREUS.CASH.IP,uniQure B.V.,SHARES,N/A,TRADEABLE,UN
ELTA,KA.D.ELTA.CASH.IP,Unbound Group PLC,SHARES,N/A,CLOSED,UN
UAVLN,KC.D.UAVLN.CASH.IP,Unicorn AIM VCT PLC,SHARES,N/A,EDITS_ONLY,UN
UTG,KA.D.UTG.CASH.IP,Unite Group PLC,SHARES,N/A,EDITS_ONLY,UN
UBCPUS,UD.D.UBCPUS.CASH.IP,United Bancorp Inc (US),SHARES,N/A,TRADEABLE,UN
UNITEDFH,EB.D.UNITEDFH.CASH.IP,United Bankers Oyj,SHARES,N/A,EDITS_ONLY,UN
UTDI,ED.D.UTDI.CASH.IP,United Internet AG,SHARES,N/A,EDITS_ONLY,UN
UNTD,UD.D.UNTD.CASH.IP,United Online Inc,SHARES,N/A,CLOSED,UN
UNGLN,KC.D.UNGLN.CASH.IP,Universe Group PLC,SHARES,N/A,CLOSED,UN
UNHYLN,KA.D.UNHYLN.CASH.IP,IncomeShares UnitedHealth UNH Options ETP,SHARES,N/A,EDITS_ONLY,UN
CTEKLN,KC.D.CTEKLN.CASH.IP,China Chaintek United Co Ltd,SHARES,N/A,CLOSED,UN
HUWLN,KC.D.HUWLN.CASH.IP,Helios Underwriting PLC,SHARES,N/A,EDITS_ONLY,UN
PBCT,UC.D.PBCT.CASH.IP,People's United Financial Inc,SHARES,N/A,CLOSED,UN
UNIBAPSS,EH.D.UNIBAPSS.CASH.IP,Unibap Space Solutions AB,SHARES,N/A,EDITS_ONLY,UN
UNCYUS,UD.D.UNCYUS.CASH.IP,Unicycive Therapeutics Inc,SHARES,N/A,TRADEABLE,UN
UNIIM,EF.D.UNIIM.CASH.IP,Unipol Assicurazioni S.p.A,SHARES,N/A,EDITS_ONLY,UN
FSA,EF.D.FSA.CASH.IP,UnipolSai Assicurazioni SpA,SHARES,N/A,CLOSED,UN
UBSIUS,UD.D.UBSIUS.CASH.IP,United Bankshares Inc,SHARES,N/A,TRADEABLE,UN
CHOCLN,KC.D.CHOCLN.CASH.IP,United Cacao Ltd SEZC,SHARES,N/A,CLOSED,UN
UCGLN,KC.D.UCGLN.CASH.IP,United Carpets Group PLC,SHARES,N/A,CLOSED,UN
UCBI,UD.D.UCBI.CASH.IP,United Community Banks Inc,SHARES,N/A,TRADEABLE,UN
UFCSUS,UD.D.UFCSUS.CASH.IP,United Fire Group Inc,SHARES,N/A,TRADEABLE,UN
UHGUS,UD.D.UHGUS.CASH.IP,United Homes Group Inc,SHARES,N/A,CLOSED,UN
USEAUS,UD.D.USEAUS.CASH.IP,United Maritime Corporation,SHARES,N/A,TRADEABLE,UN
UNFIUS,UD.D.UNFIUS.CASH.IP,United Natural Foods Inc,SHARES,N/A,TRADEABLE,UN
UTHR,UD.D.UTHR.CASH.IP,United Therapeutics Corp,SHARES,N/A,TRADEABLE,UN
UU,KA.D.UU.CASH.IP,United Utilities Group PLC,SHARES,N/A,EDITS_ONLY,UN
UBXUS,UD.D.UBXUS.CASH.IP,Unity Biotechnology Inc,SHARES,N/A,CLOSED,UN
UONEUS,UD.D.UONEUS.CASH.IP,Urban One Inc - UONE,SHARES,N/A,TRADEABLE,UO
UONEKUS,UD.D.UONEKUS.CASH.IP,Urban One Inc - UONEK,SHARES,N/A,TRADEABLE,UO
GRVIUS,UB.D.GRVIUS.CASH.IP,Upexi Inc,SHARES,N/A,TRADEABLE,UP
UNR1V,EB.D.UNR1V.CASH.IP,Uponor OYJ,SHARES,N/A,CLOSED,UP
UPWKUS,UD.D.UPWKUS.CASH.IP,Upwork Inc,SHARES,N/A,TRADEABLE,UP
RCII,UC.D.RCII.CASH.IP,"Upbound Group, Inc",SHARES,N/A,TRADEABLE,UP
UPLDUS,UD.D.UPLDUS.CASH.IP,Upland Software Inc,SHARES,N/A,TRADEABLE,UP
UPBUS,UD.D.UPBUS.CASH.IP,Upstream Bio Inc,SHARES,N/A,TRADEABLE,UP
TIGRUS,UD.D.TIGRUS.CASH.IP,UP Fintech Holding Limited (24 Hours),SHARES,N/A,TRADEABLE,UP
UPLLN,KC.D.UPLLN.CASH.IP,Upland Resources Ltd,SHARES,N/A,EDITS_ONLY,UP
UPSTUS,UD.D.UPSTUS.CASH.IP,Upstart Holdings Inc (24 Hours),SHARES,N/A,TRADEABLE,UP
IBEX,PB.D.IBEX.PDUP.IP,Daily Spain 35 to be Up [ > 18272.0],BINARY,N/A,EDITS_ONLY,UP
MIDFTUPDN,PB.D.MIDFTUPDN.TEST.IP,FTSE UP at 12pm [>10373.5],BINARY,N/A,TRADEABLE,UP
3pmFTUPDN,PB.D.3pmFTUPDN.TEST.IP,FTSE UP at 3pm [>10373.5],BINARY,N/A,TRADEABLE,UP
FTUPDN,PB.D.FTUPDN.TEST.IP,FTSE to finish Up [ >10373.5],BINARY,N/A,TRADEABLE,UP
SPUCUS,SI.D.SPUCUS.CASH.IP,Simplify US Equity PLUS Upside Convexity ETF,SHARES,N/A,TRADEABLE,UP
SPUPDN,PB.D.SPUPDN.UP.IP,US500 to finish UP [ >7599.96],BINARY,N/A,TRADEABLE,UP
DOTUPDN,PB.D.DOTUPDN.DW0.IP,Wall St UP at 6pm [>0.00],BINARY,N/A,EDITS_ONLY,UP
EOWFUPDN,PB.D.EOWFUPDN.UP.IP,Weekly FTSE up [>10409.3],BINARY,N/A,TRADEABLE,UP
EOWDUPDN,PB.D.EOWDUPDN.UP.IP,Weekly Wall St up [>51032.5],BINARY,N/A,TRADEABLE,UP
CAC,PB.D.CAC.PDUP.IP,Daily France 40 to be Up [ > 8209.09],BINARY,N/A,EDITS_ONLY,UP
AEX,PB.D.AEX.PDUP.IP,Daily Netherlands 25 to be Up [ > 1049.06],BINARY,N/A,EDITS_ONLY,UP
OMX,PB.D.OMX.PDUP.IP,Daily Sweden 30 to be Up [ > 3149.91],BINARY,N/A,EDITS_ONLY,UP
DAXUPDN,PB.D.DAXUPDN.UP.IP,Germany 40 to finish up [>25124.17],BINARY,N/A,TRADEABLE,UP
SMI,PB.D.SMI.PDUP.IP,Switzerland Blue Chip to be Up [ > 13305.7],BINARY,N/A,EDITS_ONLY,UP
NAZUPDN,PB.D.NAZUPDN.UP.IP,US Tech 100 to finish UP [ >30513.9],BINARY,N/A,TRADEABLE,UP
DOWUPDN,PB.D.DOWUPDN.DW0.IP,Wall St to finish UP [ >51078.88],BINARY,N/A,TRADEABLE,UP
EOWAUPDN,PB.D.EOWAUPDN.UP.IP,Weekly Cash Australia 200 up [>8731.7],BINARY,N/A,EDITS_ONLY,UP
URU,KC.D.URU.CASH.IP,URU Metals Ltd,SHARES,N/A,EDITS_ONLY,UR
ULYUS,UD.D.ULYUS.CASH.IP,Urgent.ly Inc,SHARES,N/A,OFFLINE,UR
UGROUS,UD.D.UGROUS.CASH.IP,urban-gro Inc,SHARES,N/A,ON_AUCTION,UR
URA,KC.D.URA.CASH.IP,URA Holdings PLC (Old),SHARES,N/A,CLOSED,UR
SRUFLN,KA.D.SRUFLN.CASH.IP,Sprott Physical Uranium ETC (GBP),SHARES,N/A,EDITS_ONLY,UR
SPUTLN,KA.D.SPUTLN.CASH.IP,Sprott Physical Uranium ETC (USD),SHARES,N/A,EDITS_ONLY,UR
UROYUS,UD.D.UROYUS.CASH.IP,Uranium Royalty Corporation,SHARES,N/A,TRADEABLE,UR
SHEDLN,KC.D.SHEDLN.CASH.IP,Urban Logistics REIT PLC,SHARES,N/A,CLOSED,UR
URGNUS,UD.D.URGNUS.CASH.IP,UroGen Pharma Limited,SHARES,N/A,TRADEABLE,UR
URAAUS,SI.D.URAAUS.CASH.IP,Direxion Daily Uranium Industry Bull 2X ETF,SHARES,N/A,TRADEABLE,UR
URNJUS,UD.D.URNJUS.CASH.IP,Sprott Junior Uranium Miners ETF,SHARES,N/A,TRADEABLE,UR
URJPLN,KA.D.URJPLN.CASH.IP,Sprott Junior Uranium Miners UCITS ETF (Acc),SHARES,N/A,EDITS_ONLY,UR
URNJLN,KA.D.URNJLN.CASH.IP,Sprott Junior Uranium Miners UCITS ETF - USD,SHARES,N/A,EDITS_ONLY,UR
URNMLN,KA.D.URNMLN.CASH.IP,Sprott Uranium Miners UCITS ETF,SHARES,N/A,EDITS_ONLY,UR
URNPLN,KA.D.URNPLN.CASH.IP,Sprott Uranium Miners UCITS ETF (GBP),SHARES,N/A,EDITS_ONLY,UR
UZUGY,ED.D.UZUGY.CASH.IP,Uzin Utz AG,SHARES,N/A,EDITS_ONLY,UT
UTWLN,KA.D.UTWLN.CASH.IP,Utilitywise PLC,SHARES,N/A,CLOSED,UT
PTEN,UC.D.PTEN.CASH.IP,Patterson-UTI Energy Inc,SHARES,N/A,TRADEABLE,UT
PUBUS,UC.D.PUBUS.CASH.IP,People's Utah Ban Corporation,SHARES,N/A,CLOSED,UT
UTGUS,SI.D.UTGUS.CASH.IP,Reaves Utility Income Fund,SHARES,N/A,TRADEABLE,UT
UTAAUS,UD.D.UTAAUS.CASH.IP,UTA Acquisition Corporation,SHARES,N/A,CLOSED,UT
UTMDUS,UD.D.UTMDUS.CASH.IP,Utah Medical Products Inc,SHARES,N/A,TRADEABLE,UT
UTSLUS,SI.D.UTSLUS.CASH.IP,Direxion Daily Utilities Bull 3X ETF,SHARES,N/A,TRADEABLE,UT
UTIGLN,KA.D.UTIGLN.CASH.IP,Lyxor MSCI World Utilities TR UCITS ETF,SHARES,N/A,CLOSED,UT
SDPUS,SI.D.SDPUS.CASH.IP,ProShares UltraShort Utilities,SHARES,N/A,TRADEABLE,UT
UTILLN,KA.D.UTILLN.CASH.IP,SPDR MSCI Europe Utilities UCITS ETF - EUR,SHARES,N/A,EDITS_ONLY,UT
WUTILN,KA.D.WUTILN.CASH.IP,SPDR MSCI World Utilities UCITS ETF,SHARES,N/A,EDITS_ONLY,UT
SXLULN,KA.D.SXLULN.CASH.IP,SPDR S&P U.S. Utilities Select Sector UCITS ETF,SHARES,N/A,EDITS_ONLY,UT
UEM,KA.D.UEM.CASH.IP,Utilico Emerging Markets Trust PLC,SHARES,N/A,EDITS_ONLY,UT
IUSULN,KA.D.IUSULN.CASH.IP,iShares S&P 500 Utilities Sector UCITS ETF,SHARES,N/A,EDITS_ONLY,UT
XLUPLN,KA.D.XLUPLN.CASH.IP,Invesco Utilities S&P US Select Sector UCITS ETF,SHARES,N/A,EDITS_ONLY,UT
XLUSLN,KA.D.XLUSLN.CASH.IP,Invesco Utilities S&P US Select Sector UCITS ETF - USD,SHARES,N/A,EDITS_ONLY,UT
XS6RLN,KA.D.XS6RLN.CASH.IP,Xtrackers Stoxx Europe 600 Utilities Swap UCITS ETF 1C,SHARES,N/A,EDITS_ONLY,UT
OZUTILI,KB.D.OZUTILI.IFD.IP,Australia 200 Utilities,SECTORS,N/A,EDITS_ONLY,UT
OZUTILI,KB.D.OZUTILI.IFM.IP,Australia 200 Utilities (A$2 Mini Contract),SECTORS,N/A,EDITS_ONLY,UT
GHIVUS,UB.D.GHIVUS.CASH.IP,UWM Holdings Corp,SHARES,N/A,TRADEABLE,UW
UXINUS,UD.D.UXINUS.CASH.IP,Uxin Limited,SHARES,N/A,TRADEABLE,UX
TMSFP,EC.D.TMSFP.CASH.IP,VANTIVA SA,SHARES,N/A,EDITS_ONLY,VA
VCSAUS,UD.D.VCSAUS.CASH.IP,Vacasa Inc,SHARES,N/A,CLOSED,VA
VALLN,KC.D.VALLN.CASH.IP,ValiRx PLC,SHARES,N/A,EDITS_ONLY,VA
VLSFP,EC.D.VLSFP.CASH.IP,Valneva SE (FR),SHARES,N/A,EDITS_ONLY,VA
VAOGY,ED.D.VAOGY.CASH.IP,Vapiano SE,SHARES,N/A,CLOSED,VA
VAR1GY,ED.D.VAR1GY.CASH.IP,Varta AG,SHARES,N/A,CLOSED,VA
NABI,UC.D.NABI.CASH.IP,Vaxart Inc,SHARES,N/A,OFFLINE,VA
VCNXUS,UD.D.VCNXUS.CASH.IP,Vaccinex Inc,SHARES,N/A,OFFLINE,VA
VAIASFH,EB.D.VAIASFH.CASH.IP,Vaisala Oyj,SHARES,N/A,EDITS_ONLY,VA
VLNSUS,UD.D.VLNSUS.CASH.IP,Valens Co Inc/The,SHARES,N/A,CLOSED,VA
TIVCUS,UD.D.TIVCUS.CASH.IP,Valion Bio Inc,SHARES,N/A,OFFLINE,VA
VK,EC.D.VK.CASH.IP,Vallourec SA,SHARES,N/A,EDITS_ONLY,VA
VALMTFH,EB.D.VALMTFH.CASH.IP,Valmet Corp,SHARES,N/A,EDITS_ONLY,VA
VALUUS,UD.D.VALUUS.CASH.IP,Value Line Inc,SHARES,N/A,TRADEABLE,VA
PCVXUS,UC.D.PCVXUS.CASH.IP,Vaxcyte Inc,SHARES,N/A,TRADEABLE,VA
VAXXUS,UD.D.VAXXUS.CASH.IP,Vaxxinity Inc,SHARES,N/A,OFFLINE,VA
VBIVUS,UD.D.VBIVUS.CASH.IP,VBI Vaccines Inc,SHARES,N/A,CLOSED,VA
VLULN,KC.D.VLULN.CASH.IP,Valeura Energy Inc,SHARES,N/A,CLOSED,VA
VTWRGR,ED.D.VTWRGR.CASH.IP,Vantage Towers AG,SHARES,N/A,EDITS_ONLY,VA
VRNSUS,UD.D.VRNSUS.CASH.IP,Varonis Systems Inc,SHARES,N/A,TRADEABLE,VA
VSTEUS,UD.D.VSTEUS.CASH.IP,Vast Renewables Ltd,SHARES,N/A,OFFLINE,VA
AFCR,KC.D.AFCR.CASH.IP,Vast Resources PLC,SHARES,N/A,SUSPENDED,VA
VASTNA,EG.D.VASTNA.CASH.IP,Vastned Retail NV,SHARES,N/A,CLOSED,VA
VONVUS,UD.D.VONVUS.CASH.IP,Vanguard Russell 1000 Value ETF,SHARES,N/A,TRADEABLE,VA
ACKBBB,EA.D.ACKBBB.CASH.IP,Ackermans & van Haaren NV,SHARES,N/A,EDITS_ONLY,VA
BMELN,KA.D.BMELN.CASH.IP,B&M European Value Retail SA,SHARES,N/A,EDITS_ONLY,VA
GVALUS,SI.D.GVALUS.CASH.IP,Cambria Global Value ETF,SHARES,N/A,TRADEABLE,VA
FAS,KA.D.FAS.CASH.IP,Fidelity Asian Values PLC,SHARES,N/A,EDITS_ONLY,VA
FEV,KA.D.FEV.CASH.IP,Fidelity European Values PLC,SHARES,N/A,EDITS_ONLY,VA
FSV,KA.D.FSV.CASH.IP,Fidelity Special Values PLC,SHARES,N/A,EDITS_ONLY,VA
GVLUUS,SI.D.GVLUUS.CASH.IP,Gotham 1000 Value ETF,SHARES,N/A,TRADEABLE,VA
LMATUS,UB.D.LMATUS.CASH.IP,LeMaitre Vascular Inc,SHARES,N/A,TRADEABLE,VA
MVI,KC.D.MVI.CASH.IP,Marwyn Value Investors Ltd,SHARES,N/A,EDITS_ONLY,VA
VCBCLN,KC.D.VCBCLN.CASH.IP,VOX VALOR CAPITAL LIMITED,SHARES,N/A,EDITS_ONLY,VA
VBGBSS,EH.D.VBGBSS.CASH.IP,VBG Group AB (publ),SHARES,N/A,EDITS_ONLY,VB
VENDLN,KC.D.VENDLN.CASH.IP,Ventus VCT PLC,SHARES,N/A,CLOSED,VC
BVTLN,KC.D.BVTLN.CASH.IP,Baronsmead VCT 2 PLC,SHARES,N/A,EDITS_ONLY,VC
BMDLN,KC.D.BMDLN.CASH.IP,Baronsmead VCT 3 PLC,SHARES,N/A,EDITS_ONLY,VC
CYSLN,KC.D.CYSLN.CASH.IP,Chrysalis VCT PLC,SHARES,N/A,CLOSED,VC
NTVLN,KC.D.NTVLN.CASH.IP,Northern 2 VCT PLC,SHARES,N/A,EDITS_ONLY,VC
NTNLN,KC.D.NTNLN.CASH.IP,Northern 3 VCT PLC,SHARES,N/A,EDITS_ONLY,VC
VNDLN,KC.D.VNDLN.CASH.IP,Ventus 2 VCT PLC,SHARES,N/A,CLOSED,VC
VNCLN,KC.D.VNCLN.CASH.IP,Ventus VCT 2 C PLC,SHARES,N/A,CLOSED,VC
VENLN,KC.D.VENLN.CASH.IP,Ventus VCT PLC - VEN,SHARES,N/A,CLOSED,VC
VEN2LN,KC.D.VEN2LN.CASH.IP,Ventus VCT PLC - VEN2,SHARES,N/A,CLOSED,VC
VENCLN,KC.D.VENCLN.CASH.IP,Ventus VCT PLC - VENC,SHARES,N/A,CLOSED,VC
AADVLN,KC.D.AADVLN.CASH.IP,Albion Development VCT PLC,SHARES,N/A,CLOSED,VC
AAEVLN,KC.D.AAEVLN.CASH.IP,Albion Enterprise VCT PLC,SHARES,N/A,EDITS_ONLY,VC
D467LN,KC.D.D467LN.CASH.IP,Downing FOUR VCT PLC - D467,SHARES,N/A,CLOSED,VC
FTFLN,KC.D.FTFLN.CASH.IP,Foresight Enterprise VCT PLC,SHARES,N/A,EDITS_ONLY,VC
FTSVLN,KC.D.FTSVLN.CASH.IP,Foresight Solar VCT PLC,SHARES,N/A,CLOSED,VC
DDV1LN,KC.D.DDV1LN.CASH.IP,Foresight Ventures VCT PLC,SHARES,N/A,EDITS_ONLY,VC
MAV4LN,KC.D.MAV4LN.CASH.IP,Maven Income And Growth VCT4 PLC,SHARES,N/A,EDITS_ONLY,VC
MIG3LN,KC.D.MIG3LN.CASH.IP,Maven Income and Growth VCT 3 PLC,SHARES,N/A,EDITS_ONLY,VC
MIG5LN,KC.D.MIG5LN.CASH.IP,Maven Income and Growth VCT 5 PLC,SHARES,N/A,EDITS_ONLY,VC
MIG1LN,KC.D.MIG1LN.CASH.IP,Maven Income and Growth VCT PLC,SHARES,N/A,EDITS_ONLY,VC
AT2LN,KC.D.AT2LN.CASH.IP,Maven Renovar VCT PLC,SHARES,N/A,EDITS_ONLY,VC
MIGLN,KC.D.MIGLN.CASH.IP,Mobeus Income & Growth 2 VCT PLC,SHARES,N/A,CLOSED,VC
MIG4LN,KC.D.MIG4LN.CASH.IP,Mobeus Income & Growth 4 VCT PLC,SHARES,N/A,CLOSED,VC
EDVLN,KC.D.EDVLN.CASH.IP,Molten Ventures VCT PLC,SHARES,N/A,EDITS_ONLY,VC
NCA2LN,KC.D.NCA2LN.CASH.IP,New Century AIM VCT 2 PLC,SHARES,N/A,CLOSED,VC
NCALN,KC.D.NCALN.CASH.IP,New Century AIM VCT PLC,SHARES,N/A,CLOSED,VC
VDEMLN,KA.D.VDEMLN.CASH.IP,VDEM - Vanguard FTSE Emerging Markets UCITS ETF,SHARES,N/A,EDITS_ONLY,VD
VDPXLN,KA.D.VDPXLN.CASH.IP,Vanguard FTSE Developed Asia Pacific ex Japan UCITS ETF - VDPX,SHARES,N/A,EDITS_ONLY,VD
VDUCLN,KA.D.VDUCLN.CASH.IP,Vanguard USD Corporate 1-3 year Bond UCITS ETF - VDUC,SHARES,N/A,EDITS_ONLY,VD
VBKGY,ED.D.VBKGY.CASH.IP,VERBIO SE,SHARES,N/A,EDITS_ONLY,VE
VEEAUS,UD.D.VEEAUS.CASH.IP,Veea Inc,SHARES,N/A,TRADEABLE,VE
ARCPUS,UA.D.ARCPUS.CASH.IP,Vereit Inc,SHARES,N/A,CLOSED,VE
VERXUS,UD.D.VERXUS.CASH.IP,Vertex Inc,SHARES,N/A,TRADEABLE,VE
VERUUS,UD.D.VERUUS.CASH.IP,Veru Inc,SHARES,N/A,TRADEABLE,VE
VESTUMSS,EH.D.VESTUMSS.CASH.IP,Vestum AB,SHARES,N/A,EDITS_ONLY,VE
OCG,KA.D.OCG.CASH.IP,Velocys PLC,SHARES,N/A,CLOSED,VE
VNESDBSS,EH.D.VNESDBSS.CASH.IP,Veoneer Inc (SE),SHARES,N/A,CLOSED,VE
VCYTUS,UD.D.VCYTUS.CASH.IP,Veracyte Inc,SHARES,N/A,TRADEABLE,VE
MDRX,UC.D.MDRX.CASH.IP,Veradigm Inc,SHARES,N/A,OFFLINE,VE
VRLAFP,EC.D.VRLAFP.CASH.IP,Verallia SA,SHARES,N/A,EDITS_ONLY,VE
VSTMUS,UD.D.VSTMUS.CASH.IP,Verastem Inc,SHARES,N/A,TRADEABLE,VE
VRSN,UD.D.VRSN.CASH.IP,VeriSign Inc (24 Hours),SHARES,N/A,TRADEABLE,VE
INSDFP,EC.D.INSDFP.CASH.IP,Verimatrix SA,SHARES,N/A,EDITS_ONLY,VE
VSURESS,EH.D.VSURESS.CASH.IP,Verisure PLC,SHARES,N/A,EDITS_ONLY,VE
VERIUS,UD.D.VERIUS.CASH.IP,Veritone Inc,SHARES,N/A,TRADEABLE,VE
VRSLN,KC.D.VRSLN.CASH.IP,Versarien PLC,SHARES,N/A,CLOSED,VE
VERTSS,EH.D.VERTSS.CASH.IP,Vertiseit AB (publ),SHARES,N/A,EDITS_ONLY,VE
BCKGY,ED.D.BCKGY.CASH.IP,Verve Group SE,SHARES,N/A,EDITS_ONLY,VE
M8GSS,EH.D.M8GSS.CASH.IP,Verve Group SE,SHARES,N/A,EDITS_ONLY,VE
VJBADC,EP.D.VJBADC.CASH.IP,Vestjysk Bank AS,SHARES,N/A,CLOSED,VE
CKSN,KA.D.CKSN.CASH.IP,Vesuvius PLC,SHARES,N/A,EDITS_ONLY,VE
VETOFP,EC.D.VETOFP.CASH.IP,Vetoquinol SA,SHARES,N/A,EDITS_ONLY,VE
LIVEUS,UB.D.LIVEUS.CASH.IP,Live Ventures Inc,SHARES,N/A,TRADEABLE,VE
GROWLN,KC.D.GROWLN.CASH.IP,Molten ventures PLC,SHARES,N/A,EDITS_ONLY,VE
OEWAGY,ED.D.OEWAGY.CASH.IP,VERBUND AG - Xetra,SHARES,N/A,EDITS_ONLY,VE
VIHGR,ED.D.VIHGR.CASH.IP,VIB Vermogen AG,SHARES,N/A,EDITS_ONLY,VE
VCAPLN,KC.D.VCAPLN.CASH.IP,Vector Capital PLC,SHARES,N/A,CLOSED,VE
V3SGY,ED.D.V3SGY.CASH.IP,Vectron System SA,SHARES,N/A,EDITS_ONLY,VE
VEC,KA.D.VEC.CASH.IP,Vectura Group PLC,SHARES,N/A,CLOSED,VE
HAIRUS,UB.D.HAIRUS.CASH.IP,Venus Concept Inc,SHARES,N/A,CLOSED,VE
VFEMLN,KA.D.VFEMLN.CASH.IP,Vanguard FTSE Emerging Markets UCITS ETF - VFEM,SHARES,N/A,EDITS_ONLY,VF
GSEOLN,KA.D.GSEOLN.CASH.IP,VH Global Energy Infrastructure PLC,SHARES,N/A,EDITS_ONLY,VH
V3VGY,ED.D.V3VGY.CASH.IP,VITA 34 AG,SHARES,N/A,CLOSED,VI
VIADFP,EC.D.VIADFP.CASH.IP,Viadeo SA,SHARES,N/A,CLOSED,VI
VSAT,UD.D.VSAT.CASH.IP,Viasat Inc,SHARES,N/A,TRADEABLE,VI
CFIIUS,UA.D.CFIIUS.CASH.IP,View Inc,SHARES,N/A,CLOSED,VI
VMEOUS,UD.D.VMEOUS.CASH.IP,Vimeo Inc,SHARES,N/A,CLOSED,VI
VINCITFH,EB.D.VINCITFH.CASH.IP,Vincit Oyj,SHARES,N/A,EDITS_ONLY,VI
VTSIUS,UD.D.VTSIUS.CASH.IP,VirTra Inc,SHARES,N/A,TRADEABLE,VI
VIRP,EC.D.VIRP.CASH.IP,Virbac SA,SHARES,N/A,EDITS_ONLY,VI
GAFP,EC.D.GAFP.CASH.IP,Viridien,SHARES,N/A,EDITS_ONLY,VI
V6CGY,ED.D.V6CGY.CASH.IP,Viscom AG,SHARES,N/A,EDITS_ONLY,VI
VIVFP,EC.D.VIVFP.CASH.IP,Vivendi SA,SHARES,N/A,EDITS_ONLY,VI
OASMSS,EH.D.OASMSS.CASH.IP,Vivesto AB,SHARES,N/A,EDITS_ONLY,VI
ISRGY,ED.D.ISRGY.CASH.IP,Isra Vision AG,SHARES,N/A,CLOSED,VI
RDVTUS,UC.D.RDVTUS.CASH.IP,Red Violet Inc,SHARES,N/A,TRADEABLE,VI
VTC,KA.D.VTC.CASH.IP,VIDENDUM PLC,SHARES,N/A,EDITS_ONLY,VI
VTRSUS,UD.D.VTRSUS.CASH.IP,Viatris Inc (24 Hours),SHARES,N/A,TRADEABLE,VI
VCPLN,KC.D.VCPLN.CASH.IP,Victoria PLC,SHARES,N/A,EDITS_ONLY,VI
VCT,KA.D.VCT.CASH.IP,Victrex PLC,SHARES,N/A,EDITS_ONLY,VI
VRAYUS,UD.D.VRAYUS.CASH.IP,ViewRay Inc,SHARES,N/A,OFFLINE,VI
HEADSS,EH.D.HEADSS.CASH.IP,Vimab Group AB,SHARES,N/A,EDITS_ONLY,VI
VIOBB,EA.D.VIOBB.CASH.IP,Viohalco SA,SHARES,N/A,EDITS_ONLY,VI
ALVIVFP,EC.D.ALVIVFP.CASH.IP,Visiativ SA,SHARES,N/A,CLOSED,VI
VITRSS,EH.D.VITRSS.CASH.IP,Vitrolife AB (publ),SHARES,N/A,EDITS_ONLY,VI
VIVKUS,UD.D.VIVKUS.CASH.IP,Vivakor Inc,SHARES,N/A,OFFLINE,VI
VVPRUS,UD.D.VVPRUS.CASH.IP,VivoPower PLC,SHARES,N/A,OFFLINE,VI
AVIM,EF.D.AVIM.CASH.IP,Antares Vision SpA,SHARES,N/A,CLOSED,VI
GVFP,EC.D.GVFP.CASH.IP,Genomic Vision SA,SHARES,N/A,CLOSED,VI
SPKEUS,UD.D.SPKEUS.CASH.IP,Via Renewables Inc,SHARES,N/A,OFFLINE,VI
BRULN,KC.D.BRULN.CASH.IP,Vianet Group PLC,SHARES,N/A,EDITS_ONLY,VI
NENTBSS,EH.D.NENTBSS.CASH.IP,Viaplay Group AB,SHARES,N/A,EDITS_ONLY,VI
JDSU,UB.D.JDSU.CASH.IP,Viavi Solutions Inc,SHARES,N/A,TRADEABLE,VI
VICRUS,UD.D.VICRUS.CASH.IP,Vicor Corporation,SHARES,N/A,TRADEABLE,VI
VIK1VFH,EB.D.VIK1VFH.CASH.IP,Viking Line Abp,SHARES,N/A,EDITS_ONLY,VI
VJPNLN,KA.D.VJPNLN.CASH.IP,Vanguard FTSE Japan UCITS ETF - VJPN,SHARES,N/A,EDITS_ONLY,VJ
RAP1VFH,EB.D.RAP1VFH.CASH.IP,Rapala VMC Corporation,SHARES,N/A,EDITS_ONLY,VM
VMGAUUS,UD.D.VMGAUUS.CASH.IP,VMG Consumer Acquisition Corporation,SHARES,N/A,CLOSED,VM
VNRGLN,KA.D.VNRGLN.CASH.IP,Vanguard FTSE North America UCITS ETF - VNRG,SHARES,N/A,EDITS_ONLY,VN
VSTOXX,IN.D.VSTOXX.FWS5.IP,EU Volatility Index (€1000),INDICES,N/A,TRADEABLE,VO
VSTOXX,IN.D.VSTOXX.FWS3.IP,EU Volatility Index (€1000),INDICES,N/A,TRADEABLE,VO
VSTOXX,IN.D.VSTOXX.FWM5.IP,EU Volatility Index (€200),INDICES,N/A,TRADEABLE,VO
VSTOXX,IN.D.VSTOXX.FWM3.IP,EU Volatility Index (€200),INDICES,N/A,TRADEABLE,VO
VOLOSS,EH.D.VOLOSS.CASH.IP,Volati AB,SHARES,N/A,EDITS_ONLY,VO
VOLOPREFS,EH.D.VOLOPREFS.CASH.IP,Volati AB,SHARES,N/A,EDITS_ONLY,VO
VLX,KA.D.VLX.CASH.IP,Volex PLC,SHARES,N/A,EDITS_ONLY,VO
VOLVA,EH.D.VOLVA.CASH.IP,Volvo AB - A,SHARES,N/A,EDITS_ONLY,VO
VOLVB,EH.D.VOLVB.CASH.IP,Volvo AB - B,SHARES,N/A,EDITS_ONLY,VO
ANNGY,ED.D.ANNGY.CASH.IP,Vonovia SE,SHARES,N/A,EDITS_ONLY,VO
VOSGY,ED.D.VOSGY.CASH.IP,Vossloh AG,SHARES,N/A,EDITS_ONLY,VO
VOW3GY,ED.D.VOW3GY.CASH.IP,Volkswagen AG (Pfd),SHARES,N/A,EDITS_ONLY,VO
VLTSAFP,EC.D.VLTSAFP.CASH.IP,Voltalia SA,SHARES,N/A,EDITS_ONLY,VO
VBXGY,ED.D.VBXGY.CASH.IP,Voltatron AG,SHARES,N/A,EDITS_ONLY,VO
ALVTXFP,EC.D.ALVTXFP.CASH.IP,Voluntis SA,SHARES,N/A,CLOSED,VO
VLELN,KC.D.VLELN.CASH.IP,Volvere PLC,SHARES,N/A,EDITS_ONLY,VO
VOLCARBSS,EH.D.VOLCARBSS.CASH.IP,Volvo Car AB (publ.),SHARES,N/A,EDITS_ONLY,VO
ACOLN,KC.D.ACOLN.CASH.IP,Vordere PLC,SHARES,N/A,CLOSED,VO
VO2SS,EH.D.VO2SS.CASH.IP,Vo2 Cap Holding AB,SHARES,N/A,EDITS_ONLY,VO
VODSJ,AR.D.VODSJ.CASH.IP,Vodacom Group Ltd,SHARES,N/A,EDITS_ONLY,VO
VODIGY,ED.D.VODIGY.CASH.IP,Vodafone Group PLC (DE),SHARES,N/A,EDITS_ONLY,VO
VTASLN,KA.D.VTASLN.CASH.IP,Volta Finance Ltd (LSE),SHARES,N/A,EDITS_ONLY,VO
FANLN,KA.D.FANLN.CASH.IP,Volution Group PLC,SHARES,N/A,EDITS_ONLY,VO
VORUS,UD.D.VORUS.CASH.IP,Vor Biopharma Inc,SHARES,N/A,TRADEABLE,VO
VOXRUS,UD.D.VOXRUS.CASH.IP,Vox Royalty Corp,SHARES,N/A,TRADEABLE,VO
VH2GY,ED.D.VH2GY.CASH.IP,Friedrich Vorwerk Group SE,SHARES,N/A,EDITS_ONLY,VO
VPK,EG.D.VPK.CASH.IP,Koninklijke Vopak NV,SHARES,N/A,EDITS_ONLY,VO
VODUS,UD.D.VODUS.CASH.IP,Vodafone Group PLC - ADR,SHARES,N/A,TRADEABLE,VO
VTALN,KC.D.VTALN.CASH.IP,Volta Finance Limited (LSE),SHARES,N/A,EDITS_ONLY,VO
VYGRUS,UD.D.VYGRUS.CASH.IP,Voyager Therapeutics Inc,SHARES,N/A,TRADEABLE,VO
3LVOLN,KA.D.3LVOLN.CASH.IP,GraniteShares 3x Long Vodafone Daily ETP,SHARES,N/A,EDITS_ONLY,VO
3SVOLN,KA.D.3SVOLN.CASH.IP,GraniteShares 3x Short Vodafone Daily ETP,SHARES,N/A,EDITS_ONLY,VO
SVDELN,KA.D.SVDELN.CASH.IP,Leverage Shares -1x Short Vodafone ETP - EUR,SHARES,N/A,CLOSED,VO
VODSLN,KA.D.VODSLN.CASH.IP,Leverage Shares -1x Short Vodafone ETP - GBp,SHARES,N/A,CLOSED,VO
SVODLN,KA.D.SVODLN.CASH.IP,Leverage Shares -1x Short Vodafone ETP - USD,SHARES,N/A,CLOSED,VO
3VDELN,KA.D.3VDELN.CASH.IP,Leverage Shares 3x Vodafone ETP - EUR,SHARES,N/A,CLOSED,VO
VP,KA.D.VP.CASH.IP,Vp PLC,SHARES,N/A,EDITS_ONLY,VP
VSLLN,KA.D.VSLLN.CASH.IP,VPC Specialty Lending Investments PLC,SHARES,N/A,EDITS_ONLY,VP
VRMUS,UD.D.VRMUS.CASH.IP,Vroom Inc,SHARES,N/A,TRADEABLE,VR
VRAPFP,EC.D.VRAPFP.CASH.IP,Vranken-Pommery Monopole - SA,SHARES,N/A,CLOSED,VR
VSUS,UD.D.VSUS.CASH.IP,Versus Systems Inc,SHARES,N/A,TRADEABLE,VS
VSECUS,UD.D.VSECUS.CASH.IP,VSE Corp,SHARES,N/A,TRADEABLE,VS
SDRC,KA.D.SDRC.CASH.IP,Schroders PLC - Non Vtg,SHARES,N/A,CLOSED,VT
V33GY,ED.D.V33GY.CASH.IP,Vtion Wireless Technology AG,SHARES,N/A,CLOSED,VT
VTVTUS,UD.D.VTVTUS.CASH.IP,vTv Therapeutics Inc,SHARES,N/A,TRADEABLE,VT
SESLFP,EC.D.SESLFP.CASH.IP,Vusiongroup SA,SHARES,N/A,EDITS_ONLY,VU
VUZIUS,UD.D.VUZIUS.CASH.IP,Vuzix Corporation,SHARES,N/A,TRADEABLE,VU
VULGY,ED.D.VULGY.CASH.IP,Vulcan Energy Resources Ltd,SHARES,N/A,EDITS_ONLY,VU
VUSCLN,KA.D.VUSCLN.CASH.IP,Vanguard USD Corporate 1-3 year Bond UCITS ETF - VUSC,SHARES,N/A,EDITS_ONLY,VU
VWRDLN,KA.D.VWRDLN.CASH.IP,Vanguard FTSE All-World UCITS ETF - VWRD,SHARES,N/A,EDITS_ONLY,VW
VWRLLN,KA.D.VWRLLN.CASH.IP,Vanguard FTSE All-World UCITS ETF - VWRL,SHARES,N/A,EDITS_ONLY,VW
CGIXUS,UA.D.CGIXUS.CASH.IP,Vyant Bio Inc,SHARES,N/A,CLOSED,VY
OBLNUS,UC.D.OBLNUS.CASH.IP,Vyome Holdings Inc,SHARES,N/A,TRADEABLE,VY
MNLOUS,UC.D.MNLOUS.CASH.IP,VYNE Therapeutics Inc,SHARES,N/A,TRADEABLE,VY
WFSL,UD.D.WFSL.CASH.IP,"WaFd, Inc",SHARES,N/A,TRADEABLE,WA
WSUGY,ED.D.WSUGY.CASH.IP,Washtec AG,SHARES,N/A,EDITS_ONLY,WA
WAGAFP,EC.D.WAGAFP.CASH.IP,Waga Energy SA,SHARES,N/A,EDITS_ONLY,WA
WALLB,EH.D.WALLB.CASH.IP,Wallenstam AB,SHARES,N/A,EDITS_ONLY,WA
WRNTUS,UD.D.WRNTUS.CASH.IP,Warrantee Inc,SHARES,N/A,CLOSED,WA
WAVEFP,EC.D.WAVEFP.CASH.IP,Wavestone SA,SHARES,N/A,EDITS_ONLY,WA
YORWUS,UD.D.YORWUS.CASH.IP,York Water Co/The,SHARES,N/A,TRADEABLE,WA
ARVLWUS,UA.D.ARVLWUS.CASH.IP,Arrival - Warrants,SHARES,N/A,CLOSED,WA
LILMWUS,UB.D.LILMWUS.CASH.IP,Lilium NV Warrants,SHARES,N/A,OFFLINE,WA
NEWABSS,EH.D.NEWABSS.CASH.IP,New Wave Group AB (publ),SHARES,N/A,EDITS_ONLY,WA
CHEFUS,UA.D.CHEFUS.CASH.IP,The Chefs' Warehouse Inc,SHARES,N/A,TRADEABLE,WA
ALLIXFP,EC.D.ALLIXFP.CASH.IP,WALLIX GROUP SA,SHARES,N/A,EDITS_ONLY,WA
WCHGY,ED.D.WCHGY.CASH.IP,Wacker Chemie AG,SHARES,N/A,EDITS_ONLY,WA
WACGY,ED.D.WACGY.CASH.IP,Wacker Neuson SE,SHARES,N/A,EDITS_ONLY,WA
WTRHUS,UD.D.WTRHUS.CASH.IP,Waitr Holdings Inc,SHARES,N/A,OFFLINE,WA
WALDUS,UD.D.WALDUS.CASH.IP,Waldencast plc,SHARES,N/A,TRADEABLE,WA
WKMEUS,UD.D.WKMEUS.CASH.IP,WalkMe Limited,SHARES,N/A,CLOSED,WA
ESG,KC.D.ESG.CASH.IP,Wameja Limited,SHARES,N/A,CLOSED,WA
WHRLN,KC.D.WHRLN.CASH.IP,Warehouse REIT PLC,SHARES,N/A,CLOSED,WA
W7LLN,KC.D.W7LLN.CASH.IP,Warpaint London PLC,SHARES,N/A,EDITS_ONLY,WA
WRT1V,EB.D.WRT1V.CASH.IP,Wartsila OYJ Abp,SHARES,N/A,EDITS_ONLY,WA
WBGRBSS,EH.D.WBGRBSS.CASH.IP,Wastbygg Gruppen AB (publ),SHARES,N/A,EDITS_ONLY,WA
WAVXUS,UD.D.WAVXUS.CASH.IP,Wave Systems Corp,SHARES,N/A,CLOSED,WA
WAVDUS,UD.D.WAVDUS.CASH.IP,WaveDancer Inc,SHARES,N/A,OFFLINE,WA
WAYSSS,EH.D.WAYSSS.CASH.IP,Waystream Group AB,SHARES,N/A,EDITS_ONLY,WA
XOSWWUS,UD.D.XOSWWUS.CASH.IP,Xos Inc - Warrants,SHARES,N/A,TRADEABLE,WA
AGROWTLN,KA.D.AGROWTLN.CASH.IP,Agronomics Ltd - Warrants,SHARES,N/A,CLOSED,WA
ANICWLN,KA.D.ANICWLN.CASH.IP,Agronomics Ltd - Warrants (ANICW),SHARES,N/A,CLOSED,WA
ARTWUS,UA.D.ARTWUS.CASH.IP,Art's-Way Manufacturing Co. Inc,SHARES,N/A,TRADEABLE,WA
BGRYWUS,UA.D.BGRYWUS.CASH.IP,Berkshire Grey Inc - Warrants,SHARES,N/A,CLOSED,WA
CWSTUS,UA.D.CWSTUS.CASH.IP,Casella Waste Systems Inc,SHARES,N/A,TRADEABLE,WA
ALCJWFP,EC.D.ALCJWFP.CASH.IP,Crossject SA - Warrants,SHARES,N/A,EDITS_ONLY,WA
WBUS,UD.D.WBUS.CASH.IP,Weibo Corp,SHARES,N/A,TRADEABLE,WB
WCMKGY,ED.D.WCMKGY.CASH.IP,WCM Beteiligungs- und Grundbesitz-AG,SHARES,N/A,CLOSED,WC
WEN,UD.D.WEN.CASH.IP,Wendy's Co,SHARES,N/A,TRADEABLE,WE
WRDUS,UD.D.WRDUS.CASH.IP,WeRide Inc (24 Hours),SHARES,N/A,TRADEABLE,WE
BOWXUS,UA.D.BOWXUS.CASH.IP,WeWork Inc,SHARES,N/A,CLOSED,WE
WEZSJ,AR.D.WEZSJ.CASH.IP,Wesizwe,SHARES,N/A,SUSPENDED,WE
WEG1GY,ED.D.WEG1GY.CASH.IP,WESTGRUND AG,SHARES,N/A,CLOSED,WE
IPGIM,EF.D.IPGIM.CASH.IP,Webuild SpA,SHARES,N/A,EDITS_ONLY,WE
BULLUS,UA.D.BULLUS.CASH.IP,Webull Corp (24 Hours),SHARES,N/A,TRADEABLE,WE
WEIR,KA.D.WEIR.CASH.IP,Weir Group PLC,SHARES,N/A,EDITS_ONLY,WE
WSBCUS,UD.D.WSBCUS.CASH.IP,WesBanco Inc,SHARES,N/A,TRADEABLE,WE
WTSLUS,UD.D.WTSLUS.CASH.IP,Wet Seal Inc/The,SHARES,N/A,CLOSED,WE
WSGSS,EH.D.WSGSS.CASH.IP,WS WeSports Group AB,SHARES,N/A,EDITS_ONLY,WE
WSHPUS,UD.D.WSHPUS.CASH.IP,WeShop Holdings Ltd,SHARES,N/A,TRADEABLE,WE
BET,KC.D.BET.CASH.IP,Webis Holdings PLC,SHARES,N/A,CLOSED,WE
WEJOUS,UD.D.WEJOUS.CASH.IP,Wejo Group Limited,SHARES,N/A,OFFLINE,WE
WNXLN,KC.D.WNXLN.CASH.IP,Wellnex Life Ltd,SHARES,N/A,EDITS_ONLY,WE
WTBAUS,UD.D.WTBAUS.CASH.IP,West Bancorp. Inc,SHARES,N/A,TRADEABLE,WE
WEWGY,ED.D.WEWGY.CASH.IP,Westwing Group SE,SHARES,N/A,EDITS_ONLY,WE
WEYSUS,UD.D.WEYSUS.CASH.IP,Weyco Group Inc,SHARES,N/A,TRADEABLE,WE
GWMOLN,KC.D.GWMOLN.CASH.IP,Great Western Mining Corp PLC (LSE),SHARES,N/A,EDITS_ONLY,WE
WOOF,UD.D.WOOF.CASH.IP,Petco Health and Wellness,SHARES,N/A,TRADEABLE,WE
BRKWUS,SI.D.BRKWUS.CASH.IP,Roundhill BRKB WeeklyPay ETF,SHARES,N/A,TRADEABLE,WE
GLDWUS,SI.D.GLDWUS.CASH.IP,Roundhill Gold WeeklyPay ETF,SHARES,N/A,TRADEABLE,WE
WPAYUS,SI.D.WPAYUS.CASH.IP,Roundhill Top WeeklyPay ETF,SHARES,N/A,OFFLINE,WE
TWGUS,UD.D.TWGUS.CASH.IP,Top Wealth Group Holding Ltd,SHARES,N/A,TRADEABLE,WE
USWSUS,UD.D.USWSUS.CASH.IP,U.S. Well Services Inc,SHARES,N/A,CLOSED,WE
WLDSUS,UD.D.WLDSUS.CASH.IP,Wearable Devices Ltd,SHARES,N/A,TRADEABLE,WE
WTILN,KC.D.WTILN.CASH.IP,Weatherly International PLC,SHARES,N/A,CLOSED,WE
W,CC.D.W.UNC.IP,Chicago Wheat ($50),COMMODITIES,N/A,TRADEABLE,WH
W,CC.D.W.UMP.IP,Chicago Wheat (£1),COMMODITIES,N/A,TRADEABLE,WH
WTB,KA.D.WTB.CASH.IP,Whitbread PLC,SHARES,N/A,EDITS_ONLY,WH
WYFIUS,UD.D.WYFIUS.CASH.IP,Whitefiber Inc,SHARES,N/A,TRADEABLE,WH
ECWEAT,KA.D.ECWEAT.CASH.IP,WisdomTree Wheat,SHARES,N/A,EDITS_ONLY,WH
COST,UA.D.COST.CASH.IP,Costco Wholesale Corp (24 Hours),SHARES,N/A,TRADEABLE,WH
HBHCUS,UB.D.HBHCUS.CASH.IP,Hancock Whitney Corporation,SHARES,N/A,TRADEABLE,WH
ARPOUS,UA.D.ARPOUS.CASH.IP,Whitehawk Therapeutics Inc,SHARES,N/A,TRADEABLE,WH
AWEMLN,KA.D.AWEMLN.CASH.IP,Ashoka Whiteoak Emerging Markets Trust PLC,SHARES,N/A,EDITS_ONLY,WH
B4BGY,ED.D.B4BGY.CASH.IP,Metro Wholesale & Food Specialist AG,SHARES,N/A,CLOSED,WH
WPMLN,KA.D.WPMLN.CASH.IP,Wheaton Precious Metals Corporation (LSE),SHARES,N/A,EDITS_ONLY,WH
LWEALN,KA.D.LWEALN.CASH.IP,WisdomTree 2X Daily Long Wheat,SHARES,N/A,EDITS_ONLY,WH
3WHLLN,KA.D.3WHLLN.CASH.IP,WisdomTree Wheat 3x Daily Leve,SHARES,N/A,EDITS_ONLY,WH
WIITIM,EF.D.WIITIM.CASH.IP,Wiit SpA,SHARES,N/A,EDITS_ONLY,WI
WISELN,KA.D.WISELN.CASH.IP,Wise PLC,SHARES,N/A,EDITS_ONLY,WI
WIN,KA.D.WIN.CASH.IP,Wincanton PLC,SHARES,N/A,CLOSED,WI
WNWDLN,KC.D.WNWDLN.CASH.IP,Windward Ltd,SHARES,N/A,CLOSED,WI
WINGUS,UD.D.WINGUS.CASH.IP,Wingstop Inc,SHARES,N/A,TRADEABLE,WI
WINAUS,UD.D.WINAUS.CASH.IP,Winmark Corp,SHARES,N/A,TRADEABLE,WI
IGPGY,ED.D.IGPGY.CASH.IP,Wirecard AG,SHARES,N/A,CLOSED,WI
WISESS,EH.D.WISESS.CASH.IP,Wise Group AB (publ),SHARES,N/A,EDITS_ONLY,WI
WSEUS,UD.D.WSEUS.CASH.IP,Wise Group PLC,SHARES,N/A,TRADEABLE,WI
WIXUS,UD.D.WIXUS.CASH.IP,Wix.com Ltd,SHARES,N/A,TRADEABLE,WI
ATST,KA.D.ATST.CASH.IP,Alliance Witan PLC,SHARES,N/A,EDITS_ONLY,WI
WIFIUS,UD.D.WIFIUS.CASH.IP,Boingo Wireless Inc,SHARES,N/A,CLOSED,WI
WIRE,UD.D.WIRE.CASH.IP,Encore Wire Corp,SHARES,N/A,CLOSED,WI
WINKLN,KC.D.WINKLN.CASH.IP,M Winkworth PLC,SHARES,N/A,EDITS_ONLY,WI
VWSGY,ED.D.VWSGY.CASH.IP,Vestas Wind Systems AS,SHARES,N/A,EDITS_ONLY,WI
VEST,EP.D.VEST.CASH.IP,Vestas Wind Systems AS,SHARES,N/A,EDITS_ONLY,WI
VIVASS,EH.D.VIVASS.CASH.IP,Viva Wine Group AB,SHARES,N/A,EDITS_ONLY,WI
DHXMUS,UB.D.DHXMUS.CASH.IP,WildBrain Limited,SHARES,N/A,OFFLINE,WI
WCATLN,KA.D.WCATLN.CASH.IP,Wildcat Gold Plc,SHARES,N/A,EDITS_ONLY,WI
WLDNUS,UD.D.WLDNUS.CASH.IP,Willdan Group Inc,SHARES,N/A,TRADEABLE,WI
WKSLN,KC.D.WKSLN.CASH.IP,Winking Studios Ltd,SHARES,N/A,EDITS_ONLY,WI
COCOLN,KA.D.COCOLN.CASH.IP,WisdomTree Cocoa,SHARES,N/A,EDITS_ONLY,WI
ECCOFF,KA.D.ECCOFF.CASH.IP,WisdomTree Coffee,SHARES,N/A,EDITS_ONLY,WI
ECCOPA,KA.D.ECCOPA.CASH.IP,WisdomTree Copper,SHARES,N/A,EDITS_ONLY,WI
ECCORN,KA.D.ECCORN.CASH.IP,WisdomTree Corn,SHARES,N/A,EDITS_ONLY,WI
ECCOTN,KA.D.ECCOTN.CASH.IP,WisdomTree Cotton,SHARES,N/A,EDITS_ONLY,WI
ECAIGE,KA.D.ECAIGE.CASH.IP,WisdomTree Energy,SHARES,N/A,EDITS_ONLY,WI
ECBULL,KA.D.ECBULL.CASH.IP,WisdomTree Gold,SHARES,N/A,EDITS_ONLY,WI
AGGPLN,KA.D.AGGPLN.CASH.IP,WisdomTree Grains,SHARES,N/A,EDITS_ONLY,WI
ECAIGG,KA.D.ECAIGG.CASH.IP,WisdomTree Grains,SHARES,N/A,EDITS_ONLY,WI
WETFUS,UD.D.WETFUS.CASH.IP,WisdomTree Inc,SHARES,N/A,TRADEABLE,WI
ECSLVA,KA.D.ECSLVA.CASH.IP,WisdomTree Silver,SHARES,N/A,EDITS_ONLY,WI
ECSUGA,KA.D.ECSUGA.CASH.IP,WisdomTree Sugar,SHARES,N/A,EDITS_ONLY,WI
ECZINC,KA.D.ECZINC.CASH.IP,WisdomTree Zinc,SHARES,N/A,EDITS_ONLY,WI
WSBNLN,KC.D.WSBNLN.CASH.IP,Wishbone Gold PLC,SHARES,N/A,EDITS_ONLY,WI
FSC1VFH,EB.D.FSC1VFH.CASH.IP,WithSecure Oyj,SHARES,N/A,CLOSED,WI
HWCCUS,UB.D.HWCCUS.CASH.IP,Houston Wire & Cable Company,SHARES,N/A,CLOSED,WI
WLDDLN,KA.D.WLDDLN.CASH.IP,Lyxor UCITS ETF MSCI World D-USD - WLDD,SHARES,N/A,EDITS_ONLY,WL
WLDLLN,KA.D.WLDLLN.CASH.IP,Lyxor UCITS ETF MSCI World D-USD - WLDL,SHARES,N/A,EDITS_ONLY,WL
SSPKUS,UD.D.SSPKUS.CASH.IP,WM Technology Inc,SHARES,N/A,OFFLINE,WM
MRW,KA.D.MRW.CASH.IP,Morrison WM Supermarkets,SHARES,N/A,CLOSED,WM
CREE,UA.D.CREE.CASH.IP,Wolfspeed Inc,SHARES,N/A,TRADEABLE,WO
WGOV,UD.D.WGOV.CASH.IP,Woodward Inc,SHARES,N/A,TRADEABLE,WO
WKSPUS,UD.D.WKSPUS.CASH.IP,Worksport Ltd,SHARES,N/A,TRADEABLE,WO
WLNFP,EC.D.WLNFP.CASH.IP,Worldline SA,SHARES,N/A,EDITS_ONLY,WO
DWNIGY,ED.D.DWNIGY.CASH.IP,Deutsche Wohnen SE,SHARES,N/A,EDITS_ONLY,WO
SGMS,UD.D.SGMS.CASH.IP,Light & Wonder Inc,SHARES,N/A,OFFLINE,WO
MTWLN,KC.D.MTWLN.CASH.IP,Mattioli Woods PLC,SHARES,N/A,CLOSED,WO
WLFELN,KC.D.WLFELN.CASH.IP,Wolf Minerals Ltd,SHARES,N/A,CLOSED,WO
OBT,KC.D.OBT.CASH.IP,Woodbois Limited,SHARES,N/A,CLOSED,WO
WKHSUS,UD.D.WKHSUS.CASH.IP,Workhorse Group Inc,SHARES,N/A,TRADEABLE,WO
WKP,KA.D.WKP.CASH.IP,Workspace Group PLC,SHARES,N/A,EDITS_ONLY,WO
CHSSLN,KC.D.CHSSLN.CASH.IP,World Chess PLC,SHARES,N/A,EDITS_ONLY,WO
WSLLN,KC.D.WSLLN.CASH.IP,Worldsec Limited,SHARES,N/A,EDITS_ONLY,WO
ARCWUS,UA.D.ARCWUS.CASH.IP,ARC Group Worldwide Inc,SHARES,N/A,OFFLINE,WO
AMWDUS,UA.D.AMWDUS.CASH.IP,American Woodmark Corp,SHARES,N/A,OFFLINE,WO
VRMLUS,UD.D.VRMLUS.CASH.IP,Aspira Women's Health Inc,SHARES,N/A,OFFLINE,WO
BIOWKSSS,EH.D.BIOWKSSS.CASH.IP,Bio-Works Technologies AB,SHARES,N/A,CLOSED,WO
CHRW,UA.D.CHRW.CASH.IP,CH Robinson Worldwide Inc (24 Hours),SHARES,N/A,TRADEABLE,WO
EEFT,UB.D.EEFT.CASH.IP,Euronet Worldwide Inc,SHARES,N/A,TRADEABLE,WO
GAW,KA.D.GAW.CASH.IP,Games Workshop Group PLC,SHARES,N/A,EDITS_ONLY,WO
GIGAUS,UB.D.GIGAUS.CASH.IP,Gresham Worldwide Inc,SHARES,N/A,OFFLINE,WO
HTHT,UB.D.HTHT.CASH.IP,H World Group Limited,SHARES,N/A,TRADEABLE,WO
PWODUS,UC.D.PWODUS.CASH.IP,Penns Woods Bancorp Inc,SHARES,N/A,CLOSED,WO
BNDWUS,UA.D.BNDWUS.CASH.IP,Vanguard Total World Bond ETF,SHARES,N/A,TRADEABLE,WO
WHLSJ,AR.D.WHLSJ.CASH.IP,Woolworths Holdings Ltd,SHARES,N/A,EDITS_ONLY,WO
WRLD,UD.D.WRLD.CASH.IP,World Acceptance Corp,SHARES,N/A,TRADEABLE,WO
APTLN,KA.D.APTLN.CASH.IP,Worsley Investors Limited,SHARES,N/A,EDITS_ONLY,WO
CWFGLN,KA.D.CWFGLN.CASH.IP,Amundi MSCI World Financials ETF-C USD,SHARES,N/A,CLOSED,WO
PACWLN,KA.D.PACWLN.CASH.IP,Amundi Prime All Country World UCITS ETF (GBP),SHARES,N/A,EDITS_ONLY,WO
WPP,KA.D.WPP.CASH.IP,WPP PLC,SHARES,N/A,EDITS_ONLY,WP
WRTCUS,UD.D.WRTCUS.CASH.IP,Wrap Technologies Inc,SHARES,N/A,TRADEABLE,WR
AADRUS,SI.D.AADRUS.CASH.IP,AdvisorShares Dorsey Wright ADR ETF,SHARES,N/A,TRADEABLE,WR
GXTGUS,UB.D.GXTGUS.CASH.IP,Global X Dorsey Wright Thematic ETF,SHARES,N/A,TRADEABLE,WR
PXIUS,UC.D.PXIUS.CASH.IP,Invesco Dorsey Wright Energy Momentum ETF,SHARES,N/A,TRADEABLE,WR
DWPPUS,UB.D.DWPPUS.CASH.IP,First Trust Dorsey Wright People's Portfolio ETF,SHARES,N/A,CLOSED,WR
PTHUS,UC.D.PTHUS.CASH.IP,Invesco Dorsey Wright Healthcare Momentum ETF,SHARES,N/A,TRADEABLE,WR
PRNUS,UC.D.PRNUS.CASH.IP,Invesco Exchange-Traded Fund Trust Invesco Dorsey Wright Industrials Momentum ET,SHARES,N/A,TRADEABLE,WR
WSFSUS,UD.D.WSFSUS.CASH.IP,WSFS Financial Corp,SHARES,N/A,TRADEABLE,WS
ECCRUD,KA.D.ECCRUD.CASH.IP,WisdomTree WTI Crude Oil,SHARES,N/A,EDITS_ONLY,WT
WTIYLN,KA.D.WTIYLN.CASH.IP,IncomeShares WTI Oil+ Yield ETP,SHARES,N/A,EDITS_ONLY,WT
YWTILN,KA.D.YWTILN.CASH.IP,IncomeShares WTI Oil+ Yield ETP - YWTI,SHARES,N/A,EDITS_ONLY,WT
SWTOLN,KA.D.SWTOLN.CASH.IP,Leverage Shares -3x Short WTI Oil ETC - GBP,SHARES,N/A,EDITS_ONLY,WT
WTOSLN,KA.D.WTOSLN.CASH.IP,Leverage Shares -3x Short WTI Oil ETC - USD,SHARES,N/A,EDITS_ONLY,WT
3WTILN,KA.D.3WTILN.CASH.IP,Leverage Shares 3x Long WTI Oil ETC - GBP,SHARES,N/A,EDITS_ONLY,WT
WTI3LN,KA.D.WTI3LN.CASH.IP,Leverage Shares 3x Long WTI Oil ETC - USD,SHARES,N/A,EDITS_ONLY,WT
PCRDLN,KA.D.PCRDLN.CASH.IP,WisdomTree GBP Daily Hedged WTI Crude Oil,SHARES,N/A,EDITS_ONLY,WT
ECSOIL,KA.D.ECSOIL.CASH.IP,WisdomTree Short WTI Crude Oil,SHARES,N/A,EDITS_ONLY,WT
FCRULN,KA.D.FCRULN.CASH.IP,WisdomTree WTI Crude Oil Longe,SHARES,N/A,EDITS_ONLY,WT
WTIBLN,KA.D.WTIBLN.CASH.IP,WisdomTree WTI Crude Oil Pre-roll - gbp,SHARES,N/A,CLOSED,WT
3LOILN,KA.D.3LOILN.CASH.IP,WisdomTree WTI Oil 3x Leverage Daily ETP (GBP),SHARES,N/A,EDITS_ONLY,WT
3OILLN,KA.D.3OILLN.CASH.IP,WisdomTree WTI Oil 3x Leverage Daily ETP (USD),SHARES,N/A,EDITS_ONLY,WT
3SOILN,KA.D.3SOILN.CASH.IP,WisdomTree WTI Oil 3x Short Daily ETP (GBP),SHARES,N/A,EDITS_ONLY,WT
3OISLN,KA.D.3OISLN.CASH.IP,WisdomTree WTI Oil 3x Short Daily ETP (USD),SHARES,N/A,EDITS_ONLY,WT
XCT9LN,KA.D.XCT9LN.CASH.IP,Xtrackers WTI Crude Oil Optimum Yield ETC,SHARES,N/A,CLOSED,WT
CDCUS,UA.D.CDCUS.CASH.IP,VictoryShares US EQ Income Enhanced Volatility Wtd ETF,SHARES,N/A,TRADEABLE,WT
OIL2LN,KA.D.OIL2LN.CASH.IP,WisdomTree WTI Crude Oil 2x Daily Leveraged - GBp,SHARES,N/A,EDITS_ONLY,WT
ECLOIL,KA.D.ECLOIL.CASH.IP,WisdomTree WTI Crude Oil 2x Daily Leveraged - USD,SHARES,N/A,EDITS_ONLY,WT
WUF1VFH,EB.D.WUF1VFH.CASH.IP,Wulff-Yhtiot Oyj,SHARES,N/A,EDITS_ONLY,WU
WUWGY,ED.D.WUWGY.CASH.IP,Wuestenrot & Wuerttembergische AG,SHARES,N/A,EDITS_ONLY,WU
EBKGY,ED.D.EBKGY.CASH.IP,EnBW Energie Baden-Wuerttemberg AG,SHARES,N/A,EDITS_ONLY,WU
WVFCUS,UD.D.WVFCUS.CASH.IP,WVS Financial Corporation,SHARES,N/A,OFFLINE,WV
WYLDSS,EH.D.WYLDSS.CASH.IP,Wyld Networks AB,SHARES,N/A,EDITS_ONLY,WY
WYNN,UD.D.WYNN.CASH.IP,Wynn Resorts Ltd (24 Hours),SHARES,N/A,TRADEABLE,WY
WYNLN,KC.D.WYNLN.CASH.IP,Wynnstay Group PLC,SHARES,N/A,EDITS_ONLY,WY
WSPLN,KC.D.WSPLN.CASH.IP,Wynnstay Properties PLC,SHARES,N/A,EDITS_ONLY,WY
MWYLN,KC.D.MWYLN.CASH.IP,Mid Wynd International Investment Trust PLC,SHARES,N/A,EDITS_ONLY,WY
XAR,KA.D.XAR.CASH.IP,Xaar PLC,SHARES,N/A,EDITS_ONLY,XA
XANOBSS,EH.D.XANOBSS.CASH.IP,XANO Industri AB (publ),SHARES,N/A,EDITS_ONLY,XA
XBITUS,UD.D.XBITUS.CASH.IP,XBiotech Inc,SHARES,N/A,TRADEABLE,XB
XBRANESS,EH.D.XBRANESS.CASH.IP,Xbrane Biopharma AB (publ),SHARES,N/A,EDITS_ONLY,XB
XBPUS,UD.D.XBPUS.CASH.IP,XBP Europe Holdings Inc,SHARES,N/A,ON_AUCTION,XB
XELBUS,UD.D.XELBUS.CASH.IP,Xcel Brands Inc,SHARES,N/A,ON_AUCTION,XC
XNCRUS,UD.D.XNCRUS.CASH.IP,Xencor Inc,SHARES,N/A,TRADEABLE,XE
XRXDWUS,UD.D.XRXDWUS.CASH.IP,Xerox Holdings Corp,SHARES,N/A,TRADEABLE,XE
XENEUS,UD.D.XENEUS.CASH.IP,Xenon Pharmaceuticals Inc,SHARES,N/A,TRADEABLE,XE
XERSUS,UD.D.XERSUS.CASH.IP,Xeris Pharmaceuticals Inc,SHARES,N/A,TRADEABLE,XE
XSGLN,KA.D.XSGLN.CASH.IP,Xeros Technology Group PLC,SHARES,N/A,EDITS_ONLY,XE
AIXIUS,UA.D.AIXIUS.CASH.IP,Xiao I Corp,SHARES,N/A,TRADEABLE,XI
XLNX,UD.D.XLNX.CASH.IP,Xilinx Inc,SHARES,N/A,CLOSED,XI
XINTSS,EH.D.XINTSS.CASH.IP,Xintela AB,SHARES,N/A,EDITS_ONLY,XI
XILFP,EC.D.XILFP.CASH.IP,Xilam Animation,SHARES,N/A,EDITS_ONLY,XI
XLOUS,UD.D.XLOUS.CASH.IP,Xilio Therapeutics Inc,SHARES,N/A,TRADEABLE,XI
XLMLN,KC.D.XLMLN.CASH.IP,XLMedia PLC,SHARES,N/A,CLOSED,XL
DXLGUS,UB.D.DXLGUS.CASH.IP,Destination XL Group Inc,SHARES,N/A,TRADEABLE,XL
XLFQLN,KA.D.XLFQLN.CASH.IP,Invesco Financials S&P US Select Sector UCITS ETF - XLFQ,SHARES,N/A,EDITS_ONLY,XL
NVFYUS,UC.D.NVFYUS.CASH.IP,XMax Inc,SHARES,N/A,OFFLINE,XM
XMRSS,EH.D.XMRSS.CASH.IP,XmReality AB,SHARES,N/A,EDITS_ONLY,XM
SIRI,UD.D.SIRI.CASH.IP,Sirius XM Holdings Inc,SHARES,N/A,TRADEABLE,XM
NGACUS,UC.D.NGACUS.CASH.IP,XOS Inc,SHARES,N/A,TRADEABLE,XO
XMTRUS,UD.D.XMTRUS.CASH.IP,Xometry Inc,SHARES,N/A,TRADEABLE,XO
XOMAUS,UD.D.XOMAUS.CASH.IP,XOMA Royalty Corporation,SHARES,N/A,TRADEABLE,XO
XOMOUS,SI.D.XOMOUS.CASH.IP,YieldMax Xom Option Income Strategy ETF,SHARES,N/A,TRADEABLE,XO
XPUS,UD.D.XPUS.CASH.IP,XP Inc,SHARES,N/A,TRADEABLE,XP
XPELUS,UD.D.XPELUS.CASH.IP,XPEL Inc,SHARES,N/A,TRADEABLE,XP
XPP,KA.D.XPP.CASH.IP,XP Power Ltd,SHARES,N/A,EDITS_ONLY,XP
XPDLN,KC.D.XPDLN.CASH.IP,Xpediator PLC,SHARES,N/A,CLOSED,XP
XPLLN,KC.D.XPLLN.CASH.IP,Xplorer PLC,SHARES,N/A,CLOSED,XP
GND,EC.D.GND.CASH.IP,XPO Logistics Europe SADIR,SHARES,N/A,CLOSED,XP
XAFLN,KA.D.XAFLN.CASH.IP,XPS Pensions Group PLC,SHARES,N/A,EDITS_ONLY,XP
SXPELN,KA.D.SXPELN.CASH.IP,Leverage Shares -3x Short Xpeng ETP Securities,SHARES,N/A,CLOSED,XP
VRELN,KC.D.VRELN.CASH.IP,Engage XR Holdings PLC,SHARES,N/A,EDITS_ONLY,XR
XXRPUS,SI.D.XXRPUS.CASH.IP,Teucrium 2x Long Daily XRP ETF,SHARES,N/A,EDITS_ONLY,XR
XSPRAYSS,EH.D.XSPRAYSS.CASH.IP,XSpray Pharma AB,SHARES,N/A,EDITS_ONLY,XS
XTMTLN,KA.D.XTMTLN.CASH.IP,Xtrackers MSCI Taiwan UCITS ETF [XTMT],SHARES,N/A,EDITS_ONLY,XT
XCOMUS,UD.D.XCOMUS.CASH.IP,Xtera Communications Inc,SHARES,N/A,CLOSED,XT
XDAXLN,KA.D.XDAXLN.CASH.IP,Xtrackers DAX UCITS ETF (GBP),SHARES,N/A,EDITS_ONLY,XT
XD5DLN,KA.D.XD5DLN.CASH.IP,Xtrackers MSCI EMU UCITS ETF,SHARES,N/A,EDITS_ONLY,XT
XGLDLN,KA.D.XGLDLN.CASH.IP,Xtrackers Physical Gold ETC,SHARES,N/A,EDITS_ONLY,XT
XDPULN,KA.D.XDPULN.CASH.IP,Xtrackers S&P 500 UCITS ETF - USD,SHARES,N/A,EDITS_ONLY,XT
XTR,KC.D.XTR.CASH.IP,Xtract Resources PLC,SHARES,N/A,EDITS_ONLY,XT
SCXWLN,KA.D.SCXWLN.CASH.IP,Scalable MSCI AC World Xtrackers UCITS ETF (GBP),SHARES,N/A,EDITS_ONLY,XT
XESXLN,KA.D.XESXLN.CASH.IP,Xtrackers - Euro Stoxx 50 UCITS ETF,SHARES,N/A,EDITS_ONLY,XT
XCX4LN,KA.D.XCX4LN.CASH.IP,Xtrackers - MSCI Thailand UCITS ETF,SHARES,N/A,EDITS_ONLY,XT
D3V3GY,ED.D.D3V3GY.CASH.IP,Xtrackers EUR Credit 12.5 Swap UCITS ETF,SHARES,N/A,CLOSED,XT
XESCLN,KA.D.XESCLN.CASH.IP,Xtrackers Euro Stoxx 50 UCITS ETF 1C,SHARES,N/A,EDITS_ONLY,XT
XUKXLN,KA.D.XUKXLN.CASH.IP,Xtrackers FTSE 100 Income UCITS ETF,SHARES,N/A,EDITS_ONLY,XT
XMCXLN,KA.D.XMCXLN.CASH.IP,Xtrackers FTSE 250 UCITS ETF 1D,SHARES,N/A,EDITS_ONLY,XT
ALLWLN,KA.D.ALLWLN.CASH.IP,Xtrackers FTSE All-World UCITS ETF,SHARES,N/A,EDITS_ONLY,XT
XDEXLN,KA.D.XDEXLN.CASH.IP,Xtrackers FTSE All-World ex UK UCITS ETF 1C,SHARES,N/A,EDITS_ONLY,XT
AWEXLN,KA.D.AWEXLN.CASH.IP,Xtrackers FTSE All-World ex US UCITS ETF,SHARES,N/A,EDITS_ONLY,XT
XX25LN,KA.D.XX25LN.CASH.IP,Xtrackers FTSE China 50 UCITS ETF (Lon),SHARES,N/A,EDITS_ONLY,XT
XFVTLN,KA.D.XFVTLN.CASH.IP,Xtrackers FTSE Vietnam Swap UCITS ETF 1C,SHARES,N/A,EDITS_ONLY,XT
XDNSLN,KA.D.XDNSLN.CASH.IP,Xtrackers JPX-Nikkei 400 UCITS ETF 1D,SHARES,N/A,EDITS_ONLY,XT
XLDXLN,KA.D.XLDXLN.CASH.IP,Xtrackers LevDAX Daily Swap UCITS ETF 1C,SHARES,N/A,EDITS_ONLY,XT
HYDWUS,SI.D.HYDWUS.CASH.IP,Xtrackers Low Beta High Yield Bond ETF,SHARES,N/A,TRADEABLE,XT
XMAWLN,KA.D.XMAWLN.CASH.IP,Xtrackers MSCI AC World UCITS ETF 1C,SHARES,N/A,EDITS_ONLY,XT
XMBRLN,KA.D.XMBRLN.CASH.IP,Xtrackers MSCI Brazil UCITS ETF 1C,SHARES,N/A,EDITS_ONLY,XT
XCX6LN,KA.D.XCX6LN.CASH.IP,Xtrackers MSCI China UCITS ETF (GBP),SHARES,N/A,EDITS_ONLY,XT
XCS6LN,KA.D.XCS6LN.CASH.IP,Xtrackers MSCI China UCITS ETF 1C,SHARES,N/A,EDITS_ONLY,XT
XD5SLN,KA.D.XD5SLN.CASH.IP,Xtrackers MSCI EMU UCITS ETF 2C - GBP Hedged,SHARES,N/A,EDITS_ONLY,XT
XEMDLN,KA.D.XEMDLN.CASH.IP,Xtrackers MSCI Emerging Markets UCITS ETF (USD),SHARES,N/A,CLOSED,XT
XMMELN,KA.D.XMMELN.CASH.IP,Xtrackers MSCI Emerging Markets UCITS ETF - USD,SHARES,N/A,EDITS_ONLY,XT
XMMSLN,KA.D.XMMSLN.CASH.IP,Xtrackers MSCI Emerging Markets UCITS ETF 1C,SHARES,N/A,EDITS_ONLY,XT
XEUMLN,KA.D.XEUMLN.CASH.IP,Xtrackers MSCI Europe Mid Cap UCITS ETF 1C,SHARES,N/A,EDITS_ONLY,XT
XXSCLN,KA.D.XXSCLN.CASH.IP,Xtrackers MSCI Europe Small Cap UCITS ETF 1C,SHARES,N/A,EDITS_ONLY,XT
XMEDLN,KA.D.XMEDLN.CASH.IP,Xtrackers MSCI Europe UCITS ETF (USD),SHARES,N/A,EDITS_ONLY,XT
XCX5LN,KA.D.XCX5LN.CASH.IP,Xtrackers MSCI India Swap UCITS ETF 1C,SHARES,N/A,EDITS_ONLY,XT
XIDDLN,KA.D.XIDDLN.CASH.IP,Xtrackers MSCI Indonesia Swap UCITS ETF - USD,SHARES,N/A,EDITS_ONLY,XT
XMJGLN,KA.D.XMJGLN.CASH.IP,Xtrackers MSCI Japan UCITS ETF,SHARES,N/A,CLOSED,XT
XMJPLN,KA.D.XMJPLN.CASH.IP,Xtrackers MSCI Japan UCITS ETF (XMJP LN),SHARES,N/A,EDITS_ONLY,XT
XVIVOSS,EH.D.XVIVOSS.CASH.IP,Xvivo Perfusion AB (publ),SHARES,N/A,EDITS_ONLY,XV
XSPAUS,UD.D.XSPAUS.CASH.IP,"XWELL, Inc",SHARES,N/A,TRADEABLE,XW
CPX,KC.D.CPX.CASH.IP,CAP-XX Limited,SHARES,N/A,EDITS_ONLY,XX
MDGSUS,UC.D.MDGSUS.CASH.IP,Xylo Technologies Ltd,SHARES,N/A,CLOSED,XY
SQYUS,SI.D.SQYUS.CASH.IP,YieldMax XYZ Option Income Strategy ETF,SHARES,N/A,TRADEABLE,XY
AUYLN,KC.D.AUYLN.CASH.IP,Yamana Gold Inc (LSE),SHARES,N/A,CLOSED,YA
YATRANA,EG.D.YATRANA.CASH.IP,Yatra Capital Ltd,SHARES,N/A,CLOSED,YA
YTRAUS,UD.D.YTRAUS.CASH.IP,Yatra Online Inc,SHARES,N/A,TRADEABLE,YA
SYBTUS,UD.D.SYBTUS.CASH.IP,Stock Yards Bancorp Inc,SHARES,N/A,TRADEABLE,YA
YERRUS,UD.D.YERRUS.CASH.IP,Yangtze River Port and Logistics Limited,SHARES,N/A,OFFLINE,YA
BREZUS,UA.D.BREZUS.CASH.IP,YD Biopharma Limited,SHARES,N/A,TRADEABLE,YD
BREZWUS,UA.D.BREZWUS.CASH.IP,YD Biopharma Limited Warrant,SHARES,N/A,CLOSED,YD
BYG,KA.D.BYG.CASH.IP,Big Yellow Group PLC,SHARES,N/A,EDITS_ONLY,YE
YCALN,KA.D.YCALN.CASH.IP,Yellow Cake PLC,SHARES,N/A,EDITS_ONLY,YE
YRCW,UD.D.YRCW.CASH.IP,Yellow Corporation,SHARES,N/A,OFFLINE,YE
YEWLN,KC.D.YEWLN.CASH.IP,Yew Grove REIT PLC,SHARES,N/A,CLOSED,YE
STIPUS,SI.D.STIPUS.CASH.IP,iShares 0-5 Year TIPS Bond ETF,SHARES,N/A,TRADEABLE,YE
TMVUS,SI.D.TMVUS.CASH.IP,Direxion Daily 20 Year Treasury Bear 3X ETF,SHARES,N/A,TRADEABLE,YE
TMFUS,SI.D.TMFUS.CASH.IP,Direxion Daily 20 Year Treasury Bull 3X ETF,SHARES,N/A,TRADEABLE,YE
TYOUS,SI.D.TYOUS.CASH.IP,Direxion Daily 7-10 Year Treasury Bear 3X ETF,SHARES,N/A,TRADEABLE,YE
TYDUS,SI.D.TYDUS.CASH.IP,Direxion Daily 7-10 Year Treasury Bull 3X ETF,SHARES,N/A,TRADEABLE,YE
TRXGLN,KA.D.TRXGLN.CASH.IP,Invesco US Treasury 7-10 Year UCITS ETF - Dist - GBP,SHARES,N/A,EDITS_ONLY,YE
YIUS,UD.D.YIUS.CASH.IP,111 Inc,SHARES,N/A,TRADEABLE,YI
GLDELN,KA.D.GLDELN.CASH.IP,IncomeShares Gold+ Yield ETP,SHARES,N/A,EDITS_ONLY,YI
GLDILN,KA.D.GLDILN.CASH.IP,IncomeShares Gold+ Yield ETP (USD),SHARES,N/A,EDITS_ONLY,YI
YTENUS,UD.D.YTENUS.CASH.IP,Yield10 Bioscience Inc,SHARES,N/A,OFFLINE,YI
SYLDUS,SI.D.SYLDUS.CASH.IP,Cambria Shareholder Yield ETF,SHARES,N/A,TRADEABLE,YI
YCPRLN,KA.D.YCPRLN.CASH.IP,IncomeShares Copper Miners+ Yield ETP,SHARES,N/A,EDITS_ONLY,YI
CPRYLN,KA.D.CPRYLN.CASH.IP,IncomeShares Copper Miners+ Yield ETP - USD,SHARES,N/A,EDITS_ONLY,YI
GLMYLN,KA.D.GLMYLN.CASH.IP,IncomeShares Gold Miners+ Yield ETP,SHARES,N/A,EDITS_ONLY,YI
YGLMLN,KA.D.YGLMLN.CASH.IP,IncomeShares Gold Miners+ Yield ETP - GBp,SHARES,N/A,EDITS_ONLY,YI
SLMYLN,KA.D.SLMYLN.CASH.IP,IncomeShares Silver Miners+ Yield ETP,SHARES,N/A,EDITS_ONLY,YI
YSLMLN,KA.D.YSLMLN.CASH.IP,IncomeShares Silver Miners+ Yield ETP - GBp,SHARES,N/A,EDITS_ONLY,YI
SLVILN,KA.D.SLVILN.CASH.IP,IncomeShares Silver+ Yield ETP (GBP Lon),SHARES,N/A,EDITS_ONLY,YI
SLVYLN,KA.D.SLVYLN.CASH.IP,IncomeShares Silver+ Yield ETP - USD,SHARES,N/A,EDITS_ONLY,YI
FAGBLN,KA.D.FAGBLN.CASH.IP,Invesco US High Yield Fallen Angels UCITS ETF (GBP Hdg),SHARES,N/A,EDITS_ONLY,YI
LBAYUS,SI.D.LBAYUS.CASH.IP,Leatherback Long/Short Alternative Yield ETF,SHARES,N/A,TRADEABLE,YI
RSSYUS,SI.D.RSSYUS.CASH.IP,Return Stacked U.S. Stocks & Futures Yield ETF,SHARES,N/A,TRADEABLE,YI
JNKELN,KA.D.JNKELN.CASH.IP,SPDR Bloomberg Euro High Yield Bond UCITS ETF,SHARES,N/A,EDITS_ONLY,YI
HYLBUS,SI.D.HYLBUS.CASH.IP,Xtrackers USD High Yield Corporate Bond ETF,SHARES,N/A,TRADEABLE,YI
ABNYUS,SI.D.ABNYUS.CASH.IP,YieldMax ABNB Option Income Strategy ETF,SHARES,N/A,TRADEABLE,YI
GPTYUS,SI.D.GPTYUS.CASH.IP,YieldMax AI & Tech Portfolio Option Income ETF,SHARES,N/A,TRADEABLE,YI
AIYYUS,SI.D.AIYYUS.CASH.IP,YieldMax AI Option Income Strategy ETF,SHARES,N/A,OFFLINE,YI
AMDYUS,SI.D.AMDYUS.CASH.IP,YieldMax AMD Option Income Strategy ETF,SHARES,N/A,TRADEABLE,YI
BABOUS,SI.D.BABOUS.CASH.IP,YieldMax BABA Option Income Strategy ETF,SHARES,N/A,TRADEABLE,YI
YBITUS,SI.D.YBITUS.CASH.IP,YieldMax Bitcoin Option Income Strategy ETF,SHARES,N/A,TRADEABLE,YI
CONYUS,SI.D.CONYUS.CASH.IP,YieldMax COIN Option Income Strategy ETF,SHARES,N/A,TRADEABLE,YI
DISOUS,SI.D.DISOUS.CASH.IP,YieldMax DIS Option Income Strategy ETF,SHARES,N/A,TRADEABLE,YI
GOOYUS,SI.D.GOOYUS.CASH.IP,YieldMax GOOGL Option Income Strategy ETF,SHARES,N/A,TRADEABLE,YI
HOOYUS,SI.D.HOOYUS.CASH.IP,YieldMax HOOD Option Income Strategy ETF,SHARES,N/A,TRADEABLE,YI
OARKUS,SI.D.OARKUS.CASH.IP,YieldMax Innovation Option Inc,SHARES,N/A,TRADEABLE,YI
MAROUS,SI.D.MAROUS.CASH.IP,YieldMax MARA Option Income Strategy ETF,SHARES,N/A,TRADEABLE,YI
MSFOUS,SI.D.MSFOUS.CASH.IP,YieldMax MSFT Option Income Strategy ETF,SHARES,N/A,TRADEABLE,YI
MSTYUS,SI.D.MSTYUS.CASH.IP,YieldMax MSTR Option Income Strategy ETF,SHARES,N/A,TRADEABLE,YI
YMAGUS,SI.D.YMAGUS.CASH.IP,YieldMax Magnificent 7 Fund of Option Income ETF,SHARES,N/A,TRADEABLE,YI
YOU,KC.D.YOU.CASH.IP,YouGov PLC,SHARES,N/A,EDITS_ONLY,YO
YOGAUS,UD.D.YOGAUS.CASH.IP,YogaWorks Inc,SHARES,N/A,CLOSED,YO
YNGA,KA.D.YNGA.CASH.IP,Young & Co's Brewery PLC,SHARES,N/A,EDITS_ONLY,YO
VIYLN,KC.D.VIYLN.CASH.IP,Yourgene Health PLC,SHARES,N/A,CLOSED,YO
YORKUUS,UD.D.YORKUUS.CASH.IP,Yorkville Acquisition Corp,SHARES,N/A,TRADEABLE,YO
YNGNLN,KA.D.YNGNLN.CASH.IP,Young & Co.'s Brewery PLC - N/V,SHARES,N/A,EDITS_ONLY,YO
YGYIUS,UD.D.YGYIUS.CASH.IP,Youngevity International Inc,SHARES,N/A,CLOSED,YO
IDTLLN,KA.D.IDTLLN.CASH.IP,iShares $ Treasury Bond 20+yr UCITS ETF (LSE),SHARES,N/A,EDITS_ONLY,YR
DTLALN,KA.D.DTLALN.CASH.IP,iShares $ Treasury Bond 20+yr UCITS ETF USD (Acc),SHARES,N/A,EDITS_ONLY,YR
IDGALN,KA.D.IDGALN.CASH.IP,iShares USD Treasury Bond 20+yr UCITS ETF,SHARES,N/A,EDITS_ONLY,YR
TJULUS,SI.D.TJULUS.CASH.IP,Innovator Equity Defined Protection ETF - 2 Yr to July 2027,SHARES,N/A,TRADEABLE,YR
IDTGLN,KA.D.IDTGLN.CASH.IP,iShares $ Treasury Bond 20+yr UCITS ETF GBP Hedged (Dist),SHARES,N/A,EDITS_ONLY,YR
TLTUSsi07200R6,ON.D.TLTUSsi07200R6.CASH.IP,iShares 20+ Yr T-Bond ETF 7200 PUT,OPT_SHARES,N/A,TRADEABLE,YR
TLTUSsi07300F6,ON.D.TLTUSsi07300F6.CASH.IP,iShares 20+ Yr T-Bond ETF 7300 CALL,OPT_SHARES,N/A,TRADEABLE,YR
TLTUSsi07300R6,ON.D.TLTUSsi07300R6.CASH.IP,iShares 20+ Yr T-Bond ETF 7300 PUT,OPT_SHARES,N/A,TRADEABLE,YR
TLTUSsi07300S6,ON.D.TLTUSsi07300S6.CASH.IP,iShares 20+ Yr T-Bond ETF 7300 PUT,OPT_SHARES,N/A,TRADEABLE,YR
TLTUSsi07400F6,ON.D.TLTUSsi07400F6.CASH.IP,iShares 20+ Yr T-Bond ETF 7400 CALL,OPT_SHARES,N/A,TRADEABLE,YR
TLTUSsi07400R6,ON.D.TLTUSsi07400R6.CASH.IP,iShares 20+ Yr T-Bond ETF 7400 PUT,OPT_SHARES,N/A,TRADEABLE,YR
TLTUSsi07400S6,ON.D.TLTUSsi07400S6.CASH.IP,iShares 20+ Yr T-Bond ETF 7400 PUT,OPT_SHARES,N/A,TRADEABLE,YR
TLTUSsi07500F6,ON.D.TLTUSsi07500F6.CASH.IP,iShares 20+ Yr T-Bond ETF 7500 CALL,OPT_SHARES,N/A,TRADEABLE,YR
TLTUSsi07500G6,ON.D.TLTUSsi07500G6.CASH.IP,iShares 20+ Yr T-Bond ETF 7500 CALL,OPT_SHARES,N/A,TRADEABLE,YR
TLTUSsi07500S6,ON.D.TLTUSsi07500S6.CASH.IP,iShares 20+ Yr T-Bond ETF 7500 PUT,OPT_SHARES,N/A,TRADEABLE,YR
TLTUSsi07600F6,ON.D.TLTUSsi07600F6.CASH.IP,iShares 20+ Yr T-Bond ETF 7600 CALL,OPT_SHARES,N/A,TRADEABLE,YR
TLTUSsi07600G6,ON.D.TLTUSsi07600G6.CASH.IP,iShares 20+ Yr T-Bond ETF 7600 CALL,OPT_SHARES,N/A,TRADEABLE,YR
TLTUSsi07600R6,ON.D.TLTUSsi07600R6.CASH.IP,iShares 20+ Yr T-Bond ETF 7600 PUT,OPT_SHARES,N/A,TRADEABLE,YR
TLTUSsi07600S6,ON.D.TLTUSsi07600S6.CASH.IP,iShares 20+ Yr T-Bond ETF 7600 PUT,OPT_SHARES,N/A,TRADEABLE,YR
TLTUSsi07700F6,ON.D.TLTUSsi07700F6.CASH.IP,iShares 20+ Yr T-Bond ETF 7700 CALL,OPT_SHARES,N/A,TRADEABLE,YR
TLTUSsi07700G6,ON.D.TLTUSsi07700G6.CASH.IP,iShares 20+ Yr T-Bond ETF 7700 CALL,OPT_SHARES,N/A,TRADEABLE,YR
TLTUSsi07700S6,ON.D.TLTUSsi07700S6.CASH.IP,iShares 20+ Yr T-Bond ETF 7700 PUT,OPT_SHARES,N/A,TRADEABLE,YR
TLTUSsi07800F6,ON.D.TLTUSsi07800F6.CASH.IP,iShares 20+ Yr T-Bond ETF 7800 CALL,OPT_SHARES,N/A,TRADEABLE,YR
TLTUSsi07800G6,ON.D.TLTUSsi07800G6.CASH.IP,iShares 20+ Yr T-Bond ETF 7800 CALL,OPT_SHARES,N/A,TRADEABLE,YR
TLTUSsi07800R6,ON.D.TLTUSsi07800R6.CASH.IP,iShares 20+ Yr T-Bond ETF 7800 PUT,OPT_SHARES,N/A,TRADEABLE,YR
TLTUSsi07800S6,ON.D.TLTUSsi07800S6.CASH.IP,iShares 20+ Yr T-Bond ETF 7800 PUT,OPT_SHARES,N/A,TRADEABLE,YR
TLTUSsi07900F6,ON.D.TLTUSsi07900F6.CASH.IP,iShares 20+ Yr T-Bond ETF 7900 CALL,OPT_SHARES,N/A,TRADEABLE,YR
TLTUSsi07900G6,ON.D.TLTUSsi07900G6.CASH.IP,iShares 20+ Yr T-Bond ETF 7900 CALL,OPT_SHARES,N/A,TRADEABLE,YR
TLTUSsi07900R6,ON.D.TLTUSsi07900R6.CASH.IP,iShares 20+ Yr T-Bond ETF 7900 PUT,OPT_SHARES,N/A,TRADEABLE,YR
TLTUSsi07900S6,ON.D.TLTUSsi07900S6.CASH.IP,iShares 20+ Yr T-Bond ETF 7900 PUT,OPT_SHARES,N/A,TRADEABLE,YR
TLTUSsi08000G6,ON.D.TLTUSsi08000G6.CASH.IP,iShares 20+ Yr T-Bond ETF 8000 CALL,OPT_SHARES,N/A,TRADEABLE,YR
TLTUSsi08000F6,ON.D.TLTUSsi08000F6.CASH.IP,iShares 20+ Yr T-Bond ETF 8000 CALL,OPT_SHARES,N/A,TRADEABLE,YR
TLTUSsi08000R6,ON.D.TLTUSsi08000R6.CASH.IP,iShares 20+ Yr T-Bond ETF 8000 PUT,OPT_SHARES,N/A,TRADEABLE,YR
TLTUSsi08000S6,ON.D.TLTUSsi08000S6.CASH.IP,iShares 20+ Yr T-Bond ETF 8000 PUT,OPT_SHARES,N/A,TRADEABLE,YR
TLTUSsi08100F6,ON.D.TLTUSsi08100F6.CASH.IP,iShares 20+ Yr T-Bond ETF 8100 CALL,OPT_SHARES,N/A,TRADEABLE,YR
TLTUSsi08100G6,ON.D.TLTUSsi08100G6.CASH.IP,iShares 20+ Yr T-Bond ETF 8100 CALL,OPT_SHARES,N/A,TRADEABLE,YR
TLTUSsi08100R6,ON.D.TLTUSsi08100R6.CASH.IP,iShares 20+ Yr T-Bond ETF 8100 PUT,OPT_SHARES,N/A,TRADEABLE,YR
TLTUSsi08100S6,ON.D.TLTUSsi08100S6.CASH.IP,iShares 20+ Yr T-Bond ETF 8100 PUT,OPT_SHARES,N/A,TRADEABLE,YR
TLTUSsi08200F6,ON.D.TLTUSsi08200F6.CASH.IP,iShares 20+ Yr T-Bond ETF 8200 CALL,OPT_SHARES,N/A,TRADEABLE,YR
TLTUSsi08200G6,ON.D.TLTUSsi08200G6.CASH.IP,iShares 20+ Yr T-Bond ETF 8200 CALL,OPT_SHARES,N/A,TRADEABLE,YR
TLTUSsi08200S6,ON.D.TLTUSsi08200S6.CASH.IP,iShares 20+ Yr T-Bond ETF 8200 PUT,OPT_SHARES,N/A,TRADEABLE,YR
TLTUSsi08200R6,ON.D.TLTUSsi08200R6.CASH.IP,iShares 20+ Yr T-Bond ETF 8200 PUT,OPT_SHARES,N/A,TRADEABLE,YR
TLTUSsi08300G6,ON.D.TLTUSsi08300G6.CASH.IP,iShares 20+ Yr T-Bond ETF 8300 CALL,OPT_SHARES,N/A,TRADEABLE,YR
TLTUSsi08300F6,ON.D.TLTUSsi08300F6.CASH.IP,iShares 20+ Yr T-Bond ETF 8300 CALL,OPT_SHARES,N/A,TRADEABLE,YR
TLTUSsi08300S6,ON.D.TLTUSsi08300S6.CASH.IP,iShares 20+ Yr T-Bond ETF 8300 PUT,OPT_SHARES,N/A,TRADEABLE,YR
TLTUSsi08300R6,ON.D.TLTUSsi08300R6.CASH.IP,iShares 20+ Yr T-Bond ETF 8300 PUT,OPT_SHARES,N/A,TRADEABLE,YR
TLTUSsi08400F6,ON.D.TLTUSsi08400F6.CASH.IP,iShares 20+ Yr T-Bond ETF 8400 CALL,OPT_SHARES,N/A,TRADEABLE,YR
TLTUSsi08400G6,ON.D.TLTUSsi08400G6.CASH.IP,iShares 20+ Yr T-Bond ETF 8400 CALL,OPT_SHARES,N/A,TRADEABLE,YR
TLTUSsi08400S6,ON.D.TLTUSsi08400S6.CASH.IP,iShares 20+ Yr T-Bond ETF 8400 PUT,OPT_SHARES,N/A,TRADEABLE,YR
YULN,KC.D.YULN.CASH.IP,Yu Group Plc,SHARES,N/A,EDITS_ONLY,YU
YUBICOSS,EH.D.YUBICOSS.CASH.IP,Yubico AB,SHARES,N/A,EDITS_ONLY,YU
AMCN,UA.D.AMCN.CASH.IP,Yueda Digital Holding - ADR,SHARES,N/A,TRADEABLE,YU
ZGYHUS,UD.D.ZGYHUS.CASH.IP,Yunhong International,SHARES,N/A,CLOSED,YU
ZALGY,ED.D.ZALGY.CASH.IP,Zalando SE,SHARES,N/A,EDITS_ONLY,ZA
TRGLUS,UD.D.TRGLUS.CASH.IP,ZaZa Energy Corp,SHARES,N/A,OFFLINE,ZA
ZAMLN,KC.D.ZAMLN.CASH.IP,Zambeef Products PLC,SHARES,N/A,EDITS_ONLY,ZA
SDCSJ,AR.D.SDCSJ.CASH.IP,Zarclear Holdings Inc,SHARES,N/A,CLOSED,ZA
ZNTEUUS,UD.D.ZNTEUUS.CASH.IP,Zanite Acquisition Corporation,SHARES,N/A,CLOSED,ZA
ZNTEUS,UD.D.ZNTEUS.CASH.IP,Zanite Acquisition Corporation (Ords),SHARES,N/A,OFFLINE,ZA
ZAPPUS,UD.D.ZAPPUS.CASH.IP,Zapp Electric Vehicles Group Ltd,SHARES,N/A,OFFLINE,ZA
MLZAMFP,EC.D.MLZAMFP.CASH.IP,ZCCM Investments Holdings PLC,SHARES,N/A,CLOSED,ZC
INLZLN,KC.D.INLZLN.CASH.IP,Inland ZDP PLC,SHARES,N/A,CLOSED,ZD
ZENVUS,UD.D.ZENVUS.CASH.IP,Zenvia Inc,SHARES,N/A,OFFLINE,ZE
ZENAUS,UD.D.ZENAUS.CASH.IP,ZenaTech Inc,SHARES,N/A,TRADEABLE,ZE
VML,KC.D.VML.CASH.IP,Zephyr Energy,SHARES,N/A,EDITS_ONLY,ZE
OHGLN,KC.D.OHGLN.CASH.IP,ZENTRA GROUP PLC,SHARES,N/A,EDITS_ONLY,ZE
TIMGY,ED.D.TIMGY.CASH.IP,Zeal Networks SE,SHARES,N/A,EDITS_ONLY,ZE
ZEALUS,UD.D.ZEALUS.CASH.IP,Zealand Pharma AS,SHARES,N/A,CLOSED,ZE
ZEAL,EP.D.ZEAL.CASH.IP,Zealand Pharma AS,SHARES,N/A,EDITS_ONLY,ZE
ZBIOUS,UD.D.ZBIOUS.CASH.IP,Zenas Biopharma Inc,SHARES,N/A,TRADEABLE,ZE
ZEDLN,KC.D.ZEDLN.CASH.IP,Zenova Group Plc,SHARES,N/A,SUSPENDED,ZE
ZEOUS,UD.D.ZEOUS.CASH.IP,Zeo Energy Corp,SHARES,N/A,TRADEABLE,ZE
FLGCUS,UB.D.FLGCUS.CASH.IP,ZeroStack Corp,SHARES,N/A,OFFLINE,ZE
CADCUS,UA.D.CADCUS.CASH.IP,Zeta Network Group,SHARES,N/A,TRADEABLE,ZE
ZETASS,EH.D.ZETASS.CASH.IP,ZetaDisplay AB (publ),SHARES,N/A,CLOSED,ZE
AFXGY,ED.D.AFXGY.CASH.IP,Carl Zeiss Meditec AG,SHARES,N/A,EDITS_ONLY,ZE
ZBRA,UD.D.ZBRA.CASH.IP,Zebra Technologies Corp (24 Hours),SHARES,N/A,TRADEABLE,ZE
ZEDSJ,AR.D.ZEDSJ.CASH.IP,Zeder Investments Ltd,SHARES,N/A,EDITS_ONLY,ZE
ZEGLN,KC.D.ZEGLN.CASH.IP,Zegona Communications plc,SHARES,N/A,EDITS_ONLY,ZE
ZENL,KC.D.ZENL.CASH.IP,Zenith Energy Limited,SHARES,N/A,EDITS_ONLY,ZE
ZFOXUS,UD.D.ZFOXUS.CASH.IP,ZeroFox Holdings Inc,SHARES,N/A,CLOSED,ZE
KMPHUS,UB.D.KMPHUS.CASH.IP,Zevra Therapeutics Inc,SHARES,N/A,TRADEABLE,ZE
AZN,KA.D.AZN.CASH.IP,AstraZeneca PLC,SHARES,N/A,EDITS_ONLY,ZE
ZFOXWUS,UD.D.ZFOXWUS.CASH.IP,ZeroFox Holdings Inc - Warrants,SHARES,N/A,CLOSED,ZE
ENZLUS,UB.D.ENZLUS.CASH.IP,iShares MSCI New Zealand Capped ETF,SHARES,N/A,TRADEABLE,ZE
USIGLN,KA.D.USIGLN.CASH.IP,Amundi USD Corporate Bond PAB Net Zero Ambition,SHARES,N/A,EDITS_ONLY,ZE
ZGUS,UD.D.ZGUS.CASH.IP,Zillow Group Inc - A,SHARES,N/A,TRADEABLE,ZG
ZEFGY,ED.D.ZEFGY.CASH.IP,Zhongde Waste Technology Ag,SHARES,N/A,CLOSED,ZH
ZINC,CS.D.ZINC.CFD.IP,Zinc,CURRENCIES,N/A,TRADEABLE,ZI
ZINC,CS.D.ZINC.MINI.IP,Zinc ($5 Mini Contract),CURRENCIES,N/A,TRADEABLE,ZI
NTG,KA.D.NTG.CASH.IP,ZIGUP PLC,SHARES,N/A,EDITS_ONLY,ZI
ZICCSS,EH.D.ZICCSS.CASH.IP,Ziccum AB,SHARES,N/A,CLOSED,ZI
ZIGNSS,EH.D.ZIGNSS.CASH.IP,ZignSec AB (publ),SHARES,N/A,CLOSED,ZI
ZIMVUS,UD.D.ZIMVUS.CASH.IP,ZimVie Inc,SHARES,N/A,CLOSED,ZI
ZZBSS,EH.D.ZZBSS.CASH.IP,Zinzino AB,SHARES,N/A,EDITS_ONLY,ZI
ZINLN,KC.D.ZINLN.CASH.IP,ZIN - Zinc Media Group PLC,SHARES,N/A,EDITS_ONLY,ZI
ZVIM,EF.D.ZVIM.CASH.IP,Zignago Vetro SpA,SHARES,N/A,EDITS_ONLY,ZI
ZIXIUS,UD.D.ZIXIUS.CASH.IP,Zix Corporation,SHARES,N/A,CLOSED,ZI
SZIC,KA.D.SZIC.CASH.IP,ETFS Daily Short Zinc,SHARES,N/A,CLOSED,ZI
ZUS,UD.D.ZUS.CASH.IP,Zillow Group Inc - C,SHARES,N/A,TRADEABLE,ZI
ZOX,KC.D.ZOX.CASH.IP,ZincOx Resources PLC,SHARES,N/A,CLOSED,ZI
ERISLN,KC.D.ERISLN.CASH.IP,Zinnwald Lithium PLC,SHARES,N/A,EDITS_ONLY,ZI
ZION,UD.D.ZION.CASH.IP,Zions Bancorporation,SHARES,N/A,TRADEABLE,ZI
ZJKUS,UD.D.ZJKUS.CASH.IP,ZJK Industrial Co Ltd,SHARES,N/A,TRADEABLE,ZJ
ZKINUS,UD.D.ZKINUS.CASH.IP,ZK International Group Company Limited,SHARES,N/A,TRADEABLE,ZK
ZMUS,UD.D.ZMUS.CASH.IP,Zoom Video Communications Inc (24 Hours),SHARES,N/A,TRADEABLE,ZM
ZO1GY,ED.D.ZO1GY.CASH.IP,zooplus AG,SHARES,N/A,EDITS_ONLY,ZO
ZGNXUS,UD.D.ZGNXUS.CASH.IP,Zogenix Inc,SHARES,N/A,CLOSED,ZO
ZTF,KA.D.ZTF.CASH.IP,Zotefoams PLC,SHARES,N/A,EDITS_ONLY,ZO
CSB,KC.D.CSB.CASH.IP,Zoltav Resources Inc,SHARES,N/A,CLOSED,ZO
ZOO,KC.D.ZOO.CASH.IP,Zoo Digital Group PLC,SHARES,N/A,EDITS_ONLY,ZO
ZIUS,UD.D.ZIUS.CASH.IP,ZoomInfo Technologies Inc,SHARES,N/A,TRADEABLE,ZO
ZSANUS,UD.D.ZSANUS.CASH.IP,Zosano Pharma Corporation,SHARES,N/A,CLOSED,ZO
SZMELN,KA.D.SZMELN.CASH.IP,Leverage Shares -1x Short Zoom ETP - EUR,SHARES,N/A,CLOSED,ZO
SZMLN,KA.D.SZMLN.CASH.IP,Leverage Shares -1x Short Zoom ETP - GBp,SHARES,N/A,CLOSED,ZO
ZMSLN,KA.D.ZMSLN.CASH.IP,Leverage Shares -1x Short Zoom ETP - USD,SHARES,N/A,CLOSED,ZO
3ZMELN,KA.D.3ZMELN.CASH.IP,Leverage Shares 3x Zoom ETP - EUR,SHARES,N/A,CLOSED,ZO
3ZMLN,KA.D.3ZMLN.CASH.IP,Leverage Shares 3x Zoom ETP - GBp,SHARES,N/A,CLOSED,ZO
ZM3LN,KA.D.ZM3LN.CASH.IP,Leverage Shares 3x Zoom ETP - USD,SHARES,N/A,CLOSED,ZO
ZSUS,UD.D.ZSUS.CASH.IP,Zscaler Inc (24 Hours),SHARES,N/A,TRADEABLE,ZS
ZUMZ,UD.D.ZUMZ.CASH.IP,Zumiez Inc,SHARES,N/A,TRADEABLE,ZU
ZURAUS,UD.D.ZURAUS.CASH.IP,Zura Bio Ltd,SHARES,N/A,TRADEABLE,ZU
CNETUS,UA.D.CNETUS.CASH.IP,ZW Data Action Technologies Inc,SHARES,N/A,TRADEABLE,ZW
ZYUS,UD.D.ZYUS.CASH.IP,Zymergen Inc,SHARES,N/A,CLOSED,ZY
ZYXIUS,UD.D.ZYXIUS.CASH.IP,Zynex Inc,SHARES,N/A,CLOSED,ZY
ZNGA,UD.D.ZNGA.CASH.IP,Zynga Inc,SHARES,N/A,CLOSED,ZY
ZYTLN,KC.D.ZYTLN.CASH.IP,Zytronic PLC,SHARES,N/A,CLOSED,ZY
ZYNEUS,UD.D.ZYNEUS.CASH.IP,Zynerba Pharmaceuticals Inc,SHARES,N/A,CLOSED,ZY
AIWINNERS,IX.D.AIWINNERS.IFD.IP,AI Beneficiaries Index ($1),INDICES,N/A,TRADEABLE,Index
CIHUS,UA.D.CIHUS.CASH.IP,China Index Holdings Limited,SHARES,N/A,CLOSED,Index
DUST,SI.D.DUST.CASH.IP,Direxion Daily Gold Miners Index Bear 2X ETF,SHARES,N/A,TRADEABLE,Index
FRELUS,SI.D.FRELUS.CASH.IP,Fidelity MSCI Real Estate Index ETF,SHARES,N/A,TRADEABLE,Index
QTEC,UC.D.QTEC.CASH.IP,First Trust NASDAQ-100 Technology Index Fund,SHARES,N/A,TRADEABLE,Index
SOCLUS,UD.D.SOCLUS.CASH.IP,Global X Social Media Index ETF,SHARES,N/A,TRADEABLE,Index
XMRCLN,KA.D.XMRCLN.CASH.IP,MSCI Russia Capped Index UCITS ETF,SHARES,N/A,CLOSED,Index
EURGBP,CS.D.EURGBP.MINI.IP,EUR/GBP Mini,CURRENCIES,N/A,TRADEABLE,Forex
EURCHF,CS.D.EURCHF.MINI.IP,EUR/CHF Mini,CURRENCIES,N/A,TRADEABLE,Forex
EURJPY,CS.D.EURJPY.MINI.IP,EUR/JPY Mini,CURRENCIES,N/A,TRADEABLE,Forex
AUDJPY,CS.D.AUDJPY.MINI.IP,AUD/JPY Mini,CURRENCIES,N/A,TRADEABLE,Forex
CHFJPY,CS.D.CHFJPY.MINI.IP,CHF/JPY Mini,CURRENCIES,N/A,TRADEABLE,Forex
EURAUD,CS.D.EURAUD.MINI.IP,EUR/AUD Mini,CURRENCIES,N/A,TRADEABLE,Forex
GBPJPY,CS.D.GBPJPY.MINI.IP,GBP/JPY Mini,CURRENCIES,N/A,TRADEABLE,Forex
USDCHF,CS.D.USDCHF.MINI.IP,USD/CHF Mini,CURRENCIES,N/A,TRADEABLE,Forex
USDCAD,CS.D.USDCAD.MINI.IP,USD/CAD Mini,CURRENCIES,N/A,TRADEABLE,Forex
GBPAUD,CS.D.GBPAUD.MINI.IP,GBP/AUD Mini,CURRENCIES,N/A,TRADEABLE,Forex
GBPCHF,CS.D.GBPCHF.MINI.IP,GBP/CHF Mini,CURRENCIES,N/A,TRADEABLE,Forex
CEWUS,SI.D.CEWUS.CASH.IP,WisdomTree Emerging Currency Strategy Fund,SHARES,N/A,TRADEABLE,Currency
HEZUUS,SI.D.HEZUUS.CASH.IP,iShares Currency Hedged MSCI Eurozone ETF,SHARES,N/A,TRADEABLE,Currency
HEWGUS,UB.D.HEWGUS.CASH.IP,iShares Currency Hedged MSCI Germany ETF,SHARES,N/A,CLOSED,Currency
HEWJUS,SI.D.HEWJUS.CASH.IP,iShares Currency Hedged MSCI Japan ETF,SHARES,N/A,TRADEABLE,Currency
EMLCUS,SI.D.EMLCUS.CASH.IP,Market Vectors Emerging Markets Local Currency Bond ETF,SHARES,N/A,TRADEABLE,Currency
HEEMUS,SI.D.HEEMUS.CASH.IP,iShares Currency Hedged MSCI Emerging Markets ETF,SHARES,N/A,TRADEABLE,Currency
BWETUS,SI.D.BWETUS.CASH.IP,Amplify Commodity Trust,SHARES,N/A,TRADEABLE,Commodity
CMODLN,KA.D.CMODLN.CASH.IP,Invesco Bloomberg Commodity UCITS ETF,SHARES,N/A,EDITS_ONLY,Commodity
CMOPLN,KA.D.CMOPLN.CASH.IP,Invesco Bloomberg Commodity UCITS ETF (GBp),SHARES,N/A,EDITS_ONLY,Commodity
CANEUS,SI.D.CANEUS.CASH.IP,Teucrium Commodity Trust - Teucrium Sugar Fund,SHARES,N/A,TRADEABLE,Commodity
USCIUS,SI.D.USCIUS.CASH.IP,United States Commodity Index Fund,SHARES,N/A,TRADEABLE,Commodity
WCRVLN,KA.D.WCRVLN.CASH.IP,WisdomTree Enhanced Commodity Carry,SHARES,N/A,EDITS_ONLY,Commodity
GCCUS,SI.D.GCCUS.CASH.IP,WisdomTree Enhanced Commodity Strategy Fund,SHARES,N/A,TRADEABLE,Commodity
WCOGLN,KA.D.WCOGLN.CASH.IP,WisdomTree Enhanced Commodity UCITS ETF - USD,SHARES,N/A,EDITS_ONLY,Commodity
WCOBLN,KA.D.WCOBLN.CASH.IP,WisdomTree Enhanced Commodity UCITS ETF -USD,SHARES,N/A,EDITS_ONLY,Commodity
COMMLN,KA.D.COMMLN.CASH.IP,iShares Diversified Commodity Swap UCITS ETF,SHARES,N/A,EDITS_ONLY,Commodity
ICOMLN,KA.D.ICOMLN.CASH.IP,iShares Diversified Commodity Swap UCITS ETF (USD),SHARES,N/A,EDITS_ONLY,Commodity
COMBUS,SI.D.COMBUS.CASH.IP,GraniteShares Bloomberg Commodity Broad Strategy No K-1 ETF,SHARES,N/A,TRADEABLE,Commodity
SOYBUS,SI.D.SOYBUS.CASH.IP,Teucrium Commodity Trust - Teucrium Soybean Fund,SHARES,N/A,TRADEABLE,Commodity
BCIUS,SI.D.BCIUS.CASH.IP,abrdn Bloomberg All Commodity Strategy K-1 Free ETF,SHARES,N/A,TRADEABLE,Commodity
CRBLLN,KA.D.CRBLLN.CASH.IP,Amundi Bloomberg Equal-weight Commodity ex-Agriculture UCITS ETF Acc,SHARES,N/A,EDITS_ONLY,Commodity
CRALLN,KA.D.CRALLN.CASH.IP,Lyxor Bloomberg Equal weight Commodity ex Agriculture UCITS ETF,SHARES,N/A,CLOSED,Commodity
CRAULN,KA.D.CRAULN.CASH.IP,Lyxor Bloomberg Equal weight Commodity ex Agriculture UCITS ETF - USD,SHARES,N/A,CLOSED,Commodity
RICILN,KA.D.RICILN.CASH.IP,Market Access Rogers International Commodity Index UCITS ETF,SHARES,N/A,EDITS_ONLY,Commodity
ROLGLN,KA.D.ROLGLN.CASH.IP,iShares Bloomberg Enhanced Roll Yield Commodity Swap UCITS ETF,SHARES,N/A,EDITS_ONLY,Commodity
EOGLN,KC.D.EOGLN.CASH.IP,Europa Oil & Gas Holdings PLC,SHARES,N/A,EDITS_ONLY,Oil
USGOUS,UD.D.USGOUS.CASH.IP,US Goldmining Inc,SHARES,N/A,TRADEABLE,Gold
IAUUS,SI.D.IAUUS.CASH.IP,iShares Gold Trust,SHARES,N/A,TRADEABLE,Gold
AAAUUS,SI.D.AAAUUS.CASH.IP,Goldman Sachs Physical Gold ETF,SHARES,N/A,TRADEABLE,Gold
BOLDLN,KA.D.BOLDLN.CASH.IP,21Shares Bitcoin Gold ETP,SHARES,N/A,EDITS_ONLY,Gold
BGHGY,ED.D.BGHGY.CASH.IP,Broadway Gold Mining Ltd,SHARES,N/A,CLOSED,Gold
KYS,KA.D.KYS.CASH.IP,China Nonferrous Gold Ltd,SHARES,N/A,CLOSED,Gold
DGQPZ,KC.D.DGQPZ.CASH.IP,Delta Gold Technologies PLC,SHARES,N/A,EDITS_ONLY,Gold
3AUSLN,KA.D.3AUSLN.CASH.IP,ETFS 3x Daily Short Gold,SHARES,N/A,CLOSED,Gold
GOLDLADD,PB.D.GOLDLADD.11.IP,Gold to be above 3806,BINARY,N/A,EDITS_ONLY,Gold
GOLDLADD,PB.D.GOLDLADD.10.IP,Gold to be above 3856,BINARY,N/A,EDITS_ONLY,Gold
GOLDLADD,PB.D.GOLDLADD.09.IP,Gold to be above 3906,BINARY,N/A,EDITS_ONLY,Gold
SOSI1FH,EB.D.SOSI1FH.CASH.IP,Sotkamo Silver AB,SHARES,N/A,EDITS_ONLY,Silver
SLVPLN,KA.D.SLVPLN.CASH.IP,Invesco Physical Silver ETC,SHARES,N/A,EDITS_ONLY,Silver
SSLVLN,KA.D.SSLVLN.CASH.IP,Invesco Physical Silver ETC (USD),SHARES,N/A,EDITS_ONLY,Silver
PAAS,UC.D.PAAS.CASH.IP,Pan American Silver Corp (24 Hours),SHARES,N/A,TRADEABLE,Silver
SCZMUS,UD.D.SCZMUS.CASH.IP,Santacruz Silver Mining Ltd,SHARES,N/A,CLOSED,Silver
PSLVUS,SI.D.PSLVUS.CASH.IP,Sprott Physical Silver Trust,SHARES,N/A,TRADEABLE,Silver
ECLSIL,KA.D.ECLSIL.CASH.IP,WisdomTree Leveraged Silver,SHARES,N/A,EDITS_ONLY,Silver
PHSPLN,KA.D.PHSPLN.CASH.IP,WisdomTree Physical Silver,SHARES,N/A,EDITS_ONLY,Silver
PHAG,KA.D.PHAG.CASH.IP,WisdomTree Physical Silver,SHARES,N/A,EDITS_ONLY,Silver
SIVRUS,SI.D.SIVRUS.CASH.IP,abrdn Silver ETF Trust,SHARES,N/A,TRADEABLE,Silver
SSLNLN,KA.D.SSLNLN.CASH.IP,iShares Physical Silver ETC,SHARES,N/A,EDITS_ONLY,Silver
ISLNLN,KA.D.ISLNLN.CASH.IP,iShares Physical Silver ETC (USD),SHARES,N/A,EDITS_ONLY,Silver
SLVUS,SI.D.SLVUS.CASH.IP,iShares Silver Trust (24 Hours),SHARES,N/A,TRADEABLE,Silver
SLVMLN,KA.D.SLVMLN.CASH.IP,Sprott Silver Miners and Physical Silver UCITS ETF,SHARES,N/A,EDITS_ONLY,Silver
SILGLN,KA.D.SILGLN.CASH.IP,Global X Silver Miners UCITS ETF,SHARES,N/A,EDITS_ONLY,Silver
SILVLN,KA.D.SILVLN.CASH.IP,Global X Silver Miners UCITS ETF (USD),SHARES,N/A,EDITS_ONLY,Silver
NGAFLN,KA.D.NGAFLN.CASH.IP,ETFS Longer Dated Natural Gas,SHARES,N/A,CLOSED,Gas
HGASWUS,UB.D.HGASWUS.CASH.IP,Global Gas Corp - Warrants,SHARES,N/A,OFFLINE,Gas
LOGP,KC.D.LOGP.CASH.IP,Lansdowne Oil & Gas PLC,SHARES,N/A,CLOSED,Gas
PRDLN,KC.D.PRDLN.CASH.IP,Predator Oil & Gas Holdings PLC,SHARES,N/A,EDITS_ONLY,Gas
DDGUS,SI.D.DDGUS.CASH.IP,ProShares Short Oil & Gas,SHARES,N/A,OFFLINE,Gas
ECUGAS,KA.D.ECUGAS.CASH.IP,WisdomTree Gasoline,SHARES,N/A,EDITS_ONLY,Gas
ECNGAS,KA.D.ECNGAS.CASH.IP,WisdomTree Natural Gas,SHARES,N/A,EDITS_ONLY,Gas
DRIPUS,SI.D.DRIPUS.CASH.IP,Direxion Daily S&P Oil & Gas Exp. & Prod. Bear 2X ETF,SHARES,N/A,TRADEABLE,Gas
GUSHUS,SI.D.GUSHUS.CASH.IP,Direxion Daily S&P Oil & Gas Exp. & Prod. Bull 2X ETF,SHARES,N/A,TRADEABLE,Gas
LGASLN,KA.D.LGASLN.CASH.IP,ETFS Daily Leveraged Gasoline,SHARES,N/A,CLOSED,Gas
XLE3LN,KA.D.XLE3LN.CASH.IP,Leverage Shares 3x Long Oil & Gas ETP Securities,SHARES,N/A,EDITS_ONLY,Gas
3XLELN,KA.D.3XLELN.CASH.IP,Leverage Shares 3x Long Oil & Gas ETP Securities (GBP),SHARES,N/A,EDITS_ONLY,Gas
COPPBSS,EH.D.COPPBSS.CASH.IP,Copperstone Resources AB,SHARES,N/A,CLOSED,Copper
SCOP,KA.D.SCOP.CASH.IP,ETFS Daily Short Copper,SHARES,N/A,EDITS_ONLY,Copper
GSCULN,KC.D.GSCULN.CASH.IP,Great Southern Copper plc,SHARES,N/A,EDITS_ONLY,Copper
PGMLN,KC.D.PGMLN.CASH.IP,Phoenix Copper Limited,SHARES,N/A,EDITS_ONLY,Copper
COPPUS,UA.D.COPPUS.CASH.IP,Sprott Copper Miners ETF,SHARES,N/A,TRADEABLE,Copper
COPBLN,KA.D.COPBLN.CASH.IP,WisdomTree Copper - GBp,SHARES,N/A,EDITS_ONLY,Copper
COPXLN,KA.D.COPXLN.CASH.IP,Global X Copper Miners UCITS ETF (USD),SHARES,N/A,EDITS_ONLY,Copper
COPGLN,KA.D.COPGLN.CASH.IP,Global X Copper Miners UCITS ETF - GBP,SHARES,N/A,EDITS_ONLY,Copper
COPPLN,KA.D.COPPLN.CASH.IP,Sprott Copper Miners ESG Screened UCITS ETF,SHARES,N/A,EDITS_ONLY,Copper
COPJUS,UA.D.COPJUS.CASH.IP,Sprott Junior Copper Miners ETF,SHARES,N/A,TRADEABLE,Copper
CPERUS,SI.D.CPERUS.CASH.IP,United States Copper Index Fund,SHARES,N/A,TRADEABLE,Copper
LCOPLN,KA.D.LCOPLN.CASH.IP,WisdomTree Copper 2x Daily Lev,SHARES,N/A,EDITS_ONLY,Copper
3HCLLN,KA.D.3HCLLN.CASH.IP,WisdomTree Copper 3x Daily Lev,SHARES,N/A,EDITS_ONLY,Copper
3HCSLN,KA.D.3HCSLN.CASH.IP,WisdomTree Copper 3x Daily Short,SHARES,N/A,EDITS_ONLY,Copper
MINELN,KA.D.MINELN.CASH.IP,iShares Copper Miners UCITS ETF,SHARES,N/A,EDITS_ONLY,Copper
NHMSJ,AR.D.NHMSJ.CASH.IP,Northam Platinum Ltd,SHARES,N/A,EDITS_ONLY,Platinum
SLV,KC.D.SLV.CASH.IP,Sylvania Platinum Ltd (LSE),SHARES,N/A,EDITS_ONLY,Platinum
AMSSJ,AR.D.AMSSJ.CASH.IP,Valterra Platinum Limited,SHARES,N/A,CLOSED,Platinum
VALTLN,KC.D.VALTLN.CASH.IP,Valterra Platinum Limited (Lon),SHARES,N/A,EDITS_ONLY,Platinum
PPLTUS,SI.D.PPLTUS.CASH.IP,abrdn Platinum ETF Trust,SHARES,N/A,TRADEABLE,Platinum
PLTMUS,SI.D.PLTMUS.CASH.IP,GraniteShares Platinum Trust,SHARES,N/A,TRADEABLE,Platinum
SPPPLN,KA.D.SPPPLN.CASH.IP,Invesco Physical Platinum ETC,SHARES,N/A,EDITS_ONLY,Platinum
RBPSJ,AR.D.RBPSJ.CASH.IP,Royal Bafokeng Platinum Limited,SHARES,N/A,CLOSED,Platinum
SPPPUS,SI.D.SPPPUS.CASH.IP,Sprott Physical Platinum and Palladium Trust,SHARES,N/A,TRADEABLE,Platinum
PHPT,KA.D.PHPT.CASH.IP,WisdomTree Physical Platinum,SHARES,N/A,EDITS_ONLY,Platinum
PPTXLN,KA.D.PPTXLN.CASH.IP,WisdomTree Physical Platinum -GBp,SHARES,N/A,EDITS_ONLY,Platinum
LPLALN,KA.D.LPLALN.CASH.IP,WisdomTree Platinum 2x Daily L,SHARES,N/A,EDITS_ONLY,Platinum
XPLALN,KA.D.XPLALN.CASH.IP,Xtrackers Physical Platinum ETC,SHARES,N/A,CLOSED,Platinum
SPLTLN,KA.D.SPLTLN.CASH.IP,iShares Physical Platinum ETC - SPLT,SHARES,N/A,EDITS_ONLY,Platinum
PALLUS,SI.D.PALLUS.CASH.IP,abrdn Palladium ETF Trust,SHARES,N/A,TRADEABLE,Palladium
SPAPLN,KA.D.SPAPLN.CASH.IP,Invesco Physical Palladium ETC,SHARES,N/A,EDITS_ONLY,Palladium
2PALLN,KA.D.2PALLN.CASH.IP,WisdomTree Palladium 2x Daily Leveraged,SHARES,N/A,EDITS_ONLY,Palladium
PHPD,KA.D.PHPD.CASH.IP,WisdomTree Physical Palladium,SHARES,N/A,EDITS_ONLY,Palladium
SPDMLN,KA.D.SPDMLN.CASH.IP,iShares Physical Palladium ETC - SPDM,SHARES,N/A,EDITS_ONLY,Palladium
CUSNLN,KC.D.CUSNLN.CASH.IP,Cornish Metals Plc,SHARES,N/A,EDITS_ONLY,Corn
CSODUS,UA.D.CSODUS.CASH.IP,Cornerstone OnDemand Inc,SHARES,N/A,CLOSED,Corn
CLMUS,SI.D.CLMUS.CASH.IP,Cornerstone Strategic Investment Fund Inc,SHARES,N/A,TRADEABLE,Corn
CRFUS,SI.D.CRFUS.CASH.IP,Cornerstone Total Return Fund Inc,SHARES,N/A,TRADEABLE,Corn
LCORLN,KA.D.LCORLN.CASH.IP,WisdomTree Corn 2x Daily Lever,SHARES,N/A,EDITS_ONLY,Corn
ECSOYO,KA.D.ECSOYO.CASH.IP,WisdomTree Soybean Oil,SHARES,N/A,EDITS_ONLY,Soybean
ECSOYB,KA.D.ECSOYB.CASH.IP,WisdomTree Soybeans,SHARES,N/A,EDITS_ONLY,Soybean
COFFEEBSS,EH.D.COFFEEBSS.CASH.IP,Coffee Stain Group AB,SHARES,N/A,EDITS_ONLY,Coffee
LCFELN,KA.D.LCFELN.CASH.IP,WisdomTree Leveraged Coffee,SHARES,N/A,EDITS_ONLY,Coffee
3CFLLN,KA.D.3CFLLN.CASH.IP,WisdomTree Coffee 3x Daily Lev,SHARES,N/A,EDITS_ONLY,Coffee
3SUSLN,KA.D.3SUSLN.CASH.IP,ETFS 3x Daily Short Sugar,SHARES,N/A,CLOSED,Sugar
SSUG,KA.D.SSUG.CASH.IP,ETFS Daily Short Sugar,SHARES,N/A,CLOSED,Sugar
LSUGLN,KA.D.LSUGLN.CASH.IP,WisdomTree Leveraged Sugar,SHARES,N/A,EDITS_ONLY,Sugar
3SULLN,KA.D.3SULLN.CASH.IP,WisdomTree Sugar 3x Daily Leve,SHARES,N/A,EDITS_ONLY,Sugar
BONFP,EC.D.BONFP.CASH.IP,Bonduelle S.C.A.,SHARES,N/A,EDITS_ONLY,Bond
FLTBUS,SI.D.FLTBUS.CASH.IP,Fidelity Ltd Term Bond ETF,SHARES,N/A,TRADEABLE,Bond
FBNDUS,SI.D.FBNDUS.CASH.IP,Fidelity Total Bond ETF,SHARES,N/A,TRADEABLE,Bond
VRPUS,SI.D.VRPUS.CASH.IP,Invesco Variable Rate Preferred ETF,SHARES,N/A,TRADEABLE,Rate
EQRRUS,UB.D.EQRRUS.CASH.IP,Proshares Equities For Rising Rates ETF,SHARES,N/A,OFFLINE,Rate
PFIXUS,SI.D.PFIXUS.CASH.IP,Simplify Interest Rate Hedge ETF,SHARES,N/A,TRADEABLE,Rate
RISRUS,SI.D.RISRUS.CASH.IP,FolioBeyond Alternative Income and Interest Rate Hedge ETF,SHARES,N/A,TRADEABLE,Rate
IVOLUS,SI.D.IVOLUS.CASH.IP,Quadratic Interest Rate Volatility and Inflation ETF,SHARES,N/A,TRADEABLE,Rate
TFRPLN,KA.D.TFRPLN.CASH.IP,WisdomTree USD Floating Rate Treasury Bond UCITS ETF - GBP,SHARES,N/A,EDITS_ONLY,Rate
IRCPLN,KA.D.IRCPLN.CASH.IP,iShares Euro Corporate Bond Interest Rate Hedged UCITS ETF,SHARES,N/A,EDITS_ONLY,Rate
LQDHUS,SI.D.LQDHUS.CASH.IP,iShares Interest Rate Hedged Corporate Bond ETF,SHARES,N/A,TRADEABLE,Rate
HLQDLN,KA.D.HLQDLN.CASH.IP,iShares USD Corp Bond Interest Rate Hedged UCITS ETF,SHARES,N/A,EDITS_ONLY,Rate
FLRNUS,SI.D.FLRNUS.CASH.IP,State Street SPDR Bloomberg Investment Grade Floating Rate ETF,SHARES,N/A,TRADEABLE,Rate
TBXUS,SI.D.TBXUS.CASH.IP,ProShares Short 7-10 Treasury,SHARES,N/A,TRADEABLE,Treasury
GOVTUS,SI.D.GOVTUS.CASH.IP,iShares U.S. Treasury Bond ETF,SHARES,N/A,TRADEABLE,Treasury
SWANUS,SI.D.SWANUS.CASH.IP,Amplify Blackswan Growth & Treasury Core ETF,SHARES,N/A,TRADEABLE,Treasury
US10LN,KA.D.US10LN.CASH.IP,Amundi US Treasury Bond Long Dated UCITS ETF,SHARES,N/A,EDITS_ONLY,Treasury
U10GLN,KA.D.U10GLN.CASH.IP,Amundi US Treasury Bond Long Dated UCITS ETF (GBP),SHARES,N/A,EDITS_ONLY,Treasury
TREXLN,KA.D.TREXLN.CASH.IP,Invesco US Treasury 7-10 Year UCITS ETF - Dist - USD,SHARES,N/A,EDITS_ONLY,Treasury
TIGBLN,KA.D.TIGBLN.CASH.IP,Invesco US Treasury Bond 0-1 Year UCITS ETF,SHARES,N/A,EDITS_ONLY,Treasury
TRISLN,KA.D.TRISLN.CASH.IP,Invesco US Treasury Bond 0-1 Year UCITS ETF - GBp,SHARES,N/A,EDITS_ONLY,Treasury
TBFUS,SI.D.TBFUS.CASH.IP,ProShares Short 20+ Year Treasury,SHARES,N/A,TRADEABLE,Treasury
TTTUS,SI.D.TTTUS.CASH.IP,ProShares UltraPro Short 20+ Year Treasury,SHARES,N/A,TRADEABLE,Treasury
TBTUS,SI.D.TBTUS.CASH.IP,ProShares UltraShort 20+ Year Treasury,SHARES,N/A,TRADEABLE,Treasury
TRSYLN,KA.D.TRSYLN.CASH.IP,SPDR Bloomberg U.S. Treasury Bond UCITS ETF,SHARES,N/A,EDITS_ONLY,Treasury
SCHRUS,SI.D.SCHRUS.CASH.IP,Schwab Intermediate-Term U.S. Treasury ETF,SHARES,N/A,TRADEABLE,Treasury
SCHOUS,SI.D.SCHOUS.CASH.IP,Schwab Short-Term U.S. Treasury ETF,SHARES,N/A,TRADEABLE,Treasury
BUCKUS,SI.D.BUCKUS.CASH.IP,Simplify Treasury Option Income ETF,SHARES,N/A,TRADEABLE,Treasury
VDSTLN,KA.D.VDSTLN.CASH.IP,Vanguard US Treasury 0-1 Year Bond UCITS ETF,SHARES,N/A,EDITS_ONLY,Treasury
VUTYLN,KA.D.VUTYLN.CASH.IP,Vanguard USD Treasury Bond UCITS ETF,SHARES,N/A,EDITS_ONLY,Treasury
IBTGLN,KA.D.IBTGLN.CASH.IP,iShares $ Treasury Bond 1-3yr UCITS ETF,SHARES,N/A,EDITS_ONLY,Treasury
CU31LN,KA.D.CU31LN.CASH.IP,iShares $ Treasury Bond 1-3yr UCITS ETF (Acc),SHARES,N/A,EDITS_ONLY,Treasury
CBU3LN,KA.D.CBU3LN.CASH.IP,iShares $ Treasury Bond 1-3yr UCITS ETF (Acc),SHARES,N/A,EDITS_ONLY,Treasury
CBU7LN,KA.D.CBU7LN.CASH.IP,iShares $ Treasury Bond 3-7yr UCITS ETF (Acc),SHARES,N/A,EDITS_ONLY,Treasury
CU71LN,KA.D.CU71LN.CASH.IP,iShares $ Treasury Bond 3-7yr UCITS ETF (Acc),SHARES,N/A,EDITS_ONLY,Treasury
CBU0LN,KA.D.CBU0LN.CASH.IP,iShares $ Treasury Bond 7-10yr UCITS ETF (Acc),SHARES,N/A,EDITS_ONLY,Treasury
IBTMLN,KA.D.IBTMLN.CASH.IP,iShares $ Treasury Bond 7-10yr UCITS ETF USD (Dist),SHARES,N/A,EDITS_ONLY,Treasury
SGOVUS,SI.D.SGOVUS.CASH.IP,iShares 0-3 Month Treasury Bond ETF,SHARES,N/A,TRADEABLE,Treasury
SHYUS,SI.D.SHYUS.CASH.IP,iShares 1-3 Year Treasury Bond ETF,SHARES,N/A,TRADEABLE,Treasury
TLTUS,SI.D.TLTUS.CASH.IP,iShares 20+ Year Treasury Bond ETF (24 Hours),SHARES,N/A,TRADEABLE,Treasury
IEFUS,SI.D.IEFUS.CASH.IP,iShares 7-10 Year Treasury Bond ETF,SHARES,N/A,TRADEABLE,Treasury
SHVUS,SI.D.SHVUS.CASH.IP,iShares Short Treasury Bond ETF,SHARES,N/A,OFFLINE,Treasury
IB01LN,KA.D.IB01LN.CASH.IP,iShares USD Treasury Bond 0-1yr UCITS ETF (ACC) - USD,SHARES,N/A,EDITS_ONLY,Treasury
IBTULN,KA.D.IBTULN.CASH.IP,iShares USD Treasury Bond 0-1yr UCITS ETF (DIST) - USD,SHARES,N/A,EDITS_ONLY,Treasury
ASIAUS,SI.D.ASIAUS.CASH.IP,Matthews Pacific Tiger Active ETF,SHARES,N/A,OFFLINE,Asia
5ABGY,ED.D.5ABGY.CASH.IP,Asian Bamboo AG,SHARES,N/A,CLOSED,Asia
AAZ,KC.D.AAZ.CASH.IP,Anglo Asian Mining PLC,SHARES,N/A,EDITS_ONLY,Asia
KLGLN,KC.D.KLGLN.CASH.IP,Asiamet Resources Ltd,SHARES,N/A,EDITS_ONLY,Asia
CAMLLN,KA.D.CAMLLN.CASH.IP,Central Asia Metals PLC,SHARES,N/A,EDITS_ONLY,Asia
LBELN,KA.D.LBELN.CASH.IP,Seascape Energy Asia plc,SHARES,N/A,EDITS_ONLY,Asia
CEMALN,KA.D.CEMALN.CASH.IP,iShares MSCI EM Asia UCITS ETF,SHARES,N/A,EDITS_ONLY,Asia
CEA1LN,KA.D.CEA1LN.CASH.IP,iShares MSCI EM Asia UCITS ETF,SHARES,N/A,EDITS_ONLY,Asia
AAIF,KA.D.AAIF.CASH.IP,Aberdeen Asian Income Fund Ltd,SHARES,N/A,EDITS_ONLY,Asia
AASGLN,KA.D.AASGLN.CASH.IP,Amundi Msci EM Asia UCITS ETF - USD,SHARES,N/A,EDITS_ONLY,Asia
HPI,KA.D.HPI.CASH.IP,Asian Total Return Investment Company PLC,SHARES,N/A,EDITS_ONLY,Asia
FRQXLN,KA.D.FRQXLN.CASH.IP,Franklin LibertyQ AC Asia ex Japan UCITS ETF,SHARES,N/A,EDITS_ONLY,Asia
JAILN,KA.D.JAILN.CASH.IP,JPMorgan Asia Growth & Income PLC,SHARES,N/A,EDITS_ONLY,Asia
LGAGLN,KA.D.LGAGLN.CASH.IP,L&G Asia Pacific ex Japan Equity UCITS ETF,SHARES,N/A,EDITS_ONLY,Asia
SDP,KA.D.SDP.CASH.IP,Schroder AsiaPacific Fund PLC,SHARES,N/A,EDITS_ONLY,Asia
IDAPLN,KA.D.IDAPLN.CASH.IP,iShares Asia Pacific Dividend UCITS ETF USD (Dist),SHARES,N/A,EDITS_ONLY,Asia
IAPDLN,KA.D.IAPDLN.CASH.IP,iShares Asia Pacific Dividend UCITS ETF USD (Dist),SHARES,N/A,EDITS_ONLY,Asia
IASPLN,KA.D.IASPLN.CASH.IP,iShares Asia Property Yield UCITS ETF USD (Dist),SHARES,N/A,EDITS_ONLY,Asia
AAXJUS,UA.D.AAXJUS.CASH.IP,iShares MSCI All Country Asia ex Japan ETF,SHARES,N/A,TRADEABLE,Asia
AAS,KA.D.AAS.CASH.IP,Aberdeen Asian Smaller Companies Investment Trust PLC,SHARES,N/A,EDITS_ONLY,Asia
HSXDLN,KA.D.HSXDLN.CASH.IP,HSBC Asia Pacific ex Japan Sustainable Equity UCITS ETF,SHARES,N/A,EDITS_ONLY,Asia
KCCBUS,SI.D.KCCBUS.CASH.IP,KraneShares Asia Pacific High Income USD Bond ETF,SHARES,N/A,TRADEABLE,Asia
AEJLN,KA.D.AEJLN.CASH.IP,Lyxor MSCI AC Asia-Pacific ex Japan UCITS ETF Acc,SHARES,N/A,EDITS_ONLY,Asia
PADVLN,KA.D.PADVLN.CASH.IP,SPDR S&P Pan Asia Dividend Aristocrats UCITS ETF,SHARES,N/A,EDITS_ONLY,Asia
VDPGLN,KA.D.VDPGLN.CASH.IP,Vanguard FTSE Developed Asia Pacific ex Japan UCITS ETF (Acc),SHARES,N/A,EDITS_ONLY,Asia
VAPXLN,KA.D.VAPXLN.CASH.IP,Vanguard FTSE Developed Asia Pacific ex Japan UCITS ETF - VAPX,SHARES,N/A,EDITS_ONLY,Asia
JRAELN,KA.D.JRAELN.CASH.IP,JPMorgan AC Asia Pacific ex Japan Research Enhanced Index Eq Active UCITS ETF,SHARES,N/A,EDITS_ONLY,Asia
AJGLN,KC.D.AJGLN.CASH.IP,Atlantis Japan Growth Fund Ltd,SHARES,N/A,CLOSED,Japan
IIJI,UB.D.IIJI.CASH.IP,Internet Initiative Japan Inc - ADR,SHARES,N/A,OFFLINE,Japan
JPS,KA.D.JPS.CASH.IP,JPMorgan Japan Small Cap Growth & Income PLC,SHARES,N/A,CLOSED,Japan
JFJ,KA.D.JFJ.CASH.IP,JPMorgan Japanese Investment Trust PLC,SHARES,N/A,EDITS_ONLY,Japan
EWV,SI.D.EWV.CASH.IP,ProShares UltraShort MSCI Japan,SHARES,N/A,TRADEABLE,Japan
VJPBLN,KA.D.VJPBLN.CASH.IP,Vanguard FTSE Japan UCITS ETF - GBP,SHARES,N/A,EDITS_ONLY,Japan
VJPALN,KA.D.VJPALN.CASH.IP,Vanguard FTSE Japan UCITS ETF - USD,SHARES,N/A,CLOSED,Japan
CNELLN,KC.D.CNELLN.CASH.IP,China New Energy Ltd,SHARES,N/A,CLOSED,China
LICNUS,UB.D.LICNUS.CASH.IP,Lichen China Ltd,SHARES,N/A,TRADEABLE,China
ADMF,KA.D.ADMF.CASH.IP,Abrdn China Investment Co,SHARES,N/A,CLOSED,China
CAASUS,UA.D.CAASUS.CASH.IP,China Automotive Systems Inc,SHARES,N/A,TRADEABLE,China
JRJCUS,UB.D.JRJCUS.CASH.IP,China Finance Online Co Ltd,SHARES,N/A,CLOSED,China
CHNRUS,UA.D.CHNRUS.CASH.IP,China Natural Resources Inc,SHARES,N/A,TRADEABLE,China
CHNAUS,UA.D.CHNAUS.CASH.IP,Loncar China Biopharma ETF,SHARES,N/A,CLOSED,China
CNYALN,KA.D.CNYALN.CASH.IP,iShares MSCI China A ETF,SHARES,N/A,EDITS_ONLY,China
CHOPUS,UA.D.CHOPUS.CASH.IP,China Gerui Advanced Materials Group Ltd,SHARES,N/A,CLOSED,China
YINNUS,SI.D.YINNUS.CASH.IP,Direxion Daily FTSE China Bull 3X ETF,SHARES,N/A,TRADEABLE,China
FCSS,KA.D.FCSS.CASH.IP,Fidelity China Special Situations PLC,SHARES,N/A,EDITS_ONLY,China
FCAUS,UB.D.FCAUS.CASH.IP,First Trust China AlphaDEX Fund,SHARES,N/A,TRADEABLE,China
FLXCLN,KA.D.FLXCLN.CASH.IP,Franklin FTSE China UCITS ETF - USD,SHARES,N/A,EDITS_ONLY,China
QUADLN,KA.D.QUADLN.CASH.IP,Future of Defence Indo-Pac ex-China UCITS ETF,SHARES,N/A,EDITS_ONLY,China
QQQCUS,UC.D.QQQCUS.CASH.IP,Global X NASDAQ China Technology ETF,SHARES,N/A,CLOSED,China
FGMUS,UB.D.FGMUS.CASH.IP,First Trust Germany AlphaDEX Fund,SHARES,N/A,TRADEABLE,Germany
VDXXLN,KA.D.VDXXLN.CASH.IP,Vanguard Germany All Cap UCITS ETF,SHARES,N/A,EDITS_ONLY,Germany
EOWDAX,PB.D.EOWDAX.DOW20.IP,Germany 40 Cash to be above 23700.0,BINARY,N/A,TRADEABLE,Germany
EOWDAX,PB.D.EOWDAX.DOW19.IP,Germany 40 Cash to be above 24000.0,BINARY,N/A,TRADEABLE,Germany
EOWDAX,PB.D.EOWDAX.DOW18.IP,Germany 40 Cash to be above 24300.0,BINARY,N/A,TRADEABLE,Germany
EOWDAX,PB.D.EOWDAX.DOW17.IP,Germany 40 Cash to be above 24400.0,BINARY,N/A,TRADEABLE,Germany
EOWDAX,PB.D.EOWDAX.DOW16.IP,Germany 40 Cash to be above 24500.0,BINARY,N/A,TRADEABLE,Germany
EOWDAX,PB.D.EOWDAX.DOW15.IP,Germany 40 Cash to be above 24600.0,BINARY,N/A,TRADEABLE,Germany
EOWDAX,PB.D.EOWDAX.DOW14.IP,Germany 40 Cash to be above 24700.0,BINARY,N/A,TRADEABLE,Germany
EOWDAX,PB.D.EOWDAX.DOW13.IP,Germany 40 Cash to be above 24800.0,BINARY,N/A,TRADEABLE,Germany
EOWDAX,PB.D.EOWDAX.DOW12.IP,Germany 40 Cash to be above 24900.0,BINARY,N/A,TRADEABLE,Germany
EOWDAX,PB.D.EOWDAX.DOW11.IP,Germany 40 Cash to be above 25000.0,BINARY,N/A,TRADEABLE,Germany
EOWDAX,PB.D.EOWDAX.DOW10.IP,Germany 40 Cash to be above 25100.0,BINARY,N/A,TRADEABLE,Germany
EOWDAX,PB.D.EOWDAX.DOW9.IP,Germany 40 Cash to be above 25200.0,BINARY,N/A,TRADEABLE,Germany
EOWDAX,PB.D.EOWDAX.DOW8.IP,Germany 40 Cash to be above 25300.0,BINARY,N/A,TRADEABLE,Germany
EOWDAX,PB.D.EOWDAX.DOW7.IP,Germany 40 Cash to be above 25400.0,BINARY,N/A,TRADEABLE,Germany
EOWDAX,PB.D.EOWDAX.DOW6.IP,Germany 40 Cash to be above 25500.0,BINARY,N/A,TRADEABLE,Germany
EOWDAX,PB.D.EOWDAX.DOW5.IP,Germany 40 Cash to be above 25600.0,BINARY,N/A,TRADEABLE,Germany
EOWDAX,PB.D.EOWDAX.DOW4.IP,Germany 40 Cash to be above 25700.0,BINARY,N/A,TRADEABLE,Germany
EOWDAX,PB.D.EOWDAX.DOW3.IP,Germany 40 Cash to be above 25900.0,BINARY,N/A,TRADEABLE,Germany
EOWDAX,PB.D.EOWDAX.DOW2.IP,Germany 40 Cash to be above 26100.0,BINARY,N/A,TRADEABLE,Germany
EOWDAX,PB.D.EOWDAX.DOW1.IP,Germany 40 Cash to be above 26300.0,BINARY,N/A,TRADEABLE,Germany
DAXUPDN,PB.D.DAXUPDN.DOWN.IP,Germany 40 to finish down [<25124.17],BINARY,N/A,TRADEABLE,Germany
SDAXLN,KA.D.SDAXLN.CASH.IP,Leverage Shares -3x Short Germany 40 ETP Securities,SHARES,N/A,EDITS_ONLY,Germany
3DAXLN,KA.D.3DAXLN.CASH.IP,Leverage Shares 3x Long Germany 40 ETP Securities,SHARES,N/A,EDITS_ONLY,Germany
XDGMLN,KA.D.XDGMLN.CASH.IP,Xtrackers Germany Mittelstand & MidCap UCITS ETF 1D (LSE),SHARES,N/A,CLOSED,Germany
DAX0805UD,QB.D.DAX0805UD.03.IP,Germany 30 to be above 10947.00 at 8:10am,BINARY,N/A,EDITS_ONLY,Germany
DAX0805UD,QB.D.DAX0805UD.02.IP,Germany 30 to be above 10955.00 at 8:10am,BINARY,N/A,EDITS_ONLY,Germany
DAX0805UD,QB.D.DAX0805UD.01.IP,Germany 30 to be above 10963.00 at 8:10am,BINARY,N/A,EDITS_ONLY,Germany
DAX2,OP.D.DAX2.013200P.IP,Germany 40 13200 PUT,OPT_INDICES,N/A,TRADEABLE,Germany
DAX2,OP.D.DAX2.013400P.IP,Germany 40 13400 PUT,OPT_INDICES,N/A,TRADEABLE,Germany
DAX2,OP.D.DAX2.013600P.IP,Germany 40 13600 PUT,OPT_INDICES,N/A,TRADEABLE,Germany
DAX2,OP.D.DAX2.013800P.IP,Germany 40 13800 PUT,OPT_INDICES,N/A,TRADEABLE,Germany
DAX2,OP.D.DAX2.014000P.IP,Germany 40 14000 PUT,OPT_INDICES,N/A,TRADEABLE,Germany
DAX2,OP.D.DAX2.014200P.IP,Germany 40 14200 PUT,OPT_INDICES,N/A,TRADEABLE,Germany
DAX2,OP.D.DAX2.014400P.IP,Germany 40 14400 PUT,OPT_INDICES,N/A,TRADEABLE,Germany
DAX2,OP.D.DAX2.014600P.IP,Germany 40 14600 PUT,OPT_INDICES,N/A,TRADEABLE,Germany
PLXFP,EC.D.PLXFP.CASH.IP,Pluxee France SA,SHARES,N/A,EDITS_ONLY,France
FRANUS,UB.D.FRANUS.CASH.IP,Francesca's Holdings Corp,SHARES,N/A,CLOSED,France
IFRELN,KA.D.IFRELN.CASH.IP,iShares MSCI France UCITS ETF,SHARES,N/A,CLOSED,France
IFRBLN,KA.D.IFRBLN.CASH.IP,iShares France Government Bond UCITS ETF - IFRB,SHARES,N/A,CLOSED,France
ISFRLN,KA.D.ISFRLN.CASH.IP,iShares MSCI France UCITS ETF - ISFR,SHARES,N/A,EDITS_ONLY,France
CAC,PB.D.CAC.PDDN.IP,Daily France 40 to be Down  [ < 8209.09],BINARY,N/A,EDITS_ONLY,France
CAFFP,EC.D.CAFFP.CASH.IP,Caisse Regionale de Credit Agricole Mutuel de Paris et d'Ile-de-France,SHARES,N/A,EDITS_ONLY,France
CAC1,OP.D.CAC1.4800P.IP,France 40 4800 Put,OPT_INDICES,N/A,EDITS_ONLY,France
CAC1,OP.D.CAC1.5000P.IP,France 40 5000 Put,OPT_INDICES,N/A,EDITS_ONLY,France
CAC1,OP.D.CAC1.5200P.IP,France 40 5200 Put,OPT_INDICES,N/A,EDITS_ONLY,France
CAC1,OP.D.CAC1.5400P.IP,France 40 5400 Put,OPT_INDICES,N/A,EDITS_ONLY,France
CAC1,OP.D.CAC1.5600P.IP,France 40 5600 Put,OPT_INDICES,N/A,EDITS_ONLY,France
CAC1,OP.D.CAC1.5800P.IP,France 40 5800 Put,OPT_INDICES,N/A,EDITS_ONLY,France
CAC1,OP.D.CAC1.6000P.IP,France 40 6000 Put,OPT_INDICES,N/A,EDITS_ONLY,France
CAC1,OP.D.CAC1.6200P.IP,France 40 6200 Put,OPT_INDICES,N/A,EDITS_ONLY,France
CAC1,OP.D.CAC1.6400P.IP,France 40 6400 Put,OPT_INDICES,N/A,EDITS_ONLY,France
CAC3,OP.D.CAC3.6400P.IP,France 40 6400 Put,OPT_INDICES,N/A,EDITS_ONLY,France
CAC1,OP.D.CAC1.6600P.IP,France 40 6600 Put,OPT_INDICES,N/A,EDITS_ONLY,France
CAC3,OP.D.CAC3.6600P.IP,France 40 6600 Put,OPT_INDICES,N/A,EDITS_ONLY,France
CAC1,OP.D.CAC1.6700P.IP,France 40 6700 Put,OPT_INDICES,N/A,EDITS_ONLY,France
CAC2,OP.D.CAC2.6800P.IP,France 40 6800 PUT,OPT_INDICES,N/A,EDITS_ONLY,France
CAC1,OP.D.CAC1.6800P.IP,France 40 6800 Put,OPT_INDICES,N/A,EDITS_ONLY,France
CAC3,OP.D.CAC3.6800P.IP,France 40 6800 Put,OPT_INDICES,N/A,EDITS_ONLY,France
CAC1,OP.D.CAC1.6900P.IP,France 40 6900 Put,OPT_INDICES,N/A,EDITS_ONLY,France
CAC1,OP.D.CAC1.7000P.IP,France 40 7000 Put,OPT_INDICES,N/A,EDITS_ONLY,France
CAC3,OP.D.CAC3.7000P.IP,France 40 7000 Put,OPT_INDICES,N/A,EDITS_ONLY,France
CAC1,OP.D.CAC1.7100P.IP,France 40 7100 Put,OPT_INDICES,N/A,EDITS_ONLY,France
CAC2,OP.D.CAC2.7200C.IP,France 40 7200 CALL,OPT_INDICES,N/A,EDITS_ONLY,France
CAC2,OP.D.CAC2.7200P.IP,France 40 7200 PUT,OPT_INDICES,N/A,EDITS_ONLY,France
CAC1,OP.D.CAC1.7200P.IP,France 40 7200 Put,OPT_INDICES,N/A,EDITS_ONLY,France
CAC3,OP.D.CAC3.7200P.IP,France 40 7200 Put,OPT_INDICES,N/A,EDITS_ONLY,France
CAC1,OP.D.CAC1.7300P.IP,France 40 7300 Put,OPT_INDICES,N/A,EDITS_ONLY,France
CAC2,OP.D.CAC2.7400C.IP,France 40 7400 CALL,OPT_INDICES,N/A,EDITS_ONLY,France
CAC2,OP.D.CAC2.7400P.IP,France 40 7400 PUT,OPT_INDICES,N/A,EDITS_ONLY,France
CAC1,OP.D.CAC1.7400P.IP,France 40 7400 Put,OPT_INDICES,N/A,EDITS_ONLY,France
CAC3,OP.D.CAC3.7400P.IP,France 40 7400 Put,OPT_INDICES,N/A,EDITS_ONLY,France
CAC1,OP.D.CAC1.7450P.IP,France 40 7450 Put,OPT_INDICES,N/A,EDITS_ONLY,France
CAC2,OP.D.CAC2.7500C.IP,France 40 7500 CALL,OPT_INDICES,N/A,EDITS_ONLY,France
CROCUS,SI.D.CROCUS.CASH.IP,ProShares Ultrashort Australian Dollar,SHARES,N/A,CLOSED,Australia
SAUSLN,KA.D.SAUSLN.CASH.IP,iShares MSCI Australia UCITS ETF - SAUS,SHARES,N/A,EDITS_ONLY,Australia
1PMASX,PB.D.1PMASX.PDDN.IP,1pm Cash Australia 200 to fall,BINARY,N/A,EDITS_ONLY,Australia
1PMASX,PB.D.1PMASX.PDUP.IP,1pm Cash Australia 200 to rise,BINARY,N/A,EDITS_ONLY,Australia
ASX,PB.D.ASX.PDDN.IP,Daily Cash Australia 200 to fall (<0.0),BINARY,N/A,EDITS_ONLY,Australia
ASX,PB.D.ASX.PDUP.IP,Daily Cash Australia 200 to rise (>0.0),BINARY,N/A,EDITS_ONLY,Australia
EOWAUPDN,PB.D.EOWAUPDN.DOWN.IP,Weekly Cash Australia 200 down [<8731.7],BINARY,N/A,EDITS_ONLY,Australia
EOWASXLAD,PB.D.EOWASXLAD.20.IP,Weekly Cash Australia 200 to be above 8250,BINARY,N/A,EDITS_ONLY,Australia
EOWASXLAD,PB.D.EOWASXLAD.19.IP,Weekly Cash Australia 200 to be above 8300,BINARY,N/A,EDITS_ONLY,Australia
EOWASXLAD,PB.D.EOWASXLAD.18.IP,Weekly Cash Australia 200 to be above 8340,BINARY,N/A,EDITS_ONLY,Australia
EOWASXLAD,PB.D.EOWASXLAD.17.IP,Weekly Cash Australia 200 to be above 8380,BINARY,N/A,EDITS_ONLY,Australia
EOWASXLAD,PB.D.EOWASXLAD.16.IP,Weekly Cash Australia 200 to be above 8460,BINARY,N/A,EDITS_ONLY,Australia
EOWASXLAD,PB.D.EOWASXLAD.15.IP,Weekly Cash Australia 200 to be above 8500,BINARY,N/A,EDITS_ONLY,Australia
EOWASXLAD,PB.D.EOWASXLAD.14.IP,Weekly Cash Australia 200 to be above 8540,BINARY,N/A,EDITS_ONLY,Australia
EOWASXLAD,PB.D.EOWASXLAD.13.IP,Weekly Cash Australia 200 to be above 8580,BINARY,N/A,EDITS_ONLY,Australia
EOWASXLAD,PB.D.EOWASXLAD.PDUP12.IP,Weekly Cash Australia 200 to be above 8620,BINARY,N/A,EDITS_ONLY,Australia
EOWASXLAD,PB.D.EOWASXLAD.PDUP11.IP,Weekly Cash Australia 200 to be above 8660,BINARY,N/A,EDITS_ONLY,Australia
EOWASXLAD,PB.D.EOWASXLAD.PDUP10.IP,Weekly Cash Australia 200 to be above 8700,BINARY,N/A,EDITS_ONLY,Australia
EOWASXLAD,PB.D.EOWASXLAD.PDUP9.IP,Weekly Cash Australia 200 to be above 8740,BINARY,N/A,EDITS_ONLY,Australia
EOWASXLAD,PB.D.EOWASXLAD.PDUP8.IP,Weekly Cash Australia 200 to be above 8780,BINARY,N/A,EDITS_ONLY,Australia
EOWASXLAD,PB.D.EOWASXLAD.PDUP7.IP,Weekly Cash Australia 200 to be above 8820,BINARY,N/A,EDITS_ONLY,Australia
SRSCUS,UD.D.SRSCUS.CASH.IP,Sears Canada Inc (US),SHARES,N/A,OFFLINE,Canada
CSCALN,KA.D.CSCALN.CASH.IP,iShares MSCI Canada UCITS ETF,SHARES,N/A,EDITS_ONLY,Canada
CCAULN,KA.D.CCAULN.CASH.IP,iShares MSCI Canada UCITS ETF,SHARES,N/A,EDITS_ONLY,Canada
CANIM,EF.D.CANIM.CASH.IP,Multi Units Luxembourg - Lyxor MSCI Canada UCITS ETF,SHARES,N/A,CLOSED,Canada
CSWGLN,KA.D.CSWGLN.CASH.IP,Amundi Msci Switzerland UCITS ETF,SHARES,N/A,EDITS_ONLY,Switzerland
FSZUS,UB.D.FSZUS.CASH.IP,First Trust Switzerland AlphaDEX Fund,SHARES,N/A,TRADEABLE,Switzerland
WOSGLN,KA.D.WOSGLN.CASH.IP,Watches of Switzerland Group PLC,SHARES,N/A,EDITS_ONLY,Switzerland
SMI,PB.D.SMI.PDDN.IP,Switzerland Blue Chip to be Down  [ < 13305.7],BINARY,N/A,EDITS_ONLY,Switzerland
SMILADDER,PB.D.SMILADDER.40.IP,Switzerland Blue Chip to be above 13015,BINARY,N/A,EDITS_ONLY,Switzerland
SMILADDER,PB.D.SMILADDER.39.IP,Switzerland Blue Chip to be above 13025,BINARY,N/A,EDITS_ONLY,Switzerland
SMILADDER,PB.D.SMILADDER.38.IP,Switzerland Blue Chip to be above 13035,BINARY,N/A,EDITS_ONLY,Switzerland
SMILADDER,PB.D.SMILADDER.37.IP,Switzerland Blue Chip to be above 13045,BINARY,N/A,EDITS_ONLY,Switzerland
SMILADDER,PB.D.SMILADDER.36.IP,Switzerland Blue Chip to be above 13055,BINARY,N/A,EDITS_ONLY,Switzerland
SMILADDER,PB.D.SMILADDER.35.IP,Switzerland Blue Chip to be above 13065,BINARY,N/A,EDITS_ONLY,Switzerland
SMILADDER,PB.D.SMILADDER.34.IP,Switzerland Blue Chip to be above 13075,BINARY,N/A,EDITS_ONLY,Switzerland
SMILADDER,PB.D.SMILADDER.33.IP,Switzerland Blue Chip to be above 13085,BINARY,N/A,EDITS_ONLY,Switzerland
SMILADDER,PB.D.SMILADDER.32.IP,Switzerland Blue Chip to be above 13095,BINARY,N/A,EDITS_ONLY,Switzerland
SMILADDER,PB.D.SMILADDER.31.IP,Switzerland Blue Chip to be above 13105,BINARY,N/A,EDITS_ONLY,Switzerland
SMILADDER,PB.D.SMILADDER.30.IP,Switzerland Blue Chip to be above 13115,BINARY,N/A,EDITS_ONLY,Switzerland
SMILADDER,PB.D.SMILADDER.29.IP,Switzerland Blue Chip to be above 13125,BINARY,N/A,EDITS_ONLY,Switzerland
SMILADDER,PB.D.SMILADDER.28.IP,Switzerland Blue Chip to be above 13135,BINARY,N/A,EDITS_ONLY,Switzerland
SMILADDER,PB.D.SMILADDER.27.IP,Switzerland Blue Chip to be above 13145,BINARY,N/A,EDITS_ONLY,Switzerland
SMILADDER,PB.D.SMILADDER.26.IP,Switzerland Blue Chip to be above 13155,BINARY,N/A,EDITS_ONLY,Switzerland
SMILADDER,PB.D.SMILADDER.25.IP,Switzerland Blue Chip to be above 13165,BINARY,N/A,EDITS_ONLY,Switzerland
SMILADDER,PB.D.SMILADDER.24.IP,Switzerland Blue Chip to be above 13175,BINARY,N/A,EDITS_ONLY,Switzerland
SMILADDER,PB.D.SMILADDER.23.IP,Switzerland Blue Chip to be above 13185,BINARY,N/A,EDITS_ONLY,Switzerland
SMILADDER,PB.D.SMILADDER.22.IP,Switzerland Blue Chip to be above 13195,BINARY,N/A,EDITS_ONLY,Switzerland
SMILADDER,PB.D.SMILADDER.21.IP,Switzerland Blue Chip to be above 13205,BINARY,N/A,EDITS_ONLY,Switzerland
SMILADDER,PB.D.SMILADDER.20.IP,Switzerland Blue Chip to be above 13215,BINARY,N/A,EDITS_ONLY,Switzerland
SMILADDER,PB.D.SMILADDER.19.IP,Switzerland Blue Chip to be above 13225,BINARY,N/A,EDITS_ONLY,Switzerland
SMILADDER,PB.D.SMILADDER.18.IP,Switzerland Blue Chip to be above 13235,BINARY,N/A,EDITS_ONLY,Switzerland
SMILADDER,PB.D.SMILADDER.17.IP,Switzerland Blue Chip to be above 13245,BINARY,N/A,EDITS_ONLY,Switzerland
SMILADDER,PB.D.SMILADDER.16.IP,Switzerland Blue Chip to be above 13255,BINARY,N/A,EDITS_ONLY,Switzerland
SMILADDER,PB.D.SMILADDER.15.IP,Switzerland Blue Chip to be above 13265,BINARY,N/A,EDITS_ONLY,Switzerland
SMILADDER,PB.D.SMILADDER.14.IP,Switzerland Blue Chip to be above 13275,BINARY,N/A,EDITS_ONLY,Switzerland
SMILADDER,PB.D.SMILADDER.13.IP,Switzerland Blue Chip to be above 13285,BINARY,N/A,EDITS_ONLY,Switzerland
SMILADDER,PB.D.SMILADDER.12.IP,Switzerland Blue Chip to be above 13295,BINARY,N/A,EDITS_ONLY,Switzerland
SMILADDER,PB.D.SMILADDER.11.IP,Switzerland Blue Chip to be above 13305,BINARY,N/A,EDITS_ONLY,Switzerland
SMILADDER,PB.D.SMILADDER.PDUP10.IP,Switzerland Blue Chip to be above 13315,BINARY,N/A,EDITS_ONLY,Switzerland
SMILADDER,PB.D.SMILADDER.PDUP9.IP,Switzerland Blue Chip to be above 13325,BINARY,N/A,EDITS_ONLY,Switzerland
SMILADDER,PB.D.SMILADDER.PDUP8.IP,Switzerland Blue Chip to be above 13335,BINARY,N/A,EDITS_ONLY,Switzerland
SMILADDER,PB.D.SMILADDER.PDUP7.IP,Switzerland Blue Chip to be above 13345,BINARY,N/A,EDITS_ONLY,Switzerland
SMILADDER,PB.D.SMILADDER.PDUP6.IP,Switzerland Blue Chip to be above 13355,BINARY,N/A,EDITS_ONLY,Switzerland
SMILADDER,PB.D.SMILADDER.PDUP5.IP,Switzerland Blue Chip to be above 13365,BINARY,N/A,EDITS_ONLY,Switzerland
SMILADDER,PB.D.SMILADDER.PDUP4.IP,Switzerland Blue Chip to be above 13375,BINARY,N/A,EDITS_ONLY,Switzerland
SMILADDER,PB.D.SMILADDER.PDUP3.IP,Switzerland Blue Chip to be above 13385,BINARY,N/A,EDITS_ONLY,Switzerland
SMILADDER,PB.D.SMILADDER.PDUP2.IP,Switzerland Blue Chip to be above 13395,BINARY,N/A,EDITS_ONLY,Switzerland
SMILADDER,PB.D.SMILADDER.PDUP.IP,Switzerland Blue Chip to be above 13405,BINARY,N/A,EDITS_ONLY,Switzerland
FHKUS,UB.D.FHKUS.CASH.IP,First Trust Hong Kong AlphaDEX Fund,SHARES,N/A,CLOSED,Hong Kong
HKTVUS,UB.D.HKTVUS.CASH.IP,Hong Kong Television Network Ltd,SHARES,N/A,OFFLINE,Hong Kong
HKPDUS,UB.D.HKPDUS.CASH.IP,Hong Kong Pharma Digital Technology Holdings Ltd,SHARES,N/A,TRADEABLE,Hong Kong
DHS50,DO.D.DHS50.100.IP,Daily Hong Kong HS50 24900 PUT,OPT_INDICES,N/A,TRADEABLE,Hong Kong
DHS50,DO.D.DHS50.98.IP,Daily Hong Kong HS50 25000 PUT,OPT_INDICES,N/A,TRADEABLE,Hong Kong
DHS50,DO.D.DHS50.96.IP,Daily Hong Kong HS50 25100 PUT,OPT_INDICES,N/A,TRADEABLE,Hong Kong
DHS50,DO.D.DHS50.94.IP,Daily Hong Kong HS50 25200 PUT,OPT_INDICES,N/A,TRADEABLE,Hong Kong
DHS50,DO.D.DHS50.92.IP,Daily Hong Kong HS50 25260 PUT,OPT_INDICES,N/A,TRADEABLE,Hong Kong
DHS50,DO.D.DHS50.90.IP,Daily Hong Kong HS50 25300 PUT,OPT_INDICES,N/A,TRADEABLE,Hong Kong
DHS50,DO.D.DHS50.88.IP,Daily Hong Kong HS50 25340 PUT,OPT_INDICES,N/A,TRADEABLE,Hong Kong
DHS50,DO.D.DHS50.86.IP,Daily Hong Kong HS50 25380 PUT,OPT_INDICES,N/A,TRADEABLE,Hong Kong
DHS50,DO.D.DHS50.84.IP,Daily Hong Kong HS50 25420 PUT,OPT_INDICES,N/A,TRADEABLE,Hong Kong
DHS50,DO.D.DHS50.82.IP,Daily Hong Kong HS50 25460 PUT,OPT_INDICES,N/A,TRADEABLE,Hong Kong
DHS50,DO.D.DHS50.80.IP,Daily Hong Kong HS50 25500 PUT,OPT_INDICES,N/A,TRADEABLE,Hong Kong
DHS50,DO.D.DHS50.78.IP,Daily Hong Kong HS50 25540 PUT,OPT_INDICES,N/A,TRADEABLE,Hong Kong
DHS50,DO.D.DHS50.76.IP,Daily Hong Kong HS50 25580 PUT,OPT_INDICES,N/A,TRADEABLE,Hong Kong
DHS50,DO.D.DHS50.74.IP,Daily Hong Kong HS50 25620 PUT,OPT_INDICES,N/A,TRADEABLE,Hong Kong
DHS50,DO.D.DHS50.71.IP,Daily Hong Kong HS50 25660 PUT,OPT_INDICES,N/A,TRADEABLE,Hong Kong
DHS50,DO.D.DHS50.69.IP,Daily Hong Kong HS50 25700 PUT,OPT_INDICES,N/A,TRADEABLE,Hong Kong
DHS50,DO.D.DHS50.67.IP,Daily Hong Kong HS50 25740 PUT,OPT_INDICES,N/A,TRADEABLE,Hong Kong
DHS50,DO.D.DHS50.65.IP,Daily Hong Kong HS50 25780 PUT,OPT_INDICES,N/A,TRADEABLE,Hong Kong
DHS50,DO.D.DHS50.63.IP,Daily Hong Kong HS50 25820 PUT,OPT_INDICES,N/A,TRADEABLE,Hong Kong
DHS50,DO.D.DHS50.61.IP,Daily Hong Kong HS50 25860 PUT,OPT_INDICES,N/A,TRADEABLE,Hong Kong
DHS50,DO.D.DHS50.59.IP,Daily Hong Kong HS50 25900 PUT,OPT_INDICES,N/A,TRADEABLE,Hong Kong
DHS50,DO.D.DHS50.57.IP,Daily Hong Kong HS50 25920 PUT,OPT_INDICES,N/A,TRADEABLE,Hong Kong
DHS50,DO.D.DHS50.55.IP,Daily Hong Kong HS50 25940 PUT,OPT_INDICES,N/A,TRADEABLE,Hong Kong
DHS50,DO.D.DHS50.53.IP,Daily Hong Kong HS50 25960 PUT,OPT_INDICES,N/A,TRADEABLE,Hong Kong
DHS50,DO.D.DHS50.51.IP,Daily Hong Kong HS50 25980 PUT,OPT_INDICES,N/A,TRADEABLE,Hong Kong
DHS50,DO.D.DHS50.49.IP,Daily Hong Kong HS50 26000 PUT,OPT_INDICES,N/A,TRADEABLE,Hong Kong
DHS50,DO.D.DHS50.47.IP,Daily Hong Kong HS50 26020 PUT,OPT_INDICES,N/A,TRADEABLE,Hong Kong
DHS50,DO.D.DHS50.45.IP,Daily Hong Kong HS50 26040 PUT,OPT_INDICES,N/A,TRADEABLE,Hong Kong
DHS50,DO.D.DHS50.43.IP,Daily Hong Kong HS50 26060 PUT,OPT_INDICES,N/A,TRADEABLE,Hong Kong
DHS50,DO.D.DHS50.41.IP,Daily Hong Kong HS50 26080 PUT,OPT_INDICES,N/A,TRADEABLE,Hong Kong
DHS50,DO.D.DHS50.39.IP,Daily Hong Kong HS50 26100 PUT,OPT_INDICES,N/A,TRADEABLE,Hong Kong
DHS50,DO.D.DHS50.37.IP,Daily Hong Kong HS50 26140 PUT,OPT_INDICES,N/A,TRADEABLE,Hong Kong
DHS50,DO.D.DHS50.35.IP,Daily Hong Kong HS50 26180 PUT,OPT_INDICES,N/A,TRADEABLE,Hong Kong
DHS50,DO.D.DHS50.33.IP,Daily Hong Kong HS50 26220 PUT,OPT_INDICES,N/A,TRADEABLE,Hong Kong
DHS50,DO.D.DHS50.31.IP,Daily Hong Kong HS50 26260 PUT,OPT_INDICES,N/A,TRADEABLE,Hong Kong
DHS50,DO.D.DHS50.29.IP,Daily Hong Kong HS50 26300 PUT,OPT_INDICES,N/A,TRADEABLE,Hong Kong
DHS50,DO.D.DHS50.27.IP,Daily Hong Kong HS50 26340 PUT,OPT_INDICES,N/A,TRADEABLE,Hong Kong
DHS50,DO.D.DHS50.25.IP,Daily Hong Kong HS50 26380 PUT,OPT_INDICES,N/A,TRADEABLE,Hong Kong
DHS50,DO.D.DHS50.23.IP,Daily Hong Kong HS50 26420 PUT,OPT_INDICES,N/A,TRADEABLE,Hong Kong
DHS50,DO.D.DHS50.21.IP,Daily Hong Kong HS50 26460 PUT,OPT_INDICES,N/A,TRADEABLE,Hong Kong
DHS50,DO.D.DHS50.19.IP,Daily Hong Kong HS50 26500 PUT,OPT_INDICES,N/A,TRADEABLE,Hong Kong
SINGAPORE,PB.D.SINGAPORE.PDDN.IP,JUN Singapore Blue Chip to fall [<0.0],BINARY,N/A,EDITS_ONLY,Singapore
SINGAPORE,PB.D.SINGAPORE.PDUP.IP,JUN Singapore Blue Chip to rise [>0.0],BINARY,N/A,EDITS_ONLY,Singapore
IGC,KC.D.IGC.CASH.IP,India Capital Growth Fund Ltd,SHARES,N/A,EDITS_ONLY,India
IIPLN,KC.D.IIPLN.CASH.IP,Infrastructure India PLC,SHARES,N/A,CLOSED,India
IINDLN,KA.D.IINDLN.CASH.IP,iShares MSCI India UCITS ETF,SHARES,N/A,EDITS_ONLY,India
NDIALN,KA.D.NDIALN.CASH.IP,iShares MSCI India UCITS ETF (USD),SHARES,N/A,EDITS_ONLY,India
NII,KA.D.NII.CASH.IP,Aberdeen New India Investment Trust PLC,SHARES,N/A,EDITS_ONLY,India
CI2GLN,KA.D.CI2GLN.CASH.IP,Amundi MSCI India UCITS ETF-C USD,SHARES,N/A,EDITS_ONLY,India
INDLUS,SI.D.INDLUS.CASH.IP,Direxion Daily MSCI India Bull 2X ETF,SHARES,N/A,TRADEABLE,India
JII,KA.D.JII.CASH.IP,JPMorgan India Growth & Income Plc,SHARES,N/A,EDITS_ONLY,India
TIGGLN,KA.D.TIGGLN.CASH.IP,L&G India INR Government Bond UCITS ETF,SHARES,N/A,EDITS_ONLY,India
INDSLN,KA.D.INDSLN.CASH.IP,Leverage Shares -3x Short India ETP Securities,SHARES,N/A,EDITS_ONLY,India
3INDLN,KA.D.3INDLN.CASH.IP,Leverage Shares 3x Long India ETP Securities,SHARES,N/A,EDITS_ONLY,India
INRLLN,KA.D.INRLLN.CASH.IP,Lyxor UCITS ETF MSCI India C-USD - INRL,SHARES,N/A,EDITS_ONLY,India
INRULN,KA.D.INRULN.CASH.IP,Lyxor UCITS ETF MSCI India C-USD - INRU,SHARES,N/A,EDITS_ONLY,India
IBZLLN,KA.D.IBZLLN.CASH.IP,iShares MSCI Brazil UCITS ETF,SHARES,N/A,EDITS_ONLY,Brazil
BRZUUS,SI.D.BRZUUS.CASH.IP,Direxion Daily MSCI Brazil Bull 2X ETF,SHARES,N/A,TRADEABLE,Brazil
FBZUS,UB.D.FBZUS.CASH.IP,First Trust Brazil AlphaDEX Fund,SHARES,N/A,CLOSED,Brazil
FVUBLN,KA.D.FVUBLN.CASH.IP,Franklin FTSE Brazil UCITS ETF,SHARES,N/A,EDITS_ONLY,Brazil
UBRUS,SI.D.UBRUS.CASH.IP,ProShares Ultra MSCI Brazil Capped,SHARES,N/A,TRADEABLE,Brazil
BZQUS,SI.D.BZQUS.CASH.IP,ProShares UltraShort MSCI Brazil Capped,SHARES,N/A,TRADEABLE,Brazil
EWZSUS,UB.D.EWZSUS.CASH.IP,iShares MSCI Brazil Small-Cap ETF,SHARES,N/A,TRADEABLE,Brazil
DBBRUS,SI.D.DBBRUS.CASH.IP,Deutsche X-trackers MSCI Brazil Hedged Equity ETF,SHARES,N/A,CLOSED,Brazil
CSKRLN,KA.D.CSKRLN.CASH.IP,iShares MSCI Korea UCITS ETF (Acc),SHARES,N/A,EDITS_ONLY,Korea
KRWLLN,KA.D.KRWLLN.CASH.IP,Amundi MSCI Korea UCITS ETF - GBP,SHARES,N/A,EDITS_ONLY,Korea
KRWLN,KA.D.KRWLN.CASH.IP,Amundi MSCI Korea UCITS ETF - USD,SHARES,N/A,EDITS_ONLY,Korea
KORUUS,SI.D.KORUUS.CASH.IP,Direxion Daily MSCI South Korea Bull 3X ETF,SHARES,N/A,TRADEABLE,Korea
FLXKLN,KA.D.FLXKLN.CASH.IP,Franklin FTSE Korea UCITS ETF - USD,SHARES,N/A,EDITS_ONLY,Korea
WKOFLN,KC.D.WKOFLN.CASH.IP,Weiss Korea Opportunity Fund Limited,SHARES,N/A,CLOSED,Korea
XKS2LN,KA.D.XKS2LN.CASH.IP,Xtrackers MSCI Korea UCITS ETF 1C,SHARES,N/A,EDITS_ONLY,Korea
IKOR,KA.D.IKOR.CASH.IP,iShares MSCI Korea UCITS ETF USD (Dist),SHARES,N/A,EDITS_ONLY,Korea
FLXTLN,KA.D.FLXTLN.CASH.IP,Franklin FTSE Taiwan UCITS ETF,SHARES,N/A,EDITS_ONLY,Taiwan
TAI3LN,KA.D.TAI3LN.CASH.IP,Leverage Shares 3x Long Taiwan ETP Securities,SHARES,N/A,EDITS_ONLY,Taiwan
XMTWLN,KA.D.XMTWLN.CASH.IP,Xtrackers MSCI Taiwan UCITS ETF 1C,SHARES,N/A,EDITS_ONLY,Taiwan
IBEX,PB.D.IBEX.PDDN.IP,Daily Spain 35 to be Down  [ < 18272.0],BINARY,N/A,EDITS_ONLY,Spain
DIBEX,DO.D.DIBEX.69.IP,Daily Spain 35 17900 CALL,OPT_INDICES,N/A,EDITS_ONLY,Spain
DIBEX,DO.D.DIBEX.70.IP,Daily Spain 35 17900 PUT,OPT_INDICES,N/A,EDITS_ONLY,Spain
DIBEX,DO.D.DIBEX.67.IP,Daily Spain 35 17920 CALL,OPT_INDICES,N/A,EDITS_ONLY,Spain
DIBEX,DO.D.DIBEX.68.IP,Daily Spain 35 17920 PUT,OPT_INDICES,N/A,EDITS_ONLY,Spain
DIBEX,DO.D.DIBEX.65.IP,Daily Spain 35 17940 CALL,OPT_INDICES,N/A,EDITS_ONLY,Spain
DIBEX,DO.D.DIBEX.66.IP,Daily Spain 35 17940 PUT,OPT_INDICES,N/A,EDITS_ONLY,Spain
DIBEX,DO.D.DIBEX.63.IP,Daily Spain 35 17960 CALL,OPT_INDICES,N/A,EDITS_ONLY,Spain
DIBEX,DO.D.DIBEX.64.IP,Daily Spain 35 17960 PUT,OPT_INDICES,N/A,EDITS_ONLY,Spain
DIBEX,DO.D.DIBEX.61.IP,Daily Spain 35 17980 CALL,OPT_INDICES,N/A,EDITS_ONLY,Spain
DIBEX,DO.D.DIBEX.62.IP,Daily Spain 35 17980 PUT,OPT_INDICES,N/A,EDITS_ONLY,Spain
DIBEX,DO.D.DIBEX.59.IP,Daily Spain 35 18000 CALL,OPT_INDICES,N/A,EDITS_ONLY,Spain
DIBEX,DO.D.DIBEX.60.IP,Daily Spain 35 18000 PUT,OPT_INDICES,N/A,EDITS_ONLY,Spain
DIBEX,DO.D.DIBEX.57.IP,Daily Spain 35 18020 CALL,OPT_INDICES,N/A,EDITS_ONLY,Spain
DIBEX,DO.D.DIBEX.58.IP,Daily Spain 35 18020 PUT,OPT_INDICES,N/A,EDITS_ONLY,Spain
DIBEX,DO.D.DIBEX.55.IP,Daily Spain 35 18040 CALL,OPT_INDICES,N/A,EDITS_ONLY,Spain
DIBEX,DO.D.DIBEX.56.IP,Daily Spain 35 18040 PUT,OPT_INDICES,N/A,EDITS_ONLY,Spain
DIBEX,DO.D.DIBEX.53.IP,Daily Spain 35 18060 CALL,OPT_INDICES,N/A,EDITS_ONLY,Spain
DIBEX,DO.D.DIBEX.54.IP,Daily Spain 35 18060 PUT,OPT_INDICES,N/A,EDITS_ONLY,Spain
DIBEX,DO.D.DIBEX.51.IP,Daily Spain 35 18080 CALL,OPT_INDICES,N/A,EDITS_ONLY,Spain
DIBEX,DO.D.DIBEX.52.IP,Daily Spain 35 18080 PUT,OPT_INDICES,N/A,EDITS_ONLY,Spain
DIBEX,DO.D.DIBEX.49.IP,Daily Spain 35 18100 CALL,OPT_INDICES,N/A,EDITS_ONLY,Spain
DIBEX,DO.D.DIBEX.50.IP,Daily Spain 35 18100 PUT,OPT_INDICES,N/A,EDITS_ONLY,Spain
DIBEX,DO.D.DIBEX.47.IP,Daily Spain 35 18120 CALL,OPT_INDICES,N/A,EDITS_ONLY,Spain
DIBEX,DO.D.DIBEX.48.IP,Daily Spain 35 18120 PUT,OPT_INDICES,N/A,EDITS_ONLY,Spain
DIBEX,DO.D.DIBEX.45.IP,Daily Spain 35 18140 CALL,OPT_INDICES,N/A,EDITS_ONLY,Spain
DIBEX,DO.D.DIBEX.46.IP,Daily Spain 35 18140 PUT,OPT_INDICES,N/A,EDITS_ONLY,Spain
DIBEX,DO.D.DIBEX.43.IP,Daily Spain 35 18160 CALL,OPT_INDICES,N/A,EDITS_ONLY,Spain
DIBEX,DO.D.DIBEX.44.IP,Daily Spain 35 18160 PUT,OPT_INDICES,N/A,EDITS_ONLY,Spain
DIBEX,DO.D.DIBEX.41.IP,Daily Spain 35 18180 CALL,OPT_INDICES,N/A,EDITS_ONLY,Spain
DIBEX,DO.D.DIBEX.42.IP,Daily Spain 35 18180 PUT,OPT_INDICES,N/A,EDITS_ONLY,Spain
DIBEX,DO.D.DIBEX.39.IP,Daily Spain 35 18200 CALL,OPT_INDICES,N/A,EDITS_ONLY,Spain
DIBEX,DO.D.DIBEX.40.IP,Daily Spain 35 18200 PUT,OPT_INDICES,N/A,EDITS_ONLY,Spain
DIBEX,DO.D.DIBEX.37.IP,Daily Spain 35 18220 CALL,OPT_INDICES,N/A,EDITS_ONLY,Spain
DIBEX,DO.D.DIBEX.38.IP,Daily Spain 35 18220 PUT,OPT_INDICES,N/A,EDITS_ONLY,Spain
DIBEX,DO.D.DIBEX.35.IP,Daily Spain 35 18240 CALL,OPT_INDICES,N/A,EDITS_ONLY,Spain
DIBEX,DO.D.DIBEX.36.IP,Daily Spain 35 18240 PUT,OPT_INDICES,N/A,EDITS_ONLY,Spain
DIBEX,DO.D.DIBEX.33.IP,Daily Spain 35 18260 CALL,OPT_INDICES,N/A,EDITS_ONLY,Spain
DIBEX,DO.D.DIBEX.34.IP,Daily Spain 35 18260 PUT,OPT_INDICES,N/A,EDITS_ONLY,Spain
DIBEX,DO.D.DIBEX.31.IP,Daily Spain 35 18280 CALL,OPT_INDICES,N/A,EDITS_ONLY,Spain
DIBEX,DO.D.DIBEX.32.IP,Daily Spain 35 18280 PUT,OPT_INDICES,N/A,EDITS_ONLY,Spain
DIBEX,DO.D.DIBEX.29.IP,Daily Spain 35 18300 CALL,OPT_INDICES,N/A,EDITS_ONLY,Spain
DIBEX,DO.D.DIBEX.30.IP,Daily Spain 35 18300 PUT,OPT_INDICES,N/A,EDITS_ONLY,Spain
DIBEX,DO.D.DIBEX.27.IP,Daily Spain 35 18320 CALL,OPT_INDICES,N/A,EDITS_ONLY,Spain
DIBEX,DO.D.DIBEX.28.IP,Daily Spain 35 18320 PUT,OPT_INDICES,N/A,EDITS_ONLY,Spain
EURLUS,SI.D.EURLUS.CASH.IP,Direxion Daily FTSE Europe Bull 3X ETF,SHARES,N/A,TRADEABLE,FTSE
F1213UD,PB.D.F1213UD.09.IP,FTSE 12pm-1pm to be above [10334],BINARY,N/A,EDITS_ONLY,FTSE
F1213UD,PB.D.F1213UD.08.IP,FTSE 12pm-1pm to be above [10342],BINARY,N/A,EDITS_ONLY,FTSE
F1213UD,PB.D.F1213UD.07.IP,FTSE 12pm-1pm to be above [10350],BINARY,N/A,EDITS_ONLY,FTSE
F1213UD,PB.D.F1213UD.06.IP,FTSE 12pm-1pm to be above [10358],BINARY,N/A,EDITS_ONLY,FTSE
CHDNUS,UA.D.CHDNUS.CASH.IP,Churchill Downs Inc,SHARES,N/A,TRADEABLE,Dow
DWLLN,KA.D.DWLLN.CASH.IP,Dowlais Group PLC,SHARES,N/A,CLOSED,Dow
DOG,SI.D.DOG.CASH.IP,ProShares Short Dow30,SHARES,N/A,TRADEABLE,Dow
DORELN,KC.D.DORELN.CASH.IP,Downing Renewables & Infrastructure Trust PLC,SHARES,N/A,CLOSED,Dow
FTUPDN,PB.D.FTUPDN.TEST2.IP,FTSE to finish Down [<10373.5],BINARY,N/A,TRADEABLE,Dow
PHDGUS,SI.D.PHDGUS.CASH.IP,Invesco S&P 500 Downside Hedged Portfolio,SHARES,N/A,TRADEABLE,Dow
SDOWUS,SI.D.SDOWUS.CASH.IP,ProShares UltraPro Short Dow30,SHARES,N/A,TRADEABLE,Dow
DOTUPDN,PB.D.DOTUPDN.DW1.IP,Wall St DOWN at 6pm [<0.00],BINARY,N/A,EDITS_ONLY,Dow
EOWFUPDN,PB.D.EOWFUPDN.DOWN.IP,Weekly FTSE down [< 10409.3],BINARY,N/A,TRADEABLE,Dow
OMX,PB.D.OMX.PDDN.IP,Daily Sweden 30 to be Down  [ < 3149.91],BINARY,N/A,EDITS_ONLY,Dow
DSMLN,KC.D.DSMLN.CASH.IP,Downing Strategic Micro-Cap Investment Trust PLC,SHARES,N/A,CLOSED,Dow
MIDFTUPDN,PB.D.MIDFTUPDN.TEST2.IP,FTSE DOWN at 12pm [<10373.5],BINARY,N/A,TRADEABLE,Dow
3pmFTUPDN,PB.D.3pmFTUPDN.TEST2.IP,FTSE DOWN at 3pm [<10373.5],BINARY,N/A,TRADEABLE,Dow
SPDUS,SI.D.SPDUS.CASH.IP,Simplify US Equity PLUS Downside Convexity ETF,SHARES,N/A,TRADEABLE,Dow
NAZUPDN,PB.D.NAZUPDN.DOWN.IP,US Tech 100 to finish DOWN [ <30513.9],BINARY,N/A,TRADEABLE,Dow
SPUPDN,PB.D.SPUPDN.DOWN.IP,US500 to finish DOWN [ <7599.96],BINARY,N/A,TRADEABLE,Dow
DOWUPDN,PB.D.DOWUPDN.DW1.IP,Wall St to finish DOWN [ <51078.88],BINARY,N/A,TRADEABLE,Dow
EOWDUPDN,PB.D.EOWDUPDN.DOWN.IP,Weekly Wall St down [<51032.5],BINARY,N/A,TRADEABLE,Dow
AEX,PB.D.AEX.PDDN.IP,Daily Netherlands 25 to be Down  [ < 1049.06],BINARY,N/A,EDITS_ONLY,Dow
QQQMUS,UC.D.QQQMUS.CASH.IP,Invesco Nasdaq 100 ETF,SHARES,N/A,TRADEABLE,Nasdaq
ANXGLN,KA.D.ANXGLN.CASH.IP,Amundi Nasdaq-100 Swap UCITS ETF (GBP),SHARES,N/A,EDITS_ONLY,Nasdaq
CBNDXGY,ED.D.CBNDXGY.CASH.IP,ComStage ETF Nasdaq-100 UCITS ETF,SHARES,N/A,CLOSED,Nasdaq
QYLPLN,KA.D.QYLPLN.CASH.IP,Global X Nasdaq 100 Covered Call UCITS ETF (GBP),SHARES,N/A,EDITS_ONLY,Nasdaq
QYLDLN,KA.D.QYLDLN.CASH.IP,Global X Nasdaq 100 Covered Call UCITS ETF - USD,SHARES,N/A,EDITS_ONLY,Nasdaq
HNSSLN,KA.D.HNSSLN.CASH.IP,HSBC Nasdaq Global Semiconductor UCITS ETF,SHARES,N/A,EDITS_ONLY,Nasdaq
QQQYLN,KA.D.QQQYLN.CASH.IP,IncomeShares Nasdaq 100 Options ETP,SHARES,N/A,EDITS_ONLY,Nasdaq
QQQOLN,KA.D.QQQOLN.CASH.IP,IncomeShares Nasdaq 100 Options ETP - GBP,SHARES,N/A,EDITS_ONLY,Nasdaq
EQQQLN,KA.D.EQQQLN.CASH.IP,Invesco EQQQ NASDAQ-100 UCITS ETF,SHARES,N/A,EDITS_ONLY,Nasdaq
EQGBLN,KA.D.EQGBLN.CASH.IP,Invesco EQQQ NASDAQ-100 UCITS ETF (GBP Hdg),SHARES,N/A,EDITS_ONLY,Nasdaq
EQQULN,KA.D.EQQULN.CASH.IP,Invesco EQQQ Nasdaq-100 UCITS ETF - USD,SHARES,N/A,EDITS_ONLY,Nasdaq
SBIOLN,KA.D.SBIOLN.CASH.IP,Invesco NASDAQ Biotech UCITS ETF,SHARES,N/A,EDITS_ONLY,Nasdaq
PNQIUS,UC.D.PNQIUS.CASH.IP,Invesco NASDAQ Internet Portfolio,SHARES,N/A,TRADEABLE,Nasdaq
EQQJLN,KA.D.EQQJLN.CASH.IP,Invesco NASDAQ Next Generation 100 UCITS ETF,SHARES,N/A,EDITS_ONLY,Nasdaq
EQJSLN,KA.D.EQJSLN.CASH.IP,Invesco NASDAQ Next Generation 100 UCITS ETF (GBP),SHARES,N/A,EDITS_ONLY,Nasdaq
EWQXLN,KA.D.EWQXLN.CASH.IP,Invesco NASDAQ-100 Equal Weight UCITS ETF,SHARES,N/A,EDITS_ONLY,Nasdaq
QQQJUS,UC.D.QQQJUS.CASH.IP,Invesco Nasdaq Next Gen 100 ETF,SHARES,N/A,TRADEABLE,Nasdaq
NESPLN,KA.D.NESPLN.CASH.IP,Invesco Nasdaq-100 ESG UCITS ETF,SHARES,N/A,EDITS_ONLY,Nasdaq
QQIALN,KA.D.QQIALN.CASH.IP,Invesco Nasdaq-100 Income Advantage UCITS ETF,SHARES,N/A,EDITS_ONLY,Nasdaq
EQQSLN,KA.D.EQQSLN.CASH.IP,Invesco Nasdaq-100 Swap UCITS ETF,SHARES,N/A,EDITS_ONLY,Nasdaq
EQSGLN,KA.D.EQSGLN.CASH.IP,Invesco Nasdaq-100 Swap UCITS ETF,SHARES,N/A,EDITS_ONLY,Nasdaq
USTLLN,KA.D.USTLLN.CASH.IP,Lyxor UCITS ETF Nasdaq-100 - USTL,SHARES,N/A,CLOSED,Nasdaq
XQQIUS,UD.D.XQQIUS.CASH.IP,NEOS Boosted Nasdaq-100 High Income ETF,SHARES,N/A,TRADEABLE,Nasdaq
NUSIUS,SI.D.NUSIUS.CASH.IP,NEOS Nasdaq-100 Hedged Equity Income ETF,SHARES,N/A,TRADEABLE,Nasdaq
UBIOUS,UD.D.UBIOUS.CASH.IP,ProShares UltraPro Nasdaq Biotechnology,SHARES,N/A,CLOSED,Nasdaq
LQQ3LN,KA.D.LQQ3LN.CASH.IP,WisdomTree NASDAQ 100 3x Daily,SHARES,N/A,EDITS_ONLY,Nasdaq
QQQ3LN,KA.D.QQQ3LN.CASH.IP,WisdomTree NASDAQ 100 3x Daily,SHARES,N/A,EDITS_ONLY,Nasdaq
QQQSLN,KA.D.QQQSLN.CASH.IP,WisdomTree NASDAQ 100 3x Daily  Short,SHARES,N/A,EDITS_ONLY,Nasdaq
LQQSLN,KA.D.LQQSLN.CASH.IP,WisdomTree NASDAQ 100 3x Daily Short,SHARES,N/A,EDITS_ONLY,Nasdaq
XNAQLN,KA.D.XNAQLN.CASH.IP,Xtrackers NASDAQ 100 UCITS ETF - GBP,SHARES,N/A,EDITS_ONLY,Nasdaq
DS2PLN,KA.D.DS2PLN.CASH.IP,L&G DAX(r) Daily 2x Short UCITS ETF - GBp,SHARES,N/A,EDITS_ONLY,DAX
NXKULN,KA.D.NXKULN.CASH.IP,Nikkei 225 USD-Hedged UCITS ETF,SHARES,N/A,CLOSED,Nikkei
XDJPLN,KA.D.XDJPLN.CASH.IP,Xtrackers Nikkei 225 UCITS ETF 1D,SHARES,N/A,EDITS_ONLY,Nikkei
36BYGY,ED.D.36BYGY.CASH.IP,iShares JPX-Nikkei 400 EUR Hedged UCITS ETF,SHARES,N/A,CLOSED,Nikkei
XDNGLN,KA.D.XDNGLN.CASH.IP,Xtrackers JPX-Nikkei 400 UCITS ETF 2D - GBP Hedged,SHARES,N/A,EDITS_ONLY,Nikkei
CACUS,UA.D.CACUS.CASH.IP,Camden National Corporation,SHARES,N/A,TRADEABLE,CAC
IWMIUS,SI.D.IWMIUS.CASH.IP,NEOS Russell 2000 High Income ETF,SHARES,N/A,TRADEABLE,Russell
URTYUS,SI.D.URTYUS.CASH.IP,ProShares UltraPro Russell2000,SHARES,N/A,TRADEABLE,Russell
SRTYUS,SI.D.SRTYUS.CASH.IP,ProShares UltraPro Short Russell2000,SHARES,N/A,TRADEABLE,Russell
TWMUS,SI.D.TWMUS.CASH.IP,ProShares UltraShort Russell2000,SHARES,N/A,TRADEABLE,Russell
R2USLN,KA.D.R2USLN.CASH.IP,SPDR Russell 2000 U.S. Small Cap UCITS ETF,SHARES,N/A,EDITS_ONLY,Russell
R2SCLN,KA.D.R2SCLN.CASH.IP,SPDR Russell 2000 U.S. Small Cap UCITS ETF - GBP,SHARES,N/A,EDITS_ONLY,Russell
VONGUS,UD.D.VONGUS.CASH.IP,Vanguard Russell 1000 Growth ETF,SHARES,N/A,TRADEABLE,Russell
XRSULN,KA.D.XRSULN.CASH.IP,Xtrackers Russell 2000 UCITS ETF 1C,SHARES,N/A,EDITS_ONLY,Russell
XRSGLN,KA.D.XRSGLN.CASH.IP,Xtrackers Russell 2000 UCITS ETF 1C,SHARES,N/A,EDITS_ONLY,Russell
XRMULN,KA.D.XRMULN.CASH.IP,Xtrackers Russell Midcap UCITS ETF 1C,SHARES,N/A,EDITS_ONLY,Russell
XRSSLN,KA.D.XRSSLN.CASH.IP,Xtrackers Russell Midcap UCITS ETF 1C,SHARES,N/A,EDITS_ONLY,Russell
R1GBLN,KA.D.R1GBLN.CASH.IP,iShares Russell 1000 Growth UCITS ETF,SHARES,N/A,EDITS_ONLY,Russell
R1GRLN,KA.D.R1GRLN.CASH.IP,iShares Russell 1000 Growth UCITS ETF - USD,SHARES,N/A,EDITS_ONLY,Russell
RDTEUS,SI.D.RDTEUS.CASH.IP,Roundhill Russell 2000 0DTE Covered Call Strategy ETF,SHARES,N/A,TRADEABLE,Russell
VIXLLN,KA.D.VIXLLN.CASH.IP,WisdomTree S&P 500 VIX Short-T,SHARES,N/A,EDITS_ONLY,VIX
VILXLN,KA.D.VILXLN.CASH.IP,WisdomTree S&P 500 VIX Short-T,SHARES,N/A,EDITS_ONLY,VIX
SVXYUS,SI.D.SVXYUS.CASH.IP,ProShares Short VIX Short-Term Futures ETF (24 Hours),SHARES,N/A,TRADEABLE,VIX
UVXYUS,SI.D.UVXYUS.CASH.IP,ProShares Ultra VIX Short-Term Futures ETF,SHARES,N/A,TRADEABLE,VIX
VIXMUS,SI.D.VIXMUS.CASH.IP,ProShares VIX Mid-Term Futures ETF,SHARES,N/A,TRADEABLE,VIX
VIXY,SI.D.VIXY.CASH.IP,ProShares VIX Short-Term Futures ETF (24 Hours),SHARES,N/A,TRADEABLE,VIX
ZIVUS,UD.D.ZIVUS.CASH.IP,VelocityShares Daily Inverse VIX Medium-Term ETN,SHARES,N/A,CLOSED,VIX
XIVUS,UD.D.XIVUS.CASH.IP,VelocityShares Daily Inverse VIX Short-Term ETN,SHARES,N/A,CLOSED,VIX
FEI,IR.D.FEI.FWM6.IP,Euribor (€5),RATES,N/A,TRADEABLE,EUR
FEI,IR.D.FEI.FWM7.IP,Euribor (€5),RATES,N/A,TRADEABLE,EUR
CHGBLN,KA.D.CHGBLN.CASH.IP,ETFS Short CHF Long GBP,SHARES,N/A,EDITS_ONLY,GBP
AYWEEKLY,PB.D.AYWEEKLY.EDUP15.IP,AUD/JPY to be above 11315,BINARY,N/A,TRADEABLE,JPY
AYWEEKLY,PB.D.AYWEEKLY.EDUP14.IP,AUD/JPY to be above 11340,BINARY,N/A,TRADEABLE,JPY
AYWEEKLY,PB.D.AYWEEKLY.EDUP13.IP,AUD/JPY to be above 11365,BINARY,N/A,TRADEABLE,JPY
AYWEEKLY,PB.D.AYWEEKLY.EDUP12.IP,AUD/JPY to be above 11390,BINARY,N/A,TRADEABLE,JPY
AYWEEKLY,PB.D.AYWEEKLY.EDUP11.IP,AUD/JPY to be above 11415,BINARY,N/A,TRADEABLE,JPY
AYWEEKLY,PB.D.AYWEEKLY.EDUP10.IP,AUD/JPY to be above 11440,BINARY,N/A,TRADEABLE,JPY
AYWEEKLY,PB.D.AYWEEKLY.EDUP9.IP,AUD/JPY to be above 11465,BINARY,N/A,TRADEABLE,JPY
AYWEEKLY,PB.D.AYWEEKLY.EDUP8.IP,AUD/JPY to be above 11490,BINARY,N/A,TRADEABLE,JPY
AYWEEKLY,PB.D.AYWEEKLY.EDUP7.IP,AUD/JPY to be above 11515,BINARY,N/A,TRADEABLE,AUD
AYWEEKLY,PB.D.AYWEEKLY.EDUP6.IP,AUD/JPY to be above 11540,BINARY,N/A,TRADEABLE,AUD
AYWEEKLY,PB.D.AYWEEKLY.EDUP5.IP,AUD/JPY to be above 11565,BINARY,N/A,TRADEABLE,AUD
AYWEEKLY,PB.D.AYWEEKLY.EDUP4.IP,AUD/JPY to be above 11590,BINARY,N/A,TRADEABLE,AUD
AYWEEKLY,PB.D.AYWEEKLY.EDUP3.IP,AUD/JPY to be above 11640,BINARY,N/A,TRADEABLE,AUD
AYWEEKLY,PB.D.AYWEEKLY.EDUP2.IP,AUD/JPY to be above 11690,BINARY,N/A,TRADEABLE,AUD
AYWEEKLY,PB.D.AYWEEKLY.EDUP.IP,AUD/JPY to be above 11740,BINARY,N/A,TRADEABLE,AUD
ADWEEKLY,PB.D.ADWEEKLY.PDUP20.IP,AUD/USD to be above 6930,BINARY,N/A,TRADEABLE,AUD
ADWEEKLY,PB.D.ADWEEKLY.PDUP19.IP,AUD/USD to be above 6980,BINARY,N/A,TRADEABLE,AUD
ADWEEKLY,PB.D.ADWEEKLY.PDUP18.IP,AUD/USD to be above 7005,BINARY,N/A,TRADEABLE,AUD
ADWEEKLY,PB.D.ADWEEKLY.PDUP17.IP,AUD/USD to be above 7030,BINARY,N/A,TRADEABLE,AUD
CHFLN,KC.D.CHFLN.CASH.IP,Chesterfield Resources PLC,SHARES,N/A,EDITS_ONLY,CHF
GBCHLN,KA.D.GBCHLN.CASH.IP,WisdomTree Long CHF Short GBP,SHARES,N/A,EDITS_ONLY,CHF
DSWEEKLY,PB.D.DSWEEKLY.PDUP20.IP,USD/CHF to be above 7500,BINARY,N/A,TRADEABLE,CHF
DSWEEKLY,PB.D.DSWEEKLY.PDUP19.IP,USD/CHF to be above 7600,BINARY,N/A,TRADEABLE,CHF
DSWEEKLY,PB.D.DSWEEKLY.PDUP18.IP,USD/CHF to be above 7625,BINARY,N/A,TRADEABLE,CHF
DSWEEKLY,PB.D.DSWEEKLY.PDUP17.IP,USD/CHF to be above 7650,BINARY,N/A,TRADEABLE,CHF
DSWEEKLY,PB.D.DSWEEKLY.PDUP16.IP,USD/CHF to be above 7675,BINARY,N/A,TRADEABLE,CHF
DSWEEKLY,PB.D.DSWEEKLY.PDUP15.IP,USD/CHF to be above 7700,BINARY,N/A,TRADEABLE,CHF
DSWEEKLY,PB.D.DSWEEKLY.PDUP14.IP,USD/CHF to be above 7725,BINARY,N/A,TRADEABLE,CHF
DSWEEKLY,PB.D.DSWEEKLY.PDUP13.IP,USD/CHF to be above 7750,BINARY,N/A,TRADEABLE,CHF
DSWEEKLY,PB.D.DSWEEKLY.PDUP12.IP,USD/CHF to be above 7775,BINARY,N/A,TRADEABLE,CHF
DSWEEKLY,PB.D.DSWEEKLY.PDUP11.IP,USD/CHF to be above 7800,BINARY,N/A,TRADEABLE,CHF
DSWEEKLY,PB.D.DSWEEKLY.PDUP10.IP,USD/CHF to be above 7825,BINARY,N/A,TRADEABLE,CHF
DSWEEKLY,PB.D.DSWEEKLY.PDUP9.IP,USD/CHF to be above 7850,BINARY,N/A,TRADEABLE,CHF
DSWEEKLY,PB.D.DSWEEKLY.PDUP8.IP,USD/CHF to be above 7875,BINARY,N/A,TRADEABLE,CHF
DSWEEKLY,PB.D.DSWEEKLY.PDUP7.IP,USD/CHF to be above 7900,BINARY,N/A,TRADEABLE,CHF
DSWEEKLY,PB.D.DSWEEKLY.PDUP6.IP,USD/CHF to be above 7925,BINARY,N/A,TRADEABLE,CHF
DSWEEKLY,PB.D.DSWEEKLY.PDUP5.IP,USD/CHF to be above 7950,BINARY,N/A,TRADEABLE,CHF
DSWEEKLY,PB.D.DSWEEKLY.PDUP4.IP,USD/CHF to be above 7975,BINARY,N/A,TRADEABLE,CHF
DSWEEKLY,PB.D.DSWEEKLY.PDUP3.IP,USD/CHF to be above 8000,BINARY,N/A,TRADEABLE,CHF
DSWEEKLY,PB.D.DSWEEKLY.PDUP2.IP,USD/CHF to be above 8050,BINARY,N/A,TRADEABLE,CHF
DSWEEKLY,PB.D.DSWEEKLY.PDUP.IP,USD/CHF to be above 8100,BINARY,N/A,TRADEABLE,CHF
FXDS00,FB.D.FXDS00.20.IP,USD/CHF to be above 7360 at 12am,BINARY,N/A,TRADEABLE,CHF
FXDS00,FB.D.FXDS00.19.IP,USD/CHF to be above 7410 at 12am,BINARY,N/A,TRADEABLE,CHF
FXDS00,FB.D.FXDS00.18.IP,USD/CHF to be above 7460 at 12am,BINARY,N/A,TRADEABLE,CHF
FXDS00,FB.D.FXDS00.17.IP,USD/CHF to be above 7510 at 12am,BINARY,N/A,TRADEABLE,CHF
FXDS00,FB.D.FXDS00.16.IP,USD/CHF to be above 7560 at 12am,BINARY,N/A,TRADEABLE,CHF
FXDS00,FB.D.FXDS00.15.IP,USD/CHF to be above 7610 at 12am,BINARY,N/A,TRADEABLE,CHF
FXDS00,FB.D.FXDS00.14.IP,USD/CHF to be above 7660 at 12am,BINARY,N/A,TRADEABLE,CHF
CDZI,UA.D.CDZI.CASH.IP,Cadiz Inc,SHARES,N/A,TRADEABLE,CAD
CADLN,KC.D.CADLN.CASH.IP,CADOGAN ENERGY SOLUTIONS PLC,SHARES,N/A,EDITS_ONLY,CAD
CDN,UA.D.CDN.CASH.IP,Cadence Design Systems Inc (24 Hours),SHARES,N/A,TRADEABLE,CAD
REMLN,KC.D.REMLN.CASH.IP,Cadence Minerals PLC,SHARES,N/A,EDITS_ONLY,CAD
CVKDUS,UA.D.CVKDUS.CASH.IP,Cadrenal Therapeutics Inc,SHARES,N/A,TRADEABLE,CAD
DCWEEKLY,PB.D.DCWEEKLY.PDUP20.IP,USD/CAD to be above 13500,BINARY,N/A,TRADEABLE,CAD
DCWEEKLY,PB.D.DCWEEKLY.PDUP19.IP,USD/CAD to be above 13550,BINARY,N/A,TRADEABLE,CAD
DCWEEKLY,PB.D.DCWEEKLY.PDUP18.IP,USD/CAD to be above 13600,BINARY,N/A,TRADEABLE,CAD
DCWEEKLY,PB.D.DCWEEKLY.PDUP17.IP,USD/CAD to be above 13625,BINARY,N/A,TRADEABLE,CAD
DCWEEKLY,PB.D.DCWEEKLY.PDUP16.IP,USD/CAD to be above 13650,BINARY,N/A,TRADEABLE,CAD
DCWEEKLY,PB.D.DCWEEKLY.PDUP15.IP,USD/CAD to be above 13700,BINARY,N/A,TRADEABLE,CAD
DCWEEKLY,PB.D.DCWEEKLY.PDUP14.IP,USD/CAD to be above 13725,BINARY,N/A,TRADEABLE,CAD
DCWEEKLY,PB.D.DCWEEKLY.PDUP13.IP,USD/CAD to be above 13750,BINARY,N/A,TRADEABLE,CAD
DCWEEKLY,PB.D.DCWEEKLY.PDUP12.IP,USD/CAD to be above 13775,BINARY,N/A,TRADEABLE,CAD
DCWEEKLY,PB.D.DCWEEKLY.PDUP11.IP,USD/CAD to be above 13800,BINARY,N/A,TRADEABLE,CAD
DCWEEKLY,PB.D.DCWEEKLY.PDUP10.IP,USD/CAD to be above 13825,BINARY,N/A,TRADEABLE,CAD
DCWEEKLY,PB.D.DCWEEKLY.PDUP9.IP,USD/CAD to be above 13850,BINARY,N/A,TRADEABLE,CAD
DCWEEKLY,PB.D.DCWEEKLY.PDUP8.IP,USD/CAD to be above 13875,BINARY,N/A,TRADEABLE,CAD
DCWEEKLY,PB.D.DCWEEKLY.PDUP7.IP,USD/CAD to be above 13900,BINARY,N/A,TRADEABLE,CAD
DCWEEKLY,PB.D.DCWEEKLY.PDUP6.IP,USD/CAD to be above 13925,BINARY,N/A,TRADEABLE,CAD
DCWEEKLY,PB.D.DCWEEKLY.PDUP5.IP,USD/CAD to be above 13950,BINARY,N/A,TRADEABLE,CAD
DCWEEKLY,PB.D.DCWEEKLY.PDUP4.IP,USD/CAD to be above 13975,BINARY,N/A,TRADEABLE,CAD
DCWEEKLY,PB.D.DCWEEKLY.PDUP3.IP,USD/CAD to be above 14000,BINARY,N/A,TRADEABLE,CAD
DCWEEKLY,PB.D.DCWEEKLY.PDUP2.IP,USD/CAD to be above 14050,BINARY,N/A,TRADEABLE,CAD
DCWEEKLY,PB.D.DCWEEKLY.PDUP.IP,USD/CAD to be above 14100,BINARY,N/A,TRADEABLE,CAD
MCTCLN,KA.D.MCTCLN.CASH.IP,Middlefield Canadian Enhanced Income UCITS ETF - CAD,SHARES,N/A,CLOSED,CAD
FXDC00,FB.D.FXDC00.20.IP,USD/CAD to be above 13640 at 12am,BINARY,N/A,TRADEABLE,CAD
FXDC00,FB.D.FXDC00.19.IP,USD/CAD to be above 13660 at 12am,BINARY,N/A,TRADEABLE,CAD
FXDC00,FB.D.FXDC00.18.IP,USD/CAD to be above 13680 at 12am,BINARY,N/A,TRADEABLE,CAD
FXDC00,FB.D.FXDC00.17.IP,USD/CAD to be above 13700 at 12am,BINARY,N/A,TRADEABLE,CAD
FXDC12,FB.D.FXDC12.20.IP,USD/CAD to be above 13700 at 12pm,BINARY,N/A,TRADEABLE,CAD
FXDC04,FB.D.FXDC04.20.IP,USD/CAD to be above 13710 at 4am,BINARY,N/A,TRADEABLE,CAD
NOK1V,EB.D.NOK1V.CASH.IP,Nokia OYJ (Fin),SHARES,N/A,EDITS_ONLY,NOK
NOKIAFP,EC.D.NOKIAFP.CASH.IP,Nokia Corporation,SHARES,N/A,CLOSED,NOK
NOR1V,EB.D.NOR1V.CASH.IP,Nokian Renkaat OYJ,SHARES,N/A,EDITS_ONLY,NOK
ANRJLN,KA.D.ANRJLN.CASH.IP,Amundi ETF MSCI Europe Energy UCITS ETF,SHARES,N/A,EDITS_ONLY,ETF
BITBUS,SI.D.BITBUS.CASH.IP,Bitwise Bitcoin ETF,SHARES,N/A,TRADEABLE,ETF
BATGLN,KA.D.BATGLN.CASH.IP,ETFS Battery Value-Chain Go Ucits ETF,SHARES,N/A,EDITS_ONLY,ETF
BITOUS,SI.D.BITOUS.CASH.IP,ProShares Bitcoin ETF,SHARES,N/A,TRADEABLE,ETF
IMEDUS,UB.D.IMEDUS.CASH.IP,PureFunds ETFx HealthTech ETF,SHARES,N/A,CLOSED,ETF
CMLSJ,AR.D.CMLSJ.CASH.IP,Coronation Fund Managers Ltd,SHARES,N/A,EDITS_ONLY,Fund
CRSLN,KC.D.CRSLN.CASH.IP,Crystal Amber Fund Ltd,SHARES,N/A,EDITS_ONLY,Fund
DIASJ,AR.D.DIASJ.CASH.IP,Dipula Income Fund Limited,SHARES,N/A,CLOSED,Fund
FSFLLN,KA.D.FSFLLN.CASH.IP,Foresight Solar Fund PLC,SHARES,N/A,EDITS_ONLY,Fund
GRIOLN,KC.D.GRIOLN.CASH.IP,Ground Rents Income Fund PLC,SHARES,N/A,EDITS_ONLY,Fund
ORCHLN,KC.D.ORCHLN.CASH.IP,Orchard Funding Group PLC,SHARES,N/A,EDITS_ONLY,Fund
CEFSUS,SI.D.CEFSUS.CASH.IP,Saba Closed-End Funds ETF,SHARES,N/A,TRADEABLE,Fund
MNTSLN,KA.D.MNTSLN.CASH.IP,Schiehallion Fund Ltd/The,SHARES,N/A,EDITS_ONLY,Fund
MNTCLN,KA.D.MNTCLN.CASH.IP,Schiehallion Fund Ltd/The - C,SHARES,N/A,CLOSED,Fund
TAGSUS,SI.D.TAGSUS.CASH.IP,Teucrium Agricultural Fund,SHARES,N/A,TRADEABLE,Fund
MNTNLN,KC.D.MNTNLN.CASH.IP,The Schiehallion Fund Limited,SHARES,N/A,EDITS_ONLY,Fund
TWRSJ,AR.D.TWRSJ.CASH.IP,Tower Property Fund Limited,SHARES,N/A,CLOSED,Fund
TRE,KA.D.TRE.CASH.IP,Trading Emissions PLC Fund,SHARES,N/A,CLOSED,Fund
MRCH,KA.D.MRCH.CASH.IP,Merchants Trust PLC,SHARES,N/A,EDITS_ONLY,Trust
NTRS,UC.D.NTRS.CASH.IP,Northern Trust Corp (24 Hours),SHARES,N/A,TRADEABLE,Trust
RTT,KA.D.RTT.CASH.IP,Allianz Technology Trust Plc,SHARES,N/A,EDITS_ONLY,Trust
ARTLLN,KC.D.ARTLLN.CASH.IP,Alpha Real Trust Limited,SHARES,N/A,CLOSED,Trust
BNKR,KA.D.BNKR.CASH.IP,Bankers Investment Trust PLC,SHARES,N/A,EDITS_ONLY,Trust
BIOG,KA.D.BIOG.CASH.IP,Biotech Growth Trust PLC,SHARES,N/A,EDITS_ONLY,Trust
BUT,KA.D.BUT.CASH.IP,Brunner Investment Trust PLC,SHARES,N/A,EDITS_ONLY,Trust
CNNLN,KC.D.CNNLN.CASH.IP,Caledonian Trust PLC,SHARES,N/A,CLOSED,Trust
CGT,KA.D.CGT.CASH.IP,Capital Gearing Trust PLC,SHARES,N/A,EDITS_ONLY,Trust
CGWLN,KC.D.CGWLN.CASH.IP,Chelverton Growth Trust PLC,SHARES,N/A,CLOSED,Trust
CTBIUS,UA.D.CTBIUS.CASH.IP,Community Trust Bancorp Inc,SHARES,N/A,TRADEABLE,Trust
DMGT,KA.D.DMGT.CASH.IP,Daily Mail & General Trust PLC,SHARES,N/A,CLOSED,Trust
DIVILN,KA.D.DIVILN.CASH.IP,Diverse Income Trust PLC,SHARES,N/A,SUSPENDED,Trust
EATLN,KC.D.EATLN.CASH.IP,European Assets Trust NV,SHARES,N/A,CLOSED,Trust
FRCL,KA.D.FRCL.CASH.IP,F&C Investment Trust PLC,SHARES,N/A,EDITS_ONLY,Trust
NXTGUS,UC.D.NXTGUS.CASH.IP,First Trust Indxx NextG ETF,SHARES,N/A,TRADEABLE,Trust
CARZUS,UA.D.CARZUS.CASH.IP,First Trust S- Network Future V,SHARES,N/A,TRADEABLE,Trust
MNP,KA.D.MNP.CASH.IP,Franklin Global Trust plc,SHARES,N/A,CLOSED,Trust
GRITLN,KC.D.GRITLN.CASH.IP,GRIT Investment Trust PLC,SHARES,N/A,SUSPENDED,Trust
BARUS,SI.D.BARUS.CASH.IP,Graniteshares Gold Trust,SHARES,N/A,TRADEABLE,Trust
LTCNUS,SI.D.LTCNUS.CASH.IP,Grayscale Litecoin Trust,SHARES,N/A,OFFLINE,Trust
HRI,KA.D.HRI.CASH.IP,Herald Investment Trust PLC,SHARES,N/A,EDITS_ONLY,Trust
IVPULN,KC.D.IVPULN.CASH.IP,Invesco Select Trust PLC,SHARES,N/A,CLOSED,Trust
AEWLLN,KC.D.AEWLLN.CASH.IP,Alternative Income REIT PLC,SHARES,N/A,EDITS_ONLY,REIT
STPLN,KA.D.STPLN.CASH.IP,Industrials REIT Ltd,SHARES,N/A,CLOSED,REIT
LABSLN,KC.D.LABSLN.CASH.IP,Life Science Reit PLC,SHARES,N/A,CLOSED,REIT
SIRLN,KC.D.SIRLN.CASH.IP,Secure Income REIT PLC,SHARES,N/A,CLOSED,REIT
SOHOLN,KA.D.SOHOLN.CASH.IP,Social Housing REIT plc,SHARES,N/A,EDITS_ONLY,REIT
SUPRLN,KC.D.SUPRLN.CASH.IP,Supermarket Income REIT PLC,SHARES,N/A,EDITS_ONLY,REIT
THRLLN,KC.D.THRLLN.CASH.IP,Target Healthcare REIT Ltd,SHARES,N/A,EDITS_ONLY,REIT
BBOXLN,KA.D.BBOXLN.CASH.IP,Tritax Big Box REIT Plc,SHARES,N/A,EDITS_ONLY,REIT
USRTUS,SI.D.USRTUS.CASH.IP,iShares Core US REIT ETF,SHARES,N/A,TRADEABLE,REIT
REETUS,SI.D.REETUS.CASH.IP,iShares Global REIT ETF,SHARES,N/A,TRADEABLE,REIT
ICF,SI.D.ICF.CASH.IP,iShares Select U.S. REIT ETF,SHARES,N/A,TRADEABLE,REIT
SPREUS,SI.D.SPREUS.CASH.IP,SP Funds S&P Global Reit Sharia ETF,SHARES,N/A,TRADEABLE,REIT
UKCM,KA.D.UKCM.CASH.IP,UK Commercial Property REIT Limited,SHARES,N/A,CLOSED,REIT
MORTUS,SI.D.MORTUS.CASH.IP,VanEck Vectors Mortgage REIT Income ETF,SHARES,N/A,TRADEABLE,REIT
VPNGLN,KA.D.VPNGLN.CASH.IP,Global X Data Center REITs & Digital Infrastructure UCITS ETF,SHARES,N/A,EDITS_ONLY,REIT
VPNLN,KA.D.VPNLN.CASH.IP,Global X Data Center REITs & Digital Infrastructure UCITS ETF (USD),SHARES,N/A,EDITS_ONLY,REIT
ADT1LN,KA.D.ADT1LN.CASH.IP,Adriatic Metals PLC,SHARES,N/A,CLOSED,ADR
MTFBUS,UC.D.MTFBUS.CASH.IP,Motif Bio PLC - ADR,SHARES,N/A,CLOSED,ADR
NTES,UC.D.NTES.CASH.IP,NetEase Inc - ADR,SHARES,N/A,TRADEABLE,ADR
PAYPUS,UC.D.PAYPUS.CASH.IP,PayPay Corp ADR (24 Hours),SHARES,N/A,TRADEABLE,ADR
KRKRUS,UB.D.KRKRUS.CASH.IP,36Kr Holdings Inc - ADR,SHARES,N/A,TRADEABLE,ADR
PTNQUS,SI.D.PTNQUS.CASH.IP,Pacer Trendpilot 100 ETF,SHARES,N/A,TRADEABLE,100
PSRFLN,KA.D.PSRFLN.CASH.IP,Invesco FTSE RAFI US 1000 UCITS ETF,SHARES,N/A,EDITS_ONLY,100
ASX1pLADD,PB.D.ASX1pLADD.20.IP,1pm Daily Aussie 200 to be above 8590,BINARY,N/A,EDITS_ONLY,200
ASX1pLADD,PB.D.ASX1pLADD.19.IP,1pm Daily Aussie 200 to be above 8600,BINARY,N/A,EDITS_ONLY,200
ASX1pLADD,PB.D.ASX1pLADD.18.IP,1pm Daily Aussie 200 to be above 8610,BINARY,N/A,EDITS_ONLY,200
ASX1pLADD,PB.D.ASX1pLADD.17.IP,1pm Daily Aussie 200 to be above 8620,BINARY,N/A,EDITS_ONLY,200
ASX1pLADD,PB.D.ASX1pLADD.16.IP,1pm Daily Aussie 200 to be above 8630,BINARY,N/A,EDITS_ONLY,200
ASX1pLADD,PB.D.ASX1pLADD.15.IP,1pm Daily Aussie 200 to be above 8640,BINARY,N/A,EDITS_ONLY,200
ASX1pLADD,PB.D.ASX1pLADD.14.IP,1pm Daily Aussie 200 to be above 8650,BINARY,N/A,EDITS_ONLY,200
ASX1pLADD,PB.D.ASX1pLADD.13.IP,1pm Daily Aussie 200 to be above 8660,BINARY,N/A,EDITS_ONLY,200
ASX1pLADD,PB.D.ASX1pLADD.12.IP,1pm Daily Aussie 200 to be above 8670,BINARY,N/A,EDITS_ONLY,200
ASX1pLADD,PB.D.ASX1pLADD.11.IP,1pm Daily Aussie 200 to be above 8680,BINARY,N/A,EDITS_ONLY,200
ASX1pLADD,PB.D.ASX1pLADD.PDUP10.IP,1pm Daily Aussie 200 to be above 8690,BINARY,N/A,EDITS_ONLY,200
ASX1pLADD,PB.D.ASX1pLADD.PDUP9.IP,1pm Daily Aussie 200 to be above 8700,BINARY,N/A,EDITS_ONLY,200
ASX1pLADD,PB.D.ASX1pLADD.PDUP8.IP,1pm Daily Aussie 200 to be above 8710,BINARY,N/A,EDITS_ONLY,200
ASX1pLADD,PB.D.ASX1pLADD.PDUP7.IP,1pm Daily Aussie 200 to be above 8720,BINARY,N/A,EDITS_ONLY,200
ASX1pLADD,PB.D.ASX1pLADD.PDUP6.IP,1pm Daily Aussie 200 to be above 8730,BINARY,N/A,EDITS_ONLY,200
ASX1pLADD,PB.D.ASX1pLADD.PDUP5.IP,1pm Daily Aussie 200 to be above 8740,BINARY,N/A,EDITS_ONLY,200
ASX1pLADD,PB.D.ASX1pLADD.PDUP4.IP,1pm Daily Aussie 200 to be above 8750,BINARY,N/A,EDITS_ONLY,200
ASX1pLADD,PB.D.ASX1pLADD.PDUP3.IP,1pm Daily Aussie 200 to be above 8760,BINARY,N/A,EDITS_ONLY,200
ASX1pLADD,PB.D.ASX1pLADD.PDUP2.IP,1pm Daily Aussie 200 to be above 8770,BINARY,N/A,EDITS_ONLY,200
ASX1pLADD,PB.D.ASX1pLADD.PDUP.IP,1pm Daily Aussie 200 to be above 8790,BINARY,N/A,EDITS_ONLY,200
SPX2,OP.D.SPX2.2000P.IP,US 500 2000 PUT,OPT_INDICES,N/A,OFFLINE,200
STXE4,OP.D.STXE4.2000P.IP,Eu Stocks 50 2000 PUT,OPT_INDICES,N/A,EDITS_ONLY,200
DAX4,OP.D.DAX4.020000P.IP,Germany 40 20000 PUT,OPT_INDICES,N/A,TRADEABLE,200
PSRWLN,KA.D.PSRWLN.CASH.IP,Invesco FTSE RAFI All World 3000 UCITS ETF,SHARES,N/A,EDITS_ONLY,300
NAZLAD,PB.D.NAZLAD.31.IP,US Tech 100 to be above 30015,BINARY,N/A,TRADEABLE,300
SPX2,OP.D.SPX2.3000P.IP,US 500 3000 PUT,OPT_INDICES,N/A,OFFLINE,300
GC4,OP.D.GC4.3000P.IP,Aug Gold (Aug Fut) 3000 PUT,OPT_COMMODITIES,N/A,TRADEABLE,300
STXE2,OP.D.STXE2.3000P.IP,Eu Stocks 50 3000 PUT,OPT_INDICES,N/A,EDITS_ONLY,300
STXE4,OP.D.STXE4.3000P.IP,Eu Stocks 50 3000 PUT,OPT_INDICES,N/A,EDITS_ONLY,300
GC1,OP.D.GC1.3000P.IP,Jul Gold (Aug Fut) 3000 PUT,OPT_COMMODITIES,N/A,TRADEABLE,300
NGAS1,OP.D.NGAS1.3000P.IP,Natural Gas 3000 Put,OPT_COMMODITIES,N/A,TRADEABLE,300
NGAS2,OP.D.NGAS2.3000P.IP,Natural Gas 3000 Put,OPT_COMMODITIES,N/A,TRADEABLE,300
NGAS3,OP.D.NGAS3.3000P.IP,Natural Gas 3000 Put,OPT_COMMODITIES,N/A,TRADEABLE,300
GC2,OP.D.GC2.3000P.IP,Sep Gold (Oct Fut) 3000 PUT,OPT_COMMODITIES,N/A,TRADEABLE,300
OMX1,OP.D.OMX1.3000C.IP,Sweden 30 3000 Call,OPT_INDICES,N/A,EDITS_ONLY,300
OMX2,OP.D.OMX2.3000C.IP,Sweden 30 3000 Call,OPT_INDICES,N/A,EDITS_ONLY,300
OMX1,OP.D.OMX1.3000P.IP,Sweden 30 3000 Put,OPT_INDICES,N/A,EDITS_ONLY,300
OMX2,OP.D.OMX2.3000P.IP,Sweden 30 3000 Put,OPT_INDICES,N/A,EDITS_ONLY,300
NAS4,OP.D.NAS4.30000P.IP,US Tech 100 30000 PUT,OPT_INDICES,N/A,TRADEABLE,300
NAS2,OP.D.NAS2.30000P.IP,US Tech 100 30000 PUT,OPT_INDICES,N/A,TRADEABLE,300
NAS3,OP.D.NAS3.30000P.IP,US Tech 100 30000 Put,OPT_INDICES,N/A,TRADEABLE,300
AAPL,DO.D.AAPL.49.IP,Daily Apple Inc 30000 CALL,OPT_SHARES,N/A,TRADEABLE,300
AAPL,DO.D.AAPL.50.IP,Daily Apple Inc 30000 PUT,OPT_SHARES,N/A,TRADEABLE,300
DNAS,DO.D.DNAS.159.IP,Daily US Tech 100 30000.0 CALL,OPT_INDICES,N/A,TRADEABLE,300
DNAS,DO.D.DNAS.160.IP,Daily US Tech 100 30000.0 PUT,OPT_INDICES,N/A,TRADEABLE,300
DNAS,DO.D.DNAS.157.IP,Daily US Tech 100 30010.0 CALL,OPT_INDICES,N/A,TRADEABLE,300
DNAS,DO.D.DNAS.158.IP,Daily US Tech 100 30010.0 PUT,OPT_INDICES,N/A,TRADEABLE,300
DNAS,DO.D.DNAS.155.IP,Daily US Tech 100 30020.0 CALL,OPT_INDICES,N/A,TRADEABLE,300
DNAS,DO.D.DNAS.156.IP,Daily US Tech 100 30020.0 PUT,OPT_INDICES,N/A,TRADEABLE,300
DNAS,DO.D.DNAS.153.IP,Daily US Tech 100 30030.0 CALL,OPT_INDICES,N/A,TRADEABLE,300
DNAS,DO.D.DNAS.154.IP,Daily US Tech 100 30030.0 PUT,OPT_INDICES,N/A,TRADEABLE,300
DNAS,DO.D.DNAS.151.IP,Daily US Tech 100 30040.0 CALL,OPT_INDICES,N/A,TRADEABLE,300
DNAS,DO.D.DNAS.152.IP,Daily US Tech 100 30040.0 PUT,OPT_INDICES,N/A,TRADEABLE,300
DNAS,DO.D.DNAS.149.IP,Daily US Tech 100 30050.0 CALL,OPT_INDICES,N/A,TRADEABLE,300
DNAS,DO.D.DNAS.150.IP,Daily US Tech 100 30050.0 PUT,OPT_INDICES,N/A,TRADEABLE,300
DNAS,DO.D.DNAS.147.IP,Daily US Tech 100 30060.0 CALL,OPT_INDICES,N/A,TRADEABLE,300
DNAS,DO.D.DNAS.148.IP,Daily US Tech 100 30060.0 PUT,OPT_INDICES,N/A,TRADEABLE,300
DNAS,DO.D.DNAS.145.IP,Daily US Tech 100 30070.0 CALL,OPT_INDICES,N/A,TRADEABLE,300
DNAS,DO.D.DNAS.146.IP,Daily US Tech 100 30070.0 PUT,OPT_INDICES,N/A,TRADEABLE,300
DNAS,DO.D.DNAS.143.IP,Daily US Tech 100 30080.0 CALL,OPT_INDICES,N/A,TRADEABLE,300
DNAS,DO.D.DNAS.144.IP,Daily US Tech 100 30080.0 PUT,OPT_INDICES,N/A,TRADEABLE,300
DNAS,DO.D.DNAS.141.IP,Daily US Tech 100 30090.0 CALL,OPT_INDICES,N/A,TRADEABLE,300
DNAS,DO.D.DNAS.142.IP,Daily US Tech 100 30090.0 PUT,OPT_INDICES,N/A,TRADEABLE,300
DAX2,OP.D.DAX2.030000C.IP,Germany 40 30000 CALL,OPT_INDICES,N/A,TRADEABLE,300
HANGSENG3,OP.D.HANGSENG3.30000C.IP,Hong Kong HS50 30000 Call,OPT_INDICES,N/A,TRADEABLE,300
NGAS1,OP.D.NGAS1.3000C.IP,Natural Gas 3000 Call,OPT_COMMODITIES,N/A,TRADEABLE,300
NGAS2,OP.D.NGAS2.3000C.IP,Natural Gas 3000 Call,OPT_COMMODITIES,N/A,TRADEABLE,300
NGAS3,OP.D.NGAS3.3000C.IP,Natural Gas 3000 Call,OPT_COMMODITIES,N/A,TRADEABLE,300
NAS4,OP.D.NAS4.30000C.IP,US Tech 100 30000 CALL,OPT_INDICES,N/A,TRADEABLE,300
NAS2,OP.D.NAS2.30000C.IP,US Tech 100 30000 CALL,OPT_INDICES,N/A,TRADEABLE,300
NAS3,OP.D.NAS3.30000C.IP,US Tech 100 30000 Call,OPT_INDICES,N/A,TRADEABLE,300
DOW3,OP.D.DOW3.30000P.IP,Wall Street 30000 PUT,OPT_INDICES,N/A,TRADEABLE,300
GOLDLADD,PB.D.GOLDLADD.07.IP,Gold to be above 4006,BINARY,N/A,EDITS_ONLY,400
SPY4LN,KA.D.SPY4LN.CASH.IP,SPDR S&P 400 US Mid Cap UCITS ETF,SHARES,N/A,EDITS_ONLY,400
SPX2,OP.D.SPX2.4000P.IP,US 500 4000 PUT,OPT_INDICES,N/A,OFFLINE,400
GC4,OP.D.GC4.4000P.IP,Aug Gold (Aug Fut) 4000 PUT,OPT_COMMODITIES,N/A,TRADEABLE,400
STXE3,OP.D.STXE3.4000P.IP,Eu Stocks 50 4000 PUT,OPT_INDICES,N/A,EDITS_ONLY,400
STXE1,OP.D.STXE1.4000P.IP,Eu Stocks 50 4000 PUT,OPT_INDICES,N/A,EDITS_ONLY,400
STXE2,OP.D.STXE2.4000P.IP,Eu Stocks 50 4000 PUT,OPT_INDICES,N/A,EDITS_ONLY,400
STXE4,OP.D.STXE4.4000P.IP,Eu Stocks 50 4000 PUT,OPT_INDICES,N/A,EDITS_ONLY,400
GC1,OP.D.GC1.4000C.IP,Jul Gold (Aug Fut) 4000 CALL,OPT_COMMODITIES,N/A,TRADEABLE,400
GC1,OP.D.GC1.4000P.IP,Jul Gold (Aug Fut) 4000 PUT,OPT_COMMODITIES,N/A,TRADEABLE,400
SI1,OP.D.SI1.4000P.IP,Jul Silver (Jul Fut) 4000 Put,OPT_COMMODITIES,N/A,TRADEABLE,400
SI3,OP.D.SI3.4000P.IP,May Silver (May Fut) 4000 Put,OPT_COMMODITIES,N/A,TRADEABLE,400
NGAS1,OP.D.NGAS1.4000P.IP,Natural Gas 4000 Put,OPT_COMMODITIES,N/A,TRADEABLE,400
GC2,OP.D.GC2.4000P.IP,Sep Gold (Oct Fut) 4000 PUT,OPT_COMMODITIES,N/A,TRADEABLE,400
OIL2,OP.D.OIL2.4000P.IP,US Crude 4000 PUT,OPT_COMMODITIES,N/A,TRADEABLE,400
OIL3,OP.D.OIL3.4000P.IP,US Crude 4000 PUT,OPT_COMMODITIES,N/A,TRADEABLE,400
GOLDWEEK,OP.D.GOLDWEEK.4000P.IP,Weekly Gold (Aug Fut) 4000 PUT,OPT_COMMODITIES,N/A,TRADEABLE,400
ALPHABET,DO.D.ALPHABET.I.IP,Daily Alphabet Inc - A 40000 CALL,OPT_SHARES,N/A,TRADEABLE,400
ALPHABET,DO.D.ALPHABET.H.IP,Daily Alphabet Inc - A 40000 PUT,OPT_SHARES,N/A,TRADEABLE,400
GCMON,OP.D.GCMON.4000C.IP,Gold Wkly Mon (Aug Fut) 4000 CALL,OPT_INDICES,N/A,TRADEABLE,400
GCMON,OP.D.GCMON.4000P.IP,Gold Wkly Mon (Aug Fut) 4000 PUT,OPT_INDICES,N/A,TRADEABLE,400
GCWED,OP.D.GCWED.4000C.IP,Gold Wkly Wed (Aug Fut) 4000 CALL,OPT_INDICES,N/A,TRADEABLE,400
GCWED,OP.D.GCWED.4000P.IP,Gold Wkly Wed (Aug Fut) 4000 PUT,OPT_INDICES,N/A,TRADEABLE,400
NGAS1,OP.D.NGAS1.4000C.IP,Natural Gas 4000 Call,OPT_COMMODITIES,N/A,TRADEABLE,400
NGAS2,OP.D.NGAS2.4000C.IP,Natural Gas 4000 Call,OPT_COMMODITIES,N/A,TRADEABLE,400
NGAS3,OP.D.NGAS3.4000C.IP,Natural Gas 4000 Call,OPT_COMMODITIES,N/A,TRADEABLE,400
DOW3,OP.D.DOW3.40000C.IP,Wall Street 40000 CALL,OPT_INDICES,N/A,TRADEABLE,400
DOW2,OP.D.DOW2.40000C.IP,Wall Street 40000 CALL,OPT_INDICES,N/A,TRADEABLE,400
DOW3,OP.D.DOW3.40000P.IP,Wall Street 40000 PUT,OPT_INDICES,N/A,TRADEABLE,400
DOW2,OP.D.DOW2.40000P.IP,Wall Street 40000 PUT,OPT_INDICES,N/A,TRADEABLE,400
DOW5,OP.D.DOW5.40000P.IP,Wall Street 40000 PUT,OPT_INDICES,N/A,TRADEABLE,400
GOLDWEEK,OP.D.GOLDWEEK.4000C.IP,Weekly Gold (Aug Fut) 4000 CALL,OPT_COMMODITIES,N/A,TRADEABLE,400
NIOUSse00400F6,ON.D.NIOUSse00400F6.CASH.IP,NIO Inc ADR 400 CALL,OPT_SHARES,N/A,TRADEABLE,400
NIOUSse00400G6,ON.D.NIOUSse00400G6.CASH.IP,NIO Inc ADR 400 CALL,OPT_SHARES,N/A,TRADEABLE,400
NIOUSse00400S6,ON.D.NIOUSse00400S6.CASH.IP,NIO Inc ADR 400 PUT,OPT_SHARES,N/A,TRADEABLE,400
NIOUSse00400R6,ON.D.NIOUSse00400R6.CASH.IP,NIO Inc ADR 400 PUT,OPT_SHARES,N/A,TRADEABLE,400
NVAXuc00400S6,ON.D.NVAXuc00400S6.CASH.IP,Novavax Inc 400 PUT,OPT_SHARES,N/A,OFFLINE,400
GOOGLub40000G6,ON.D.GOOGLub40000G6.CASH.IP,Alphabet Inc - A 40000 CALL,OPT_SHARES,N/A,TRADEABLE,400
GOOGLub40000F6,ON.D.GOOGLub40000F6.CASH.IP,Alphabet Inc - A 40000 CALL,OPT_SHARES,N/A,TRADEABLE,400
GOOGLub40000S6,ON.D.GOOGLub40000S6.CASH.IP,Alphabet Inc - A 40000 PUT,OPT_SHARES,N/A,TRADEABLE,400
GOOGLub40000R6,ON.D.GOOGLub40000R6.CASH.IP,Alphabet Inc - A 40000 PUT,OPT_SHARES,N/A,TRADEABLE,400
SPXPLN,KA.D.SPXPLN.CASH.IP,Invesco S&P 500 UCITS ETF,SHARES,N/A,EDITS_ONLY,500
SPXSLN,KA.D.SPXSLN.CASH.IP,Invesco S&P 500 UCITS ETF,SHARES,N/A,EDITS_ONLY,500
G500LN,KA.D.G500LN.CASH.IP,Invesco S&P 500 UCITS ETF (GBP),SHARES,N/A,EDITS_ONLY,500
SPYUUS,SI.D.SPYUUS.CASH.IP,MAX S&P 500 4X Leveraged ETN,SHARES,N/A,TRADEABLE,500
VUSALN,KA.D.VUSALN.CASH.IP,Vanguard S&P 500 UCITS ETF - GBP,SHARES,N/A,EDITS_ONLY,500
VUSDLN,KA.D.VUSDLN.CASH.IP,Vanguard S&P 500 UCITS ETF - USD,SHARES,N/A,EDITS_ONLY,500
VUAALN,KA.D.VUAALN.CASH.IP,Vanguard S&P 500 UCITS ETF USDA,SHARES,N/A,EDITS_ONLY,500
SPWILN,KA.D.SPWILN.CASH.IP,Wahed S&P 500 Shariah UCITS ETF,SHARES,N/A,EDITS_ONLY,500
3USLLN,KA.D.3USLLN.CASH.IP,WisdomTree S&P 500 3x Daily Le,SHARES,N/A,EDITS_ONLY,500
3ULSLN,KA.D.3ULSLN.CASH.IP,WisdomTree S&P 500 3x Daily Sh,SHARES,N/A,EDITS_ONLY,500
3USSLN,KA.D.3USSLN.CASH.IP,WisdomTree S&P 500 3x Daily Sh,SHARES,N/A,EDITS_ONLY,500
I500LN,KA.D.I500LN.CASH.IP,iShares S&P 500 Swap UCITS ETF,SHARES,N/A,EDITS_ONLY,500
SP20LN,KA.D.SP20LN.CASH.IP,iShares S&P 500 Top 20 UCITS ETF,SHARES,N/A,EDITS_ONLY,500
IUSA,KA.D.IUSA.CASH.IP,iShares S&P 500 UCITS ETF Inc,SHARES,N/A,EDITS_ONLY,500
JEPYUS,SI.D.JEPYUS.CASH.IP,Defiance S&P 500 Weekly Distribution ETF,SHARES,N/A,TRADEABLE,500
SPDNUS,SI.D.SPDNUS.CASH.IP,Direxion Daily S&P 500 Bear 1X ETF,SHARES,N/A,TRADEABLE,500
BGZUS,SI.D.BGZUS.CASH.IP,Direxion Daily S&P 500 Bear 3X ETF,SHARES,N/A,TRADEABLE,500
SPUUUS,SI.D.SPUUUS.CASH.IP,Direxion Daily S&P 500 Bull 2X ETF,SHARES,N/A,TRADEABLE,500
BGUUS,SI.D.BGUUS.CASH.IP,Direxion Daily S&P 500 Bull 3X ETF,SHARES,N/A,TRADEABLE,500
SPXGLN,KA.D.SPXGLN.CASH.IP,Franklin S&P 500 Screened UCITS ETF,SHARES,N/A,EDITS_ONLY,500
SABPLN,KA.D.SABPLN.CASH.IP,Global X S&P 500 Annual Buffer UCITS ETF,SHARES,N/A,EDITS_ONLY,500
CATHUS,UA.D.CATHUS.CASH.IP,Global X S&P 500 Catholic Values ETF,SHARES,N/A,TRADEABLE,500
XYLGUS,SI.D.XYLGUS.CASH.IP,Global X S&P 500 Covered Call & Growth ETF,SHARES,N/A,TRADEABLE,500
HSPXUS,SI.D.HSPXUS.CASH.IP,Global X S&P 500 Covered Call ETF,SHARES,N/A,TRADEABLE,500
XYLPLN,KA.D.XYLPLN.CASH.IP,Global X S&P 500 Covered Call UCITS ETF (GBP),SHARES,N/A,EDITS_ONLY,500
PBPUS,SI.D.PBPUS.CASH.IP,Invesco S&P 500 BuyWrite Portfolio,SHARES,N/A,TRADEABLE,500
SPEQLN,KA.D.SPEQLN.CASH.IP,Invesco S&P 500 Equal Weight UCITS ETF,SHARES,N/A,EDITS_ONLY,500
MEUSLN,KA.D.MEUSLN.CASH.IP,Amundi Core Stoxx Europe 600 UCITS ETF,SHARES,N/A,EDITS_ONLY,600
CB5LN,KA.D.CB5LN.CASH.IP,Amundi Stoxx Europe 600 Banks UCITS ETF,SHARES,N/A,EDITS_ONLY,600
CH5LN,KA.D.CH5LN.CASH.IP,Amundi Stoxx Europe 600 Healthcare UCITS ETF,SHARES,N/A,EDITS_ONLY,600
USMLLN,KA.D.USMLLN.CASH.IP,Invesco S&P SmallCap 600 UCITS ETF - USD,SHARES,N/A,EDITS_ONLY,600
S600LN,KA.D.S600LN.CASH.IP,Invesco STOXX Europe 600 UCITS ETF,SHARES,N/A,EDITS_ONLY,600
MEUDLN,KA.D.MEUDLN.CASH.IP,Lyxor Stoxx Europe 600 (DR) - UCITS ETF Acc,SHARES,N/A,EDITS_ONLY,600
XSPRLN,KA.D.XSPRLN.CASH.IP,Stoxx Europe 600 Basic Resources UCITS ETF,SHARES,N/A,EDITS_ONLY,600
XSDRLN,KA.D.XSDRLN.CASH.IP,Stoxx Europe 600 Health Care UCITS ETF,SHARES,N/A,EDITS_ONLY,600
XSX6LN,KA.D.XSX6LN.CASH.IP,Xtrackers Stoxx Europe 600 UCITS ETF 1C,SHARES,N/A,EDITS_ONLY,600
IJTUS,UB.D.IJTUS.CASH.IP,iShares S&P Small-Cap 600 Growth ETF,SHARES,N/A,TRADEABLE,600
IDP6LN,KA.D.IDP6LN.CASH.IP,iShares S&P SmallCap 600 UCITS ETF USD (Dist),SHARES,N/A,EDITS_ONLY,600
ISP6LN,KA.D.ISP6LN.CASH.IP,iShares S&P SmallCap 600 UCITS ETF USD (Dist),SHARES,N/A,EDITS_ONLY,600
FTSE1,OP.D.FTSE1.6000P.IP,FTSE 6000 Put,OPT_INDICES,N/A,TRADEABLE,600
X7PSLN,KA.D.X7PSLN.CASH.IP,Invesco STOXX Europe 600 Optimised Banks UCITS ETF,SHARES,N/A,EDITS_ONLY,600
X7PPLN,KA.D.X7PPLN.CASH.IP,Invesco STOXX Europe 600 Optimised Banks UCITS ETF,SHARES,N/A,EDITS_ONLY,600
SPX4,OP.D.SPX4.6000P.IP,US 500 6000 PUT,OPT_INDICES,N/A,TRADEABLE,600
GC4,OP.D.GC4.6000C.IP,Aug Gold (Aug Fut) 6000 CALL,OPT_COMMODITIES,N/A,TRADEABLE,600
GC4,OP.D.GC4.6000P.IP,Aug Gold (Aug Fut) 6000 PUT,OPT_COMMODITIES,N/A,TRADEABLE,600
STXE3,OP.D.STXE3.6000P.IP,Eu Stocks 50 6000 PUT,OPT_INDICES,N/A,EDITS_ONLY,600
STXE1,OP.D.STXE1.6000P.IP,Eu Stocks 50 6000 PUT,OPT_INDICES,N/A,EDITS_ONLY,600
STXE2,OP.D.STXE2.6000P.IP,Eu Stocks 50 6000 PUT,OPT_INDICES,N/A,EDITS_ONLY,600
STXE4,OP.D.STXE4.6000P.IP,Eu Stocks 50 6000 PUT,OPT_INDICES,N/A,EDITS_ONLY,600
NIKKEI1,OP.D.NIKKEI1.60000C.IP,Japan 225 60000 Call,OPT_INDICES,N/A,TRADEABLE,600
NIKKEI2,OP.D.NIKKEI2.60000C.IP,Japan 225 60000 Call,OPT_INDICES,N/A,TRADEABLE,600
NIKKEI1,OP.D.NIKKEI1.60000P.IP,Japan 225 60000 Put,OPT_INDICES,N/A,TRADEABLE,600
NIKKEI2,OP.D.NIKKEI2.60000P.IP,Japan 225 60000 Put,OPT_INDICES,N/A,TRADEABLE,600
GC1,OP.D.GC1.6000C.IP,Jul Gold (Aug Fut) 6000 CALL,OPT_COMMODITIES,N/A,TRADEABLE,600
GC1,OP.D.GC1.6000P.IP,Jul Gold (Aug Fut) 6000 PUT,OPT_COMMODITIES,N/A,TRADEABLE,600
SI1,OP.D.SI1.6000C.IP,Jul Silver (Jul Fut) 6000 Call,OPT_COMMODITIES,N/A,TRADEABLE,600
SI1,OP.D.SI1.6000P.IP,Jul Silver (Jul Fut) 6000 Put,OPT_COMMODITIES,N/A,TRADEABLE,600
SI3,OP.D.SI3.6000C.IP,May Silver (May Fut) 6000 Call,OPT_COMMODITIES,N/A,TRADEABLE,600
SI3,OP.D.SI3.6000P.IP,May Silver (May Fut) 6000 Put,OPT_COMMODITIES,N/A,TRADEABLE,600
OILWEEK,OP.D.OILWEEK.6000C.IP,Oil Weekly (Jul Fut) 6000 CALL,OPT_COMMODITIES,N/A,TRADEABLE,600
OILWEEK,OP.D.OILWEEK.6000P.IP,Oil Weekly (Jul Fut) 6000 PUT,OPT_COMMODITIES,N/A,TRADEABLE,600
OILMON,OP.D.OILMON.6000P.IP,Oil Wkly Mon (Jul Fut) 6000 PUT,OPT_COMMODITIES,N/A,TRADEABLE,600
OILWED,OP.D.OILWED.6000P.IP,Oil Wkly Wed (Jun Fut) 6000 PUT,OPT_COMMODITIES,N/A,TRADEABLE,600
GC2,OP.D.GC2.6000C.IP,Sep Gold (Oct Fut) 6000 CALL,OPT_COMMODITIES,N/A,TRADEABLE,600
OIL2,OP.D.OIL2.6000C.IP,US Crude 6000 CALL,OPT_COMMODITIES,N/A,TRADEABLE,600
OIL1,OP.D.OIL1.6000C.IP,US Crude 6000 CALL,OPT_COMMODITIES,N/A,TRADEABLE,600
OIL2,OP.D.OIL2.6000P.IP,US Crude 6000 PUT,OPT_COMMODITIES,N/A,TRADEABLE,600
OIL1,OP.D.OIL1.6000P.IP,US Crude 6000 PUT,OPT_COMMODITIES,N/A,TRADEABLE,600
OIL3,OP.D.OIL3.6000P.IP,US Crude 6000 PUT,OPT_COMMODITIES,N/A,TRADEABLE,600
GOLDWEEK,OP.D.GOLDWEEK.6000P.IP,Weekly Gold (Aug Fut) 6000 PUT,OPT_COMMODITIES,N/A,TRADEABLE,600
XSKRLN,KA.D.XSKRLN.CASH.IP,Xtrackers Stoxx Europe 600 Telecommunications Swap UCITS ETF 1C,SHARES,N/A,EDITS_ONLY,600
DSTXE,DO.D.DSTXE.59.IP,Daily Eu Stocks 50 6000 CALL,OPT_INDICES,N/A,SUSPENDED,600
DSTXE,DO.D.DSTXE.60.IP,Daily Eu Stocks 50 6000 PUT,OPT_INDICES,N/A,SUSPENDED,600
FTSE6,OP.D.FTSE6.10000P.IP,FTSE 10000 Put,OPT_INDICES,N/A,TRADEABLE,1000
FTSE3,OP.D.FTSE3.10000P.IP,FTSE 10000 Put,OPT_INDICES,N/A,TRADEABLE,1000
FTSE2,OP.D.FTSE2.10000P.IP,FTSE 10000 Put,OPT_INDICES,N/A,TRADEABLE,1000
FTSE1,OP.D.FTSE1.10000P.IP,FTSE 10000 Put,OPT_INDICES,N/A,TRADEABLE,1000
SPX2,OP.D.SPX2.1000P.IP,US 500 1000 PUT,OPT_INDICES,N/A,OFFLINE,1000
DFTSE,DO.D.DFTSE.87.IP,Daily FTSE 10000 PUT,OPT_INDICES,N/A,TRADEABLE,1000
DOIL,DO.D.DOIL.J.IP,Daily Oil (Jul Fut) 10000 CALL,OPT_COMMODITIES,N/A,TRADEABLE,1000
DOIL,DO.D.DOIL.I.IP,Daily Oil (Jul Fut) 10000 PUT,OPT_COMMODITIES,N/A,TRADEABLE,1000
FTSE6,OP.D.FTSE6.10000C.IP,FTSE 10000 Call,OPT_INDICES,N/A,TRADEABLE,1000
FTSE3,OP.D.FTSE3.10000C.IP,FTSE 10000 Call,OPT_INDICES,N/A,TRADEABLE,1000
FTSE2,OP.D.FTSE2.10000C.IP,FTSE 10000 Call,OPT_INDICES,N/A,TRADEABLE,1000
FTSE1,OP.D.FTSE1.10000C.IP,FTSE 10000 Call,OPT_INDICES,N/A,TRADEABLE,1000
SI1,OP.D.SI1.10000P.IP,Jul Silver (Jul Fut) 10000 Put,OPT_COMMODITIES,N/A,TRADEABLE,1000
SI3,OP.D.SI3.10000P.IP,May Silver (May Fut) 10000 Put,OPT_COMMODITIES,N/A,TRADEABLE,1000
NGAS1,OP.D.NGAS1.1000P.IP,Natural Gas 1000 Put,OPT_COMMODITIES,N/A,TRADEABLE,1000
OIL2,OP.D.OIL2.10000C.IP,US Crude 10000 CALL,OPT_COMMODITIES,N/A,TRADEABLE,1000
OIL1,OP.D.OIL1.10000C.IP,US Crude 10000 CALL,OPT_COMMODITIES,N/A,TRADEABLE,1000
OIL3,OP.D.OIL3.10000C.IP,US Crude 10000 CALL,OPT_COMMODITIES,N/A,TRADEABLE,1000
DAEX,DO.D.DAEX.67.IP,Daily AEX 25 1000 CALL,OPT_INDICES,N/A,SUSPENDED,1000
DFTSE,DO.D.DFTSE.88.IP,Daily FTSE 10000 CALL,OPT_INDICES,N/A,TRADEABLE,1000
SI1,OP.D.SI1.10000C.IP,Jul Silver (Jul Fut) 10000 Call,OPT_COMMODITIES,N/A,TRADEABLE,1000
SI3,OP.D.SI3.10000C.IP,May Silver (May Fut) 10000 Call,OPT_COMMODITIES,N/A,TRADEABLE,1000
AEX1,OP.D.AEX1.1000C.IP,Netherlands 25 1000 Call,OPT_INDICES,N/A,EDITS_ONLY,1000
AEX2,OP.D.AEX2.1000C.IP,Netherlands 25 1000 Call,OPT_INDICES,N/A,EDITS_ONLY,1000
AEX1,OP.D.AEX1.1000P.IP,Netherlands 25 1000 Put,OPT_INDICES,N/A,EDITS_ONLY,1000
AEX2,OP.D.AEX2.1000P.IP,Netherlands 25 1000 Put,OPT_INDICES,N/A,EDITS_ONLY,1000
MTH2EGBP,OD.D.MTH2EGBP.22.IP,Quarterly EURGBP 10000 CALL,OPT_CURRENCIES,N/A,TRADEABLE,1000
MTHEGBP,OD.D.MTHEGBP.22.IP,Quarterly EURGBP 10000 CALL,OPT_CURRENCIES,N/A,TRADEABLE,1000
MTH2EGBP,OD.D.MTH2EGBP.21.IP,Quarterly EURGBP 10000 PUT,OPT_CURRENCIES,N/A,TRADEABLE,1000
MTH2EURO,OD.D.MTH2EURO.72.IP,Quarterly EURUSD 10000 CALL,OPT_CURRENCIES,N/A,TRADEABLE,1000
MTH2EURO,OD.D.MTH2EURO.71.IP,Quarterly EURUSD 10000 PUT,OPT_CURRENCIES,N/A,TRADEABLE,1000
MTHGBP,OD.D.MTHGBP.121.IP,Quarterly GBPUSD 10000 PUT,OPT_CURRENCIES,N/A,TRADEABLE,1000
FTSWEEK,OP.D.FTSWEEK.10000C.IP,Weekly FTSE 10000 Call,OPT_INDICES,N/A,TRADEABLE,1000
FTSWEEK,OP.D.FTSWEEK.10000P.IP,Weekly FTSE 10000 Put,OPT_INDICES,N/A,TRADEABLE,1000
SILVWEEK,OP.D.SILVWEEK.10000C.IP,Weekly Silver (Jul Fut) 10000 Call,OPT_COMMODITIES,N/A,TRADEABLE,1000
SILVWEEK,OP.D.SILVWEEK.10000P.IP,Weekly Silver (Jul Fut) 10000 Put,OPT_COMMODITIES,N/A,TRADEABLE,1000
SILVMON,OP.D.SILVMON.10000C.IP,Wkly Silver Mon (Jul Fut) 10000 Call,OPT_COMMODITIES,N/A,TRADEABLE,1000
SILVMON,OP.D.SILVMON.10000P.IP,Wkly Silver Mon (Jul Fut) 10000 Put,OPT_COMMODITIES,N/A,TRADEABLE,1000
SILVWED,OP.D.SILVWED.10000C.IP,Wkly Silver Wed (Jul Fut) 10000 Call,OPT_COMMODITIES,N/A,TRADEABLE,1000
SILVWED,OP.D.SILVWED.10000P.IP,Wkly Silver Wed (Jul Fut) 10000 Put,OPT_COMMODITIES,N/A,TRADEABLE,1000
AEXWEEK,OP.D.AEXWEEK.1000C.IP,Weekly Netherlands 25 1000 Call,OPT_INDICES,N/A,EDITS_ONLY,1000
DAX2,OP.D.DAX2.020000P.IP,Germany 40 20000 PUT,OPT_INDICES,N/A,TRADEABLE,2000
NGAS1,OP.D.NGAS1.2000P.IP,Natural Gas 2000 Put,OPT_COMMODITIES,N/A,TRADEABLE,2000
NGAS3,OP.D.NGAS3.2000P.IP,Natural Gas 2000 Put,OPT_COMMODITIES,N/A,TRADEABLE,2000
NAS2,OP.D.NAS2.20000P.IP,US Tech 100 20000 PUT,OPT_INDICES,N/A,TRADEABLE,2000
NAS3,OP.D.NAS3.20000P.IP,US Tech 100 20000 PUT,OPT_INDICES,N/A,TRADEABLE,2000
NAS4,OP.D.NAS4.20000P.IP,US Tech 100 20000 Put,OPT_INDICES,N/A,TRADEABLE,2000
NVDA,DO.D.NVDA.71.IP,Daily NVIDIA Corp 20000 CALL,OPT_SHARES,N/A,TRADEABLE,2000
NVDA,DO.D.NVDA.72.IP,Daily NVIDIA Corp 20000 PUT,OPT_SHARES,N/A,TRADEABLE,2000
DAXEOMZ,OP.D.DAXEOMZ.20000P.IP,End of Month Germany 40 20000 Put,OPT_INDICES,N/A,TRADEABLE,2000
DAX2,OP.D.DAX2.020000C.IP,Germany 40 20000 CALL,OPT_INDICES,N/A,TRADEABLE,2000
HANGSENG1,OP.D.HANGSENG1.20000C.IP,Hong Kong HS50 20000 Call,OPT_INDICES,N/A,TRADEABLE,2000
HANGSENG1,OP.D.HANGSENG1.20000P.IP,Hong Kong HS50 20000 Put,OPT_INDICES,N/A,TRADEABLE,2000
HANGSENG3,OP.D.HANGSENG3.20000P.IP,Hong Kong HS50 20000 Put,OPT_INDICES,N/A,TRADEABLE,2000
MTH2EJPY,OD.D.MTH2EJPY.12.IP,Quarterly EURJPY 20000 CALL,OPT_CURRENCIES,N/A,TRADEABLE,2000
MTHEJPY,OD.D.MTHEJPY.2.IP,Quarterly EURJPY 20000 CALL,OPT_CURRENCIES,N/A,TRADEABLE,2000
MTH2EJPY,OD.D.MTH2EJPY.11.IP,Quarterly EURJPY 20000 PUT,OPT_CURRENCIES,N/A,TRADEABLE,2000
MTHEJPY,OD.D.MTHEJPY.1.IP,Quarterly EURJPY 20000 PUT,OPT_CURRENCIES,N/A,TRADEABLE,2000
MTH2GBPY,OD.D.MTH2GBPY.62.IP,Quarterly GBPJPY 20000 CALL,OPT_CURRENCIES,N/A,TRADEABLE,2000
MTH2GBPY,OD.D.MTH2GBPY.61.IP,Quarterly GBPJPY 20000 PUT,OPT_CURRENCIES,N/A,TRADEABLE,2000
MTHGBPY,OD.D.MTHGBPY.45.IP,Quarterly GBPJPY 20000 PUT,OPT_CURRENCIES,N/A,TRADEABLE,2000
MTHJPY,OD.D.MTHJPY.AA1.IP,Quarterly USDJPY 20000 CALL,OPT_CURRENCIES,N/A,OFFLINE,2000
NAS3,OP.D.NAS3.20000C.IP,US Tech 100 20000 CALL,OPT_INDICES,N/A,TRADEABLE,2000
WK2GBPY,OD.D.WK2GBPY.88.IP,Weekly GBPJPY 20000 CALL,OPT_CURRENCIES,N/A,TRADEABLE,2000
WK3GBPY,OD.D.WK3GBPY.100.IP,Weekly GBPJPY 20000 CALL,OPT_CURRENCIES,N/A,TRADEABLE,2000
WK4GBPY,OD.D.WK4GBPY.100.IP,Weekly GBPJPY 20000 CALL,OPT_CURRENCIES,N/A,TRADEABLE,2000
WK2GBPY,OD.D.WK2GBPY.87.IP,Weekly GBPJPY 20000 PUT,OPT_CURRENCIES,N/A,TRADEABLE,2000
AMZN,DO.D.AMZN.85.IP,Daily Amazon.com Inc 20000 CALL,OPT_SHARES,N/A,TRADEABLE,2000
AMZN,DO.D.AMZN.86.IP,Daily Amazon.com Inc 20000 PUT,OPT_SHARES,N/A,TRADEABLE,2000
HSWEEK,OP.D.HSWEEK.20000C.IP,Weekly Hong Kong HS50 20000 Call,OPT_INDICES,N/A,TRADEABLE,2000
HSWEEK,OP.D.HSWEEK.20000P.IP,Weekly Hong Kong HS50 20000 Put,OPT_INDICES,N/A,TRADEABLE,2000
GMEUSsc02000F6,ON.D.GMEUSsc02000F6.CASH.IP,GameStop Corp 2000 CALL,OPT_SHARES,N/A,TRADEABLE,2000
MTROLN,KA.D.MTROLN.CASH.IP,Metro Bank PLC,SHARES,N/A,EDITS_ONLY,Bank
NDA1V,EB.D.NDA1V.CASH.IP,Nordea Bank AB (Fin),SHARES,N/A,EDITS_ONLY,Bank
COLLSS,EH.D.COLLSS.CASH.IP,Norion Bank AB,SHARES,N/A,EDITS_ONLY,Bank
SPNODC,EP.D.SPNODC.CASH.IP,Spar Nord Bank AS,SHARES,N/A,CLOSED,Bank
ABSPSJ,AR.D.ABSPSJ.CASH.IP,Absa Bank Limited,SHARES,N/A,CLOSED,Bank
BFINUS,UA.D.BFINUS.CASH.IP,BankFinancial Corp,SHARES,N/A,CLOSED,Bank
BNORDIKDC,EP.D.BNORDIKDC.CASH.IP,Foroya Banki P/F,SHARES,N/A,EDITS_ONLY,Bank
NOBASS,EH.D.NOBASS.CASH.IP,NOBA Bank Group AB,SHARES,N/A,EDITS_ONLY,Bank
NDA,EP.D.NDA.CASH.IP,Nordea Bank Abp (Danish),SHARES,N/A,EDITS_ONLY,Bank
NDASS,EH.D.NDASS.CASH.IP,Nordea Bank Abp (SE),SHARES,N/A,EDITS_ONLY,Bank
NRDFDC,EP.D.NRDFDC.CASH.IP,Nordfyns Bank AB,SHARES,N/A,CLOSED,Bank
NBNUS,UC.D.NBNUS.CASH.IP,Northeast Bank,SHARES,N/A,TRADEABLE,Bank
OSBLN,KA.D.OSBLN.CASH.IP,OneSavings Bank PLC (OSB Group),SHARES,N/A,EDITS_ONLY,Bank
ARBBLN,KA.D.ARBBLN.CASH.IP,Arbuthnot Banking Group PLC (LSE),SHARES,N/A,EDITS_ONLY,Bank
HOFISS,EH.D.HOFISS.CASH.IP,Hoist Finance AB (publ),SHARES,N/A,EDITS_ONLY,Finance
GFNUS,UB.D.GFNUS.CASH.IP,General Finance Corp,SHARES,N/A,CLOSED,Finance
BGEO,KA.D.BGEO.CASH.IP,Lion Finance Group PLC,SHARES,N/A,EDITS_ONLY,Finance
NSFLN,KC.D.NSFLN.CASH.IP,Non-Standard Finance PLC,SHARES,N/A,CLOSED,Finance
WINSUS,UD.D.WINSUS.CASH.IP,Wins Finance Holdings Inc,SHARES,N/A,OFFLINE,Finance
BETRUS,UA.D.BETRUS.CASH.IP,Better Home & Finance Holding Co,SHARES,N/A,TRADEABLE,Finance
DFCHLN,KC.D.DFCHLN.CASH.IP,Distribution Finance Capital Limited,SHARES,N/A,EDITS_ONLY,Finance
GFOFLN,KA.D.GFOFLN.CASH.IP,Grayscale Future of Finance UCITS ETF,SHARES,N/A,CLOSED,Finance
IPF,KA.D.IPF.CASH.IP,International Personal Finance PLC,SHARES,N/A,EDITS_ONLY,Finance
LFILN,KC.D.LFILN.CASH.IP,London Finance & Investment Group PLC,SHARES,N/A,CLOSED,Finance
SWEFLN,KA.D.SWEFLN.CASH.IP,Starwood European Real Estate Finance Ltd,SHARES,N/A,CLOSED,Finance
WLFCUS,UD.D.WLFCUS.CASH.IP,Willis Lease Finance Corporation,SHARES,N/A,TRADEABLE,Finance
DERRLN,KC.D.DERRLN.CASH.IP,S4 Capital PLC,SHARES,N/A,EDITS_ONLY,Capital
BAYLN,KC.D.BAYLN.CASH.IP,Bay Capital PLC,SHARES,N/A,EDITS_ONLY,Capital
PAL,KC.D.PAL.CASH.IP,Capital Metals PLC,SHARES,N/A,EDITS_ONLY,Capital
DEAIM,EF.D.DEAIM.CASH.IP,DeA Capital SpA,SHARES,N/A,CLOSED,Capital
CGEOLN,KA.D.CGEOLN.CASH.IP,Georgia Capital PLC,SHARES,N/A,EDITS_ONLY,Capital
K3CLN,KC.D.K3CLN.CASH.IP,K3 Capital Group PLC,SHARES,N/A,CLOSED,Capital
MAHAASS,EH.D.MAHAASS.CASH.IP,Maha Capital AB,SHARES,N/A,EDITS_ONLY,Capital
MIILN,KC.D.MIILN.CASH.IP,Milton Capital PLC,SHARES,N/A,EDITS_ONLY,Capital
SACHUS,SI.D.SACHUS.CASH.IP,Sachem Capital Corp,SHARES,N/A,TRADEABLE,Capital
SLRC,UD.D.SLRC.CASH.IP,Solar Capital Ltd,SHARES,N/A,TRADEABLE,Capital
TRINUS,UD.D.TRINUS.CASH.IP,Trinity Capital Inc,SHARES,N/A,TRADEABLE,Capital
ACGL,UA.D.ACGL.CASH.IP,Arch Capital Group Ltd (24 Hours),SHARES,N/A,TRADEABLE,Capital
ACPLN,KC.D.ACPLN.CASH.IP,Armadale Capital PLC,SHARES,N/A,CLOSED,Capital
CCAPGY,ED.D.CCAPGY.CASH.IP,CORESTATE Capital Holding SA,SHARES,N/A,EDITS_ONLY,Capital
CAL,KA.D.CAL.CASH.IP,Capital & Regional PLC,SHARES,N/A,CLOSED,Capital
NTLGLN,KC.D.NTLGLN.CASH.IP,Conduity Capital PLC,SHARES,N/A,CLOSED,Capital
CRVLN,KC.D.CRVLN.CASH.IP,Craven House Capital PLC,SHARES,N/A,CLOSED,Capital
ECPGUS,UB.D.ECPGUS.CASH.IP,Encore Capital Group Inc,SHARES,N/A,TRADEABLE,Capital
FSUNUS,UB.D.FSUNUS.CASH.IP,Firstsun Capital Bancorp,SHARES,N/A,TRADEABLE,Capital
GLREUS,UB.D.GLREUS.CASH.IP,Greenlight Capital Re Ltd,SHARES,N/A,TRADEABLE,Capital
HMPTUS,UB.D.HMPTUS.CASH.IP,Home Point Capital Inc,SHARES,N/A,OFFLINE,Capital
GRPSJ,AR.D.GRPSJ.CASH.IP,Lighthouse Capital Ltd,SHARES,N/A,EDITS_ONLY,Capital
BOOKLN,KC.D.BOOKLN.CASH.IP,Literacy Capital PLC,SHARES,N/A,EDITS_ONLY,Capital
MKZRUS,UC.D.MKZRUS.CASH.IP,Mackenzie Realty Capital Inc,SHARES,N/A,TRADEABLE,Capital
MACLN,KC.D.MACLN.CASH.IP,Marechale Capital PLC,SHARES,N/A,EDITS_ONLY,Capital
ASTO,KC.D.ASTO.CASH.IP,AssetCo PLC,SHARES,N/A,CLOSED,Asset
MERCLN,KC.D.MERCLN.CASH.IP,Mercia Asset Management PLC,SHARES,N/A,EDITS_ONLY,Asset
PAC,KA.D.PAC.CASH.IP,Pacific Assets Trust PLC,SHARES,N/A,EDITS_ONLY,Asset
PNLLN,KA.D.PNLLN.CASH.IP,Personal Assets Trust PLC,SHARES,N/A,EDITS_ONLY,Asset
RAAQUS,UC.D.RAAQUS.CASH.IP,Real Asset Acquisition Corp,SHARES,N/A,TRADEABLE,Asset
DEFIPZ,KC.D.DEFIPZ.CASH.IP,Supernova Digital Assets Plc,SHARES,N/A,EDITS_ONLY,Asset
TAMLN,KA.D.TAMLN.CASH.IP,Tatton Asset Management PLC,SHARES,N/A,EDITS_ONLY,Asset
FSAMUS,UB.D.FSAMUS.CASH.IP,Fifth Street Asset Management Inc,SHARES,N/A,CLOSED,Asset
IPX,KC.D.IPX.CASH.IP,Impax Asset Management Group PLC,SHARES,N/A,EDITS_ONLY,Asset
LIO,KA.D.LIO.CASH.IP,Liontrust Asset Management PLC,SHARES,N/A,EDITS_ONLY,Asset
SAMGUS,UD.D.SAMGUS.CASH.IP,Silvercrest Asset Management Group Inc,SHARES,N/A,TRADEABLE,Asset
CIKUS,SI.D.CIKUS.CASH.IP,Credit Suisse Asset Management Income Fund Inc,SHARES,N/A,TRADEABLE,Asset
KOINLN,KA.D.KOINLN.CASH.IP,ETC Group Digital Assets And Blockchain Equity UCITS ETF,SHARES,N/A,CLOSED,Asset
KOIPLN,KA.D.KOIPLN.CASH.IP,ETC Group Digital Assets And Blockchain Equity UCITS ETF - GBp,SHARES,N/A,CLOSED,Asset
GINLN,KA.D.GINLN.CASH.IP,SPDR Morningstar Multi-Asset Global Infrastructure UCITS ETF,SHARES,N/A,EDITS_ONLY,Asset
ATNFUS,UA.D.ATNFUS.CASH.IP,Forum Markets Inc,SHARES,N/A,OFFLINE,Market
IMKTAUS,UB.D.IMKTAUS.CASH.IP,Ingles Markets Inc,SHARES,N/A,TRADEABLE,Market
MKTWUS,UC.D.MKTWUS.CASH.IP,MarketWise Inc,SHARES,N/A,TRADEABLE,Market
MKTXUS,UC.D.MKTXUS.CASH.IP,MarketAxess Holdings Inc,SHARES,N/A,TRADEABLE,Market
HOODUS,UB.D.HOODUS.CASH.IP,Robinhood Markets Inc (24 Hours),SHARES,N/A,TRADEABLE,Market
SFMUS,UD.D.SFMUS.CASH.IP,Sprouts Farmers Market Inc,SHARES,N/A,TRADEABLE,Market
VLGEAUS,UD.D.VLGEAUS.CASH.IP,Village Super Market Inc,SHARES,N/A,TRADEABLE,Market
BTALUS,SI.D.BTALUS.CASH.IP,AGF U.S. Market Neutral Anti-Beta Fund,SHARES,N/A,TRADEABLE,Market
AFMF,KC.D.AFMF.CASH.IP,Aberdeen Frontier Markets Investment Co Ltd,SHARES,N/A,CLOSED,Market
AFMLN,KC.D.AFMLN.CASH.IP,Alpha Financial Markets Consulting PLC,SHARES,N/A,CLOSED,Market
AUEMLN,KA.D.AUEMLN.CASH.IP,Amundi MSCI Emerging Markets UCITS ETF-C USD,SHARES,N/A,EDITS_ONLY,Market
GSS,KA.D.GSS.CASH.IP,Fidelity Emerging Markets Ltd,SHARES,N/A,EDITS_ONLY,Market
FLXELN,KA.D.FLXELN.CASH.IP,Franklin LibertyQ Emerging Markets Ucits Etf,SHARES,N/A,EDITS_ONLY,Market
IEM,KA.D.IEM.CASH.IP,Impax Environmental Markets PLC,SHARES,N/A,EDITS_ONLY,Market
PSRMLN,KA.D.PSRMLN.CASH.IP,Invesco FTSE RAFI Emerging Markets UCITS ETF,SHARES,N/A,EDITS_ONLY,Market
JMG,KA.D.JMG.CASH.IP,JPMorgan Emerging Markets Growth & Income PLC,SHARES,N/A,EDITS_ONLY,Market
EUMUS,SI.D.EUMUS.CASH.IP,ProShares Short MSCI Emerging Markets,SHARES,N/A,TRADEABLE,Market
EETUS,SI.D.EETUS.CASH.IP,ProShares Ultra MSCI Emerging Markets,SHARES,N/A,TRADEABLE,Market
EEVUS,SI.D.EEVUS.CASH.IP,ProShares UltraShort MSCI Emerging Markets,SHARES,N/A,TRADEABLE,Market
EMSMLN,KA.D.EMSMLN.CASH.IP,SPDR MSCI Emerging Markets Small Cap ETF,SHARES,N/A,EDITS_ONLY,Market
EMRGLN,KA.D.EMRGLN.CASH.IP,SPDR MSCI Emerging Markets UCITS ETF,SHARES,N/A,CLOSED,Market
EMRDLN,KA.D.EMRDLN.CASH.IP,SPDR MSCI Emerging Markets UCITS ETF,SHARES,N/A,EDITS_ONLY,Market
EDVDLN,KA.D.EDVDLN.CASH.IP,SPDR S&P Emerging Markets Dividend UCITS ETF,SHARES,N/A,EDITS_ONLY,Market
EQLSUS,SI.D.EQLSUS.CASH.IP,Simplify Market Neutral Equity Long/Short ETF,SHARES,N/A,CLOSED,Market
VFEGLN,KA.D.VFEGLN.CASH.IP,Vanguard FTSE Emerging Markets UCITS ETF (VFEG),SHARES,N/A,EDITS_ONLY,Market
BNDUS,SI.D.BNDUS.CASH.IP,Vanguard Total Bond Market ETF,SHARES,N/A,TRADEABLE,Market
GOLD,PB.D.GOLD.PDDN.IP,Gold futures to fall [ <4506.3],BINARY,N/A,EDITS_ONLY,Futures
GOLD,PB.D.GOLD.PDUP.IP,Gold futures to rise [>4506.3],BINARY,N/A,EDITS_ONLY,Futures
RSBTUS,SI.D.RSBTUS.CASH.IP,Return Stacked Bonds & Managed Futures Etf,SHARES,N/A,TRADEABLE,Futures
RSSTUS,SI.D.RSSTUS.CASH.IP,Return Stacked US Stocks & Managed Futures ETF,SHARES,N/A,TRADEABLE,Futures
CTAUS,SI.D.CTAUS.CASH.IP,Simplify Managed Futures Strategy ETF,SHARES,N/A,TRADEABLE,Futures
ARKAUS,SI.D.ARKAUS.CASH.IP,ARK 21Shares Active Bitcoin Futures Strategy ETF,SHARES,N/A,OFFLINE,Futures
ARKZUS,SI.D.ARKZUS.CASH.IP,ARK 21Shares Active Ethereum Futures Strategy ETF,SHARES,N/A,OFFLINE,Futures
HangSeng,PB.D.HangSeng.PDDN.IP,JUN HS50 Daily Futures to fall  [<0.0],BINARY,N/A,EDITS_ONLY,Futures
HangSeng,PB.D.HangSeng.PDUP.IP,JUN HS50 Daily Futures to rise [>0.0],BINARY,N/A,EDITS_ONLY,Futures
KMLMUS,SI.D.KMLMUS.CASH.IP,KraneShares Mount Lucas Managed Futures Index Strategy ETF,SHARES,N/A,TRADEABLE,Futures
SILVER,PB.D.SILVER.PDDN.IP,Silver futures to fall [<7525.4],BINARY,N/A,EDITS_ONLY,Futures
SILVER,PB.D.SILVER.PDUP.IP,Silver futures to rise [>7525.4],BINARY,N/A,EDITS_ONLY,Futures
TYAUS,SI.D.TYAUS.CASH.IP,Simplify Intermediate Term Treasury Futures Strategy ETF,SHARES,N/A,TRADEABLE,Futures
TUAUS,SI.D.TUAUS.CASH.IP,Simplify Short Term Treasury Futures Strategy ETF,SHARES,N/A,TRADEABLE,Futures
TECH,UD.D.TECH.CASH.IP,Techne Corp (24 Hours),SHARES,N/A,TRADEABLE,Tech
TGYMIM,EF.D.TGYMIM.CASH.IP,Technogym SpA,SHARES,N/A,EDITS_ONLY,Tech
MINDUS,UC.D.MINDUS.CASH.IP,MIND Technology Inc,SHARES,N/A,TRADEABLE,Tech
MTECLN,KC.D.MTECLN.CASH.IP,Made Tech Group PLC,SHARES,N/A,EDITS_ONLY,Tech
SPAQLN,KC.D.SPAQLN.CASH.IP,ONDO INSUR TECH PLC,SHARES,N/A,EDITS_ONLY,Tech
AKERUS,UA.D.AKERUS.CASH.IP,Q/C Technologies Inc,SHARES,N/A,TRADEABLE,Tech
SCOAUUS,UD.D.SCOAUUS.CASH.IP,Scion Tech Growth I (Unit),SHARES,N/A,CLOSED,Tech
TPCSUS,UD.D.TPCSUS.CASH.IP,TechPrecision Corp,SHARES,N/A,TRADEABLE,Tech
TTGTUS,UD.D.TTGTUS.CASH.IP,TechTarget Inc,SHARES,N/A,TRADEABLE,Tech
FTIFP,EC.D.FTIFP.CASH.IP,TechnipFMC Limited,SHARES,N/A,CLOSED,Tech
TPROIM,EF.D.TPROIM.CASH.IP,Technoprobe SpA,SHARES,N/A,EDITS_ONLY,Tech
AIREUS,UA.D.AIREUS.CASH.IP,reAlpha Tech Corp,SHARES,N/A,OFFLINE,Tech
TTR1GY,ED.D.TTR1GY.CASH.IP,technotrans SE,SHARES,N/A,EDITS_ONLY,Tech
AURSFP,EC.D.AURSFP.CASH.IP,AURES Technologies SA,SHARES,N/A,CLOSED,Tech
ADVBOXSS,EH.D.ADVBOXSS.CASH.IP,Adventure Box Technology AB (publ),SHARES,N/A,CLOSED,Tech
XEUS,UD.D.XEUS.CASH.IP,X-Energy Inc,SHARES,N/A,TRADEABLE,Energy
ANGSLN,KC.D.ANGSLN.CASH.IP,Angus Energy PLC,SHARES,N/A,SUSPENDED,Energy
AURALN,KC.D.AURALN.CASH.IP,Aura Energy Limited,SHARES,N/A,EDITS_ONLY,Energy
CEB,KC.D.CEB.CASH.IP,Beacon Energy PLC,SHARES,N/A,EDITS_ONLY,Energy
NOP,KA.D.NOP.CASH.IP,Cabot Energy PLC,SHARES,N/A,CLOSED,Energy
SRONLN,KC.D.SRONLN.CASH.IP,Coro Energy PLC,SHARES,N/A,EDITS_ONLY,Energy
CLNRLN,KC.D.CLNRLN.CASH.IP,Deltic Energy Plc,SHARES,N/A,EDITS_ONLY,Energy
ERIIUS,UB.D.ERIIUS.CASH.IP,Energy Recovery Inc,SHARES,N/A,TRADEABLE,Energy
DSILN,KC.D.DSILN.CASH.IP,Energypathways PLC,SHARES,N/A,EDITS_ONLY,Energy
RNVAUS,UC.D.RNVAUS.CASH.IP,Rennova Health Inc,SHARES,N/A,OFFLINE,Health
TRLSLN,KC.D.TRLSLN.CASH.IP,Trellus Health PLC,SHARES,N/A,SUSPENDED,Health
ONEMUS,UC.D.ONEMUS.CASH.IP,1Life Healthcare Inc,SHARES,N/A,CLOSED,Health
ALHCUS,UA.D.ALHCUS.CASH.IP,Alignment Healthcare Inc,SHARES,N/A,TRADEABLE,Health
ASKERSS,EH.D.ASKERSS.CASH.IP,Asker Healthcare Group AB,SHARES,N/A,EDITS_ONLY,Health
CHNGUS,UA.D.CHNGUS.CASH.IP,Change Healthcare Inc,SHARES,N/A,CLOSED,Health
CCRNUS,UA.D.CCRNUS.CASH.IP,Cross Country Healthcare Inc,SHARES,N/A,TRADEABLE,Health
EUDAUS,UB.D.EUDAUS.CASH.IP,Euda Health Holdings Ltd,SHARES,N/A,TRADEABLE,Health
GHCIM,EF.D.GHCIM.CASH.IP,Garofalo Health Care SpA,SHARES,N/A,EDITS_ONLY,Health
HCTIUS,UB.D.HCTIUS.CASH.IP,Healthcare Triangle Inc,SHARES,N/A,TRADEABLE,Health
IXHLUS,UB.D.IXHLUS.CASH.IP,Incannex Healthcare Ltd (24 Hours),SHARES,N/A,TRADEABLE,Health
LFSTUS,UB.D.LFSTUS.CASH.IP,LifeStance Health Group Inc,SHARES,N/A,TRADEABLE,Health
MGLN,UC.D.MGLN.CASH.IP,Magellan Health Services Inc,SHARES,N/A,CLOSED,Health
NHTCUS,UC.D.NHTCUS.CASH.IP,Natural Health Trends Corp,SHARES,N/A,TRADEABLE,Health
QSII,UC.D.QSII.CASH.IP,NextGen Healthcare Inc,SHARES,N/A,CLOSED,Health
PIIIUS,UC.D.PIIIUS.CASH.IP,P3 Health Partners Inc,SHARES,N/A,TRADEABLE,Health
AYMLN,KC.D.AYMLN.CASH.IP,Anglesey Mining PLC,SHARES,N/A,EDITS_ONLY,Mining
AURSS,EH.D.AURSS.CASH.IP,Auriant Mining AB,SHARES,N/A,CLOSED,Mining
BZM,KA.D.BZM.CASH.IP,Bellzone Mining PLC,SHARES,N/A,CLOSED,Mining
BEMLN,KC.D.BEMLN.CASH.IP,Beowulf Mining PLC,SHARES,N/A,EDITS_ONLY,Mining
BISILN,KC.D.BISILN.CASH.IP,Bisichi Mining PLC,SHARES,N/A,CLOSED,Mining
EUALN,KC.D.EUALN.CASH.IP,Eurasia Mining PLC,SHARES,N/A,EDITS_ONLY,Mining
GFM,KC.D.GFM.CASH.IP,Griffin Mining Ltd,SHARES,N/A,EDITS_ONLY,Mining
UGY,KC.D.UGY.CASH.IP,Orosur Mining Inc,SHARES,N/A,EDITS_ONLY,Mining
ATMLN,KC.D.ATMLN.CASH.IP,ANDRADA MINING LIMITED,SHARES,N/A,EDITS_ONLY,Mining
0R22LN,KA.D.0R22LN.CASH.IP,Barrick Mining Corporation,SHARES,N/A,CLOSED,Mining
ABRGR,ED.D.ABRGR.CASH.IP,Barrick Mining Corporation,SHARES,N/A,EDITS_ONLY,Mining
CMCLLN,KC.D.CMCLLN.CASH.IP,Caledonia Mining Corp,SHARES,N/A,EDITS_ONLY,Mining
EDVLN,KA.D.EDVLN.CASH.IP,Endeavour Mining PLC,SHARES,N/A,EDITS_ONLY,Mining
HARSJ,AR.D.HARSJ.CASH.IP,Harmony Gold Mining Co Ltd,SHARES,N/A,EDITS_ONLY,Mining
HOC,KA.D.HOC.CASH.IP,Hochschild Mining PLC,SHARES,N/A,EDITS_ONLY,Mining
AUCOLN,KA.D.AUCOLN.CASH.IP,L&G Gold Mining UCITS ETF,SHARES,N/A,EDITS_ONLY,Mining
AUCPLN,KA.D.AUCPLN.CASH.IP,L&G Gold Mining UCITS ETF,SHARES,N/A,EDITS_ONLY,Mining
MNO,KC.D.MNO.CASH.IP,Meridian Mining PLC - GBp,SHARES,N/A,EDITS_ONLY,Mining
RSGLN,KA.D.RSGLN.CASH.IP,Resolute Mining Limited,SHARES,N/A,EDITS_ONLY,Mining
BRWM,KA.D.BRWM.CASH.IP,BlackRock World Mining Trust PLC,SHARES,N/A,EDITS_ONLY,Mining
WGMIUS,UD.D.WGMIUS.CASH.IP,CoinShares Bitcoin Mining ETF,SHARES,N/A,TRADEABLE,Mining
SDIGUS,UD.D.SDIGUS.CASH.IP,Stronghold Digital Mining Inc,SHARES,N/A,CLOSED,Mining
GDIGLN,KA.D.GDIGLN.CASH.IP,VanEck Global Mining UCITS ETF,SHARES,N/A,EDITS_ONLY,Mining
GIGBLN,KA.D.GIGBLN.CASH.IP,VanEck Global Mining UCITS ETF,SHARES,N/A,EDITS_ONLY,Mining
BOXSJ,AR.D.BOXSJ.CASH.IP,Boxer Retail Ltd,SHARES,N/A,EDITS_ONLY,Retail
NRRT,KC.D.NRRT.CASH.IP,NewRiver Retail Ltd,SHARES,N/A,EDITS_ONLY,Retail
FIVELI,PK.D.FIVELI.CASH.IP,X5 Retail Group NV,SHARES,N/A,CLOSED,Retail
IBUYUS,UB.D.IBUYUS.CASH.IP,Amplify Online Retail ETF,SHARES,N/A,TRADEABLE,Retail
PLCE,UC.D.PLCE.CASH.IP,Children's Place Retail Stores Inc,SHARES,N/A,TRADEABLE,Retail
RETLUS,SI.D.RETLUS.CASH.IP,Direxion Daily Retail Bull 3X ETF,SHARES,N/A,TRADEABLE,Retail
PBUYLN,KA.D.PBUYLN.CASH.IP,Global Online Retail UCITS ETF,SHARES,N/A,CLOSED,Retail
EMTYUS,SI.D.EMTYUS.CASH.IP,ProShares Decline of the Retail Store ETF,SHARES,N/A,TRADEABLE,Retail
GSHDUS,UB.D.GSHDUS.CASH.IP,Goosehead Insurance Inc,SHARES,N/A,TRADEABLE,Insurance
RQIHLN,KC.D.RQIHLN.CASH.IP,R&Q Insurance Holdings Ltd,SHARES,N/A,CLOSED,Insurance
SBRELN,KA.D.SBRELN.CASH.IP,Sabre Insurance Group PLC,SHARES,N/A,EDITS_ONLY,Insurance
SAFT,UD.D.SAFT.CASH.IP,Safety Insurance Group Inc,SHARES,N/A,TRADEABLE,Insurance
BRPUS,UA.D.BRPUS.CASH.IP,The Baldwin Insurance Group Inc,SHARES,N/A,TRADEABLE,Insurance
TIGUS,UD.D.TIGUS.CASH.IP,Trean Insurance Group Inc,SHARES,N/A,CLOSED,Insurance
UIHCUS,UD.D.UIHCUS.CASH.IP,American Coastal Insurance Corporation,SHARES,N/A,TRADEABLE,Insurance
ANAT,UA.D.ANAT.CASH.IP,American National Insurance Co,SHARES,N/A,CLOSED,Insurance
DLGLN,KA.D.DLGLN.CASH.IP,Direct Line Insurance Group PLC,SHARES,N/A,CLOSED,Insurance
PTVCAUS,UC.D.PTVCAUS.CASH.IP,Protective Insurance Corporation,SHARES,N/A,CLOSED,Insurance
SIGI,UD.D.SIGI.CASH.IP,Selective Insurance Group Inc,SHARES,N/A,TRADEABLE,Insurance
IGICUS,UB.D.IGICUS.CASH.IP,International General Insurance Holdings Limited,SHARES,N/A,TRADEABLE,Insurance
