ticker,epic,instrument_name,currency,market_status,expiry,instrument_type,search_term
AA,SA.D.AA.CASH.IP,Alcoa Inc (24 Hours),N/A,TRADEABLE,-,SHARES,AA
AAPL,UA.D.AAPL.CASH.IP,Apple Inc (24 Hours),N/A,TRADEABLE,-,SHARES,AA
AAONUS,UA.D.AAONUS.CASH.IP,AAON Inc,N/A,TRADEABLE,-,SHARES,AA
AIRUS,SA.D.AIRUS.CASH.IP,AAR Corp,N/A,TRADEABLE,-,SHARES,AA
RNT,SG.D.RNT.CASH.IP,Aaron's Inc,N/A,CLOSED,-,SHARES,AA
APCGY,ED.D.APCGY.CASH.IP,Apple Inc (DE),N/A,TRADEABLE,-,SHARES,AA
ARLGY,ED.D.ARLGY.CASH.IP,Aareal Bank AG,N/A,CLOSED,-,SHARES,AA
ARL0GY,ED.D.ARL0GY.CASH.IP,Aareal Bank AG,N/A,CLOSED,-,SHARES,AA
AACSS,EH.D.AACSS.CASH.IP,AAC Clyde Space AB,N/A,TRADEABLE,-,SHARES,AA
AAKSS,EH.D.AAKSS.CASH.IP,AarhusKarlshamn AB,N/A,TRADEABLE,-,SHARES,AA
AAQGY,ED.D.AAQGY.CASH.IP,aap Implantate AG,N/A,TRADEABLE,-,SHARES,AA
AALBNA,EG.D.AALBNA.CASH.IP,Aalberts Industries NV,N/A,TRADEABLE,-,SHARES,AA
AARDUS,UA.D.AARDUS.CASH.IP,Aardvark Therapeutics Inc,N/A,TRADEABLE,-,SHARES,AA
AAAGLN,KA.D.AAAGLN.CASH.IP,Fair Oaks AAA CLO Fund // ETF,N/A,TRADEABLE,-,SHARES,AA
LAAAGR,ED.D.LAAAGR.CASH.IP,Fair Oaks AAA CLO Fund // ETF (EUR DIST),N/A,TRADEABLE,-,SHARES,AA
FAAALN,KA.D.FAAALN.CASH.IP,Fair Oaks AAA CLO Fund // ETF (EUR),N/A,TRADEABLE,-,SHARES,AA
XAAALN,KA.D.XAAALN.CASH.IP,Fair Oaks AAA CLO Fund // ETF (XAAA LN),N/A,TRADEABLE,-,SHARES,AA
ICLOLN,KA.D.ICLOLN.CASH.IP,Invesco USD AAA CLO UCITS ETF,N/A,TRADEABLE,-,SHARES,AA
JAAAUS,SI.D.JAAAUS.CASH.IP,Janus Henderson AAA CLO ETF,N/A,TRADEABLE,-,SHARES,AA
PAALBDC,EP.D.PAALBDC.CASH.IP,Per Aarsleff Holding AS,N/A,TRADEABLE,-,SHARES,AA
SAAALN,KA.D.SAAALN.CASH.IP,iShares Global AAA-AA Government Bond UCITS ETF,N/A,TRADEABLE,-,SHARES,AA
2018HK,AC.D.2018HK.CASH.IP,AAC Technologies Holdings Inc,N/A,EDITS_ONLY,-,SHARES,AA
AAPILN,KA.D.AAPILN.CASH.IP,IncomeShares Apple AAPL Options ETP,N/A,TRADEABLE,-,SHARES,AA
JCLGLN,KA.D.JCLGLN.CASH.IP,Janus Henderson Tabula EUR AAA CLO UCITS ETF,N/A,TRADEABLE,-,SHARES,AA
JCL0GY,ED.D.JCL0GY.CASH.IP,Janus Henderson Tabula EUR AAA CLO UCITS ETF (EUR),N/A,TRADEABLE,-,SHARES,AA
APLYUS,SI.D.APLYUS.CASH.IP,YieldMax AAPL Option Income Strategy ETF,N/A,TRADEABLE,-,SHARES,AA
QLTAUS,SI.D.QLTAUS.CASH.IP,iShares Aaa - A Rated Corporate Bond ETF,N/A,TRADEABLE,-,SHARES,AA
EEMDUS,SI.D.EEMDUS.CASH.IP,AAM S&P Emerging Markets High Dividend Value ETF,N/A,OFFLINE,-,SHARES,AA
3SAALN,KA.D.3SAALN.CASH.IP,Leverage Shares -3x Short Apple AAPL ETP Securities,N/A,TRADEABLE,-,SHARES,AA
ABFP,EC.D.ABFP.CASH.IP,AB Science SA,N/A,TRADEABLE,-,SHARES,AB
ABUS,SA.D.ABUS.CASH.IP,AllianceBernstein Holding LP,N/A,TRADEABLE,-,SHARES,AB
SCAB,EH.D.SCAB.CASH.IP,Svenska Cellulosa AB,N/A,TRADEABLE,-,SHARES,AB
ABNBUS,UA.D.ABNBUS.CASH.IP,Airbnb Inc (24 Hours),N/A,TRADEABLE,-,SHARES,AB
JMSS,EH.D.JMSS.CASH.IP,JM AB,N/A,TRADEABLE,-,SHARES,AB
SKFB,EH.D.SKFB.CASH.IP,AB SKF (publ),N/A,TRADEABLE,-,SHARES,AB
SKFASS,EH.D.SKFASS.CASH.IP,AB SKF (publ),N/A,TRADEABLE,-,SHARES,AB
ABBN,EJ.D.ABBN.CASH.IP,ABB Ltd (CH),N/A,TRADEABLE,-,SHARES,AB
ABB,EH.D.ABB.CASH.IP,ABB Ltd (SE),N/A,TRADEABLE,-,SHARES,AB
AFBSS,EH.D.AFBSS.CASH.IP,AFRY AB,N/A,TRADEABLE,-,SHARES,AB
ARJOBSS,EH.D.ARJOBSS.CASH.IP,Arjo AB (publ),N/A,TRADEABLE,-,SHARES,AB
CLNKBSS,EH.D.CLNKBSS.CASH.IP,BICO AB,N/A,TRADEABLE,-,SHARES,AB
CRADBSS,EH.D.CRADBSS.CASH.IP,C-Rad AB,N/A,TRADEABLE,-,SHARES,AB
CDONSS,EH.D.CDONSS.CASH.IP,CDON AB,N/A,TRADEABLE,-,SHARES,AB
CTEKSS,EH.D.CTEKSS.CASH.IP,CTEK AB (publ),N/A,TRADEABLE,-,SHARES,AB
DOROSS,EH.D.DOROSS.CASH.IP,Doro AB,N/A,OFFLINE,-,SHARES,AB
DOXASS,EH.D.DOXASS.CASH.IP,Doxa AB,N/A,TRADEABLE,-,SHARES,AB
DUNISS,EH.D.DUNISS.CASH.IP,Duni AB (publ),N/A,TRADEABLE,-,SHARES,AB
ELECSS,EH.D.ELECSS.CASH.IP,Elon AB,N/A,TRADEABLE,-,SHARES,AB
ENEA,EH.D.ENEA.CASH.IP,Enea AB (publ),N/A,TRADEABLE,-,SHARES,AB
FUUDSS,EH.D.FUUDSS.CASH.IP,FUUD AB,N/A,OFFLINE,-,SHARES,AB
K33SS,EH.D.K33SS.CASH.IP,K33 AB,N/A,TRADEABLE,-,SHARES,AB
LINCSS,EH.D.LINCSS.CASH.IP,Linc AB,N/A,TRADEABLE,-,SHARES,AB
MEKOSS,EH.D.MEKOSS.CASH.IP,MEKO AB,N/A,TRADEABLE,-,SHARES,AB
MIPSSS,EH.D.MIPSSS.CASH.IP,Mips AB,N/A,TRADEABLE,-,SHARES,AB
NCCB,EH.D.NCCB.CASH.IP,NCC AB (publ),N/A,TRADEABLE,-,SHARES,AB
NCCASS,EH.D.NCCASS.CASH.IP,NCC AB (publ) - A,N/A,TRADEABLE,-,SHARES,AB
NOTESS,EH.D.NOTESS.CASH.IP,NOTE AB (publ),N/A,TRADEABLE,-,SHARES,AB
NEPASS,EH.D.NEPASS.CASH.IP,Nepa AB (publ),N/A,TRADEABLE,-,SHARES,AB
NYABSESS,EH.D.NYABSESS.CASH.IP,Nyab AB,N/A,TRADEABLE,-,SHARES,AB
OX2SS,EH.D.OX2SS.CASH.IP,OX2 AB,N/A,OFFLINE,-,SHARES,AB
PEABB,EH.D.PEABB.CASH.IP,Peab AB,N/A,TRADEABLE,-,SHARES,AB
ROKOBSS,EH.D.ROKOBSS.CASH.IP,Roko AB,N/A,TRADEABLE,-,SHARES,AB
SASSS,EH.D.SASSS.CASH.IP,SAS AB,N/A,CLOSED,-,SHARES,AB
SASDC,EP.D.SASDC.CASH.IP,SAS AB (Danish),N/A,CLOSED,-,SHARES,AB
SSABA,EH.D.SSABA.CASH.IP,SSAB AB (publ) - A,N/A,TRADEABLE,-,SHARES,AB
SAABBSS,EH.D.SAABBSS.CASH.IP,Saab AB,N/A,TRADEABLE,-,SHARES,AB
SHBA,EH.D.SHBA.CASH.IP,Svenska Handelsbanken AB,N/A,TRADEABLE,-,SHARES,AB
URBITSS,EH.D.URBITSS.CASH.IP,URB-IT AB,N/A,OFFLINE,-,SHARES,AB
ASSAB,EH.D.ASSAB.CASH.IP,Assa Abloy AB - B,N/A,TRADEABLE,-,SHARES,AB
ABBVWUS,SA.D.ABBVWUS.CASH.IP,AbbVie Inc (24 Hours),N/A,TRADEABLE,-,SHARES,AB
ABSOSS,EH.D.ABSOSS.CASH.IP,Absolent Group AB (publ),N/A,TRADEABLE,-,SHARES,AB
2CUREXSS,EH.D.2CUREXSS.CASH.IP,2cureX AB,N/A,TRADEABLE,-,SHARES,AB
4CSS,EH.D.4CSS.CASH.IP,4c Group AB,N/A,TRADEABLE,-,SHARES,AB
SAGAASS,EH.D.SAGAASS.CASH.IP,AB Sagax (publ) - A,N/A,TRADEABLE,-,SHARES,AB
SAGABSS,EH.D.SAGABSS.CASH.IP,AB Sagax - B,N/A,TRADEABLE,-,SHARES,AB
SAGADSS,EH.D.SAGADSS.CASH.IP,AB Sagax - D,N/A,TRADEABLE,-,SHARES,AB
ABBUS,SA.D.ABBUS.CASH.IP,ABB Ltd - ADR,N/A,OFFLINE,-,SHARES,AB
5574JT,AJ.D.5574JT.CASH.IP,ABEJA Inc,N/A,EDITS_ONLY,-,SHARES,AB
ABVXFP,EC.D.ABVXFP.CASH.IP,ABIVAX SA,N/A,TRADEABLE,-,SHARES,AB
ACCP,EC.D.ACCP.CASH.IP,Accor SA,N/A,TRADEABLE,-,SHARES,AC
AC,SA.D.AC.CASH.IP,Associated Capital Group Inc,N/A,OFFLINE,-,SHARES,AC
ACE,EF.D.ACE.CASH.IP,ACEA SpA,N/A,TRADEABLE,-,SHARES,AC
6232JT,AJ.D.6232JT.CASH.IP,ACSL LTD,N/A,EDITS_ONLY,-,SHARES,AC
ACARIXSS,EH.D.ACARIXSS.CASH.IP,Acarix AB,N/A,TRADEABLE,-,SHARES,AC
ACASTSS,EH.D.ACASTSS.CASH.IP,Acast AB,N/A,TRADEABLE,-,SHARES,AC
ANA,EI.D.ANA.CASH.IP,Acciona SA,N/A,TRADEABLE,-,SHARES,AC
ACHISW,EJ.D.ACHISW.CASH.IP,Achiko AG,N/A,CLOSED,-,SHARES,AC
ACOMONA,EG.D.ACOMONA.CASH.IP,Acomo N.V,N/A,TRADEABLE,-,SHARES,AC
AKRNLI,PK.D.AKRNLI.CASH.IP,Acron PJSC,N/A,OFFLINE,-,SHARES,AC
NETGSS,EH.D.NETGSS.CASH.IP,Acroud AB,N/A,OFFLINE,-,SHARES,AC
ACR,AF.D.ACR.CASH.IP,Acrux Ltd,N/A,EDITS_ONLY,-,SHARES,AC
AYIUS,SA.D.AYIUS.CASH.IP,Acuity Inc,N/A,TRADEABLE,-,SHARES,AC
PIEZOSS,EH.D.PIEZOSS.CASH.IP,Acuvi AB,N/A,TRADEABLE,-,SHARES,AC
ACIUUS,UA.D.ACIUUS.CASH.IP,AC Immune SA,N/A,TRADEABLE,-,SHARES,AC
ACGLN,KC.D.ACGLN.CASH.IP,ACG Metals Ltd,N/A,TRADEABLE,-,SHARES,AC
ATIFP,EC.D.ATIFP.CASH.IP,ACTIA Group SA,N/A,TRADEABLE,-,SHARES,AC
ACADSS,EH.D.ACADSS.CASH.IP,AcadeMedia AB (publ),N/A,TRADEABLE,-,SHARES,AC
ACCELNA,EG.D.ACCELNA.CASH.IP,Accell Group,N/A,CLOSED,-,SHARES,AC
RCGAU,AB.D.RCGAU.CASH.IP,Accent Group,N/A,EDITS_ONLY,-,SHARES,AC
ACN,SA.D.ACN.CASH.IP,Accenture PLC (24 Hours),N/A,TRADEABLE,-,SHARES,AC
4813JT,AJ.D.4813JT.CASH.IP,Access Co Ltd,N/A,EDITS_ONLY,-,SHARES,AC
ACCDUS,UA.D.ACCDUS.CASH.IP,Accolade Inc,N/A,CLOSED,-,SHARES,AC
ACCONSS,EH.D.ACCONSS.CASH.IP,Acconeer AB,N/A,TRADEABLE,-,SHARES,AC
ARAYUS,UA.D.ARAYUS.CASH.IP,Accuray Inc,N/A,TRADEABLE,-,SHARES,AC
IDRAUS,UB.D.IDRAUS.CASH.IP,Aceragen Inc,N/A,CLOSED,-,SHARES,AC
ACX,EI.D.ACX.CASH.IP,Acerinox SA,N/A,TRADEABLE,-,SHARES,AC
AKAOUS,UA.D.AKAOUS.CASH.IP,Achaogen Inc,N/A,CLOSED,-,SHARES,AC
ACONUS,UA.D.ACONUS.CASH.IP,Aclarion Inc,N/A,TRADEABLE,-,SHARES,AC
ACOUSS,EH.D.ACOUSS.CASH.IP,AcouSort AB,N/A,TRADEABLE,-,SHARES,AC
NMG,AF.D.NMG.CASH.IP,Acrow Limited,N/A,EDITS_ONLY,-,SHARES,AC
ATICSS,EH.D.ATICSS.CASH.IP,Actic Group AB,N/A,TRADEABLE,-,SHARES,AC
ACEAU,AB.D.ACEAU.CASH.IP,Acusensus Ltd,N/A,EDITS_ONLY,-,SHARES,AC
TTAPZ,KC.D.TTAPZ.CASH.IP,Time To ACT Plc,N/A,TRADEABLE,-,SHARES,AC
ISDRUS,SI.D.ISDRUS.CASH.IP,ACCESS Newswire Inc,N/A,TRADEABLE,-,SHARES,AC
ABD,SA.D.ABD.CASH.IP,ACCO Brands Corp,N/A,TRADEABLE,-,SHARES,AC
ADCAU,AB.D.ADCAU.CASH.IP,ACDC Metals Limited,N/A,EDITS_ONLY,-,SHARES,AC
ACIW,UA.D.ACIW.CASH.IP,ACI Worldwide Inc,N/A,TRADEABLE,-,SHARES,AC
ACMRUS,UA.D.ACMRUS.CASH.IP,ACM Research Inc,N/A,TRADEABLE,-,SHARES,AC
ADTN,UA.D.ADTN.CASH.IP,ACORN HOLDCO INC COM,N/A,TRADEABLE,-,SHARES,AC
ACVAUS,UA.D.ACVAUS.CASH.IP,ACV Auctions Inc,N/A,TRADEABLE,-,SHARES,AC
ABGLN,KA.D.ABGLN.CASH.IP,Acacia Mining PLC,N/A,OFFLINE,-,SHARES,AC
AKRUS,SA.D.AKRUS.CASH.IP,Acadia Realty Trust,N/A,TRADEABLE,-,SHARES,AC
OMIUS,SE.D.OMIUS.CASH.IP,Accendra Health Inc,N/A,TRADEABLE,-,SHARES,AC
AGTSP,AG.D.AGTSP.CASH.IP,Accordia Golf Trust,N/A,CLOSED,-,SHARES,AC
ACCSP,AG.D.ACCSP.CASH.IP,Accrelist Limited,N/A,EDITS_ONLY,-,SHARES,AC
ACUUS,SI.D.ACUUS.CASH.IP,Acme United Corp,N/A,TRADEABLE,-,SHARES,AC
ACFNUS,UA.D.ACFNUS.CASH.IP,Acorn Energy Inc,N/A,TRADEABLE,-,SHARES,AC
AIVAU,AB.D.AIVAU.CASH.IP,ActivEX Limited,N/A,EDITS_ONLY,-,SHARES,AC
ACTISS,EH.D.ACTISS.CASH.IP,Active Biotech AB (publ),N/A,TRADEABLE,-,SHARES,AC
USM,SH.D.USM.CASH.IP,Array Digital Infrastructure Inc,N/A,TRADEABLE,-,SHARES,AD
YYUS,UD.D.YYUS.CASH.IP,JOYY Inc - ADR,N/A,TRADEABLE,-,SHARES,AD
ADTUS,SA.D.ADTUS.CASH.IP,ADT Inc,N/A,TRADEABLE,-,SHARES,AD
ADOCFP,EC.D.ADOCFP.CASH.IP,Adocia,N/A,TRADEABLE,-,SHARES,AD
HIMFP,EC.D.HIMFP.CASH.IP,Adux SA,N/A,OFFLINE,-,SHARES,AD
CGV,SB.D.CGV.CASH.IP,CGG - ADR,N/A,OFFLINE,-,SHARES,AD
AFN,KC.D.AFN.CASH.IP,ADVFN PLC,N/A,OFFLINE,-,SHARES,AD
ADHAU,AB.D.ADHAU.CASH.IP,Adairs Ltd,N/A,EDITS_ONLY,-,SHARES,AD
ADAALN,KC.D.ADAALN.CASH.IP,Adams PLC (GBp),N/A,CLOSED,-,SHARES,AD
ALIFBSS,EH.D.ALIFBSS.CASH.IP,AddLife AB (publ),N/A,TRADEABLE,-,SHARES,AD
ADDTBSS,EH.D.ADDTBSS.CASH.IP,AddTech AB,N/A,TRADEABLE,-,SHARES,AD
ADEN,EJ.D.ADEN.CASH.IP,Adecco SA,N/A,TRADEABLE,-,SHARES,AD
TSRA,UD.D.TSRA.CASH.IP,Adeia Inc.,N/A,TRADEABLE,-,SHARES,AD
ADSGY,ED.D.ADSGY.CASH.IP,Adidas AG,N/A,TRADEABLE,-,SHARES,AD
ADNTWUS,SA.D.ADNTWUS.CASH.IP,Adient plc,N/A,TRADEABLE,-,SHARES,AD
DC2AU,AB.D.DC2AU.CASH.IP,Adisyn Ltd,N/A,EDITS_ONLY,-,SHARES,AD
ADTXUS,UA.D.ADTXUS.CASH.IP,Aditxt Inc,N/A,TRADEABLE,-,SHARES,AD
ADBPZ,KC.D.ADBPZ.CASH.IP,Adnams PLC,N/A,TRADEABLE,-,SHARES,AD
ADJAU,AB.D.ADJAU.CASH.IP,Adslot Ltd,N/A,EDITS_ONLY,-,SHARES,AD
2489JT,AJ.D.2489JT.CASH.IP,Adways Inc,N/A,EDITS_ONLY,-,SHARES,AD
ADYENNA,EG.D.ADYENNA.CASH.IP,Adyen NV,N/A,TRADEABLE,-,SHARES,AD
BPUS,SA.D.BPUS.CASH.IP,BP PLC - ADR,N/A,TRADEABLE,-,SHARES,AD
PDA,SE.D.PDA.CASH.IP,BRF SA - ADR,N/A,CLOSED,-,SHARES,AD
E,SB.D.E.CASH.IP,Eni SpA - ADR,N/A,TRADEABLE,-,SHARES,AD
GSKUS,SC.D.GSKUS.CASH.IP,GSK PLC - ADR,N/A,TRADEABLE,-,SHARES,AD
MTLUS,SE.D.MTLUS.CASH.IP,Mechel - ADR,N/A,CLOSED,-,SHARES,AD
NIOUS,SE.D.NIOUS.CASH.IP,NIO Inc ADR (24 Hours),N/A,TRADEABLE,-,SHARES,AD
BTM,SA.D.BTM.CASH.IP,Oi SA - ADR,N/A,OFFLINE,-,SHARES,AD
BTMC,SA.D.BTMC.CASH.IP,Oi SA - C - ADR,N/A,OFFLINE,-,SHARES,AD
RYAAY,UC.D.RYAAY.CASH.IP,Ryanair Holdings PLC - ADR,N/A,TRADEABLE,-,SHARES,AD
SAP,SG.D.SAP.CASH.IP,SAP AG - ADR,N/A,TRADEABLE,-,SHARES,AD
SNYUS,SG.D.SNYUS.CASH.IP,Sanofi - ADR,N/A,TRADEABLE,-,SHARES,AD
RIOUS,SG.D.RIOUS.CASH.IP,Vale SA - ADR,N/A,TRADEABLE,-,SHARES,AD
WPPGY,UD.D.WPPGY.CASH.IP,WPP PLC - ADR,N/A,TRADEABLE,-,SHARES,AD
YPF,SH.D.YPF.CASH.IP,YPF SA - ADR,N/A,TRADEABLE,-,SHARES,AD
ADN1GY,ED.D.ADN1GY.CASH.IP,adesso AG,N/A,TRADEABLE,-,SHARES,AD
JOBS,UB.D.JOBS.CASH.IP,51job Inc - ADR,N/A,CLOSED,-,SHARES,AD
HDICN,KN.D.HDICN.CASH.IP,ADENTRA Inc,N/A,TRADEABLE,-,SHARES,AD
ASTALN,KC.D.ASTALN.CASH.IP,ADM Energy PLC,N/A,TRADEABLE,-,SHARES,AD
AD1AU,AB.D.AD1AU.CASH.IP,ADNEO LIMITED,N/A,EDITS_ONLY,-,SHARES,AD
ABCMUS,UA.D.ABCMUS.CASH.IP,Abcam PLC - ADR,N/A,CLOSED,-,SHARES,AD
ABVXUS,UA.D.ABVXUS.CASH.IP,Abivax SA ADR,N/A,TRADEABLE,-,SHARES,AD
ADAGUS,UA.D.ADAGUS.CASH.IP,Adagene Inc,N/A,TRADEABLE,-,SHARES,AD
ADAPTSS,EH.D.ADAPTSS.CASH.IP,Adapteo Oyj,N/A,OFFLINE,-,SHARES,AD
ABC,AA.D.ABC.CASH.IP,Adbri Limited,N/A,CLOSED,-,SHARES,AD
AGROUS,SA.D.AGROUS.CASH.IP,Adecoagro SA,N/A,TRADEABLE,-,SHARES,AD
ADEBNO,EL.D.ADEBNO.CASH.IP,Adevinta ASA (B),N/A,OFFLINE,-,SHARES,AD
TORCUS,UD.D.TORCUS.CASH.IP,Adicet Bio Inc,N/A,TRADEABLE,-,SHARES,AD
ADMCMFH,EB.D.ADMCMFH.CASH.IP,Admicom Oyj,N/A,TRADEABLE,-,SHARES,AD
AEDI,EF.D.AEDI.CASH.IP,Aedes SpA,N/A,OFFLINE,-,SHARES,AE
AEUS,SI.D.AEUS.CASH.IP,Adams Resources & Energy Inc,N/A,CLOSED,-,SHARES,AE
AES,SA.D.AES.CASH.IP,AES Corp (24 Hours),N/A,TRADEABLE,-,SHARES,AE
CFACUS,UA.D.CFACUS.CASH.IP,AEye Inc,N/A,TRADEABLE,-,SHARES,AE
AFESJ,AR.D.AFESJ.CASH.IP,Aeci Ltd,N/A,TRADEABLE,-,SHARES,AE
AEFIM,EF.D.AEFIM.CASH.IP,Aeffe SpA,N/A,TRADEABLE,-,SHARES,AE
AEGEK,ER.D.AEGEK.CASH.IP,Aegek SA,N/A,CLOSED,-,SHARES,AE
AEGN,EG.D.AEGN.CASH.IP,Aegon NV,N/A,TRADEABLE,-,SHARES,AE
AEG,SA.D.AEG.CASH.IP,Aegon NV (US),N/A,TRADEABLE,-,SHARES,AE
ALMUUS,UA.D.ALMUUS.CASH.IP,Aeluma Inc,N/A,TRADEABLE,-,SHARES,AE
GRAMUS,SC.D.GRAMUS.CASH.IP,Aenza SAA,N/A,CLOSED,-,SHARES,AE
8267JT,AJ.D.8267JT.CASH.IP,Aeon Co Ltd,N/A,EDITS_ONLY,-,SHARES,AE
AVEXUS,SA.D.AVEXUS.CASH.IP,Aevex Corp,N/A,TRADEABLE,-,SHARES,AE
AEWULN,KC.D.AEWULN.CASH.IP,AEW UK REIT PLC,N/A,TRADEABLE,-,SHARES,AE
AEDBB,EA.D.AEDBB.CASH.IP,Aedifica SA,N/A,TRADEABLE,-,SHARES,AE
INSU,UB.D.INSU.CASH.IP,Aegion Corp,N/A,CLOSED,-,SHARES,AE
AEGIRT02S,EH.D.AEGIRT02S.CASH.IP,Aegirbio AB (Warrants),N/A,OFFLINE,-,SHARES,AE
AMTXUS,UA.D.AMTXUS.CASH.IP,Aemetis Inc,N/A,TRADEABLE,-,SHARES,AE
AENASM,EI.D.AENASM.CASH.IP,Aena S.M.E. SA,N/A,TRADEABLE,-,SHARES,AE
ALPHA,ER.D.ALPHA.CASH.IP,Alpha Bank AE,N/A,TRADEABLE,-,SHARES,AE
FGAFP,EC.D.FGAFP.CASH.IP,Figeac-Aero SA,N/A,TRADEABLE,-,SHARES,AE
GECLN,KA.D.GECLN.CASH.IP,GE Aerospace,N/A,CLOSED,-,SHARES,AE
GE,SC.D.GE.CASH.IP,GE Aerospace (24 Hours),N/A,TRADEABLE,-,SHARES,AE
AEMSP,AG.D.AEMSP.CASH.IP,AEM Holdings Ltd,N/A,EDITS_ONLY,-,SHARES,AE
AEONUS,SI.D.AEONUS.CASH.IP,AEON Biopharma Inc,N/A,TRADEABLE,-,SHARES,AE
AEPLN,KA.D.AEPLN.CASH.IP,AEP Plantations PLC,N/A,TRADEABLE,-,SHARES,AE
AEVSSW,EJ.D.AEVSSW.CASH.IP,AEVIS VICTORIA SA,N/A,TRADEABLE,-,SHARES,AE
LIDRWUS,UB.D.LIDRWUS.CASH.IP,AEye Inc - warrants,N/A,TRADEABLE,-,SHARES,AE
ARECN,KN.D.ARECN.CASH.IP,Aecon Group Inc,N/A,TRADEABLE,-,SHARES,AE
AEDASSM,EI.D.AEDASSM.CASH.IP,Aedas Homes S.A.U.,N/A,TRADEABLE,-,SHARES,AE
AERAU,AB.D.AERAU.CASH.IP,Aeeris Limited,N/A,EDITS_ONLY,-,SHARES,AE
AEGNGA,ER.D.AEGNGA.CASH.IP,Aegean Airlines SA,N/A,TRADEABLE,-,SHARES,AE
AEHRUS,UA.D.AEHRUS.CASH.IP,Aehr Test Systems,N/A,TRADEABLE,-,SHARES,AE
AMLAU,AB.D.AMLAU.CASH.IP,Aeon Metals Limited,N/A,CLOSED,-,SHARES,AE
AER,SA.D.AER.CASH.IP,AerCap Holdings NV,N/A,TRADEABLE,-,SHARES,AE
SRQ,AF.D.SRQ.CASH.IP,Aeris Resources Ltd,N/A,EDITS_ONLY,-,SHARES,AE
AMXAU,AB.D.AMXAU.CASH.IP,Aerometrex Limited,N/A,EDITS_ONLY,-,SHARES,AE
ADPFP,EC.D.ADPFP.CASH.IP,Aeroports de Paris,N/A,TRADEABLE,-,SHARES,AE
AVAV,UA.D.AVAV.CASH.IP,Aerovironment Inc,N/A,TRADEABLE,-,SHARES,AE
AEMDUS,UA.D.AEMDUS.CASH.IP,Aethlon Medical Inc,N/A,TRADEABLE,-,SHARES,AE
ASPNUS,SA.D.ASPNUS.CASH.IP,Aspen Aerogels Inc,N/A,TRADEABLE,-,SHARES,AE
BHBUS,SI.D.BHBUS.CASH.IP,Bar Harbor Banksh AE,N/A,TRADEABLE,-,SHARES,AE
MTX,ED.D.MTX.CASH.IP,MTU Aero Engines AG,N/A,TRADEABLE,-,SHARES,AE
TCBKUS,UD.D.TCBKUS.CASH.IP,TriCo Bancsh AE,N/A,TRADEABLE,-,SHARES,AE
INPXUS,UB.D.INPXUS.CASH.IP,XTI Aerospace Inc,N/A,TRADEABLE,-,SHARES,AE
DFENUS,SI.D.DFENUS.CASH.IP,Direxion Daily Aerospace & Defense Bull 3X Sh AE,N/A,TRADEABLE,-,SHARES,AE
AF,EC.D.AF.CASH.IP,Air France-KLM,N/A,TRADEABLE,-,SHARES,AF
1AFIM,EF.D.1AFIM.CASH.IP,Air France-KLM (ITA),N/A,TRADEABLE,-,SHARES,AF
AJAXNA,EG.D.AJAXNA.CASH.IP,AFC Ajax NV,N/A,TRADEABLE,-,SHARES,AF
AMO,KC.D.AMO.CASH.IP,AFERIAN,N/A,OFFLINE,-,SHARES,AF
AFMDUS,UA.D.AFMDUS.CASH.IP,Affimed NV,N/A,OFFLINE,-,SHARES,AF
AFL,SA.D.AFL.CASH.IP,Aflac Inc (24 Hours),N/A,TRADEABLE,-,SHARES,AF
AFRLN,KA.D.AFRLN.CASH.IP,Afren PLC,N/A,SUSPENDED,-,SHARES,AF
AFRILN,KC.D.AFRILN.CASH.IP,AfriAg PLC,N/A,OFFLINE,-,SHARES,AF
AFGNO,EL.D.AFGNO.CASH.IP,AF Gruppen ASA,N/A,TRADEABLE,-,SHARES,AF
AFCGUS,UA.D.AFCGUS.CASH.IP,AFC Gamma Inc,N/A,TRADEABLE,-,SHARES,AF
SEY,KA.D.SEY.CASH.IP,Afentra Plc,N/A,TRADEABLE,-,SHARES,AF
AFFYUS,UA.D.AFFYUS.CASH.IP,Affymax Inc,N/A,OFFLINE,-,SHARES,AF
AFYAUS,UA.D.AFYAUS.CASH.IP,Afya Limited,N/A,TRADEABLE,-,SHARES,AF
NAVAU,AB.D.NAVAU.CASH.IP,AF Legal Group Ltd,N/A,EDITS_ONLY,-,SHARES,AF
RUG1V,EB.D.RUG1V.CASH.IP,Afarak Group OYJ,N/A,TRADEABLE,-,SHARES,AF
AFRKLN,KC.D.AFRKLN.CASH.IP,Afarak Group Oyj,N/A,OFFLINE,-,SHARES,AF
AFRMUS,UA.D.AFRMUS.CASH.IP,Affirm Holdings Inc (24 Hours),N/A,TRADEABLE,-,SHARES,AF
AECSS,EH.D.AECSS.CASH.IP,Africa Energy Corp,N/A,TRADEABLE,-,SHARES,AF
AFDDSS,EH.D.AFDDSS.CASH.IP,African Diamond AB (Unlisted),N/A,OFFLINE,-,SHARES,AF
ASPLN,KC.D.ASPLN.CASH.IP,African Pioneer Plc,N/A,TRADEABLE,-,SHARES,AF
AFTSJ,AR.D.AFTSJ.CASH.IP,Afrimat Limited,N/A,TRADEABLE,-,SHARES,AF
AAFLN,KA.D.AAFLN.CASH.IP,Airtel Africa PLC,N/A,TRADEABLE,-,SHARES,AF
LZM,KC.D.LZM.CASH.IP,Cambria Africa PLC,N/A,CLOSED,-,SHARES,AF
AFHPLN,KC.D.AFHPLN.CASH.IP,AFH Financial Group PLC,N/A,OFFLINE,-,SHARES,AF
AFID,PK.D.AFID.CASH.IP,AFI Development PLC - GDR,N/A,OFFLINE,-,SHARES,AF
AFTAU,AB.D.AFTAU.CASH.IP,AFT Corporation Limited,N/A,CLOSED,-,SHARES,AF
AFPAU,AB.D.AFPAU.CASH.IP,AFT Pharmaceuticals Limited,N/A,EDITS_ONLY,-,SHARES,AF
A1GAU,AB.D.A1GAU.CASH.IP,African Gold Limited,N/A,CLOSED,-,SHARES,AF
AMI,KA.D.AMI.CASH.IP,African Minerals Limited,N/A,OFFLINE,-,SHARES,AF
ARISJ,AR.D.ARISJ.CASH.IP,African Rainbow Minerals Ltd,N/A,TRADEABLE,-,SHARES,AF
AAOGLN,KA.D.AAOGLN.CASH.IP,Anglo African Oil & Gas PLC,N/A,CLOSED,-,SHARES,AF
AFTYUS,SI.D.AFTYUS.CASH.IP,CSOP FTSE China A50 ETF - AFTY,N/A,OFFLINE,-,SHARES,AF
CIAPZ,KC.D.CIAPZ.CASH.IP,Clean Invest Africa PLC,N/A,OFFLINE,-,SHARES,AF
NSAUS,SE.D.NSAUS.CASH.IP,National Storage Affili AE,N/A,TRADEABLE,-,SHARES,AF
PAF,KA.D.PAF.CASH.IP,Pan African Resources PLC,N/A,TRADEABLE,-,SHARES,AF
PANSJ,AR.D.PANSJ.CASH.IP,Pan African Resources PLC (SA),N/A,TRADEABLE,-,SHARES,AF
PREMLN,KC.D.PREMLN.CASH.IP,Premier African Minerals Ltd,N/A,TRADEABLE,-,SHARES,AF
SMALN,KC.D.SMALN.CASH.IP,Sovereign Mines Of Africa PLC,N/A,OFFLINE,-,SHARES,AF
SCAIUS,UD.D.SCAIUS.CASH.IP,Surgical Care Affiliates Inc,N/A,CLOSED,-,SHARES,AF
ZZDSJ,AR.D.ZZDSJ.CASH.IP,Zeda Ltd/South Africa,N/A,TRADEABLE,-,SHARES,AF
EZA,SI.D.EZA.CASH.IP,iShares MSCI South Africa ETF,N/A,TRADEABLE,-,SHARES,AF
ETFGLDSJ,AR.D.ETFGLDSJ.CASH.IP,Africa ETF Issuer (RF) Ltd. - AfricaGold Debentures Fund,N/A,TRADEABLE,-,SHARES,AF
AGSUS,SA.D.AGSUS.CASH.IP,First Majestic Silver Corporation - US (24 Hours),N/A,TRADEABLE,-,SHARES,AG
AGLUS,SA.D.AGLUS.CASH.IP,agilon health Inc,N/A,TRADEABLE,-,SHARES,AG
DRIGY,ED.D.DRIGY.CASH.IP,1&1 AG,N/A,TRADEABLE,-,SHARES,AG
WASGY,ED.D.WASGY.CASH.IP,H&R AG,N/A,TRADEABLE,-,SHARES,AG
SDF,ED.D.SDF.CASH.IP,K+S AG,N/A,TRADEABLE,-,SHARES,AG
VOW,ED.D.VOW.CASH.IP,Volkswagen AG (Ord),N/A,TRADEABLE,-,SHARES,AG
VSCGY,ED.D.VSCGY.CASH.IP,4SC AG,N/A,OFFLINE,-,SHARES,AG
5201JT,AJ.D.5201JT.CASH.IP,AGC Inc,N/A,EDITS_ONLY,-,SHARES,AG
FOR,EA.D.FOR.CASH.IP,Ageas,N/A,TRADEABLE,-,SHARES,AG
ANOGY,ED.D.ANOGY.CASH.IP,Alno AG,N/A,CLOSED,-,SHARES,AG
BKWSW,EJ.D.BKWSW.CASH.IP,BKW AG,N/A,TRADEABLE,-,SHARES,AG
DOCAV,EK.D.DOCAV.CASH.IP,DO & CO AG,N/A,TRADEABLE,-,SHARES,AG
EVNAV,EK.D.EVNAV.CASH.IP,EVN AG,N/A,TRADEABLE,-,SHARES,AG
EMMNSW,EJ.D.EMMNSW.CASH.IP,Emmi AG,N/A,TRADEABLE,-,SHARES,AG
FACCAV,EK.D.FACCAV.CASH.IP,FACC AG,N/A,TRADEABLE,-,SHARES,AG
KSCGY,ED.D.KSCGY.CASH.IP,KPS AG,N/A,TRADEABLE,-,SHARES,AG
IWKGY,ED.D.IWKGY.CASH.IP,KUKA AG,N/A,OFFLINE,-,SHARES,AG
M5ZGY,ED.D.M5ZGY.CASH.IP,Manz AG,N/A,OFFLINE,-,SHARES,AG
NFNGY,ED.D.NFNGY.CASH.IP,NFON AG,N/A,TRADEABLE,-,SHARES,AG
OHBGY,ED.D.OHBGY.CASH.IP,OHB AG,N/A,TRADEABLE,-,SHARES,AG
OMV,EK.D.OMV.CASH.IP,OMV AG,N/A,TRADEABLE,-,SHARES,AG
PNE3GY,ED.D.PNE3GY.CASH.IP,PNE AG,N/A,TRADEABLE,-,SHARES,AG
POSAV,EK.D.POSAV.CASH.IP,Porr Ag,N/A,TRADEABLE,-,SHARES,AG
RHIAV,EK.D.RHIAV.CASH.IP,RHI AG,N/A,OFFLINE,-,SHARES,AG
SAPG,ED.D.SAPG.CASH.IP,SAP AG (DE),N/A,TRADEABLE,-,SHARES,AG
SBOE,EK.D.SBOE.CASH.IP,SBO AG,N/A,TRADEABLE,-,SHARES,AG
SW1GY,ED.D.SW1GY.CASH.IP,SHW AG,N/A,OFFLINE,-,SHARES,AG
SIKSW,EJ.D.SIKSW.CASH.IP,Sika AG,N/A,TRADEABLE,-,SHARES,AG
SIX2GY,ED.D.SIX2GY.CASH.IP,Sixt AG,N/A,TRADEABLE,-,SHARES,AG
TUI,ED.D.TUI.CASH.IP,TUI AG,N/A,TRADEABLE,-,SHARES,AG
TUILN,KA.D.TUILN.CASH.IP,TUI AG (LSE),N/A,CLOSED,-,SHARES,AG
UBSGVX,EJ.D.UBSGVX.CASH.IP,UBS AG,N/A,TRADEABLE,-,SHARES,AG
VT9,ED.D.VT9.CASH.IP,VTG AG,N/A,OFFLINE,-,SHARES,AG
YOCGY,ED.D.YOCGY.CASH.IP,YOC AG,N/A,TRADEABLE,-,SHARES,AG
AMSAV,EK.D.AMSAV.CASH.IP,ams AG,N/A,OFFLINE,-,SHARES,AG
AMS,EJ.D.AMS.CASH.IP,ams AG,N/A,TRADEABLE,-,SHARES,AG
CYRGY,ED.D.CYRGY.CASH.IP,cyan AG,N/A,OFFLINE,-,SHARES,AG
LIO1GY,ED.D.LIO1GY.CASH.IP,2Invest AG,N/A,OFFLINE,-,SHARES,AG
AB9GY,ED.D.AB9GY.CASH.IP,ABO Wind AG,N/A,TRADEABLE,-,SHARES,AG
AGUS,SA.D.AGUS.CASH.IP,AGCO Corp,N/A,TRADEABLE,-,SHARES,AG
AZ2GR,ED.D.AZ2GR.CASH.IP,ANDRITZ AG (DE),N/A,TRADEABLE,-,SHARES,AG
AGENUS,UA.D.AGENUS.CASH.IP,Agenus Inc,N/A,TRADEABLE,-,SHARES,AG
APIUS,UA.D.APIUS.CASH.IP,Agora Inc,N/A,TRADEABLE,-,SHARES,AG
ASLGY,ED.D.ASLGY.CASH.IP,Akasol AG,N/A,OFFLINE,-,SHARES,AG
OPAPGA,ER.D.OPAPGA.CASH.IP,Allwyn AG,N/A,OFFLINE,-,SHARES,AG
ANDR,EK.D.ANDR.CASH.IP,Andritz AG,N/A,TRADEABLE,-,SHARES,AG
AFGNSW,EJ.D.AFGNSW.CASH.IP,Arbonia AG,N/A,TRADEABLE,-,SHARES,AG
ARYNSW,EJ.D.ARYNSW.CASH.IP,Aryzta AG (CH),N/A,TRADEABLE,-,SHARES,AG
AHLN,EG.D.AHLN.CASH.IP,Koninklijke Ahold Delhaize NV,N/A,TRADEABLE,-,SHARES,AH
AHUS,SA.D.AHUS.CASH.IP,R1 RCM Inc,N/A,CLOSED,-,SHARES,AH
AHHUS,SA.D.AHHUS.CASH.IP,AH Realty Trust Inc,N/A,TRADEABLE,-,SHARES,AH
GOG,KA.D.GOG.CASH.IP,Go-Ahead Group PLC,N/A,OFFLINE,-,SHARES,AH
AM1FH,EB.D.AM1FH.CASH.IP,Ahlstrom-Munksjo Oyj,N/A,ON_AUCTION,-,SHARES,AH
5852JT,AJ.D.5852JT.CASH.IP,Ahresty Corporation,N/A,EDITS_ONLY,-,SHARES,AH
AJABSS,EH.D.AJABSS.CASH.IP,Byggmastare Anders J Ahlstrom Holding AB (publ),N/A,TRADEABLE,-,SHARES,AH
CAMSM,EI.D.CAMSM.CASH.IP,Caja de Ahorros del Mediterraneo,N/A,SUSPENDED,-,SHARES,AH
C3AIUS,SB.D.C3AIUS.CASH.IP,C3.ai Inc (24 Hours),N/A,TRADEABLE,-,SHARES,AI
AIUS,SA.D.AIUS.CASH.IP,Arlington Asset Investment Corp,N/A,CLOSED,-,SHARES,AI
AICN,KN.D.AICN.CASH.IP,Atrium Mortgage Investment Corporation,N/A,TRADEABLE,-,SHARES,AI
AI,EC.D.AI.CASH.IP,L'Air Liquide SA,N/A,TRADEABLE,-,SHARES,AI
C3AIUSsb01000G6,ON.D.C3AIUSsb01000G6.CASH.IP,C3.ai Inc 1000 CALL,N/A,TRADEABLE,JUL-26,OPT_SHARES,AI
C3AIUSsb01000F6,ON.D.C3AIUSsb01000F6.CASH.IP,C3.ai Inc 1000 CALL,N/A,TRADEABLE,JUN-26,OPT_SHARES,AI
C3AIUSsb01000R6,ON.D.C3AIUSsb01000R6.CASH.IP,C3.ai Inc 1000 PUT,N/A,TRADEABLE,JUN-26,OPT_SHARES,AI
C3AIUSsb01000S6,ON.D.C3AIUSsb01000S6.CASH.IP,C3.ai Inc 1000 PUT,N/A,TRADEABLE,JUL-26,OPT_SHARES,AI
C3AIUSsb01050F6,ON.D.C3AIUSsb01050F6.CASH.IP,C3.ai Inc 1050 CALL,N/A,TRADEABLE,JUN-26,OPT_SHARES,AI
C3AIUSsb01050R6,ON.D.C3AIUSsb01050R6.CASH.IP,C3.ai Inc 1050 PUT,N/A,TRADEABLE,JUN-26,OPT_SHARES,AI
C3AIUSsb01100F6,ON.D.C3AIUSsb01100F6.CASH.IP,C3.ai Inc 1100 CALL,N/A,TRADEABLE,JUN-26,OPT_SHARES,AI
C3AIUSsb01100R6,ON.D.C3AIUSsb01100R6.CASH.IP,C3.ai Inc 1100 PUT,N/A,TRADEABLE,JUN-26,OPT_SHARES,AI
C3AIUSsb01150F6,ON.D.C3AIUSsb01150F6.CASH.IP,C3.ai Inc 1150 CALL,N/A,TRADEABLE,JUN-26,OPT_SHARES,AI
C3AIUSsb01150R6,ON.D.C3AIUSsb01150R6.CASH.IP,C3.ai Inc 1150 PUT,N/A,TRADEABLE,JUN-26,OPT_SHARES,AI
C3AIUSsb01200F6,ON.D.C3AIUSsb01200F6.CASH.IP,C3.ai Inc 1200 CALL,N/A,TRADEABLE,JUN-26,OPT_SHARES,AI
C3AIUSsb01200R6,ON.D.C3AIUSsb01200R6.CASH.IP,C3.ai Inc 1200 PUT,N/A,TRADEABLE,JUN-26,OPT_SHARES,AI
C3AIUSsb01250G6,ON.D.C3AIUSsb01250G6.CASH.IP,C3.ai Inc 1250 CALL,N/A,TRADEABLE,JUL-26,OPT_SHARES,AI
C3AIUSsb01250F6,ON.D.C3AIUSsb01250F6.CASH.IP,C3.ai Inc 1250 CALL,N/A,TRADEABLE,JUN-26,OPT_SHARES,AI
C3AIUSsb01250S6,ON.D.C3AIUSsb01250S6.CASH.IP,C3.ai Inc 1250 PUT,N/A,TRADEABLE,JUL-26,OPT_SHARES,AI
C3AIUSsb01250R6,ON.D.C3AIUSsb01250R6.CASH.IP,C3.ai Inc 1250 PUT,N/A,TRADEABLE,JUN-26,OPT_SHARES,AI
C3AIUSsb01300R6,ON.D.C3AIUSsb01300R6.CASH.IP,C3.ai Inc 1300 PUT,N/A,TRADEABLE,JUN-26,OPT_SHARES,AI
C3AIUSsb01350F6,ON.D.C3AIUSsb01350F6.CASH.IP,C3.ai Inc 1350 CALL,N/A,TRADEABLE,JUN-26,OPT_SHARES,AI
C3AIUSsb01350R6,ON.D.C3AIUSsb01350R6.CASH.IP,C3.ai Inc 1350 PUT,N/A,TRADEABLE,JUN-26,OPT_SHARES,AI
C3AIUSsb01400F6,ON.D.C3AIUSsb01400F6.CASH.IP,C3.ai Inc 1400 CALL,N/A,TRADEABLE,JUN-26,OPT_SHARES,AI
C3AIUSsb01400R6,ON.D.C3AIUSsb01400R6.CASH.IP,C3.ai Inc 1400 PUT,N/A,TRADEABLE,JUN-26,OPT_SHARES,AI
C3AIUSsb01450F6,ON.D.C3AIUSsb01450F6.CASH.IP,C3.ai Inc 1450 CALL,N/A,TRADEABLE,JUN-26,OPT_SHARES,AI
C3AIUSsb01450R6,ON.D.C3AIUSsb01450R6.CASH.IP,C3.ai Inc 1450 PUT,N/A,TRADEABLE,JUN-26,OPT_SHARES,AI
C3AIUSsb01500G6,ON.D.C3AIUSsb01500G6.CASH.IP,C3.ai Inc 1500 CALL,N/A,TRADEABLE,JUL-26,OPT_SHARES,AI
C3AIUSsb01500F6,ON.D.C3AIUSsb01500F6.CASH.IP,C3.ai Inc 1500 CALL,N/A,TRADEABLE,JUN-26,OPT_SHARES,AI
C3AIUSsb01500S6,ON.D.C3AIUSsb01500S6.CASH.IP,C3.ai Inc 1500 PUT,N/A,TRADEABLE,JUL-26,OPT_SHARES,AI
C3AIUSsb01500R6,ON.D.C3AIUSsb01500R6.CASH.IP,C3.ai Inc 1500 PUT,N/A,TRADEABLE,JUN-26,OPT_SHARES,AI
C3AIUSsb01600F6,ON.D.C3AIUSsb01600F6.CASH.IP,C3.ai Inc 1600 CALL,N/A,TRADEABLE,JUN-26,OPT_SHARES,AI
C3AIUSsb01700F6,ON.D.C3AIUSsb01700F6.CASH.IP,C3.ai Inc 1700 CALL,N/A,TRADEABLE,JUN-26,OPT_SHARES,AI
C3AIUSsb01750F6,ON.D.C3AIUSsb01750F6.CASH.IP,C3.ai Inc 1750 CALL,N/A,TRADEABLE,JUN-26,OPT_SHARES,AI
C3AIUSsb01750G6,ON.D.C3AIUSsb01750G6.CASH.IP,C3.ai Inc 1750 CALL,N/A,TRADEABLE,JUL-26,OPT_SHARES,AI
C3AIUSsb00250R6,ON.D.C3AIUSsb00250R6.CASH.IP,C3.ai Inc 250 PUT,N/A,OFFLINE,JUN-26,OPT_SHARES,AI
C3AIUSsb00250S6,ON.D.C3AIUSsb00250S6.CASH.IP,C3.ai Inc 250 PUT,N/A,OFFLINE,JUL-26,OPT_SHARES,AI
C3AIUSsb00500F6,ON.D.C3AIUSsb00500F6.CASH.IP,C3.ai Inc 500 CALL,N/A,TRADEABLE,JUN-26,OPT_SHARES,AI
C3AIUSsb00500S6,ON.D.C3AIUSsb00500S6.CASH.IP,C3.ai Inc 500 PUT,N/A,TRADEABLE,JUL-26,OPT_SHARES,AI
C3AIUSsb00500R6,ON.D.C3AIUSsb00500R6.CASH.IP,C3.ai Inc 500 PUT,N/A,OFFLINE,JUN-26,OPT_SHARES,AI
C3AIUSsb00550F6,ON.D.C3AIUSsb00550F6.CASH.IP,C3.ai Inc 550 CALL,N/A,TRADEABLE,JUN-26,OPT_SHARES,AI
C3AIUSsb00550R6,ON.D.C3AIUSsb00550R6.CASH.IP,C3.ai Inc 550 PUT,N/A,OFFLINE,JUN-26,OPT_SHARES,AI
C3AIUSsb00600F6,ON.D.C3AIUSsb00600F6.CASH.IP,C3.ai Inc 600 CALL,N/A,TRADEABLE,JUN-26,OPT_SHARES,AI
C3AIUSsb00600R6,ON.D.C3AIUSsb00600R6.CASH.IP,C3.ai Inc 600 PUT,N/A,TRADEABLE,JUN-26,OPT_SHARES,AI
C3AIUSsb00650F6,ON.D.C3AIUSsb00650F6.CASH.IP,C3.ai Inc 650 CALL,N/A,TRADEABLE,JUN-26,OPT_SHARES,AI
C3AIUSsb00650R6,ON.D.C3AIUSsb00650R6.CASH.IP,C3.ai Inc 650 PUT,N/A,TRADEABLE,JUN-26,OPT_SHARES,AI
C3AIUSsb00700F6,ON.D.C3AIUSsb00700F6.CASH.IP,C3.ai Inc 700 CALL,N/A,TRADEABLE,JUN-26,OPT_SHARES,AI
C3AIUSsb00700R6,ON.D.C3AIUSsb00700R6.CASH.IP,C3.ai Inc 700 PUT,N/A,TRADEABLE,JUN-26,OPT_SHARES,AI
C3AIUSsb00750F6,ON.D.C3AIUSsb00750F6.CASH.IP,C3.ai Inc 750 CALL,N/A,TRADEABLE,JUN-26,OPT_SHARES,AI
C3AIUSsb00750G6,ON.D.C3AIUSsb00750G6.CASH.IP,C3.ai Inc 750 CALL,N/A,TRADEABLE,JUL-26,OPT_SHARES,AI
4659JT,AJ.D.4659JT.CASH.IP,Ajis Co Ltd,N/A,EDITS_ONLY,-,SHARES,AJ
AJBLN,KA.D.AJBLN.CASH.IP,AJ Bell Limited,N/A,TRADEABLE,-,SHARES,AJ
AJL,AF.D.AJL.CASH.IP,AJ Lucas Group Ltd,N/A,EDITS_ONLY,-,SHARES,AJ
AJAXLN,KC.D.AJAXLN.CASH.IP,Ajax Resources PLC,N/A,TRADEABLE,-,SHARES,AJ
2802JT,AJ.D.2802JT.CASH.IP,Ajinomoto Co Inc,N/A,EDITS_ONLY,-,SHARES,AJ
538HK,AC.D.538HK.CASH.IP,Ajisen China Holdings Ltd,N/A,EDITS_ONLY,-,SHARES,AJ
MGICFP,EC.D.MGICFP.CASH.IP,AKWEL,N/A,TRADEABLE,-,SHARES,AK
DNAAUS,UB.D.DNAAUS.CASH.IP,AKILI INC,N/A,CLOSED,-,SHARES,AK
SONGUS,UD.D.SONGUS.CASH.IP,Akazoo SA,N/A,CLOSED,-,SHARES,AK
AKERNO,EL.D.AKERNO.CASH.IP,Aker ASA,N/A,TRADEABLE,-,SHARES,AK
DETNOR,EL.D.DETNOR.CASH.IP,Aker BP ASA,N/A,TRADEABLE,-,SHARES,AK
AKUSUS,UA.D.AKUSUS.CASH.IP,Akouos Inc,N/A,CLOSED,-,SHARES,AK
AKUUS,UA.D.AKUUS.CASH.IP,Akumin Inc,N/A,CLOSED,-,SHARES,AK
9926HK,AC.D.9926HK.CASH.IP,Akeso Inc,N/A,EDITS_ONLY,-,SHARES,AK
SEBDAEQDC,EP.D.SEBDAEQDC.CASH.IP,SEBinvest - Danske Aktier AKL,N/A,TRADEABLE,-,SHARES,AK
AKVER,EL.D.AKVER.CASH.IP,Akastor ASA,N/A,TRADEABLE,-,SHARES,AK
3932JT,AJ.D.3932JT.CASH.IP,Akatsuki Inc,N/A,EDITS_ONLY,-,SHARES,AK
AKZO,EG.D.AKZO.CASH.IP,Akzo Nobel NV,N/A,TRADEABLE,-,SHARES,AK
SEIDAADC,EP.D.SEIDAADC.CASH.IP,SEBinvest - Danske Aktier Akkumulerende AKL,N/A,TRADEABLE,-,SHARES,AK
AKBMNO,EL.D.AKBMNO.CASH.IP,Aker BioMarine ASA,N/A,TRADEABLE,-,SHARES,AK
AKSONO,EL.D.AKSONO.CASH.IP,Aker Solutions ASA,N/A,TRADEABLE,-,SHARES,AK
AKOAU,AB.D.AKOAU.CASH.IP,Akora Resources Ltd,N/A,EDITS_ONLY,-,SHARES,AK
HXUS,UB.D.HXUS.CASH.IP,Akso Health Group,N/A,TRADEABLE,-,SHARES,AK
AKTIAFH,EB.D.AKTIAFH.CASH.IP,Aktia Pankki Oyj,N/A,TRADEABLE,-,SHARES,AK
AKTS,UA.D.AKTS.CASH.IP,Aktis Oncology Inc,N/A,TRADEABLE,-,SHARES,AK
EOLUBSS,EH.D.EOLUBSS.CASH.IP,Eolus Aktiebolag (publ),N/A,TRADEABLE,-,SHARES,AK
GAROSS,EH.D.GAROSS.CASH.IP,Garo Aktiebolag (publ),N/A,TRADEABLE,-,SHARES,AK
HOLMB,EH.D.HOLMB.CASH.IP,Holmen Aktiebolag (publ.),N/A,TRADEABLE,-,SHARES,AK
IDANAKKDC,EP.D.IDANAKKDC.CASH.IP,Bankinvest - Danske Aktier Akk. KL,N/A,TRADEABLE,-,SHARES,AK
CWGAKKUDC,EP.D.CWGAKKUDC.CASH.IP,C WorldWide Globale Aktier - Akkumulerende KL,N/A,OFFLINE,-,SHARES,AK
NYKIGKKDC,EP.D.NYKIGKKDC.CASH.IP,Multi Manager Invest - Globale Aktier Akk.,N/A,TRADEABLE,-,SHARES,AK
MMINAKKDC,EP.D.MMINAKKDC.CASH.IP,Multi Manager Invest - Nye Aktiemarkeder Akk.,N/A,TRADEABLE,-,SHARES,AK
NDISTAADC,EP.D.NDISTAADC.CASH.IP,Nordea Invest Stabile Aktier Akkumulerende,N/A,OFFLINE,-,SHARES,AK
NYDAAKTDC,EP.D.NYDAAKTDC.CASH.IP,Nykredit Invest Danske aktier Akk.,N/A,TRADEABLE,-,SHARES,AK
NYIGASDC,EP.D.NYIGASDC.CASH.IP,Nykredit Invest Globale Aktier SRI Akk.,N/A,OFFLINE,-,SHARES,AK
SEBNDAKDC,EP.D.SEBNDAKDC.CASH.IP,SEBinvest - Nordiske Aktier AKL,N/A,OFFLINE,-,SHARES,AK
SEBINAIDC,EP.D.SEBINAIDC.CASH.IP,SEBinvest AKL Nordamerika Aktier SRI I,N/A,OFFLINE,-,SHARES,AK
SEBEUEQDC,EP.D.SEBEUEQDC.CASH.IP,SEBinvest AKL SEB Europa Aktier SRI P,N/A,OFFLINE,-,SHARES,AK
EGNAHUDDC,EP.D.EGNAHUDDC.CASH.IP,Sparinvest Momentum Aktier Akk. KL,N/A,OFFLINE,-,SHARES,AK
SYIGEAADC,EP.D.SYIGEAADC.CASH.IP,Sydinvest Globale EM-Aktier Akk KL,N/A,TRADEABLE,-,SHARES,AK
AKAFP,EC.D.AKAFP.CASH.IP,AKKA Technologies SE,N/A,OFFLINE,-,SHARES,AK
AKOAUS,SA.D.AKOAUS.CASH.IP,AKO/A - Embotelladora Andina SA,N/A,TRADEABLE,-,SHARES,AK
AKOBUS,SA.D.AKOBUS.CASH.IP,AKO/B - Embotelladora Andina SA,N/A,TRADEABLE,-,SHARES,AK
AKAM,UA.D.AKAM.CASH.IP,Akamai Technologies Inc (24 Hours),N/A,TRADEABLE,-,SHARES,AK
CLTXUS,UA.D.CLTXUS.CASH.IP,Akari Therapeutics PLC,N/A,TRADEABLE,-,SHARES,AK
AKBAUS,UA.D.AKBAUS.CASH.IP,Akebia Therapeutics Inc,N/A,TRADEABLE,-,SHARES,AK
ACCMENO,EL.D.ACCMENO.CASH.IP,Aker Carbon Capture ASA,N/A,OFFLINE,-,SHARES,AK
AKHNO,EL.D.AKHNO.CASH.IP,Aker Horizons Holding AS,N/A,OFFLINE,-,SHARES,AK
AOWMENO,EL.D.AOWMENO.CASH.IP,Aker Offshore Wind Holding AS,N/A,OFFLINE,-,SHARES,AK
AKROUS,UA.D.AKROUS.CASH.IP,Akero Therapeutics Inc,N/A,CLOSED,-,SHARES,AK
AKTSUS,UA.D.AKTSUS.CASH.IP,Akoustis Technologies Inc,N/A,CLOSED,-,SHARES,AK
AKYAUS,UA.D.AKYAUS.CASH.IP,Akoya Biosciences Inc,N/A,CLOSED,-,SHARES,AK
BNKDSMCDC,EP.D.BNKDSMCDC.CASH.IP,BankInvest - Danske Aktier KL,N/A,TRADEABLE,-,SHARES,AK
CARNDC,EP.D.CARNDC.CASH.IP,C WorldWide Globale Aktier KL,N/A,OFFLINE,-,SHARES,AK
CAWWEURDC,EP.D.CAWWEURDC.CASH.IP,C WorldWide Stabile Aktier KL,N/A,OFFLINE,-,SHARES,AK
ALS,EC.D.ALS.CASH.IP,Alstom SA,N/A,TRADEABLE,-,SHARES,AL
ALQ,AF.D.ALQ.CASH.IP,ALS Ltd,N/A,EDITS_ONLY,-,SHARES,AL
ALOLN,KC.D.ALOLN.CASH.IP,Alecto,N/A,OFFLINE,-,SHARES,AL
SECHFP,EC.D.SECHFP.CASH.IP,ALBIOMA,N/A,OFFLINE,-,SHARES,AL
ALKB,EP.D.ALKB.CASH.IP,ALK-Abello AS,N/A,TRADEABLE,-,SHARES,AL
ALE,SA.D.ALE.CASH.IP,ALLETE Inc,N/A,CLOSED,-,SHARES,AL
AAIAU,AB.D.AAIAU.CASH.IP,Alcoa Corp,N/A,EDITS_ONLY,-,SHARES,AL
ALCUS,SA.D.ALCUS.CASH.IP,Alcon Inc,N/A,TRADEABLE,-,SHARES,AL
ALCSW,EJ.D.ALCSW.CASH.IP,Alcon Inc,N/A,TRADEABLE,-,SHARES,AL
ALFENNA,EG.D.ALFENNA.CASH.IP,Alfen NV,N/A,TRADEABLE,-,SHARES,AL
ALFUS,UA.D.ALFUS.CASH.IP,Alfi Inc,N/A,OFFLINE,-,SHARES,AL
ALCOUS,UA.D.ALCOUS.CASH.IP,Alico Inc,N/A,TRADEABLE,-,SHARES,AL
ALLGUS,SA.D.ALLGUS.CASH.IP,Allego NV,N/A,OFFLINE,-,SHARES,AL
ALVGY,ED.D.ALVGY.CASH.IP,Allianz SE,N/A,TRADEABLE,-,SHARES,AL
MMGRBSS,EH.D.MMGRBSS.CASH.IP,Alligo AB,N/A,TRADEABLE,-,SHARES,AL
ALMBDC,EP.D.ALMBDC.CASH.IP,Alm. Brand AS,N/A,TRADEABLE,-,SHARES,AL
AEIUS,UA.D.AEIUS.CASH.IP,Alset Inc,N/A,TRADEABLE,-,SHARES,AL
YHOO,UD.D.YHOO.CASH.IP,Altaba Inc,N/A,CLOSED,-,SHARES,AL
LTAFP,EC.D.LTAFP.CASH.IP,Altamir,N/A,TRADEABLE,-,SHARES,AL
ATE,EC.D.ATE.CASH.IP,Alten SA,N/A,TRADEABLE,-,SHARES,AL
ALUAU,AB.D.ALUAU.CASH.IP,Altium Ltd,N/A,CLOSED,-,SHARES,AL
ALMSUS,UA.D.ALMSUS.CASH.IP,Alumis Inc,N/A,TRADEABLE,-,SHARES,AL
AESEUS,UA.D.AESEUS.CASH.IP,All In FutureTech Alliance Inc,N/A,TRADEABLE,-,SHARES,AL
6770JT,AJ.D.6770JT.CASH.IP,Alps Alpine Company Limited,N/A,EDITS_ONLY,-,SHARES,AL
SYDBDC,EP.D.SYDBDC.CASH.IP,AL Sydbank A/S,N/A,TRADEABLE,-,SHARES,AL
AMUS,SA.D.AMUS.CASH.IP,Antero Midstream Partners LP,N/A,TRADEABLE,-,SHARES,AM
AMBUBDC,EP.D.AMBUBDC.CASH.IP,Ambu AS,N/A,TRADEABLE,-,SHARES,AM
AMP,AA.D.AMP.CASH.IP,AMP Ltd,N/A,EDITS_ONLY,-,SHARES,AM
AMUNFP,EC.D.AMUNFP.CASH.IP,Amundi,N/A,TRADEABLE,-,SHARES,AM
AMH,AF.D.AMH.CASH.IP,AMCIL Ltd,N/A,EDITS_ONLY,-,SHARES,AM
AME,SA.D.AME.CASH.IP,AMETEK Inc (24 Hours),N/A,TRADEABLE,-,SHARES,AM
POWWUS,UC.D.POWWUS.CASH.IP,AMMO Inc,N/A,TRADEABLE,-,SHARES,AM
3DAAU,AB.D.3DAAU.CASH.IP,Amaero Ltd,N/A,EDITS_ONLY,-,SHARES,AM
AEXGLN,KC.D.AEXGLN.CASH.IP,Amaroq Ltd,N/A,TRADEABLE,-,SHARES,AM
AMBEASS,EH.D.AMBEASS.CASH.IP,Ambea AB (publ),N/A,TRADEABLE,-,SHARES,AM
AMC,AA.D.AMC.CASH.IP,Amcor PLC,N/A,EDITS_ONLY,-,SHARES,AM
AMCRUS,SA.D.AMCRUS.CASH.IP,Amcor PLC (24 Hours),N/A,TRADEABLE,-,SHARES,AM
DOXUS,UB.D.DOXUS.CASH.IP,Amdocs Ltd,N/A,TRADEABLE,-,SHARES,AM
AMGN,UA.D.AMGN.CASH.IP,Amgen Inc (24 Hours),N/A,TRADEABLE,-,SHARES,AM
AEXLN,KC.D.AEXLN.CASH.IP,Aminex PLC,N/A,TRADEABLE,-,SHARES,AM
AEXID,EE.D.AEXID.CASH.IP,Aminex PLC (Euronext Dublin),N/A,CLOSED,-,SHARES,AM
ALMIBFP,EC.D.ALMIBFP.CASH.IP,Amoeba SA,N/A,TRADEABLE,-,SHARES,AM
AMPSM,EI.D.AMPSM.CASH.IP,Amper SA,N/A,TRADEABLE,-,SHARES,AM
AMRZSW,EJ.D.AMRZSW.CASH.IP,Amrize Ltd (SW),N/A,TRADEABLE,-,SHARES,AM
AMRZUS,SA.D.AMRZUS.CASH.IP,Amrize Ltd (US),N/A,TRADEABLE,-,SHARES,AM
4301JT,AJ.D.4301JT.CASH.IP,Amuse Inc,N/A,EDITS_ONLY,-,SHARES,AM
AMRSUS,UA.D.AMRSUS.CASH.IP,Amyris Inc,N/A,CLOSED,-,SHARES,AM
AMZN,UA.D.AMZN.CASH.IP,Amazon.com Inc (24 Hours),N/A,TRADEABLE,-,SHARES,AM
AXP,SA.D.AXP.CASH.IP,American Express Co (24 Hours),N/A,TRADEABLE,-,SHARES,AM
AMAAU,AB.D.AMAAU.CASH.IP,AMA Group Ltd,N/A,EDITS_ONLY,-,SHARES,AM
AMSFUS,UA.D.AMSFUS.CASH.IP,AMERISAFE Inc,N/A,TRADEABLE,-,SHARES,AM
AL3AU,AB.D.AL3AU.CASH.IP,AML3D Limited,N/A,EDITS_ONLY,-,SHARES,AM
IECPZ,KC.D.IECPZ.CASH.IP,Amazing AI PLC,N/A,CLOSED,-,SHARES,AM
AMBAUS,UA.D.AMBAUS.CASH.IP,Ambarella Inc,N/A,TRADEABLE,-,SHARES,AM
ABVUS,SA.D.ABVUS.CASH.IP,Ambev SA-ADR,N/A,TRADEABLE,-,SHARES,AM
AMED,UA.D.AMED.CASH.IP,Amedisys Inc,N/A,CLOSED,-,SHARES,AM
AEE,SA.D.AEE.CASH.IP,Ameren Corp (24 Hours),N/A,TRADEABLE,-,SHARES,AM
AMRCUS,SA.D.AMRCUS.CASH.IP,Ameresco Inc,N/A,TRADEABLE,-,SHARES,AM
AMSTUS,UA.D.AMSTUS.CASH.IP,Amesite Inc,N/A,TRADEABLE,-,SHARES,AM
APH,SA.D.APH.CASH.IP,Amphenol Corp (24 Hours),N/A,TRADEABLE,-,SHARES,AM
AMPIM,EF.D.AMPIM.CASH.IP,Amplifon SpA,N/A,TRADEABLE,-,SHARES,AM
AMPLUS,UA.D.AMPLUS.CASH.IP,Amplitude Inc,N/A,TRADEABLE,-,SHARES,AM
CTX,AA.D.CTX.CASH.IP,Ampol Limited,N/A,EDITS_ONLY,-,SHARES,AM
AMTELN,KC.D.AMTELN.CASH.IP,Amte Power Plc,N/A,CLOSED,-,SHARES,AM
SJWUS,SG.D.SJWUS.CASH.IP,H2O America,N/A,TRADEABLE,-,SHARES,AM
AOLN,KA.D.AOLN.CASH.IP,AO World PLC,N/A,TRADEABLE,-,SHARES,AO
AOC,SA.D.AOC.CASH.IP,Aon PLC (24 Hours),N/A,TRADEABLE,-,SHARES,AO
AOTILN,KC.D.AOTILN.CASH.IP,AOTI Inc,N/A,TRADEABLE,-,SHARES,AO
AOS,SA.D.AOS.CASH.IP,AO Smith Corp (24 Hours),N/A,TRADEABLE,-,SHARES,AO
3975JT,AJ.D.3975JT.CASH.IP,AOI TYO Holdings Inc,N/A,CLOSED,-,SHARES,AO
8214JT,AJ.D.8214JT.CASH.IP,AOKI Holdings Inc,N/A,EDITS_ONLY,-,SHARES,AO
8304JT,AJ.D.8304JT.CASH.IP,Aozora Bank Ltd,N/A,EDITS_ONLY,-,SHARES,AO
AOTGUS,UA.D.AOTGUS.CASH.IP,AOT Growth And Innovation ETF,N/A,TRADEABLE,-,SHARES,AO
3883HK,AC.D.3883HK.CASH.IP,China Aoyuan Group Limited,N/A,EDITS_ONLY,-,SHARES,AO
6832JT,AJ.D.6832JT.CASH.IP,AOI Electronics Company Limited,N/A,EDITS_ONLY,-,SHARES,AO
AXNUS,SI.D.AXNUS.CASH.IP,Aoxing Pharmaceutical Company Inc,N/A,OFFLINE,-,SHARES,AO
8219JT,AJ.D.8219JT.CASH.IP,Aoyama Trading Company Limited,N/A,EDITS_ONLY,-,SHARES,AO
8929JT,AJ.D.8929JT.CASH.IP,Aoyama Zaisan Networks Company Limited,N/A,EDITS_ONLY,-,SHARES,AO
3549JT,AJ.D.3549JT.CASH.IP,Kusuri No Aoki Holdings Company Limited,N/A,EDITS_ONLY,-,SHARES,AO
3662HK,AC.D.3662HK.CASH.IP,Starjoy Wellness and Travel Company Limited,N/A,EDITS_ONLY,-,SHARES,AO
APUS,SA.D.APUS.CASH.IP,Ampco-Pittsburgh Corporation,N/A,TRADEABLE,-,SHARES,AP
DLPHUS,SB.D.DLPHUS.CASH.IP,Aptiv (24 Hours),N/A,TRADEABLE,-,SHARES,AP
APA,AA.D.APA.CASH.IP,APA Group,N/A,EDITS_ONLY,-,SHARES,AP
APAM,EG.D.APAM.CASH.IP,Aperam SA,N/A,TRADEABLE,-,SHARES,AP
APETITFH,EB.D.APETITFH.CASH.IP,Apetit Oyj,N/A,TRADEABLE,-,SHARES,AP
0R2VLN,KA.D.0R2VLN.CASH.IP,Apple Inc,N/A,OFFLINE,-,SHARES,AP
APRUS,UA.D.APRUS.CASH.IP,Apria Inc,N/A,CLOSED,-,SHARES,AP
AAREIT,AG.D.AAREIT.CASH.IP,AIMS APAC REIT,N/A,EDITS_ONLY,-,SHARES,AP
APE,AF.D.APE.CASH.IP,AP Eagers Ltd,N/A,EDITS_ONLY,-,SHARES,AP
APA,SA.D.APA.CASH.IP,Apache Corp (24 Hours),N/A,TRADEABLE,-,SHARES,AP
BCACUS,UA.D.BCACUS.CASH.IP,Apexigen Inc,N/A,CLOSED,-,SHARES,AP
APPFUS,UA.D.APPFUS.CASH.IP,AppFolio Inc,N/A,TRADEABLE,-,SHARES,AP
APXAU,AB.D.APXAU.CASH.IP,Appen Limited,N/A,EDITS_ONLY,-,SHARES,AP
AUVIUS,UA.D.AUVIUS.CASH.IP,Applied UV Inc,N/A,OFFLINE,-,SHARES,AP
APTXUS,UA.D.APTXUS.CASH.IP,Aptinyx Inc,N/A,CLOSED,-,SHARES,AP
SQ2AU,AB.D.SQ2AU.CASH.IP,Block Inc (AU),N/A,EDITS_ONLY,-,SHARES,AP
MAERA,EP.D.MAERA.CASH.IP,AP Moeller - Maersk AS - A,N/A,TRADEABLE,-,SHARES,AP
MAERB,EP.D.MAERB.CASH.IP,AP Moeller - Maersk AS - B,N/A,TRADEABLE,-,SHARES,AP
APACSP,AG.D.APACSP.CASH.IP,APAC Realty Limited,N/A,EDITS_ONLY,-,SHARES,AP
GPHAU,AB.D.GPHAU.CASH.IP,APC Minerals Ltd,N/A,EDITS_ONLY,-,SHARES,AP
APQLN,KC.D.APQLN.CASH.IP,APQ Global Limited,N/A,OFFLINE,-,SHARES,AP
REDCLN,KC.D.REDCLN.CASH.IP,Apertura Energy Plc,N/A,TRADEABLE,-,SHARES,AP
APLMUS,UA.D.APLMUS.CASH.IP,Apollomics Inc,N/A,TRADEABLE,-,SHARES,AP
APOTEASS,EH.D.APOTEASS.CASH.IP,Apotea Sverige AB,N/A,TRADEABLE,-,SHARES,AP
NOVSUS,UC.D.NOVSUS.CASH.IP,AppHarvest Inc,N/A,CLOSED,-,SHARES,AP
APPNUS,UA.D.APPNUS.CASH.IP,Appian Corporation,N/A,TRADEABLE,-,SHARES,AP
4180JT,AJ.D.4180JT.CASH.IP,Appier Group Inc,N/A,EDITS_ONLY,-,SHARES,AP
APPSSM,EI.D.APPSSM.CASH.IP,Applus Services SA,N/A,OFFLINE,-,SHARES,AP
APTALN,KC.D.APTALN.CASH.IP,Aptamer Group PLC,N/A,TRADEABLE,-,SHARES,AP
ATRUS,SA.D.ATRUS.CASH.IP,AptarGroup Inc,N/A,TRADEABLE,-,SHARES,AP
SEVAUS,UD.D.SEVAUS.CASH.IP,Aptera Motors Corp,N/A,TRADEABLE,-,SHARES,AP
DLAUS,SI.D.DLAUS.CASH.IP,Delta Apparel Inc,N/A,OFFLINE,-,SHARES,AP
AAANA,EG.D.AAANA.CASH.IP,AP Alternative Assets LP,N/A,CLOSED,-,SHARES,AP
APD,AF.D.APD.CASH.IP,APN Property Group Ltd,N/A,CLOSED,-,SHARES,AP
APGUS,SA.D.APGUS.CASH.IP,APi Group Corporation,N/A,TRADEABLE,-,SHARES,AP
APAXLN,KA.D.APAXLN.CASH.IP,Apax Global Alpha Limited,N/A,OFFLINE,-,SHARES,AP
APLSUS,UA.D.APLSUS.CASH.IP,Apellis Pharmaceuticals Inc,N/A,CLOSED,-,SHARES,AP
CHKEUS,UA.D.CHKEUS.CASH.IP,Apex Global Brands Inc,N/A,CLOSED,-,SHARES,AP
APGNWUS,UA.D.APGNWUS.CASH.IP,Apexigen Inc - Warrants,N/A,CLOSED,-,SHARES,AP
AHXAU,AB.D.AHXAU.CASH.IP,Apiam Animal Health Limited,N/A,CLOSED,-,SHARES,AP
APOGUS,UA.D.APOGUS.CASH.IP,Apogee Enterprises Inc,N/A,TRADEABLE,-,SHARES,AP
APGEUS,UA.D.APGEUS.CASH.IP,Apogee Therapeutics Inc,N/A,TRADEABLE,-,SHARES,AP
AOPAU,AB.D.AOPAU.CASH.IP,Apollo Consolidated Limited,N/A,CLOSED,-,SHARES,AP
APENUS,UA.D.APENUS.CASH.IP,Apollo Endosurgery Inc,N/A,CLOSED,-,SHARES,AP
APO,SA.D.APO.CASH.IP,Apollo Global Management Inc (24 Hours),N/A,TRADEABLE,-,SHARES,AP
AONAU,AB.D.AONAU.CASH.IP,Apollo Minerals Limited,N/A,EDITS_ONLY,-,SHARES,AP
AQSS,EH.D.AQSS.CASH.IP,AQ Group AB (publ),N/A,TRADEABLE,-,SHARES,AQ
AQPDC,EP.D.AQPDC.CASH.IP,Aquaporin AS,N/A,OFFLINE,-,SHARES,AQ
ECNLIM,EF.D.ECNLIM.CASH.IP,Aquafil SpA,N/A,TRADEABLE,-,SHARES,AQ
AQMSUS,UA.D.AQMSUS.CASH.IP,Aqua Metals Inc,N/A,TRADEABLE,-,SHARES,AQ
AQNAU,AB.D.AQNAU.CASH.IP,Aquirian Limited,N/A,EDITS_ONLY,-,SHARES,AQ
AQXLN,KC.D.AQXLN.CASH.IP,Aquis Exchange PLC,N/A,CLOSED,-,SHARES,AQ
ABTULN,KC.D.ABTULN.CASH.IP,AquaBounty Technologies Inc (LSE),N/A,CLOSED,-,SHARES,AQ
AQBTVUS,UA.D.AQBTVUS.CASH.IP,AquaBounty Technologies Inc (US),N/A,TRADEABLE,-,SHARES,AQ
AQUANO,EL.D.AQUANO.CASH.IP,AqualisBraemar LOC ASA,N/A,TRADEABLE,-,SHARES,AQ
AQSTUS,UA.D.AQSTUS.CASH.IP,Aquestive Therapeutics Inc,N/A,TRADEABLE,-,SHARES,AQ
AQSGLN,KC.D.AQSGLN.CASH.IP,Aquila Services Group PLC,N/A,OFFLINE,-,SHARES,AQ
AQSAU,AB.D.AQSAU.CASH.IP,Aquis Entertainment Limited,N/A,CLOSED,-,SHARES,AQ
AEETLN,KC.D.AEETLN.CASH.IP,Aquila Energy Efficiency Trust PLC,N/A,TRADEABLE,-,SHARES,AQ
AERSLN,KA.D.AERSLN.CASH.IP,Aquila European Renewables Income PLC,N/A,TRADEABLE,-,SHARES,AQ
AERILN,KA.D.AERILN.CASH.IP,Aquila European Renewables Income PLC (Eur),N/A,TRADEABLE,-,SHARES,AQ
HUOAU,AB.D.HUOAU.CASH.IP,Huon Aquaculture Group Limited,N/A,CLOSED,-,SHARES,AQ
ARCN,KN.D.ARCN.CASH.IP,Argonaut Gold Inc - CA,N/A,OFFLINE,-,SHARES,AR
ARUS,SA.D.ARUS.CASH.IP,Antero Resources Corp,N/A,TRADEABLE,-,SHARES,AR
JXRFP,EC.D.JXRFP.CASH.IP,Archos,N/A,TRADEABLE,-,SHARES,AR
ADESUS,UA.D.ADESUS.CASH.IP,Arq Inc,N/A,TRADEABLE,-,SHARES,AR
HYACUS,UB.D.HYACUS.CASH.IP,ARKO Corp,N/A,TRADEABLE,-,SHARES,AR
ARMKUS,SA.D.ARMKUS.CASH.IP,Aramark,N/A,TRADEABLE,-,SHARES,AR
ARCADNA,EG.D.ARCADNA.CASH.IP,Arcadis NV,N/A,TRADEABLE,-,SHARES,AR
ARCHNO,EL.D.ARCHNO.CASH.IP,Archer Ltd,N/A,TRADEABLE,-,SHARES,AR
ACAUS,SA.D.ACAUS.CASH.IP,Arcosa Inc,N/A,TRADEABLE,-,SHARES,AR
ARCUSNO,EL.D.ARCUSNO.CASH.IP,Arcu SAA,N/A,OFFLINE,-,SHARES,AR
ARFAU,AB.D.ARFAU.CASH.IP,Arena REIT,N/A,EDITS_ONLY,-,SHARES,AR
AGXUS,SA.D.AGXUS.CASH.IP,Argan Inc,N/A,TRADEABLE,-,SHARES,AR
ARGFP,EC.D.ARGFP.CASH.IP,Argan SA,N/A,TRADEABLE,-,SHARES,AR
ARHSUS,UA.D.ARHSUS.CASH.IP,Arhaus Inc,N/A,TRADEABLE,-,SHARES,AR
ARISESS,EH.D.ARISESS.CASH.IP,Arise AB (publ),N/A,OFFLINE,-,SHARES,AR
AKEFP,EC.D.AKEFP.CASH.IP,Arkema SA,N/A,TRADEABLE,-,SHARES,AR
AROCSS,EH.D.AROCSS.CASH.IP,AroCell AB,N/A,OFFLINE,-,SHARES,AR
AROCBTASS,EH.D.AROCBTASS.CASH.IP,AroCell AB (publ),N/A,OFFLINE,-,SHARES,AR
ARXSUS,UA.D.ARXSUS.CASH.IP,Arxis Inc,N/A,TRADEABLE,-,SHARES,AR
YZAID,EE.D.YZAID.CASH.IP,Aryzta AG (Euronext Dublin),N/A,CLOSED,-,SHARES,AR
ARGXBB,EA.D.ARGXBB.CASH.IP,arGEN-X N.V,N/A,TRADEABLE,-,SHARES,AR
ARGXUS,UA.D.ARGXUS.CASH.IP,argenx SE,N/A,TRADEABLE,-,SHARES,AR
ARTGY,ED.D.ARTGY.CASH.IP,artnet AG,N/A,OFFLINE,-,SHARES,AR
ARLAU,AB.D.ARLAU.CASH.IP,Ardea Resources Limited,N/A,EDITS_ONLY,-,SHARES,AR
ARP,AA.D.ARP.CASH.IP,ARB Corp Ltd,N/A,EDITS_ONLY,-,SHARES,AR
543AJT,AJ.D.543AJT.CASH.IP,ARCHION Corp,N/A,EDITS_ONLY,-,SHARES,AR
ARKWUS,SI.D.ARKWUS.CASH.IP,ARK Web x.0 ETF,N/A,TRADEABLE,-,SHARES,AR
VSARUS,UD.D.VSARUS.CASH.IP,Aravive Inc,N/A,CLOSED,-,SHARES,AR
ARCBUS,UA.D.ARCBUS.CASH.IP,ArcBest Corp,N/A,TRADEABLE,-,SHARES,AR
AROGY,ED.D.AROGY.CASH.IP,Arcandor AG,N/A,OFFLINE,-,SHARES,AR
ACLXUS,UA.D.ACLXUS.CASH.IP,Arcellx Inc,N/A,OFFLINE,-,SHARES,AR
EXHUS,SB.D.EXHUS.CASH.IP,Archrock Inc,N/A,TRADEABLE,-,SHARES,AR
FUVUS,UB.D.FUVUS.CASH.IP,Arcimoto Inc,N/A,OFFLINE,-,SHARES,AR
ARDXUS,UA.D.ARDXUS.CASH.IP,Ardelyx Inc,N/A,TRADEABLE,-,SHARES,AR
ARGO,KC.D.ARGO.CASH.IP,Argo Group Ltd,N/A,OFFLINE,-,SHARES,AR
ARIONSDBS,EH.D.ARIONSDBS.CASH.IP,Arion Bank hf.,N/A,TRADEABLE,-,SHARES,AR
ATZCN,KN.D.ATZCN.CASH.IP,Aritzia Inc,N/A,TRADEABLE,-,SHARES,AR
ARPLSS,EH.D.ARPLSS.CASH.IP,Arla Plast AB,N/A,TRADEABLE,-,SHARES,AR
CIICUS,UA.D.CIICUS.CASH.IP,Arrival Group,N/A,ON_AUCTION,-,SHARES,AR
ARAIUS,UA.D.ARAIUS.CASH.IP,Arrive AI Inc,N/A,TRADEABLE,-,SHARES,AR
ALATFFP,EC.D.ALATFFP.CASH.IP,Artefact SA,N/A,OFFLINE,-,SHARES,AR
ATUS,SA.D.ATUS.CASH.IP,Atlantic Power Corp,N/A,CLOSED,-,SHARES,AT
ATIM,EF.D.ATIM.CASH.IP,ASTM SpA,N/A,OFFLINE,-,SHARES,AT
ATCN,KN.D.ATCN.CASH.IP,AcuityAds Holdings Inc,N/A,OFFLINE,-,SHARES,AT
ATOFP,EC.D.ATOFP.CASH.IP,AtoS,N/A,TRADEABLE,-,SHARES,AT
T,SG.D.T.CASH.IP,AT&T Inc (24 Hours),N/A,TRADEABLE,-,SHARES,AT
ATI,SA.D.ATI.CASH.IP,ATI Inc,N/A,TRADEABLE,-,SHARES,AT
ALHYGFP,EC.D.ALHYGFP.CASH.IP,Aton SA,N/A,TRADEABLE,-,SHARES,AT
ATCOA,EH.D.ATCOA.CASH.IP,Atlas Copco AB - A,N/A,TRADEABLE,-,SHARES,AT
ATCOB,EH.D.ATCOB.CASH.IP,Atlas Copco AB - B,N/A,TRADEABLE,-,SHARES,AT
ATEMEFP,EC.D.ATEMEFP.CASH.IP,ATEME SA,N/A,TRADEABLE,-,SHARES,AT
ATSUS,SA.D.ATSUS.CASH.IP,ATS Corp (US line),N/A,TRADEABLE,-,SHARES,AT
IFG,EC.D.IFG.CASH.IP,Atari SA,N/A,TRADEABLE,-,SHARES,AT
EMENO,EL.D.EMENO.CASH.IP,Atea ASA,N/A,TRADEABLE,-,SHARES,AT
ATEBBB,EA.D.ATEBBB.CASH.IP,Atenor SA,N/A,TRADEABLE,-,SHARES,AT
ATTOUS,SA.D.ATTOUS.CASH.IP,Atento SA,N/A,OFFLINE,-,SHARES,AT
ATOMLN,KC.D.ATOMLN.CASH.IP,Atome PLC,N/A,TRADEABLE,-,SHARES,AT
6194JT,AJ.D.6194JT.CASH.IP,Atrae Inc,N/A,EDITS_ONLY,-,SHARES,AT
BCELUS,UA.D.BCELUS.CASH.IP,Atreca Inc,N/A,CLOSED,-,SHARES,AT
ATRAVFH,EB.D.ATRAVFH.CASH.IP,Atria Oyj,N/A,TRADEABLE,-,SHARES,AT
ATTSJ,AR.D.ATTSJ.CASH.IP,Attacq Ltd,N/A,TRADEABLE,-,SHARES,AT
ATTSS,EH.D.ATTSS.CASH.IP,Attendo AB (publ),N/A,TRADEABLE,-,SHARES,AT
ACOXCN,KN.D.ACOXCN.CASH.IP,ATCO Limited,N/A,TRADEABLE,-,SHARES,AT
REREUS,SG.D.REREUS.CASH.IP,ATRenew Inc,N/A,TRADEABLE,-,SHARES,AT
MWKUS,UC.D.MWKUS.CASH.IP,Aterian Inc,N/A,TRADEABLE,-,SHARES,AT
ATNLN,KC.D.ATNLN.CASH.IP,Aterian PLC,N/A,TRADEABLE,-,SHARES,AT
ATNXUS,UA.D.ATNXUS.CASH.IP,Athenex Inc,N/A,CLOSED,-,SHARES,AT
ATHXUS,UA.D.ATHXUS.CASH.IP,Athersys Inc,N/A,ON_AUCTION,-,SHARES,AT
AUT,EF.D.AUT.CASH.IP,Atlantia SpA,N/A,OFFLINE,-,SHARES,AT
ATOMUS,UA.D.ATOMUS.CASH.IP,Atomera Inc,N/A,TRADEABLE,-,SHARES,AT
ATRCUS,UA.D.ATRCUS.CASH.IP,AtriCure Inc,N/A,TRADEABLE,-,SHARES,AT
ATRIUS,UA.D.ATRIUS.CASH.IP,Atrion Corp,N/A,CLOSED,-,SHARES,AT
ATUAU,AB.D.ATUAU.CASH.IP,Atrum Coal NL,N/A,CLOSED,-,SHARES,AT
ACAPSP,AG.D.ACAPSP.CASH.IP,Attilan Group,N/A,CLOSED,-,SHARES,AT
TATTGA,ER.D.TATTGA.CASH.IP,Bank Of Attica,N/A,OFFLINE,-,SHARES,AT
ROROUS,SI.D.ROROUS.CASH.IP,ATAC US Rotation ETF,N/A,OFFLINE,-,SHARES,AT
ATCPZ,KC.D.ATCPZ.CASH.IP,ATC Music Group PLC,N/A,TRADEABLE,-,SHARES,AT
ZBAIUS,UD.D.ZBAIUS.CASH.IP,ATIF Holdings Ltd,N/A,TRADEABLE,-,SHARES,AT
7412JT,AJ.D.7412JT.CASH.IP,ATOM Corporation,N/A,EDITS_ONLY,-,SHARES,AT
ATPG,UA.D.ATPG.CASH.IP,ATP Oil & Gas Corp,N/A,CLOSED,-,SHARES,AT
ATACN,KN.D.ATACN.CASH.IP,ATS Corporation,N/A,OFFLINE,-,SHARES,AT
AETFGA,ER.D.AETFGA.CASH.IP,Alpha ETF Athex 20,N/A,TRADEABLE,-,SHARES,AT
HOMEUS,SC.D.HOMEUS.CASH.IP,At Home Group Inc,N/A,CLOSED,-,SHARES,AT
ATAI,UA.D.ATAI.CASH.IP,AtaiBecley Inc,N/A,TRADEABLE,-,SHARES,AT
EMED,KC.D.EMED.CASH.IP,Atalaya Mining PLC,N/A,TRADEABLE,-,SHARES,AT
SASKCV,KN.D.SASKCV.CASH.IP,Atha Energy Corp,N/A,TRADEABLE,-,SHARES,AT
ATHCT,KN.D.ATHCT.CASH.IP,Athabasca Oil Corp,N/A,TRADEABLE,-,SHARES,AT
ATYLN,KC.D.ATYLN.CASH.IP,Athelney Trust PLC,N/A,TRADEABLE,-,SHARES,AT
ATCLN,KC.D.ATCLN.CASH.IP,Atlantic Coal PLC,N/A,ON_AUCTION,-,SHARES,AT
USAFUS,UD.D.USAFUS.CASH.IP,Atlas America Fund,N/A,TRADEABLE,-,SHARES,AT
ATCOUS,SA.D.ATCOUS.CASH.IP,Atlas Corporation,N/A,CLOSED,-,SHARES,AT
AUCN,KN.D.AUCN.CASH.IP,Aurion Resources Limited,N/A,TRADEABLE,-,SHARES,AU
AU,SA.D.AU.CASH.IP,AngloGold Ashanti Ltd - ADR (24 Hours),N/A,TRADEABLE,-,SHARES,AU
AUBFP,EC.D.AUBFP.CASH.IP,Aubay,N/A,TRADEABLE,-,SHARES,AU
3964JT,AJ.D.3964JT.CASH.IP,Aucnet Inc,N/A,EDITS_ONLY,-,SHARES,AU
ETMUS,SB.D.ETMUS.CASH.IP,Audacy Inc,N/A,CLOSED,-,SHARES,AU
AUUDUS,UA.D.AUUDUS.CASH.IP,Auddia Inc,N/A,TRADEABLE,-,SHARES,AU
AUG,KC.D.AUG.CASH.IP,Augean PLC,N/A,OFFLINE,-,SHARES,AU
AAGGY,ED.D.AAGGY.CASH.IP,Aumann AG,N/A,TRADEABLE,-,SHARES,AU
AMV0GY,ED.D.AMV0GY.CASH.IP,Aumovio SE,N/A,TRADEABLE,-,SHARES,AU
NDAGY,ED.D.NDAGY.CASH.IP,Aurubis AG,N/A,TRADEABLE,-,SHARES,AU
ASB,AA.D.ASB.CASH.IP,Austal Ltd,N/A,EDITS_ONLY,-,SHARES,AU
LIUS,UB.D.LIUS.CASH.IP,Li Auto Inc,N/A,TRADEABLE,-,SHARES,AU
2015HK,AC.D.2015HK.CASH.IP,Li Auto Inc (HK),N/A,EDITS_ONLY,-,SHARES,AU
AUIDUS,UA.D.AUIDUS.CASH.IP,authID Inc,N/A,TRADEABLE,-,SHARES,AU
LAAOAU,AB.D.LAAOAU.CASH.IP,LatAm Autos Ltd Option Aug21,N/A,CLOSED,-,SHARES,AU
RPMOAU,AB.D.RPMOAU.CASH.IP,RPM Automotive Group Ltd/AU,N/A,CLOSED,-,SHARES,AU
AG1GY,ED.D.AG1GY.CASH.IP,AUTO1 Group SE,N/A,TRADEABLE,-,SHARES,AU
AEYEUS,UA.D.AEYEUS.CASH.IP,AudioEye Inc,N/A,TRADEABLE,-,SHARES,AU
AUGXUS,UA.D.AUGXUS.CASH.IP,Augmedix Inc,N/A,CLOSED,-,SHARES,AU
PWMUS,UC.D.PWMUS.CASH.IP,Aurelion Inc,N/A,TRADEABLE,-,SHARES,AU
AR4GY,ED.D.AR4GY.CASH.IP,Aurelius AG,N/A,OFFLINE,-,SHARES,AU
AOKAU,AB.D.AOKAU.CASH.IP,AusTex Oil Ltd,N/A,CLOSED,-,SHARES,AU
AUSGSP,AG.D.AUSGSP.CASH.IP,Ausgroup Ltd,N/A,SUSPENDED,-,SHARES,AU
AVUS,SA.D.AVUS.CASH.IP,Aviva PLC - ADR,N/A,OFFLINE,-,SHARES,AV
AV,KA.D.AV.CASH.IP,Aviva PLC,N/A,TRADEABLE,-,SHARES,AV
AVISJ,AR.D.AVISJ.CASH.IP,AVI Ltd,N/A,TRADEABLE,-,SHARES,AV
AVSTLN,KA.D.AVSTLN.CASH.IP,Avast PLC,N/A,OFFLINE,-,SHARES,AV
AVDRUS,UA.D.AVDRUS.CASH.IP,Avedro Inc,N/A,CLOSED,-,SHARES,AV
AEGSJ,AR.D.AEGSJ.CASH.IP,Aveng Ltd,N/A,TRADEABLE,-,SHARES,AV
AVENSS,EH.D.AVENSS.CASH.IP,Avensia AB,N/A,TRADEABLE,-,SHARES,AV
7860JT,AJ.D.7860JT.CASH.IP,Avex Inc,N/A,EDITS_ONLY,-,SHARES,AV
AVIDLYFH,EB.D.AVIDLYFH.CASH.IP,Avidly Oyj,N/A,OFFLINE,-,SHARES,AV
AVIOIM,EF.D.AVIOIM.CASH.IP,Avio SpA,N/A,TRADEABLE,-,SHARES,AV
AVT,SA.D.AVT.CASH.IP,Avnet Inc,N/A,TRADEABLE,-,SHARES,AV
DUFNSW,EJ.D.DUFNSW.CASH.IP,Avolta AG,N/A,TRADEABLE,-,SHARES,AV
AVAXGA,ER.D.AVAXGA.CASH.IP,J&P-AVAX SA,N/A,TRADEABLE,-,SHARES,AV
AVLN7875P,KC.D.AVLN7875P.CASH.IP,AVLN 7 7/8 PERP,N/A,OFFLINE,-,SHARES,AV
6918JT,AJ.D.6918JT.CASH.IP,Aval Data Corp,N/A,EDITS_ONLY,-,SHARES,AV
AVLRUS,SA.D.AVLRUS.CASH.IP,Avalara Inc,N/A,CLOSED,-,SHARES,AV
AGRUS,SA.D.AGRUS.CASH.IP,Avangrid Inc,N/A,CLOSED,-,SHARES,AV
INSP,UB.D.INSP.CASH.IP,"Avantax, Inc",N/A,CLOSED,-,SHARES,AV
AVTXNA,EG.D.AVTXNA.CASH.IP,Avantium NV,N/A,TRADEABLE,-,SHARES,AV
AVTRUS,SA.D.AVTRUS.CASH.IP,Avantor Inc,N/A,TRADEABLE,-,SHARES,AV
TFBANKSS,EH.D.TFBANKSS.CASH.IP,Avarda Bank AB (publ),N/A,TRADEABLE,-,SHARES,AV
AVAPLN,KC.D.AVAPLN.CASH.IP,Avation PLC,N/A,TRADEABLE,-,SHARES,AV
APXTUS,UA.D.APXTUS.CASH.IP,AvePoint Inc,N/A,TRADEABLE,-,SHARES,AV
MAK,AF.D.MAK.CASH.IP,Avenira Ltd,N/A,EDITS_ONLY,-,SHARES,AV
AVGRUS,UA.D.AVGRUS.CASH.IP,Avinger Inc,N/A,CLOSED,-,SHARES,AV
AVAUS,SA.D.AVAUS.CASH.IP,Avista Corp,N/A,TRADEABLE,-,SHARES,AV
AVDDAU,AB.D.AVDDAU.CASH.IP,AVADA Group Limited,N/A,EDITS_ONLY,-,SHARES,AV
AVGUS,SA.D.AVGUS.CASH.IP,AVG Technologies NV,N/A,OFFLINE,-,SHARES,AV
BTEM,KA.D.BTEM.CASH.IP,AVI Global Trust PLC,N/A,TRADEABLE,-,SHARES,AV
AVHAU,AB.D.AVHAU.CASH.IP,AVITA Medical Inc,N/A,EDITS_ONLY,-,SHARES,AV
AVJ,AA.D.AVJ.CASH.IP,AVJennings Ltd (ASX),N/A,CLOSED,-,SHARES,AV
AVTBSS,EH.D.AVTBSS.CASH.IP,AVTECH Sweden AB,N/A,TRADEABLE,-,SHARES,AV
ACICUS,SA.D.ACICUS.CASH.IP,Archer Aviation INC (24 Hours),N/A,TRADEABLE,-,SHARES,AV
ACHRWSUS,SA.D.ACHRWSUS.CASH.IP,Archer Aviation Inc (Warrants),N/A,TRADEABLE,-,SHARES,AV
FFTAU,AB.D.FFTAU.CASH.IP,Ava Risk Group Ltd,N/A,EDITS_ONLY,-,SHARES,AV
AVCTLN,KC.D.AVCTLN.CASH.IP,Avacta Group PLC,N/A,TRADEABLE,-,SHARES,AV
HYHUS,SC.D.HYHUS.CASH.IP,Avanos Medical Inc,N/A,TRADEABLE,-,SHARES,AV
AVALN,KC.D.AVALN.CASH.IP,Avanti Capital PLC,N/A,OFFLINE,-,SHARES,AV
AGCCN,KN.D.AGCCN.CASH.IP,Avanti Gold Corp,N/A,TRADEABLE,-,SHARES,AV
AVTFP,EC.D.AVTFP.CASH.IP,Avenir Telecom,N/A,TRADEABLE,-,SHARES,AV
AVY,SA.D.AVY.CASH.IP,Avery Dennison Corp (24 Hours),N/A,TRADEABLE,-,SHARES,AV
AVS,KC.D.AVS.CASH.IP,Avesco Group PLC,N/A,OFFLINE,-,SHARES,AV
AVV,KA.D.AVV.CASH.IP,Aveva Group PLC,N/A,OFFLINE,-,SHARES,AV
AWRDSS,EH.D.AWRDSS.CASH.IP,Awardit AB (publ),N/A,OFFLINE,-,SHARES,AW
AWREUS,UA.D.AWREUS.CASH.IP,Aware Inc,N/A,TRADEABLE,-,SHARES,AW
AWDRNO,EL.D.AWDRNO.CASH.IP,Awilco Drilling PLC,N/A,OFFLINE,-,SHARES,AW
8388JT,AJ.D.8388JT.CASH.IP,The Awa Bank Limited,N/A,EDITS_ONLY,-,SHARES,AW
AWNAU,AB.D.AWNAU.CASH.IP,AWN Holdings Limited,N/A,CLOSED,-,SHARES,AW
EAGGUS,SI.D.EAGGUS.CASH.IP,iShares ESG Aware US Aggregate Bond ETF,N/A,TRADEABLE,-,SHARES,AW
SUSCUS,UD.D.SUSCUS.CASH.IP,iShares ESG Aware USD Corporate Bond ETF,N/A,TRADEABLE,-,SHARES,AW
ESGDUS,UB.D.ESGDUS.CASH.IP,iShares Trust iShares ESG Aware MSCI EAFE ETF,N/A,TRADEABLE,-,SHARES,AW
LCTUUS,SI.D.LCTUUS.CASH.IP,iShares U.S. Carbon Transition Readiness Aware Active ETF,N/A,TRADEABLE,-,SHARES,AW
LCTDUS,SI.D.LCTDUS.CASH.IP,iShares World ex U.S. Carbon Transition Readiness Aware Active ETF,N/A,TRADEABLE,-,SHARES,AW
CS,EC.D.CS.CASH.IP,AXA SA,N/A,TRADEABLE,-,SHARES,AX
AXTIUS,UA.D.AXTIUS.CASH.IP,AXT Inc,N/A,TRADEABLE,-,SHARES,AX
AXFOSS,EH.D.AXFOSS.CASH.IP,Axfood AB (publ),N/A,TRADEABLE,-,SHARES,AX
AXICASS,EH.D.AXICASS.CASH.IP,Axichem AB,N/A,TRADEABLE,-,SHARES,AX
AXGNUS,UA.D.AXGNUS.CASH.IP,AxoGen Inc,N/A,TRADEABLE,-,SHARES,AX
EBRUS,SB.D.EBRUS.CASH.IP,AXIA Energia,N/A,TRADEABLE,-,SHARES,AX
IGENO,EL.D.IGENO.CASH.IP,Axactor ASA,N/A,TRADEABLE,-,SHARES,AX
AXLAU2,AB.D.AXLAU2.CASH.IP,Axel Ree Ltd,N/A,EDITS_ONLY,-,SHARES,AX
AXBLI,PK.D.AXBLI.CASH.IP,Axis Bank Ltd,N/A,TRADEABLE,-,SHARES,AX
AXIAU,AB.D.AXIAU.CASH.IP,Axtec Limited,N/A,EDITS_ONLY,-,SHARES,AX
AKKAU,AB.D.AKKAU.CASH.IP,AXP Energy Limited,N/A,EDITS_ONLY,-,SHARES,AX
AXLAUS,UA.D.AXLAUS.CASH.IP,Axcella Health Inc,N/A,CLOSED,-,SHARES,AX
SKLNUS,UD.D.SKLNUS.CASH.IP,Axe Compute Inc,N/A,TRADEABLE,-,SHARES,AX
8255JT,AJ.D.8255JT.CASH.IP,Axial Retailing Inc,N/A,EDITS_ONLY,-,SHARES,AX
AVQAU,AB.D.AVQAU.CASH.IP,Axiom Mining Ltd,N/A,CLOSED,-,SHARES,AX
AXOCN,KN.D.AXOCN.CASH.IP,Axo Copper Corp,N/A,TRADEABLE,-,SHARES,AX
TASR,UD.D.TASR.CASH.IP,Axon Enterprise Inc (24 Hours),N/A,TRADEABLE,-,SHARES,AX
BOFIUS,UA.D.BOFIUS.CASH.IP,Axos Financial Inc,N/A,TRADEABLE,-,SHARES,AX
HYLDUS,SI.D.HYLDUS.CASH.IP,AXS Real Estate Income ETF,N/A,OFFLINE,-,SHARES,AX
AXTAUS,SA.D.AXTAUS.CASH.IP,Axalta Coating Systems Ltd,N/A,TRADEABLE,-,SHARES,AX
ACLSUS,UA.D.ACLSUS.CASH.IP,Axcelis Technologies Inc,N/A,TRADEABLE,-,SHARES,AX
AXSUS,SA.D.AXSUS.CASH.IP,Axis Capital Holdings Ltd,N/A,TRADEABLE,-,SHARES,AX
AXSMUS,UA.D.AXSMUS.CASH.IP,Axsome Therapeutics Inc,N/A,TRADEABLE,-,SHARES,AX
SILVSP,AG.D.SILVSP.CASH.IP,Silverlake Axis Limited,N/A,CLOSED,-,SHARES,AX
AXLOAU,AB.D.AXLOAU.CASH.IP,Axel Ree Ltd Options @ AUD 0.2 EXP 07/02/2028,N/A,CLOSED,-,SHARES,AX
AXNXUS,UA.D.AXNXUS.CASH.IP,Axonics Modulation Technologies Inc,N/A,CLOSED,-,SHARES,AX
ALDFP,EC.D.ALDFP.CASH.IP,Ayvens,N/A,TRADEABLE,-,SHARES,AY
AYACN,KN.D.AYACN.CASH.IP,Aya Gold & Silver Inc,N/A,TRADEABLE,-,SHARES,AY
AYRACN,KN.D.AYRACN.CASH.IP,Ayr Wellness Inc,N/A,SUSPENDED,-,SHARES,AY
AYTUUS,UA.D.AYTUUS.CASH.IP,Aytu BioScience Inc,N/A,TRADEABLE,-,SHARES,AY
AYAUS,UA.D.AYAUS.CASH.IP,Aya Gold & Silver Inc - US ADR,N/A,TRADEABLE,-,SHARES,AY
AYLAUS,UA.D.AYLAUS.CASH.IP,Ayala Pharmaceuticals Inc,N/A,CLOSED,-,SHARES,AY
ADXSUS,UA.D.ADXSUS.CASH.IP,"Ayala Pharmaceuticals, Inc.",N/A,CLOSED,-,SHARES,AY
AZUS,UA.D.AZUS.CASH.IP,A2Z Cust2Mate Solutions Corp,N/A,TRADEABLE,-,SHARES,AZ
AZCT,KN.D.AZCT.CASH.IP,Arizona Mining Inc,N/A,OFFLINE,-,SHARES,AZ
AZZUS,SA.D.AZZUS.CASH.IP,AZZ Inc,N/A,TRADEABLE,-,SHARES,AZ
AZULUS,SA.D.AZULUS.CASH.IP,Azul SA,N/A,OFFLINE,-,SHARES,AZ
AZELIOSS,EH.D.AZELIOSS.CASH.IP,Azelio AB,N/A,CLOSED,-,SHARES,AZ
BRKSUS,UA.D.BRKSUS.CASH.IP,Azenta Inc,N/A,TRADEABLE,-,SHARES,AZ
AZTRUS,SI.D.AZTRUS.CASH.IP,Azitra Inc,N/A,TRADEABLE,-,SHARES,AZ
AZKSM,EI.D.AZKSM.CASH.IP,Azkoyen SA,N/A,TRADEABLE,-,SHARES,AZ
6845JT,AJ.D.6845JT.CASH.IP,Azbil Corporation,N/A,EDITS_ONLY,-,SHARES,AZ
AZEBB,EA.D.AZEBB.CASH.IP,Azelis Group NV,N/A,TRADEABLE,-,SHARES,AZ
AZMIM,EF.D.AZMIM.CASH.IP,Azimut Holding SpA,N/A,TRADEABLE,-,SHARES,AZ
AZEKUS,SA.D.AZEKUS.CASH.IP,The AZEK Company Inc,N/A,CLOSED,-,SHARES,AZ
9090JT,AJ.D.9090JT.CASH.IP,AZ-COM MARUWA Holdings Inc.,N/A,EDITS_ONLY,-,SHARES,AZ
AZELTO33S,EH.D.AZELTO33S.CASH.IP,Azelio AB Rights Issue,N/A,OFFLINE,-,SHARES,AZ
8AZSP,AG.D.8AZSP.CASH.IP,Aztech Global Limited,N/A,EDITS_ONLY,-,SHARES,AZ
AZSAU,AB.D.AZSAU.CASH.IP,Azure Minerals Limited,N/A,CLOSED,-,SHARES,AZ
9380JT,AJ.D.9380JT.CASH.IP,Azuma Shipping Company Limited,N/A,EDITS_ONLY,-,SHARES,AZ
TRNIM,EF.D.TRNIM.CASH.IP,Terna - Rete Elettrica Nazionale Societa per Azioni,N/A,TRADEABLE,-,SHARES,AZ
BA,KA.D.BA.CASH.IP,BAE Systems PLC,N/A,TRADEABLE,-,SHARES,BA
BA,SA.D.BA.CASH.IP,Boeing Co (24 Hours),N/A,TRADEABLE,-,SHARES,BA
LLOY,KA.D.LLOY.CASH.IP,Lloyds Banking Group PLC,N/A,TRADEABLE,-,SHARES,BA
BAY,KA.D.BAY.CASH.IP,International Consolidated Airlines Group SA (LSE),N/A,TRADEABLE,-,SHARES,BA
BAS,ED.D.BAS.CASH.IP,BASF SE,N/A,TRADEABLE,-,SHARES,BA
BWBGY,ED.D.BWBGY.CASH.IP,Baader Bank AG,N/A,OFFLINE,-,SHARES,BA
BARC,KA.D.BARC.CASH.IP,Barclays PLC,N/A,TRADEABLE,-,SHARES,BA
BPEIM,EF.D.BPEIM.CASH.IP,Banca Popolare dell'Emilia Romagna SCRL,N/A,TRADEABLE,-,SHARES,BA
BAG,KA.D.BAG.CASH.IP,BARR (A.G.) PLC,N/A,TRADEABLE,-,SHARES,BA
4477JT,AJ.D.4477JT.CASH.IP,BASE Inc,N/A,EDITS_ONLY,-,SHARES,BA
BKUSAV,EK.D.BKUSAV.CASH.IP,BKS Bank AG,N/A,OFFLINE,-,SHARES,BA
9888HK,AC.D.9888HK.CASH.IP,Baidu Inc (HK),N/A,EDITS_ONLY,-,SHARES,BA
VIHUS,UD.D.VIHUS.CASH.IP,Bakkt Inc,N/A,TRADEABLE,-,SHARES,BA
BLL,SA.D.BLL.CASH.IP,Ball Corp (24 Hours),N/A,TRADEABLE,-,SHARES,BA
TRWHUS,SG.D.TRWHUS.CASH.IP,Bally's Corp,N/A,TRADEABLE,-,SHARES,BA
BALYOFP,EC.D.BALYOFP.CASH.IP,Balyo SA,N/A,OFFLINE,-,SHARES,BA
BMPS,EF.D.BMPS.CASH.IP,Banca Monte dei Paschi di Siena SpA,N/A,TRADEABLE,-,SHARES,BA
BGO,KC.D.BGO.CASH.IP,Bango PLC,N/A,TRADEABLE,-,SHARES,BA
OZRKUS,UC.D.OZRKUS.CASH.IP,Bank OZK,N/A,TRADEABLE,-,SHARES,BA
BZUNUS,UA.D.BZUNUS.CASH.IP,Baozun Inc,N/A,TRADEABLE,-,SHARES,BA
BAPAU,AB.D.BAPAU.CASH.IP,Bapcor Ltd,N/A,EDITS_ONLY,-,SHARES,BA
BARBB,EA.D.BARBB.CASH.IP,Barco NV,N/A,TRADEABLE,-,SHARES,BA
STICUS,SG.D.STICUS.CASH.IP,Bark Inc,N/A,TRADEABLE,-,SHARES,BA
BSLGY,ED.D.BSLGY.CASH.IP,Basler AG,N/A,TRADEABLE,-,SHARES,BA
B5AGY,ED.D.B5AGY.CASH.IP,Bauer AG,N/A,OFFLINE,-,SHARES,BA
BAY,ED.D.BAY.CASH.IP,Bayer AG,N/A,TRADEABLE,-,SHARES,BA
1BAYNIM,EF.D.1BAYNIM.CASH.IP,Bayer AG (ITA),N/A,TRADEABLE,-,SHARES,BA
BMW,ED.D.BMW.CASH.IP,Bayerische Motoren Werke AG,N/A,TRADEABLE,-,SHARES,BA
FRBAUS,UB.D.FRBAUS.CASH.IP,First Bank,N/A,TRADEABLE,-,SHARES,BA
JYSK,EP.D.JYSK.CASH.IP,Jyske Bank AS,N/A,TRADEABLE,-,SHARES,BA
LEASS,EH.D.LEASS.CASH.IP,Lea Bank AB,N/A,TRADEABLE,-,SHARES,BA
MNBADC,EP.D.MNBADC.CASH.IP,Mons Bank,N/A,TRADEABLE,-,SHARES,BA
SPKSJFDC,EP.D.SPKSJFDC.CASH.IP,SJF Bank A/S,N/A,TRADEABLE,-,SHARES,BA
TOWNUS,UD.D.TOWNUS.CASH.IP,Towne Bank,N/A,TRADEABLE,-,SHARES,BA
USB,SH.D.USB.CASH.IP,US Bancorp (24 Hours),N/A,TRADEABLE,-,SHARES,BA
VPBNSW,EJ.D.VPBNSW.CASH.IP,VP Bank AG,N/A,TRADEABLE,-,SHARES,BA
BMRCUS,UA.D.BMRCUS.CASH.IP,Bank of Marin Ban Corporation,N/A,TRADEABLE,-,SHARES,BA
BGAV,EK.D.BGAV.CASH.IP,BAWAG Group AG,N/A,TRADEABLE,-,SHARES,BA
BYWGY,ED.D.BYWGY.CASH.IP,BYW - BayWa AG,N/A,TRADEABLE,-,SHARES,BA
BYW6GY,ED.D.BYW6GY.CASH.IP,BYW6 - BayWa AG,N/A,TRADEABLE,-,SHARES,BA
BLZEUS,UA.D.BLZEUS.CASH.IP,Backblaze Inc,N/A,TRADEABLE,-,SHARES,BA
RIMCT,KN.D.RIMCT.CASH.IP,Blackberry Ltd (CA),N/A,TRADEABLE,-,SHARES,BB
BBFP,EC.D.BBFP.CASH.IP,Societe BIC SA,N/A,TRADEABLE,-,SHARES,BB
2009HK,AC.D.2009HK.CASH.IP,BBMG Corp,N/A,EDITS_ONLY,-,SHARES,BB
BIONSW,EJ.D.BIONSW.CASH.IP,BB Biotech AG (CH),N/A,TRADEABLE,-,SHARES,BB
BBZA,ED.D.BBZA.CASH.IP,BB Biotech AG (DE),N/A,TRADEABLE,-,SHARES,BB
TBBBUS,SG.D.TBBBUS.CASH.IP,BBB Foods Inc,N/A,TRADEABLE,-,SHARES,BB
BBGILN,KA.D.BBGILN.CASH.IP,BBGI SICAV SA Fund,N/A,CLOSED,-,SHARES,BB
BBTVCN,KN.D.BBTVCN.CASH.IP,BBTV Holdings Inc,N/A,OFFLINE,-,SHARES,BB
BFRUS,SA.D.BFRUS.CASH.IP,BBVA Banco Frances SA,N/A,OFFLINE,-,SHARES,BB
BBXUS,SA.D.BBXUS.CASH.IP,BBX Capital Corporation,N/A,CLOSED,-,SHARES,BB
BBARUS,SA.D.BBARUS.CASH.IP,Banco BBVA Argentina SA,N/A,TRADEABLE,-,SHARES,BB
BBD,SA.D.BBD.CASH.IP,Banco Bradesco SA - ADR - BBD,N/A,TRADEABLE,-,SHARES,BB
BBDOUS,SA.D.BBDOUS.CASH.IP,Banco Bradesco SA - ADR - BBDO,N/A,TRADEABLE,-,SHARES,BB
CLOZUS,SI.D.CLOZUS.CASH.IP,Eldridge BBB B CLO ETF,N/A,TRADEABLE,-,SHARES,BB
IEBBLN,KA.D.IEBBLN.CASH.IP,iShares Euro Corporate Bond BBB-BB UCITS ETF - IEBB,N/A,CLOSED,-,SHARES,BB
BBVA,EI.D.BBVA.CASH.IP,Banco Bilbao Vizcaya Argentaria SA (ES),N/A,TRADEABLE,-,SHARES,BB
36B1GY,ED.D.36B1GY.CASH.IP,iShares Euro Corporate Bond BB-B UCITS ETF,N/A,TRADEABLE,-,SHARES,BB
BBVUS,SA.D.BBVUS.CASH.IP,Banco Bilbao Vizcaya Argentaria SA - ADR,N/A,TRADEABLE,-,SHARES,BB
BSUSLN,KA.D.BSUSLN.CASH.IP,UBS BBG MSCI US Liquid Corp Sustainable UCITS ETF,N/A,TRADEABLE,-,SHARES,BB
BCIM,EF.D.BCIM.CASH.IP,Brunello Cucinelli SpA,N/A,TRADEABLE,-,SHARES,BC
BC,SA.D.BC.CASH.IP,Brunswick Corp,N/A,TRADEABLE,-,SHARES,BC
BCE,SA.D.BCE.CASH.IP,BCE Inc,N/A,TRADEABLE,-,SHARES,BC
BCECT,KN.D.BCECT.CASH.IP,BCE Inc (CA),N/A,TRADEABLE,-,SHARES,BC
LANFP,EC.D.LANFP.CASH.IP,Lanson-BCC,N/A,TRADEABLE,-,SHARES,BC
BDXAU,AB.D.BDXAU.CASH.IP,BCAL Diagnostics Limited,N/A,EDITS_ONLY,-,SHARES,BC
BCI,AF.D.BCI.CASH.IP,BCI Minerals Limited,N/A,EDITS_ONLY,-,SHARES,BC
KCAPUS,UB.D.KCAPUS.CASH.IP,BCP Investment Corporation,N/A,ON_AUCTION,-,SHARES,BC
863HK,AC.D.863HK.CASH.IP,OSL Group Limited,N/A,EDITS_ONLY,-,SHARES,BC
TCAPUS,SG.D.TCAPUS.CASH.IP,Barings BDC Inc,N/A,TRADEABLE,-,SHARES,BD
CCAPUS,UA.D.CCAPUS.CASH.IP,Crescent Capital BDC Inc,N/A,TRADEABLE,-,SHARES,BD
GSBDUS,SC.D.GSBDUS.CASH.IP,Goldman Sachs BDC Inc,N/A,TRADEABLE,-,SHARES,BD
GBDCUS,UB.D.GBDCUS.CASH.IP,Golub Capital BDC Inc,N/A,TRADEABLE,-,SHARES,BD
BIZDUS,SI.D.BIZDUS.CASH.IP,Market Vectors BDC Income ETF,N/A,TRADEABLE,-,SHARES,BD
TPVGUS,SG.D.TPVGUS.CASH.IP,TriplePoint Venture Growth BDC Corporation,N/A,TRADEABLE,-,SHARES,BD
GLABLN,KA.D.GLABLN.CASH.IP,SPDR Bloomberg Global Aggrt Bd UCITS ETF GBPH Dist,N/A,TRADEABLE,-,SHARES,BD
MTUFP,EC.D.MTUFP.CASH.IP,Manitou BF SA,N/A,TRADEABLE,-,SHARES,BF
BGUS,SA.D.BGUS.CASH.IP,Bunge Global SA (24 Hours),N/A,TRADEABLE,-,SHARES,BG
BGSFUS,SI.D.BGSFUS.CASH.IP,BGSF Inc,N/A,TRADEABLE,-,SHARES,BG
BGCP,UA.D.BGCP.CASH.IP,BGC Group Inc,N/A,TRADEABLE,-,SHARES,BG
BGBL,KC.D.BGBL.CASH.IP,Bglobal PLC,N/A,OFFLINE,-,SHARES,BG
QLIUS,UC.D.QLIUS.CASH.IP,BGM Group Limited,N/A,TRADEABLE,-,SHARES,BG
BHUS,SA.D.BHUS.CASH.IP,Biglari Holdings Inc,N/A,TRADEABLE,-,SHARES,BH
BHFP,EC.D.BHFP.CASH.IP,Savencia SA,N/A,TRADEABLE,-,SHARES,BH
BLT,KA.D.BLT.CASH.IP,BHP Group PLC (LSE),N/A,TRADEABLE,-,SHARES,BH
BILSJ,AR.D.BILSJ.CASH.IP,BHP Group PLC (SA),N/A,TRADEABLE,-,SHARES,BH
BHGG,KA.D.BHGG.CASH.IP,BH Global Ltd - GBP,N/A,OFFLINE,-,SHARES,BH
BHGU,KA.D.BHGU.CASH.IP,BH Global Ltd - USD,N/A,OFFLINE,-,SHARES,BH
BHMULN,KA.D.BHMULN.CASH.IP,BH Macro Limited,N/A,TRADEABLE,-,SHARES,BH
BHMG,KA.D.BHMG.CASH.IP,BH Macro Ltd - GBP,N/A,TRADEABLE,-,SHARES,BH
BBLUS,SA.D.BBLUS.CASH.IP,BHP Billiton PLC - ADR,N/A,CLOSED,-,SHARES,BH
BHP,AA.D.BHP.CASH.IP,BHP Group Limited (ASX),N/A,EDITS_ONLY,-,SHARES,BH
BHP,SA.D.BHP.CASH.IP,BHP Group Ltd - ADR,N/A,TRADEABLE,-,SHARES,BH
BWNAU,AB.D.BWNAU.CASH.IP,Bhagwan Marine Ltd,N/A,EDITS_ONLY,-,SHARES,BH
IHHSP,AG.D.IHHSP.CASH.IP,IHH Healthcare Bhd,N/A,EDITS_ONLY,-,SHARES,BH
TSHRESSP,AG.D.TSHRESSP.CASH.IP,TSH Resources Bhd,N/A,EDITS_ONLY,-,SHARES,BH
TOPGSP,AG.D.TOPGSP.CASH.IP,Top Glove Corporation Bhd.,N/A,EDITS_ONLY,-,SHARES,BH
BILIUS,UA.D.BILIUS.CASH.IP,Bilibili (24 Hours),N/A,TRADEABLE,-,SHARES,BI
BIONLN,KC.D.BIONLN.CASH.IP,BiON PLC,N/A,CLOSED,-,SHARES,BI
BSSIM,EF.D.BSSIM.CASH.IP,Biesse SpA,N/A,TRADEABLE,-,SHARES,BI
BILIASS,EH.D.BILIASS.CASH.IP,Bilia AB,N/A,TRADEABLE,-,SHARES,BI
MA1GY,ED.D.MA1GY.CASH.IP,Binect AG,N/A,OFFLINE,-,SHARES,BI
BIOGBSS,EH.D.BIOGBSS.CASH.IP,BioGaia AB,N/A,TRADEABLE,-,SHARES,BI
BIOPORDC,EP.D.BIOPORDC.CASH.IP,BioPorto AS,N/A,TRADEABLE,-,SHARES,BI
BIVIUS,UA.D.BIVIUS.CASH.IP,BioVie Inc,N/A,TRADEABLE,-,SHARES,BI
BIOBVFH,EB.D.BIOBVFH.CASH.IP,Biohit Oyj,N/A,TRADEABLE,-,SHARES,BI
BIOTSS,EH.D.BIOTSS.CASH.IP,Biotage AB,N/A,OFFLINE,-,SHARES,BI
BTMDUS,UA.D.BTMDUS.CASH.IP,Biote Corp,N/A,TRADEABLE,-,SHARES,BI
BIOGY,ED.D.BIOGY.CASH.IP,Biotest AG,N/A,OFFLINE,-,SHARES,BI
VLONUS,UD.D.VLONUS.CASH.IP,GRI BIO INC,N/A,TRADEABLE,-,SHARES,BI
FIXXUS,UB.D.FIXXUS.CASH.IP,Q32 Bio Inc,N/A,TRADEABLE,-,SHARES,BI
BIMSS,EH.D.BIMSS.CASH.IP,BIMobject AB,N/A,TRADEABLE,-,SHARES,BI
BIOLUS,UA.D.BIOLUS.CASH.IP,BIOLASE Inc,N/A,OFFLINE,-,SHARES,BI
BXRXUS,UA.D.BXRXUS.CASH.IP,Baudax Bio Inc,N/A,OFFLINE,-,SHARES,BI
BLTEUS,UA.D.BLTEUS.CASH.IP,Belite Bio Inc,N/A,TRADEABLE,-,SHARES,BI
3048JT,AJ.D.3048JT.CASH.IP,Bic Camera Inc,N/A,EDITS_ONLY,-,SHARES,BI
BLI,SA.D.BLI.CASH.IP,Big Lots Inc,N/A,OFFLINE,-,SHARES,BI
GBF,ED.D.GBF.CASH.IP,Bilfinger SE,N/A,TRADEABLE,-,SHARES,BI
BILLSS,EH.D.BILLSS.CASH.IP,Billerud AB,N/A,TRADEABLE,-,SHARES,BI
BIOAUS,SA.D.BIOAUS.CASH.IP,BioAmber Inc,N/A,CLOSED,-,SHARES,BI
BIOABSS,EH.D.BIOABSS.CASH.IP,BioArctic AB (publ),N/A,TRADEABLE,-,SHARES,BI
BCABUS,UA.D.BCABUS.CASH.IP,BioAtla Inc,N/A,TRADEABLE,-,SHARES,BI
BCDAUS,UA.D.BCDAUS.CASH.IP,BioCardia Inc,N/A,TRADEABLE,-,SHARES,BI
BIMFP,EC.D.BIMFP.CASH.IP,BioMerieux,N/A,TRADEABLE,-,SHARES,BI
BNTXUS,UA.D.BNTXUS.CASH.IP,BioNTech SE (24 Hours),N/A,TRADEABLE,-,SHARES,BI
22UAGY,ED.D.22UAGY.CASH.IP,BioNTech SE - DE,N/A,TRADEABLE,-,SHARES,BI
BIOVSW,EJ.D.BIOVSW.CASH.IP,BioVersys AG,N/A,TRADEABLE,-,SHARES,BI
BIOCUS,UA.D.BIOCUS.CASH.IP,Biocept Inc,N/A,OFFLINE,-,SHARES,BI
BDSXUS,UA.D.BDSXUS.CASH.IP,Biodesix Inc,N/A,TRADEABLE,-,SHARES,BI
BIOKA,ER.D.BIOKA.CASH.IP,Biokarpet SA,N/A,TRADEABLE,-,SHARES,BI
BMRAUS,UA.D.BMRAUS.CASH.IP,Biomerica Inc,N/A,TRADEABLE,-,SHARES,BI
BNOAU,AB.D.BNOAU.CASH.IP,Bionomics Ltd,N/A,CLOSED,-,SHARES,BI
BNOXUS,UA.D.BNOXUS.CASH.IP,Bionomics Ltd,N/A,TRADEABLE,-,SHARES,BI
ALBPSFP,EC.D.ALBPSFP.CASH.IP,Biophytis SA,N/A,TRADEABLE,-,SHARES,BI
BIOSM,EI.D.BIOSM.CASH.IP,Biosearch SA,N/A,OFFLINE,-,SHARES,BI
BOTHEBB,EA.D.BOTHEBB.CASH.IP,Biosenic SA,N/A,SUSPENDED,-,SHARES,BI
ALBIOFP,EC.D.ALBIOFP.CASH.IP,Biosynex SA,N/A,TRADEABLE,-,SHARES,BI
BJUS,SA.D.BJUS.CASH.IP,BJ's Wholesale Club Holdings Inc,N/A,TRADEABLE,-,SHARES,BJ
BORGSS,EH.D.BORGSS.CASH.IP,Bjorn Borg AB,N/A,TRADEABLE,-,SHARES,BJ
BJRIUS,UA.D.BJRIUS.CASH.IP,BJ's Restaurants Inc,N/A,TRADEABLE,-,SHARES,BJ
BKVUS,SA.D.BKVUS.CASH.IP,BKV Corp,N/A,TRADEABLE,-,SHARES,BK
BKCUS,SI.D.BKCUS.CASH.IP,REX BKCM ETF,N/A,CLOSED,-,SHARES,BK
BKTIUS,SI.D.BKTIUS.CASH.IP,BK Technologies Corp,N/A,TRADEABLE,-,SHARES,BK
BKI,AF.D.BKI.CASH.IP,BKI Investment Co Ltd,N/A,EDITS_ONLY,-,SHARES,BK
BLUS,UA.D.BLUS.CASH.IP,BlackLine Inc,N/A,TRADEABLE,-,SHARES,BL
RIMM,UC.D.RIMM.CASH.IP,Blackberry Ltd (US),N/A,TRADEABLE,-,SHARES,BL
HRBUS,SC.D.HRBUS.CASH.IP,Block (H&R) Inc,N/A,TRADEABLE,-,SHARES,BL
UBXN,EJ.D.UBXN.CASH.IP,U-Blox AG,N/A,OFFLINE,-,SHARES,BL
BLKUS,SA.D.BLKUS.CASH.IP,BlackRock Inc (24 Hours),N/A,TRADEABLE,-,SHARES,BL
BLKB,UA.D.BLKB.CASH.IP,Blackbaud Inc,N/A,TRADEABLE,-,SHARES,BL
FBTLN,KC.D.FBTLN.CASH.IP,Blackbird PLC,N/A,TRADEABLE,-,SHARES,BL
BLNDUS,SA.D.BLNDUS.CASH.IP,Blend Labs Inc,N/A,TRADEABLE,-,SHARES,BL
BB1AU,AB.D.BB1AU.CASH.IP,Blinklab Ltd,N/A,EDITS_ONLY,-,SHARES,BL
BLGAU,AB.D.BLGAU.CASH.IP,BluGlass Ltd,N/A,EDITS_ONLY,-,SHARES,BL
BLBDUS,UA.D.BLBDUS.CASH.IP,Blue Bird Corp,N/A,TRADEABLE,-,SHARES,BL
BGLUS,UA.D.BGLUS.CASH.IP,Blue Gold Ltd,N/A,TRADEABLE,-,SHARES,BL
PRSMLN,KC.D.PRSMLN.CASH.IP,Blue Prism PLC,N/A,OFFLINE,-,SHARES,BL
NORNO,EL.D.NORNO.CASH.IP,BlueNord ASA,N/A,TRADEABLE,-,SHARES,BL
ARBLN,KC.D.ARBLN.CASH.IP,Argo Blockchain PLC,N/A,OFFLINE,-,SHARES,BL
BKHUS,SA.D.BKHUS.CASH.IP,Black Hills Corp,N/A,TRADEABLE,-,SHARES,BL
BKIUS,SA.D.BKIUS.CASH.IP,Black Knight Inc,N/A,CLOSED,-,SHARES,BL
BTTCUS,UA.D.BTTCUS.CASH.IP,Black Titan Corp,N/A,TRADEABLE,-,SHARES,BL
BWFAU,AB.D.BWFAU.CASH.IP,BlackWall Limited,N/A,EDITS_ONLY,-,SHARES,BL
BKL,AF.D.BKL.CASH.IP,Blackmores Ltd,N/A,CLOSED,-,SHARES,BL
BX,SA.D.BX.CASH.IP,Blackstone Group LP (24 Hours),N/A,TRADEABLE,-,SHARES,BL
BZAIUS,UA.D.BZAIUS.CASH.IP,Blaize Holdings Inc,N/A,TRADEABLE,-,SHARES,BL
BLOELN,KC.D.BLOELN.CASH.IP,Block Energy PLC,N/A,TRADEABLE,-,SHARES,BL
SQUS,SG.D.SQUS.CASH.IP,Block Inc (24 Hours),N/A,TRADEABLE,-,SHARES,BL
325HK,AC.D.325HK.CASH.IP,Bloks Group Ltd,N/A,EDITS_ONLY,-,SHARES,BL
BLMNUS,UA.D.BLMNUS.CASH.IP,Bloomin' Brands Inc,N/A,TRADEABLE,-,SHARES,BL
BULAU,AB.D.BULAU.CASH.IP,Blue Energy Ltd,N/A,EDITS_ONLY,-,SHARES,BL
BMMUS,UA.D.BMMUS.CASH.IP,Blue Moon Metals Inc,N/A,TRADEABLE,-,SHARES,BL
OWLUS,SE.D.OWLUS.CASH.IP,Blue Owl Capital Inc,N/A,TRADEABLE,-,SHARES,BL
BLUEFP,EC.D.BLUEFP.CASH.IP,Blue Solutions,N/A,TRADEABLE,-,SHARES,BL
BSFCUS,UA.D.BSFCUS.CASH.IP,Blue Star Foods Corp,N/A,OFFLINE,-,SHARES,BL
BSL,AA.D.BSL.CASH.IP,BlueScope Steel Ltd,N/A,EDITS_ONLY,-,SHARES,BL
BLUEUS,UA.D.BLUEUS.CASH.IP,Bluebird Bio Inc,N/A,CLOSED,-,SHARES,BL
BCTAU,AB.D.BCTAU.CASH.IP,Bluechiip Limited,N/A,CLOSED,-,SHARES,BL
LKOAU,AB.D.LKOAU.CASH.IP,Lakes Blue Energy NL,N/A,EDITS_ONLY,-,SHARES,BL
ALTBGFP,EC.D.ALTBGFP.CASH.IP,The Blockchain Group,N/A,TRADEABLE,-,SHARES,BL
ATVI,UA.D.ATVI.CASH.IP,Activision Blizzard Inc,N/A,CLOSED,-,SHARES,BL
ARBKUS,UA.D.ARBKUS.CASH.IP,Argo Blockchain PLC - US ADR,N/A,TRADEABLE,-,SHARES,BL
JBYAU,AB.D.JBYAU.CASH.IP,Black Bear Minerals Limited,N/A,EDITS_ONLY,-,SHARES,BL
4694JT,AJ.D.4694JT.CASH.IP,BML Inc,N/A,EDITS_ONLY,-,SHARES,BM
MFACUS,SE.D.MFACUS.CASH.IP,BM Technologies,N/A,CLOSED,-,SHARES,BM
BMCAU,AB.D.BMCAU.CASH.IP,BMC Minerals Ltd,N/A,EDITS_ONLY,-,SHARES,BM
ELYSUS,UB.D.ELYSUS.CASH.IP,Elys BMG Group Inc,N/A,OFFLINE,-,SHARES,BM
BMTLN,KC.D.BMTLN.CASH.IP,BMT - T.F. & J.H. Braime (Holdings) PLC,N/A,TRADEABLE,-,SHARES,BM
BMTOLN,KC.D.BMTOLN.CASH.IP,BMTO - T.F. & J.H. Braime (Holdings) PLC,N/A,TRADEABLE,-,SHARES,BM
ZWCCN,KN.D.ZWCCN.CASH.IP,BMO Canadian High Dividend Covered Call ETF,N/A,TRADEABLE,-,SHARES,BM
FCPT,KA.D.FCPT.CASH.IP,BMO Commercial Property Trust Limited,N/A,OFFLINE,-,SHARES,BM
ZWBCN,KN.D.ZWBCN.CASH.IP,BMO Covered Call Canadian Banks ETF,N/A,TRADEABLE,-,SHARES,BM
ZRECN,KN.D.ZRECN.CASH.IP,BMO Equal Weight REITs Index ETF,N/A,TRADEABLE,-,SHARES,BM
ZFLCT,KN.D.ZFLCT.CASH.IP,BMO Long Federal Bond Index ETF,N/A,TRADEABLE,-,SHARES,BM
ZEBCT,KN.D.ZEBCT.CASH.IP,BMO S&P TSX Equal Weight Banks Index ETF,N/A,TRADEABLE,-,SHARES,BM
ZWHCN,KN.D.ZWHCN.CASH.IP,BMO US High Dividend Covered Call ETF,N/A,TRADEABLE,-,SHARES,BM
YBMNLN,KA.D.YBMNLN.CASH.IP,IncomeShares Bitmine BMNR Options ETP,N/A,TRADEABLE,-,SHARES,BM
ZWACN,KN.D.ZWACN.CASH.IP,BMO Covered Call Dow Jones Industrial Average Hedged to CAD ETF,N/A,TRADEABLE,-,SHARES,BM
BNCN,KN.D.BNCN.CASH.IP,Brookfield Corp (CA),N/A,TRADEABLE,-,SHARES,BN
BNUS,SA.D.BNUS.CASH.IP,Brookfield Corp (US),N/A,TRADEABLE,-,SHARES,BN
DANO,EC.D.DANO.CASH.IP,Danone SA,N/A,TRADEABLE,-,SHARES,BN
BNPP,EC.D.BNPP.CASH.IP,BNP Paribas SA,N/A,TRADEABLE,-,SHARES,BN
DJILN,KC.D.DJILN.CASH.IP,BNN Technology plc,N/A,CLOSED,-,SHARES,BN
BNBANA,EG.D.BNBANA.CASH.IP,21Shares Binance BNB ETP,N/A,TRADEABLE,-,SHARES,BN
GMYAU,AB.D.GMYAU.CASH.IP,BNK Banking Corporation Limited,N/A,EDITS_ONLY,-,SHARES,BN
ISTMGY,ED.D.ISTMGY.CASH.IP,BNP Paribas Easy - iSTOXX MUTB Japan Quality 150,N/A,OFFLINE,-,SHARES,BN
BOIM,EF.D.BOIM.CASH.IP,Borgosesi ASA,N/A,OFFLINE,-,SHARES,BO
BOBDC,EP.D.BOBDC.CASH.IP,Bang & Olufsen AS - B,N/A,TRADEABLE,-,SHARES,BO
BOXUS,SA.D.BOXUS.CASH.IP,Box Inc,N/A,TRADEABLE,-,SHARES,BO
BOIFP,EC.D.BOIFP.CASH.IP,Boiron SA,N/A,TRADEABLE,-,SHARES,BO
BOKULN,KC.D.BOKULN.CASH.IP,Boku Inc,N/A,TRADEABLE,-,SHARES,BO
BOLSS,EH.D.BOLSS.CASH.IP,Boliden AB,N/A,TRADEABLE,-,SHARES,BO
ALBFP,EC.D.ALBFP.CASH.IP,Bollore SE,N/A,TRADEABLE,-,SHARES,BO
BONAVBSS,EH.D.BONAVBSS.CASH.IP,Bonava AB,N/A,TRADEABLE,-,SHARES,BO
JUPWUS,UB.D.JUPWUS.CASH.IP,Bonk Inc,N/A,TRADEABLE,-,SHARES,BO
BHY,KA.D.BHY.CASH.IP,Boot (Henry) PLC,N/A,TRADEABLE,-,SHARES,BO
BOOZTDC,EP.D.BOOZTDC.CASH.IP,Boozt AB (Copenhagen),N/A,TRADEABLE,-,SHARES,BO
BOOZTSS,EH.D.BOOZTSS.CASH.IP,Boozt AB (publ),N/A,TRADEABLE,-,SHARES,BO
BLD,AA.D.BLD.CASH.IP,Boral Ltd,N/A,CLOSED,-,SHARES,BO
BOREOFH,EB.D.BOREOFH.CASH.IP,Boreo Oyj,N/A,TRADEABLE,-,SHARES,BO
GBB,EC.D.GBB.CASH.IP,Bourbon SA,N/A,CLOSED,-,SHARES,BO
BOUVNO,EL.D.BOUVNO.CASH.IP,Bouvet ASA,N/A,TRADEABLE,-,SHARES,BO
BP,KA.D.BP.CASH.IP,BP PLC,N/A,TRADEABLE,-,SHARES,BP
XX3000223,KC.D.XX3000223.CASH.IP,BP PLC - Pfd,N/A,TRADEABLE,-,SHARES,BP
XX300021E,KA.D.XX300021E.CASH.IP,BPLN 8 PERP,N/A,TRADEABLE,-,SHARES,BP
BPOSTBB,EA.D.BPOSTBB.CASH.IP,bpost SA,N/A,TRADEABLE,-,SHARES,BP
BAMIIM,EF.D.BAMIIM.CASH.IP,Banco BPM SpA,N/A,TRADEABLE,-,SHARES,BP
BPHAU,AB.D.BPHAU.CASH.IP,BPH Energy Limited,N/A,EDITS_ONLY,-,SHARES,BP
BPMLN,KC.D.BPMLN.CASH.IP,BP Marsh & Partners PLC,N/A,TRADEABLE,-,SHARES,BP
BPMPUS,SA.D.BPMPUS.CASH.IP,BP Midstream Partners LP,N/A,CLOSED,-,SHARES,BP
BPTUS,SA.D.BPTUS.CASH.IP,BP Prudhoe Bay Royalty Trust,N/A,OFFLINE,-,SHARES,BP
BPMAU,AB.D.BPMAU.CASH.IP,BPM Minerals Limited,N/A,EDITS_ONLY,-,SHARES,BP
3BPELN,KA.D.3BPELN.CASH.IP,Leverage Shares 3x BP ETP - EUR,N/A,TRADEABLE,-,SHARES,BP
3BPLN,KA.D.3BPLN.CASH.IP,Leverage Shares 3x BP ETP - GBp,N/A,TRADEABLE,-,SHARES,BP
BP3LLN,KA.D.BP3LLN.CASH.IP,Leverage Shares 3x BP ETP - USD,N/A,TRADEABLE,-,SHARES,BP
BPHOAU,AB.D.BPHOAU.CASH.IP,BPH Energy Ltd 29OCT25 0.03 OPTION,N/A,CLOSED,-,SHARES,BP
BPHOAAU,AB.D.BPHOAAU.CASH.IP,BPH Energy Ltd Options @ AUD0.05 EXP 29.07.2022,N/A,CLOSED,-,SHARES,BP
BPMOBAU,AB.D.BPMOBAU.CASH.IP,BPM Minerals Ltd 30OCT26 0.15 Option,N/A,EDITS_ONLY,-,SHARES,BP
3LBPLN,KA.D.3LBPLN.CASH.IP,GraniteShares 3x Long BP Daily ETP,N/A,TRADEABLE,-,SHARES,BP
3SBPLN,KA.D.3SBPLN.CASH.IP,GraniteShares 3x Short BP Daily ETP,N/A,TRADEABLE,-,SHARES,BP
SBPELN,KA.D.SBPELN.CASH.IP,Leverage Shares -1x Short BP ETP - EUR,N/A,OFFLINE,-,SHARES,BP
SBPLN,KA.D.SBPLN.CASH.IP,Leverage Shares -1x Short BP ETP - GBp,N/A,OFFLINE,-,SHARES,BP
BPSLN,KA.D.BPSLN.CASH.IP,Leverage Shares -1x Short BP ETP - USD,N/A,OFFLINE,-,SHARES,BP
BPHOBAU,AB.D.BPHOBAU.CASH.IP,BPH Energy Limited Options @ AUD 0.03 EXP 30/09/2024,N/A,CLOSED,-,SHARES,BP
SCUAU,AB.D.SCUAU.CASH.IP,BPH Global Limited,N/A,EDITS_ONLY,-,SHARES,BP
BQUS,SA.D.BQUS.CASH.IP,Boqii Holding Limited,N/A,TRADEABLE,-,SHARES,BQ
BRUS,SA.D.BRUS.CASH.IP,Broadridge Financial Solutions Inc (24 Hours),N/A,TRADEABLE,-,SHARES,BR
BT,KA.D.BT.CASH.IP,BT Group PLC,N/A,TRADEABLE,-,SHARES,BR
BRCCUS,SA.D.BRCCUS.CASH.IP,BRC Inc,N/A,TRADEABLE,-,SHARES,BR
DOOCT,KN.D.DOOCT.CASH.IP,BRP Inc,N/A,TRADEABLE,-,SHARES,BR
CNA,KA.D.CNA.CASH.IP,Centrica PLC,N/A,TRADEABLE,-,SHARES,BR
BRO,SA.D.BRO.CASH.IP,Brown & Brown Inc (24 Hours),N/A,TRADEABLE,-,SHARES,BR
ABF,KA.D.ABF.CASH.IP,Associated British Foods PLC,N/A,TRADEABLE,-,SHARES,BR
BRCUS,SA.D.BRCUS.CASH.IP,Brady Corp,N/A,TRADEABLE,-,SHARES,BR
BATSJ,AR.D.BATSJ.CASH.IP,Brait SE (SA),N/A,TRADEABLE,-,SHARES,BR
BAKUS,SA.D.BAKUS.CASH.IP,Braskem SA,N/A,TRADEABLE,-,SHARES,BR
BRZEUS,UA.D.BRZEUS.CASH.IP,Braze Inc,N/A,TRADEABLE,-,SHARES,BR
BREIM,EF.D.BREIM.CASH.IP,Brembo SpA,N/A,TRADEABLE,-,SHARES,BR
BCO,SA.D.BCO.CASH.IP,Brink's Co,N/A,TRADEABLE,-,SHARES,BR
BEEAU,AB.D.BEEAU.CASH.IP,Broo Ltd,N/A,CLOSED,-,SHARES,BR
BBLAU,AB.D.BBLAU.CASH.IP,Brisbane Broncos Limited,N/A,EDITS_ONLY,-,SHARES,BR
BRCKLN,KC.D.BRCKLN.CASH.IP,BRCK Group PLC,N/A,TRADEABLE,-,SHARES,BR
BTBDUS,UA.D.BTBDUS.CASH.IP,BT Brands Inc,N/A,TRADEABLE,-,SHARES,BR
BMSLN,KA.D.BMSLN.CASH.IP,Braemar Plc,N/A,TRADEABLE,-,SHARES,BR
BRAINSS,EH.D.BRAINSS.CASH.IP,BrainCool AB,N/A,TRADEABLE,-,SHARES,BR
BXB,AA.D.BXB.CASH.IP,Brambles Ltd,N/A,EDITS_ONLY,-,SHARES,BR
BRAM,KA.D.BRAM.CASH.IP,Brammer PLC,N/A,OFFLINE,-,SHARES,BR
BREBBB,EA.D.BREBBB.CASH.IP,Brederode SA,N/A,TRADEABLE,-,SHARES,BR
BNRGY,ED.D.BNRGY.CASH.IP,Brenntag AG,N/A,TRADEABLE,-,SHARES,BR
PUNKLN,KC.D.PUNKLN.CASH.IP,BrewDog PLC,N/A,ON_AUCTION,-,SHARES,BR
BRIGSS,EH.D.BRIGSS.CASH.IP,Brighter AB,N/A,OFFLINE,-,SHARES,BR
BVIC,KA.D.BVIC.CASH.IP,Britvic PLC,N/A,CLOSED,-,SHARES,BR
AVGO,UA.D.AVGO.CASH.IP,Broadcom Inc (24 Hours),N/A,TRADEABLE,-,SHARES,BR
BRKR,UA.D.BRKR.CASH.IP,Bruker Corp,N/A,TRADEABLE,-,SHARES,BR
BROSUS,SA.D.BROSUS.CASH.IP,Dutch Bros Inc,N/A,TRADEABLE,-,SHARES,BR
FATUS,UB.D.FATUS.CASH.IP,FAT Brands Inc,N/A,OFFLINE,-,SHARES,BR
FARMUS,UB.D.FARMUS.CASH.IP,Farmer Bros Co,N/A,CLOSED,-,SHARES,BR
PUIGSM,EI.D.PUIGSM.CASH.IP,Puig Brands SA,N/A,TRADEABLE,-,SHARES,BR
CCHUS,SB.D.CCHUS.CASH.IP,UTZ Brands Inc,N/A,TRADEABLE,-,SHARES,BR
YUM,SH.D.YUM.CASH.IP,YUM! Brands Inc (24 Hours),N/A,TRADEABLE,-,SHARES,BR
BSSP,AG.D.BSSP.CASH.IP,Bukit Sembawang Estates Ltd,N/A,EDITS_ONLY,-,SHARES,BS
BSY,KA.D.BSY.CASH.IP,Sky Plc,N/A,OFFLINE,-,SHARES,BS
BSAAU,AB.D.BSAAU.CASH.IP,BSA Ltd,N/A,EDITS_ONLY,-,SHARES,BS
BLZ,KA.D.BLZ.CASH.IP,BSD Crown Ltd,N/A,OFFLINE,-,SHARES,BS
BSQRUS,UA.D.BSQRUS.CASH.IP,BSQUARE Corp,N/A,CLOSED,-,SHARES,BS
BSFALN,KC.D.BSFALN.CASH.IP,BSF Enterprise PLC,N/A,TRADEABLE,-,SHARES,BS
BFLAU,AB.D.BFLAU.CASH.IP,BSP Financial Group Limited,N/A,EDITS_ONLY,-,SHARES,BS
FBRTUS,SC.D.FBRTUS.CASH.IP,Franklin BSP Realty Trust Inc,N/A,TRADEABLE,-,SHARES,BS
BSAOAU,AB.D.BSAOAU.CASH.IP,BSA Ltd Option @ Aud 0.80 EXP 30/04/2025,N/A,CLOSED,-,SHARES,BS
HOMUCN,KN.D.HOMUCN.CASH.IP,BSR Real Estate Investment Trust,N/A,OFFLINE,-,SHARES,BS
BGC,KA.D.BGC.CASH.IP,BTG PLC,N/A,TRADEABLE,-,SHARES,BT
BTCSUS,UA.D.BTCSUS.CASH.IP,BTCS Inc,N/A,TRADEABLE,-,SHARES,BT
BTSBSS,EH.D.BTSBSS.CASH.IP,BTS Group AB (publ),N/A,TRADEABLE,-,SHARES,BT
XX301042E,KC.D.XX301042E.CASH.IP,BTW 8 3/4 PERP,N/A,TRADEABLE,-,SHARES,BT
METXUS,UC.D.METXUS.CASH.IP,BTC Digital Ltd,N/A,TRADEABLE,-,SHARES,BT
BTCAU,AB.D.BTCAU.CASH.IP,BTC Health Limited,N/A,EDITS_ONLY,-,SHARES,BT
BEG,KA.D.BEG.CASH.IP,BTG Consulting plc,N/A,TRADEABLE,-,SHARES,BT
SMMCUS,UD.D.SMMCUS.CASH.IP,BTRS Holdings Inc,N/A,CLOSED,-,SHARES,BT
BTQUS,UA.D.BTQUS.CASH.IP,BTQ Technologies Corp,N/A,TRADEABLE,-,SHARES,BT
BTCPZ,KC.D.BTCPZ.CASH.IP,London BTC Company Limited,N/A,CLOSED,-,SHARES,BT
BTCLN,KC.D.BTCLN.CASH.IP,London BTC Company Limited,N/A,TRADEABLE,-,SHARES,BT
BTPSFP,EC.D.BTPSFP.CASH.IP,Amundi Italy BTP Daily-2x Inverse UCITS ETF Acc,N/A,TRADEABLE,-,SHARES,BT
BTP10IM,EF.D.BTP10IM.CASH.IP,Amundi Italy BTP Government Bond 10Y UCITS ETF A,N/A,TRADEABLE,-,SHARES,BT
BTBUCN,KN.D.BTBUCN.CASH.IP,BTB Real Estate Investment Trust,N/A,TRADEABLE,-,SHARES,BT
VBTCAU,AB.D.VBTCAU.CASH.IP,VanEck Bitcoin ETF,N/A,CLOSED,-,SHARES,BT
BTXXAU,AB.D.BTXXAU.CASH.IP,Digital X Bitcoin ETF Fund,N/A,CLOSED,-,SHARES,BT
CANUS,UA.D.CANUS.CASH.IP,Canaan Inc,N/A,TRADEABLE,-,SHARES,BT
MARAUS,UC.D.MARAUS.CASH.IP,MARA Holdings Inc (24 Hours),N/A,TRADEABLE,-,SHARES,BT
MSTR,UC.D.MSTR.CASH.IP,Strategy Inc (24 Hours),N/A,TRADEABLE,-,SHARES,BT
CRYPAU,AB.D.CRYPAU.CASH.IP,Betashares Crypto Innovators ETF,N/A,CLOSED,-,SHARES,BT
COINUS,UA.D.COINUS.CASH.IP,Coinbase Global Inc (24 Hours),N/A,TRADEABLE,-,SHARES,BT
HVBTUS,UB.D.HVBTUS.CASH.IP,HIVE Digital Technologies Ltd - US (24 Hours),N/A,TRADEABLE,-,SHARES,BT
HUTUS,UB.D.HUTUS.CASH.IP,Hut 8 Mining Corp - US (24 Hours),N/A,TRADEABLE,-,SHARES,BT
RIOTUS,UC.D.RIOTUS.CASH.IP,Riot Blockchain Inc (24 Hours),N/A,TRADEABLE,-,SHARES,BT
BUCN,KN.D.BUCN.CASH.IP,Burcon NutraScience Corporation,N/A,TRADEABLE,-,SHARES,BU
BKEUS,SA.D.BKEUS.CASH.IP,Buckle Inc,N/A,TRADEABLE,-,SHARES,BU
BLSHUS,SA.D.BLSHUS.CASH.IP,Bullish (24 Hours),N/A,TRADEABLE,-,SHARES,BU
BULTENSS,EH.D.BULTENSS.CASH.IP,Bulten AB (publ),N/A,TRADEABLE,-,SHARES,BU
BMBLUS,UA.D.BMBLUS.CASH.IP,Bumble Inc,N/A,TRADEABLE,-,SHARES,BU
BNZL,KA.D.BNZL.CASH.IP,Bunzl PLC,N/A,TRADEABLE,-,SHARES,BU
BURFP,EC.D.BURFP.CASH.IP,Burelle SA,N/A,TRADEABLE,-,SHARES,BU
BZUIM,EF.D.BZUIM.CASH.IP,Buzzi SpA,N/A,TRADEABLE,-,SHARES,BU
XACBUL,EH.D.XACBUL.CASH.IP,XACT Bull,N/A,TRADEABLE,-,SHARES,BU
6676JT,AJ.D.6676JT.CASH.IP,Buffalo Inc,N/A,EDITS_ONLY,-,SHARES,BU
BURESS,EH.D.BURESS.CASH.IP,Bure Equity AB,N/A,TRADEABLE,-,SHARES,BU
BTNAU,AB.D.BTNAU.CASH.IP,Butn Limited,N/A,EDITS_ONLY,-,SHARES,BU
6090HK,AC.D.6090HK.CASH.IP,Butong Group,N/A,EDITS_ONLY,-,SHARES,BU
BZFDUS,UA.D.BZFDUS.CASH.IP,BuzzFeed Inc,N/A,TRADEABLE,-,SHARES,BU
WBAGGY,ED.D.WBAGGY.CASH.IP,Wild Bunch AG,N/A,OFFLINE,-,SHARES,BU
BUFABSS,EH.D.BUFABSS.CASH.IP,Bufab Holding AB,N/A,TRADEABLE,-,SHARES,BU
BIQAU,AB.D.BIQAU.CASH.IP,BuildingIQ Inc,N/A,CLOSED,-,SHARES,BU
BRBY,KA.D.BRBY.CASH.IP,Burberry Group PLC,N/A,TRADEABLE,-,SHARES,BU
BVIFP,EC.D.BVIFP.CASH.IP,Bureau Veritas SA,N/A,TRADEABLE,-,SHARES,BU
BURF,KC.D.BURF.CASH.IP,Burford Capital Ltd,N/A,TRADEABLE,-,SHARES,BU
BRUAU,AB.D.BRUAU.CASH.IP,Buru Energy Ltd,N/A,EDITS_ONLY,-,SHARES,BU
BUSEUS,UA.D.BUSEUS.CASH.IP,First Busey Corp,N/A,TRADEABLE,-,SHARES,BU
RLIASM,EI.D.RLIASM.CASH.IP,Realia Business SA,N/A,TRADEABLE,-,SHARES,BU
SBUS,SG.D.SBUS.CASH.IP,Safe Bulkers Inc,N/A,TRADEABLE,-,SHARES,BU
WBCSJ,AR.D.WBCSJ.CASH.IP,We Buy Cars Pty Ltd,N/A,TRADEABLE,-,SHARES,BU
2020NO,EL.D.2020NO.CASH.IP,2020 Bulkers Limited,N/A,TRADEABLE,-,SHARES,BU
BYBGLN,KA.D.BYBGLN.CASH.IP,Amundi S&P 500 Buyback ETF-C USD,N/A,TRADEABLE,-,SHARES,BU
INTB,EA.D.INTB.CASH.IP,Anheuser-Busch InBev NV,N/A,TRADEABLE,-,SHARES,BU
BUD,SA.D.BUD.CASH.IP,Anheuser-Busch InBev NV - ADR,N/A,TRADEABLE,-,SHARES,BU
ANBSJ,AR.D.ANBSJ.CASH.IP,Anheuser-Busch InBev SA NV,N/A,TRADEABLE,-,SHARES,BU
CARUS,UA.D.CARUS.CASH.IP,Avis Budget Group Inc,N/A,TRADEABLE,-,SHARES,BU
BBNAU,AB.D.BBNAU.CASH.IP,Baby Bunting Group Ltd,N/A,EDITS_ONLY,-,SHARES,BU
BBYUS,SA.D.BBYUS.CASH.IP,Best Buy Co Inc (24 Hours),N/A,TRADEABLE,-,SHARES,BU
BBUCUS,SA.D.BBUCUS.CASH.IP,Brookfield Business -CL A WI,N/A,TRADEABLE,-,SHARES,BU
BUSAU,AB.D.BUSAU.CASH.IP,Bubalus Resources Limited,N/A,EDITS_ONLY,-,SHARES,BU
BUBAU,AB.D.BUBAU.CASH.IP,Bubs Australia Limited,N/A,EDITS_ONLY,-,SHARES,BU
NTOG,KC.D.NTOG.CASH.IP,Buccaneer Energy plc,N/A,TRADEABLE,-,SHARES,BU
BUCN,EJ.D.BUCN.CASH.IP,Bucher Industries AG,N/A,TRADEABLE,-,SHARES,BU
BUDAU,AB.D.BUDAU.CASH.IP,Buddy Technologies Limited,N/A,CLOSED,-,SHARES,BU
BUFFLN,KA.D.BUFFLN.CASH.IP,Buffettique Growth ETP,N/A,TRADEABLE,-,SHARES,BU
BBWUS,SA.D.BBWUS.CASH.IP,Build-A-Bear Workshop Inc,N/A,TRADEABLE,-,SHARES,BU
BVUS,SA.D.BVUS.CASH.IP,BrightView Holdings Inc,N/A,TRADEABLE,-,SHARES,BV
HAVASNA,EG.D.HAVASNA.CASH.IP,Havas BV,N/A,TRADEABLE,-,SHARES,BV
JDEPNA,EG.D.JDEPNA.CASH.IP,JDE Peet's BV,N/A,OFFLINE,-,SHARES,BV
CNCKUS,UA.D.CNCKUS.CASH.IP,Coincheck Group BV,N/A,TRADEABLE,-,SHARES,BV
GVNVNA,EG.D.GVNVNA.CASH.IP,GrandVision BV,N/A,CLOSED,-,SHARES,BV
CLIKUS,UA.D.CLIKUS.CASH.IP,Click Holdings Ltd/BVI,N/A,TRADEABLE,-,SHARES,BV
BOLSNA,EG.D.BOLSNA.CASH.IP,Lucas Bols Holding BV,N/A,CLOSED,-,SHARES,BV
BVDFP,EC.D.BVDFP.CASH.IP,Marie Brizard Wine & Spirits S.A.,N/A,TRADEABLE,-,SHARES,BV
BWUS,SA.D.BWUS.CASH.IP,Babcock & Wilcox Enterprises Inc,N/A,TRADEABLE,-,SHARES,BW
BWLPGNO,EL.D.BWLPGNO.CASH.IP,BW LPG Ltd,N/A,TRADEABLE,-,SHARES,BW
BWP,AA.D.BWP.CASH.IP,BWP Trust,N/A,EDITS_ONLY,-,SHARES,BW
BWXAU,AB.D.BWXAU.CASH.IP,BWX Limited,N/A,CLOSED,-,SHARES,BW
BWENO,EL.D.BWENO.CASH.IP,BW Energy Limited,N/A,TRADEABLE,-,SHARES,BW
BWONO,EL.D.BWONO.CASH.IP,BW Offshore Ltd,N/A,TRADEABLE,-,SHARES,BW
DDBAU,AB.D.DDBAU.CASH.IP,BWE Drilling Ltd,N/A,CLOSED,-,SHARES,BW
BWCUS,SA.D.BWCUS.CASH.IP,BWX Technologies Inc (24 Hours),N/A,TRADEABLE,-,SHARES,BW
BXP,SA.D.BXP.CASH.IP,BXP Inc (24 Hours),N/A,TRADEABLE,-,SHARES,BX
BZUS,UA.D.BZUS.CASH.IP,Kanzhun Limited,N/A,TRADEABLE,-,SHARES,BZ
TGODCN,KN.D.TGODCN.CASH.IP,BZAM Ltd,N/A,CLOSED,-,SHARES,BZ
CA,EC.D.CA.CASH.IP,Carrefour SA,N/A,TRADEABLE,-,SHARES,CA
CB,SB.D.CB.CASH.IP,Chubb Limited (24 Hours),N/A,TRADEABLE,-,SHARES,CB
CBRAINDC,EP.D.CBRAINDC.CASH.IP,cBrain AS,N/A,TRADEABLE,-,SHARES,CB
CBZUS,SB.D.CBZUS.CASH.IP,CBIZ Inc,N/A,TRADEABLE,-,SHARES,CB
YCBDUS,SI.D.YCBDUS.CASH.IP,cbdMD Inc,N/A,TRADEABLE,-,SHARES,CB
CBGUS,SB.D.CBGUS.CASH.IP,CBRE Group Inc (24 Hours),N/A,TRADEABLE,-,SHARES,CB
CBSRUS,SB.D.CBSRUS.CASH.IP,CBS Radio Inc,N/A,OFFLINE,-,SHARES,CB
ALCBO,EC.D.ALCBO.CASH.IP,CBo Territoria,N/A,TRADEABLE,-,SHARES,CB
CBATUS,UA.D.CBATUS.CASH.IP,CBAK Energy Technology Inc,N/A,TRADEABLE,-,SHARES,CB
CBOE,UA.D.CBOE.CASH.IP,Cboe Global Markets Inc (24 Hours),N/A,TRADEABLE,-,SHARES,CB
CBL,SB.D.CBL.CASH.IP,CBL & Associates Properties Inc,N/A,CLOSED,-,SHARES,CB
CBLUS,SB.D.CBLUS.CASH.IP,CBL & Associates Properties Inc - New,N/A,TRADEABLE,-,SHARES,CB
IGRUS,SD.D.IGRUS.CASH.IP,CBRE Global Real Estate Income Fund,N/A,TRADEABLE,-,SHARES,CB
CBSA,SB.D.CBSA.CASH.IP,Paramount Global - A,N/A,CLOSED,-,SHARES,CB
CBS,SB.D.CBS.CASH.IP,Paramount Skydance Corp (24 Hours),N/A,TRADEABLE,-,SHARES,CB
CCUS,SB.D.CCUS.CASH.IP,The Chemours Company,N/A,TRADEABLE,-,SHARES,CC
CCHHUS,UA.D.CCHHUS.CASH.IP,CCH Holdings Ltd,N/A,TRADEABLE,-,SHARES,CC
CCLBCN,KN.D.CCLBCN.CASH.IP,CCL Industries Inc,N/A,TRADEABLE,-,SHARES,CC
CCJSLN,KC.D.CCJSLN.CASH.IP,CC Japan Income & Growth Trust PLC - CCJS,N/A,CLOSED,-,SHARES,CC
CCJILN,KC.D.CCJILN.CASH.IP,CC Japan Income & Growth Trust PLC,N/A,TRADEABLE,-,SHARES,CC
PRPBUUS,SE.D.PRPBUUS.CASH.IP,CC Neuberger Principal Holdings II,N/A,CLOSED,-,SHARES,CC
CCCSUS,SB.D.CCCSUS.CASH.IP,CCC Intelligent Solutions Holdings Inc,N/A,TRADEABLE,-,SHARES,CC
CCCSWSUS,SB.D.CCCSWSUS.CASH.IP,CCC Intelligent Solutions Holdings Inc - Warrants,N/A,CLOSED,-,SHARES,CC
MFHUS,UC.D.MFHUS.CASH.IP,Chaince Digital Holdings Inc,N/A,TRADEABLE,-,SHARES,CD
CDUS,UA.D.CDUS.CASH.IP,Chindata Group Holdings Limited,N/A,CLOSED,-,SHARES,CD
CDSP,AG.D.CDSP.CASH.IP,ComfortDelGro Corp Ltd,N/A,EDITS_ONLY,-,SHARES,CD
CDWUS,UA.D.CDWUS.CASH.IP,CDW Corp/DE (24 Hours),N/A,TRADEABLE,-,SHARES,CD
CDKVVUS,UA.D.CDKVVUS.CASH.IP,CDK Global Inc,N/A,CLOSED,-,SHARES,CD
REPHUS,UC.D.REPHUS.CASH.IP,Societal CDMO Inc,N/A,CLOSED,-,SHARES,CD
CD1AU,AB.D.CD1AU.CASH.IP,CD Private Equity Fund I,N/A,EDITS_ONLY,-,SHARES,CD
CDREIT,AG.D.CDREIT.CASH.IP,CDL Hospitality Trusts,N/A,EDITS_ONLY,-,SHARES,CD
CDTIUS,UA.D.CDTIUS.CASH.IP,CDTi Advanced Materials Inc,N/A,OFFLINE,-,SHARES,CD
TBNAU,AB.D.TBNAU.CASH.IP,Tamboran Resources Corporation CDI,N/A,EDITS_ONLY,-,SHARES,CD
WYDEUS,SI.D.WYDEUS.CASH.IP,ProShares CDS Short North American High Yield Credit ETF,N/A,CLOSED,-,SHARES,CD
CE,SB.D.CE.CASH.IP,Celanese Corp,N/A,TRADEABLE,-,SHARES,CE
CEIM,EF.D.CEIM.CASH.IP,Credito Emiliano SpA,N/A,TRADEABLE,-,SHARES,CE
CEY,KA.D.CEY.CASH.IP,Centamin PLC,N/A,ON_AUCTION,-,SHARES,CE
CARDBB,EA.D.CARDBB.CASH.IP,Celyad,N/A,TRADEABLE,-,SHARES,CE
CECVGY,ED.D.CECVGY.CASH.IP,CECONOMY AG [CECV],N/A,TRADEABLE,-,SHARES,CE
CSHGY,ED.D.CSHGY.CASH.IP,CENIT AG,N/A,TRADEABLE,-,SHARES,CE
CEPSLN,KC.D.CEPSLN.CASH.IP,CEPS PLC,N/A,TRADEABLE,-,SHARES,CE
CEVAUS,UA.D.CEVAUS.CASH.IP,CEVA Inc,N/A,TRADEABLE,-,SHARES,CE
CGRFP,EC.D.CGRFP.CASH.IP,CeGeREAL,N/A,TRADEABLE,-,SHARES,CE
CGMFP,EC.D.CGMFP.CASH.IP,Cegedim SA,N/A,TRADEABLE,-,SHARES,CE
ALCLSFP,EC.D.ALCLSFP.CASH.IP,Cellectis,N/A,TRADEABLE,-,SHARES,CE
CCPLN,KC.D.CCPLN.CASH.IP,Celtic PLC,N/A,TRADEABLE,-,SHARES,CE
CMBIM,EF.D.CMBIM.CASH.IP,Cembre SpA,N/A,TRADEABLE,-,SHARES,CE
CNTLSW,EJ.D.CNTLSW.CASH.IP,Centiel AG,N/A,TRADEABLE,-,SHARES,CE
CVOUS,UA.D.CVOUS.CASH.IP,Cenveo Inc,N/A,CLOSED,-,SHARES,CE
CPTNUS,UA.D.CPTNUS.CASH.IP,Cepton Inc,N/A,CLOSED,-,SHARES,CE
3696JT,AJ.D.3696JT.CASH.IP,Ceres Inc,N/A,EDITS_ONLY,-,SHARES,CE
CERSUS,UA.D.CERSUS.CASH.IP,Cerus Corp,N/A,TRADEABLE,-,SHARES,CE
CNKS,KC.D.CNKS.CASH.IP,Cenkos Securities PLC,N/A,OFFLINE,-,SHARES,CE
CFUAU,AF.D.CFUAU.CASH.IP,Ceramic Fuel Cells Ltd (ASX),N/A,CLOSED,-,SHARES,CE
MEO3GY,ED.D.MEO3GY.CASH.IP,Ceconomy AG,N/A,OFFLINE,-,SHARES,CE
MEO,ED.D.MEO.CASH.IP,Ceconomy AG,N/A,TRADEABLE,-,SHARES,CE
CELCUS,UA.D.CELCUS.CASH.IP,Celcuity Inc,N/A,TRADEABLE,-,SHARES,CE
CLSCN,KN.D.CLSCN.CASH.IP,Celestica Inc (CA),N/A,TRADEABLE,-,SHARES,CE
CLS,SB.D.CLS.CASH.IP,Celestica Inc (US),N/A,TRADEABLE,-,SHARES,CE
CIBSS,EH.D.CIBSS.CASH.IP,Cell Impact,N/A,TRADEABLE,-,SHARES,CE
CLTV,KC.D.CLTV.CASH.IP,Cellcast PLC,N/A,OFFLINE,-,SHARES,CE
CLLSUS,UA.D.CLLSUS.CASH.IP,Cellectis SA,N/A,TRADEABLE,-,SHARES,CE
CETXUS,UA.D.CETXUS.CASH.IP,Cemtrex Inc,N/A,TRADEABLE,-,SHARES,CE
ABC,SA.D.ABC.CASH.IP,Cencora Inc (24 Hours),N/A,TRADEABLE,-,SHARES,CE
CEECT,KN.D.CEECT.CASH.IP,Centamin PLC (CA),N/A,ON_AUCTION,-,SHARES,CE
CNC,SB.D.CNC.CASH.IP,Centene Corp (24 Hours),N/A,TRADEABLE,-,SHARES,CE
CNTGUS,UA.D.CNTGUS.CASH.IP,Centogene NV,N/A,OFFLINE,-,SHARES,CE
CEKGY,ED.D.CEKGY.CASH.IP,Ceotronics AG,N/A,TRADEABLE,-,SHARES,CE
CRNCVUS,UA.D.CRNCVUS.CASH.IP,Cerence Inc,N/A,TRADEABLE,-,SHARES,CE
CERN,UA.D.CERN.CASH.IP,Cerner Corp,N/A,CLOSED,-,SHARES,CE
CERTUS,UA.D.CERTUS.CASH.IP,Certara Inc,N/A,TRADEABLE,-,SHARES,CE
DFFNUS,UB.D.DFFNUS.CASH.IP,CervoMed Inc,N/A,TRADEABLE,-,SHARES,CE
BNCUS,UA.D.BNCUS.CASH.IP,CEA Industries Inc,N/A,TRADEABLE,-,SHARES,CE
CVMUS,SI.D.CVMUS.CASH.IP,CEL-SCI Corporation,N/A,TRADEABLE,-,SHARES,CE
TWCTUS,UD.D.TWCTUS.CASH.IP,CELLEBRITE DI LTD,N/A,TRADEABLE,-,SHARES,CE
CGIUS,SB.D.CGIUS.CASH.IP,Celadon Group Inc,N/A,OFFLINE,-,SHARES,CE
CEVISS,EH.D.CEVISS.CASH.IP,CellaVision AB,N/A,TRADEABLE,-,SHARES,CE
AGLLN,KC.D.AGLLN.CASH.IP,Cellbxhealth PLC,N/A,TRADEABLE,-,SHARES,CE
CELUS,SB.D.CELUS.CASH.IP,Cellcom Israel Ltd,N/A,OFFLINE,-,SHARES,CE
CLT,AF.D.CLT.CASH.IP,Cellnet Group Ltd,N/A,CLOSED,-,SHARES,CE
CLNXSM,EI.D.CLNXSM.CASH.IP,Cellnex Telecom SAU,N/A,TRADEABLE,-,SHARES,CE
CF,SB.D.CF.CASH.IP,CF Industries Holdings Inc (24 Hours),N/A,TRADEABLE,-,SHARES,CF
CFCT,KN.D.CFCT.CASH.IP,Canaccord Genuity Group Inc,N/A,TRADEABLE,-,SHARES,CF
CFLN,KC.D.CFLN.CASH.IP,Canaccord Genuity Group Inc,N/A,ON_AUCTION,-,SHARES,CF
CFAO,EC.D.CFAO.CASH.IP,CFAO SA,N/A,OFFLINE,-,SHARES,CF
CFOAU,AB.D.CFOAU.CASH.IP,CFOAM Limited,N/A,CLOSED,-,SHARES,CF
CFIVUUS,UA.D.CFIVUUS.CASH.IP,CF Acquisition Corp. IV (unit),N/A,CLOSED,-,SHARES,CF
CFACUUS,UA.D.CFACUUS.CASH.IP,CF Finance Acquisition Corp. III,N/A,CLOSED,-,SHARES,CF
CFEBBB,EA.D.CFEBBB.CASH.IP,Compagnie d' Entreprises CFE SA,N/A,TRADEABLE,-,SHARES,CF
CGUS,UA.D.CGUS.CASH.IP,Carlyle Group LP,N/A,TRADEABLE,-,SHARES,CG
CGCT,KN.D.CGCT.CASH.IP,Centerra Gold Inc,N/A,TRADEABLE,-,SHARES,CG
GIBACT,KN.D.GIBACT.CASH.IP,CGI Group Inc (CA),N/A,TRADEABLE,-,SHARES,CG
GIB,SC.D.GIB.CASH.IP,CGI Group Inc (US),N/A,TRADEABLE,-,SHARES,CG
CGR2AU,AB.D.CGR2AU.CASH.IP,CGN Resources Ltd,N/A,EDITS_ONLY,-,SHARES,CG
1816HK,AC.D.1816HK.CASH.IP,CGN Power Co Ltd,N/A,EDITS_ONLY,-,SHARES,CG
1164HK,AC.D.1164HK.CASH.IP,CGN Mining Company Limited,N/A,EDITS_ONLY,-,SHARES,CG
1811HK,AC.D.1811HK.CASH.IP,CGN New Energy Holdings Company Limited,N/A,EDITS_ONLY,-,SHARES,CG
CHHLN,KC.D.CHHLN.CASH.IP,Churchill China PLC,N/A,TRADEABLE,-,SHARES,CH
CHGGUS,SB.D.CHGGUS.CASH.IP,Chegg Inc,N/A,TRADEABLE,-,SHARES,CH
C3RYGY,ED.D.C3RYGY.CASH.IP,Cherry AG,N/A,TRADEABLE,-,SHARES,CH
CHWYUS,SB.D.CHWYUS.CASH.IP,Chewy Inc (24 Hours),N/A,TRADEABLE,-,SHARES,CH
CI,SB.D.CI.CASH.IP,The Cigna Group (24 Hours),N/A,TRADEABLE,-,SHARES,CI
CINTUS,SB.D.CINTUS.CASH.IP,CI&T Inc,N/A,TRADEABLE,-,SHARES,CI
CLXTUS,UA.D.CLXTUS.CASH.IP,Cibus Inc,N/A,TRADEABLE,-,SHARES,CI
CIEN,UA.D.CIEN.CASH.IP,Ciena Corp,N/A,TRADEABLE,-,SHARES,CI
WANDLN,KC.D.WANDLN.CASH.IP,Cirata PLC,N/A,TRADEABLE,-,SHARES,CI
CVEOUS,SB.D.CVEOUS.CASH.IP,Civeo Corp,N/A,TRADEABLE,-,SHARES,CI
CVLSP,AG.D.CVLSP.CASH.IP,Civmec Ltd,N/A,EDITS_ONLY,-,SHARES,CI
GZTUS,SC.D.GZTUS.CASH.IP,G CITY LTD,N/A,OFFLINE,-,SHARES,CI
CIT,SB.D.CIT.CASH.IP,CIT Group Inc,N/A,CLOSED,-,SHARES,CI
CDAFP,EC.D.CDAFP.CASH.IP,Cie des Alpes,N/A,TRADEABLE,-,SHARES,CI
CMPRUS,UA.D.CMPRUS.CASH.IP,Cimpress NV,N/A,TRADEABLE,-,SHARES,CI
CGXCN,KN.D.CGXCN.CASH.IP,Cineplex Inc,N/A,TRADEABLE,-,SHARES,CI
CINGUS,UA.D.CINGUS.CASH.IP,Cingulate Inc,N/A,TRADEABLE,-,SHARES,CI
CINTSS,EH.D.CINTSS.CASH.IP,Cint Group AB (publ),N/A,TRADEABLE,-,SHARES,CI
CTAS,UA.D.CTAS.CASH.IP,Cintas Corp (24 Hours),N/A,TRADEABLE,-,SHARES,CI
C,SB.D.C.CASH.IP,Citigroup Inc (24 Hours),N/A,TRADEABLE,-,SHARES,CI
TRVCGY,ED.D.TRVCGY.CASH.IP,Citigroup Inc (DE),N/A,TRADEABLE,-,SHARES,CI
CIAUS,SB.D.CIAUS.CASH.IP,Citizens Inc,N/A,TRADEABLE,-,SHARES,CI
CTY1S,EB.D.CTY1S.CASH.IP,Citycon OYJ,N/A,TRADEABLE,-,SHARES,CI
RINFP,EC.D.RINFP.CASH.IP,Vilmorin & Cie,N/A,OFFLINE,-,SHARES,CI
CIMAU,AA.D.CIMAU.CASH.IP,CIMIC Group Ltd,N/A,CLOSED,-,SHARES,CI
GWACUS,UB.D.GWACUS.CASH.IP,CIPHER MINING INC (24 Hours),N/A,TRADEABLE,-,SHARES,CI
CISOUS,UA.D.CISOUS.CASH.IP,CISO Global Inc,N/A,TRADEABLE,-,SHARES,CI
CBBUS,SB.D.CBBUS.CASH.IP,CIncinnati Bell Inc,N/A,CLOSED,-,SHARES,CI
CIBUSSS,EH.D.CIBUSSS.CASH.IP,Cibus Real Estate AB (publ),N/A,TRADEABLE,-,SHARES,CI
CIESM,EI.D.CIESM.CASH.IP,Cie Automotive SA,N/A,TRADEABLE,-,SHARES,CI
XEC,SH.D.XEC.CASH.IP,Cimarex Energy Co,N/A,CLOSED,-,SHARES,CI
CIMCOSS,EH.D.CIMCOSS.CASH.IP,Cimco Marine AB,N/A,OFFLINE,-,SHARES,CI
CINCUS,UA.D.CINCUS.CASH.IP,CinCor Pharma Inc,N/A,CLOSED,-,SHARES,CI
CIDMUS,UA.D.CIDMUS.CASH.IP,Cineverse Corp,N/A,TRADEABLE,-,SHARES,CI
CINE,KA.D.CINE.CASH.IP,Cineworld Group PLC,N/A,CLOSED,-,SHARES,CI
CINISSS,EH.D.CINISSS.CASH.IP,Cinis Fertilizer AB,N/A,OFFLINE,-,SHARES,CI
TRVXNO,EL.D.TRVXNO.CASH.IP,Circio Holding ASA,N/A,TRADEABLE,-,SHARES,CI
CIRCLN,KA.D.CIRCLN.CASH.IP,Circle Holdings Ltd,N/A,ON_AUCTION,-,SHARES,CI
CRCLN,KC.D.CRCLN.CASH.IP,Circle Property PLC,N/A,CLOSED,-,SHARES,CI
2507HK,AC.D.2507HK.CASH.IP,Cirrus Aircraft Ltd,N/A,EDITS_ONLY,-,SHARES,CI
CRUS,UA.D.CRUS.CASH.IP,Cirrus Logic Inc,N/A,TRADEABLE,-,SHARES,CI
CSCO,UA.D.CSCO.CASH.IP,Cisco Systems Inc (24 Hours),N/A,TRADEABLE,-,SHARES,CI
CTRNUS,UA.D.CTRNUS.CASH.IP,Citi Trends Inc,N/A,TRADEABLE,-,SHARES,CI
CTO,AF.D.CTO.CASH.IP,Citigold Corp Ltd,N/A,EDITS_ONLY,-,SHARES,CI
CTXS,UA.D.CTXS.CASH.IP,Citrix Systems Inc,N/A,CLOSED,-,SHARES,CI
CHCOUS,UA.D.CHCOUS.CASH.IP,City Holding Co,N/A,TRADEABLE,-,SHARES,CI
CIOUS,SB.D.CIOUS.CASH.IP,City Office Reit Inc,N/A,CLOSED,-,SHARES,CI
CITYVAFF,EB.D.CITYVAFF.CASH.IP,Cityvarasto Oyj,N/A,TRADEABLE,-,SHARES,CI
CIBUS,SB.D.CIBUS.CASH.IP,Grupo Cibest SA,N/A,TRADEABLE,-,SHARES,CI
JBL,SD.D.JBL.CASH.IP,Jabil Circuit Inc (24 Hours),N/A,TRADEABLE,-,SHARES,CI
VCTFP,EC.D.VCTFP.CASH.IP,Sa des Ciments Vicat,N/A,TRADEABLE,-,SHARES,CI
GRALN,KC.D.GRALN.CASH.IP,Software Circle Plc,N/A,TRADEABLE,-,SHARES,CI
CPCLN,KC.D.CPCLN.CASH.IP,The City Pub Company PLC,N/A,CLOSED,-,SHARES,CI
267HK,AC.D.267HK.CASH.IP,CITIC Pacific Ltd,N/A,EDITS_ONLY,-,SHARES,CI
CJCN,KN.D.CJCN.CASH.IP,Cardinal Energy Ltd,N/A,TRADEABLE,-,SHARES,CJ
6407JT,AJ.D.6407JT.CASH.IP,CKD Corporation,N/A,EDITS_ONLY,-,SHARES,CK
5757JT,AJ.D.5757JT.CASH.IP,CK SAN-ETSU Company Limited,N/A,EDITS_ONLY,-,SHARES,CK
1113HK,AC.D.1113HK.CASH.IP,CK Asset Holdings Limited,N/A,EDITS_ONLY,-,SHARES,CK
1HK,AC.D.1HK.CASH.IP,CK Hutchison Holdings Ltd - 1 HK,N/A,EDITS_ONLY,-,SHARES,CK
CKILN,KC.D.CKILN.CASH.IP,CK Infrastructure Holdings Ltd,N/A,TRADEABLE,-,SHARES,CK
CL,SB.D.CL.CASH.IP,Colgate-Palmolive Co (24 Hours),N/A,TRADEABLE,-,SHARES,CL
CLCF,KN.D.CLCF.CASH.IP,Cresco Labs Inc,N/A,TRADEABLE,-,SHARES,CL
TOTAUS,UD.D.TOTAUS.CASH.IP,Clene Inc,N/A,TRADEABLE,-,SHARES,CL
BADGY,ED.D.BADGY.CASH.IP,Clere AG,N/A,OFFLINE,-,SHARES,CL
CLIMEBSS,EH.D.CLIMEBSS.CASH.IP,Climeon AB,N/A,TRADEABLE,-,SHARES,CL
CLABSS,EH.D.CLABSS.CASH.IP,Cloetta AB (publ),N/A,TRADEABLE,-,SHARES,CL
CLX,SB.D.CLX.CASH.IP,Clorox Co (24 Hours),N/A,TRADEABLE,-,SHARES,CL
CLFUS,SB.D.CLFUS.CASH.IP,Cleveland-Cliffs Inc,N/A,TRADEABLE,-,SHARES,CL
CLOUDMENO,EL.D.CLOUDMENO.CASH.IP,Cloudberry Clean Energy AS,N/A,TRADEABLE,-,SHARES,CL
AVQFP,EC.D.AVQFP.CASH.IP,Claranova SA,N/A,TRADEABLE,-,SHARES,CL
CLN,EJ.D.CLN.CASH.IP,Clariant AG,N/A,TRADEABLE,-,SHARES,CL
CCCUS,SB.D.CCCUS.CASH.IP,Clarivate PLC,N/A,TRADEABLE,-,SHARES,CL
CKN,KA.D.CKN.CASH.IP,Clarkson PLC,N/A,TRADEABLE,-,SHARES,CL
CL1AU,AB.D.CL1AU.CASH.IP,Class Limited,N/A,CLOSED,-,SHARES,CL
CLAVSS,EH.D.CLAVSS.CASH.IP,Clavister AB,N/A,TRADEABLE,-,SHARES,CL
CLROUS,UA.D.CLROUS.CASH.IP,ClearOne Inc,N/A,TRADEABLE,-,SHARES,CL
SCONUS,UD.D.SCONUS.CASH.IP,Clearday Inc,N/A,OFFLINE,-,SHARES,CL
ABOGY,ED.D.ABOGY.CASH.IP,Clearvise AG,N/A,TRADEABLE,-,SHARES,CL
ELYMUS,UB.D.ELYMUS.CASH.IP,Climb Bio Inc,N/A,TRADEABLE,-,SHARES,CL
CLDRUS,SB.D.CLDRUS.CASH.IP,Cloudera Inc,N/A,CLOSED,-,SHARES,CL
CLUAU,AB.D.CLUAU.CASH.IP,Cluey Limited,N/A,EDITS_ONLY,-,SHARES,CL
CRDAUS,SB.D.CRDAUS.CASH.IP,Crawford & Co -CL A,N/A,OFFLINE,-,SHARES,CL
CTO,KA.D.CTO.CASH.IP,T Clarke PLC,N/A,OFFLINE,-,SHARES,CL
WPFUS,SH.D.WPFUS.CASH.IP,Alight Inc - Class A,N/A,TRADEABLE,-,SHARES,CL
CLPSUS,UA.D.CLPSUS.CASH.IP,CLPS In Corporation,N/A,TRADEABLE,-,SHARES,CL
CLI,KA.D.CLI.CASH.IP,CLS Holdings PLC,N/A,TRADEABLE,-,SHARES,CL
KORIFP,EC.D.KORIFP.CASH.IP,Clariane Group,N/A,TRADEABLE,-,SHARES,CL
BDEUS,UA.D.BDEUS.CASH.IP,Clarus Corporation,N/A,TRADEABLE,-,SHARES,CL
CLASB,EH.D.CLASB.CASH.IP,Clas Ohlson AB - B,N/A,TRADEABLE,-,SHARES,CL
CAPLN,KC.D.CAPLN.CASH.IP,Clean Air Power Ltd,N/A,ON_AUCTION,-,SHARES,CL
CLHUS,SB.D.CLHUS.CASH.IP,Clean Harbors Inc,N/A,TRADEABLE,-,SHARES,CL
CSS,AF.D.CSS.CASH.IP,Clean Seas Tuna Ltd,N/A,CLOSED,-,SHARES,CL
CLSKUS,UA.D.CLSKUS.CASH.IP,CleanSpark Inc (24 Hours),N/A,TRADEABLE,-,SHARES,CL
CLSKWUS,UA.D.CLSKWUS.CASH.IP,Cleanspark Inc (Warrants),N/A,TRADEABLE,-,SHARES,CL
YOUUS,SH.D.YOUUS.CASH.IP,Clear Secure Inc,N/A,TRADEABLE,-,SHARES,CL
CLFDUS,UA.D.CLFDUS.CASH.IP,Clearfield Inc,N/A,TRADEABLE,-,SHARES,CL
NYLDAUS,SE.D.NYLDAUS.CASH.IP,Clearway Energy (A Class),N/A,OFFLINE,-,SHARES,CL
NYLDUS,SE.D.NYLDUS.CASH.IP,Clearway Energy Inc,N/A,TRADEABLE,-,SHARES,CL
CLEMSS,EH.D.CLEMSS.CASH.IP,Clemondo Group AB (publ),N/A,TRADEABLE,-,SHARES,CL
NCLSJ,AR.D.NCLSJ.CASH.IP,Clicks Group Ltd,N/A,TRADEABLE,-,SHARES,CL
CBAV,EI.D.CBAV.CASH.IP,Clinica Baviera SA,N/A,TRADEABLE,-,SHARES,CL
CMUS,SB.D.CMUS.CASH.IP,Canadian Imperial Bank of Commerce (US),N/A,TRADEABLE,-,SHARES,CM
CMCT,KN.D.CMCT.CASH.IP,Canadian Imperial Bank of Commerce,N/A,TRADEABLE,-,SHARES,CM
CMCOMNA,EG.D.CMCOMNA.CASH.IP,CM.com NV,N/A,TRADEABLE,-,SHARES,CM
CMBTONO,EL.D.CMBTONO.CASH.IP,CMB Tech NV,N/A,TRADEABLE,-,SHARES,CM
6958JT,AJ.D.6958JT.CASH.IP,CMK Corp,N/A,EDITS_ONLY,-,SHARES,CM
EURN,EA.D.EURN.CASH.IP,CMB.TECH NV,N/A,TRADEABLE,-,SHARES,CM
EURNUS,SB.D.EURNUS.CASH.IP,CMBT.TECH NV,N/A,TRADEABLE,-,SHARES,CM
0HR2LN,KA.D.0HR2LN.CASH.IP,CME Group Inc,N/A,ON_AUCTION,-,SHARES,CM
CMOLN,KC.D.CMOLN.CASH.IP,CMO Group PLC,N/A,OFFLINE,-,SHARES,CM
CMREPD,SB.D.CMREPD.CASH.IP,CMRE 8 3/4 PERP,N/A,TRADEABLE,-,SHARES,CM
CMCXLN,KA.D.CMCXLN.CASH.IP,CMC Markets PLC,N/A,TRADEABLE,-,SHARES,CM
CCMP,UA.D.CCMP.CASH.IP,CMC Materials Inc,N/A,CLOSED,-,SHARES,CM
CME,UA.D.CME.CASH.IP,CME Group Inc - US (24 Hours),N/A,TRADEABLE,-,SHARES,CM
CMS,SB.D.CMS.CASH.IP,CMS Energy Corp (24 Hours),N/A,TRADEABLE,-,SHARES,CM
CMBSUS,SI.D.CMBSUS.CASH.IP,iShares CMBS ETF,N/A,TRADEABLE,-,SHARES,CM
EURN,EA.D.EURN.OPTCALL.IP,CMB.TECH NV Barrier Call,N/A,TRADEABLE,FEB-27,SHARES,CM
EURN,EA.D.EURN.OPTPUT.IP,CMB.TECH NV Barrier Put,N/A,TRADEABLE,FEB-27,SHARES,CM
CCCHASSW,EJ.D.CCCHASSW.CASH.IP,CMCI Composite SF UCITS ETF,N/A,TRADEABLE,-,SHARES,CM
CMLLN,KC.D.CMLLN.CASH.IP,CML Microsystems PLC,N/A,TRADEABLE,-,SHARES,CM
CBR,SB.D.CBR.CASH.IP,CMTSU Liquidation Inc,N/A,OFFLINE,-,SHARES,CM
1141HK,AC.D.1141HK.CASH.IP,CMBC Capital Holdings Limited,N/A,EDITS_ONLY,-,SHARES,CM
302HK,AC.D.302HK.CASH.IP,CMGE Technology Group Limited,N/A,EDITS_ONLY,-,SHARES,CM
UC14LN,KA.D.UC14LN.CASH.IP,CMCI Composite SF UCITS ETF (USD) A-acc - UC14,N/A,TRADEABLE,-,SHARES,CM
UC15LN,KA.D.UC15LN.CASH.IP,CMCI Composite SF UCITS ETF (USD) A-acc - UC15,N/A,TRADEABLE,-,SHARES,CM
2309JT,AJ.D.2309JT.CASH.IP,CMIC HOLDINGS Company Limited,N/A,CLOSED,-,SHARES,CM
UC90LN,KA.D.UC90LN.CASH.IP,UBS Irl Fund Solutions plc - CMCI Composite SF UCITS ETF,N/A,TRADEABLE,-,SHARES,CM
UCIBUS,SI.D.UCIBUS.CASH.IP,ETRACS UBS Bloomberg Constant Maturity Commodity Indx CMCI Total Return ETN Se B,N/A,TRADEABLE,-,SHARES,CM
UD07LN,KA.D.UD07LN.CASH.IP,UBS Irl Fund Solutions plc - Bloomberg Commodity CMCI SF UCITS ETF,N/A,TRADEABLE,-,SHARES,CM
883HK,AC.D.883HK.CASH.IP,CNOOC Ltd (HK),N/A,EDITS_ONLY,-,SHARES,CN
CEO,SB.D.CEO.CASH.IP,CNOOC Ltd - ADR,N/A,CLOSED,-,SHARES,CN
CNEYUS,UA.D.CNEYUS.CASH.IP,CN Energy Group. Inc,N/A,TRADEABLE,-,SHARES,CN
CNA,SB.D.CNA.CASH.IP,CNA Financial Corp,N/A,TRADEABLE,-,SHARES,CN
CNHIIM,EF.D.CNHIIM.CASH.IP,CNH Industrial NV (IT),N/A,OFFLINE,-,SHARES,CN
CNHIUS,SB.D.CNHIUS.CASH.IP,CNH Industrial NV (US),N/A,TRADEABLE,-,SHARES,CN
CNPFP,EC.D.CNPFP.CASH.IP,CNP Assurances,N/A,OFFLINE,-,SHARES,CN
CCNEUS,UA.D.CCNEUS.CASH.IP,CNB Financial Corporation,N/A,TRADEABLE,-,SHARES,CN
CNFUS,SB.D.CNFUS.CASH.IP,CNFinance Holdings Limited,N/A,TRADEABLE,-,SHARES,CN
2302HK,AC.D.2302HK.CASH.IP,CNNC International Ltd,N/A,EDITS_ONLY,-,SHARES,CN
CNOUS,SB.D.CNOUS.CASH.IP,CNO Financial Group Inc,N/A,TRADEABLE,-,SHARES,CN
CNSPUS,UA.D.CNSPUS.CASH.IP,CNS Pharmaceuticals Inc,N/A,TRADEABLE,-,SHARES,CN
CNNXUS,SB.D.CNNXUS.CASH.IP,CNX Midstream Partners,N/A,CLOSED,-,SHARES,CN
CNX,SB.D.CNX.CASH.IP,CNX Resources Corporation,N/A,TRADEABLE,-,SHARES,CN
SCNYLN,KA.D.SCNYLN.CASH.IP,ETFS Short CNY Long USD,N/A,TRADEABLE,-,SHARES,CN
LARCN,KN.D.LARCN.CASH.IP,Lithium Argentina AG [CN],N/A,TRADEABLE,-,SHARES,CN
3200HK,AC.D.3200HK.CASH.IP,Shenzhen Han's CNC Technology Co Ltd,N/A,EDITS_ONLY,-,SHARES,CN
CNYBNA,EG.D.CNYBNA.CASH.IP,iShares China CNY Bond UCITS ETF,N/A,TRADEABLE,-,SHARES,CN
CNYBLN,KA.D.CNYBLN.CASH.IP,iShares China CNY Bond UCITS ETF (GBP),N/A,TRADEABLE,-,SHARES,CN
1678JT,AJ.D.1678JT.CASH.IP,NEXT FUNDS CNX Nifty Linked Exchange Traded Fund,N/A,EDITS_ONLY,-,SHARES,CN
COUS,SB.D.COUS.CASH.IP,Global Cord Blood Corporation,N/A,OFFLINE,-,SHARES,CO
COFP,EC.D.COFP.CASH.IP,Casino Guichard Perrachon SA,N/A,TRADEABLE,-,SHARES,CO
MMM,SE.D.MMM.CASH.IP,3M Co (24 Hours),N/A,TRADEABLE,-,SHARES,CO
CCE,SB.D.CCE.CASH.IP,Coca-Cola European Partners PLC - US (24 Hours),N/A,TRADEABLE,-,SHARES,CO
CLCOUS,SB.D.CLCOUS.CASH.IP,Cool Co Ltd,N/A,CLOSED,-,SHARES,CO
5253JT,AJ.D.5253JT.CASH.IP,Cover Corp,N/A,EDITS_ONLY,-,SHARES,CO
KO,SD.D.KO.CASH.IP,Coca-Cola Co (24 Hours),N/A,TRADEABLE,-,SHARES,CO
COOKPZ,KC.D.COOKPZ.CASH.IP,Cooks Coffee Co Ltd,N/A,TRADEABLE,-,SHARES,CO
CPCT,KN.D.CPCT.CASH.IP,Canadian Pacific Kansas City Limited,N/A,TRADEABLE,-,SHARES,CP
CPUS,SB.D.CPUS.CASH.IP,Canadian Pacific Kansas City Ltd (US),N/A,TRADEABLE,-,SHARES,CP
CPPLN,KA.D.CPPLN.CASH.IP,CPP Group PLC,N/A,TRADEABLE,-,SHARES,CP
CPRIM,EF.D.CPRIM.CASH.IP,Davide Campari-Milano SpA,N/A,TRADEABLE,-,SHARES,CP
IIAAV,EK.D.IIAAV.CASH.IP,CPI Europe AG,N/A,OFFLINE,-,SHARES,CP
43HK,AC.D.43HK.CASH.IP,CP Pokphand Co Ltd,N/A,CLOSED,-,SHARES,CP
PMTSUS,UC.D.PMTSUS.CASH.IP,CPI Card Group Inc,N/A,TRADEABLE,-,SHARES,CP
CGOAU,AB.D.CGOAU.CASH.IP,CPT Global Limited,N/A,EDITS_ONLY,-,SHARES,CP
CVUUS,SI.D.CVUUS.CASH.IP,CPI Aerostructures Inc,N/A,OFFLINE,-,SHARES,CP
906HK,AC.D.906HK.CASH.IP,CPMC Holdings Limited,N/A,CLOSED,-,SHARES,CP
CPSHUS,UA.D.CPSHUS.CASH.IP,CPS Technologies Corporation,N/A,TRADEABLE,-,SHARES,CP
CR,SB.D.CR.CASH.IP,"Crane Holdings, Co",N/A,TRADEABLE,-,SHARES,CR
CRCT,KN.D.CRCT.CASH.IP,Crew Energy Inc,N/A,OFFLINE,-,SHARES,CR
3458JT,AJ.D.3458JT.CASH.IP,CRE Inc,N/A,CLOSED,-,SHARES,CR
CRH,EE.D.CRH.CASH.IP,CRH PLC (Euronext Dublin),N/A,CLOSED,-,SHARES,CR
CRHLN,KA.D.CRHLN.CASH.IP,CRH PLC (LSE),N/A,OFFLINE,-,SHARES,CR
UC,EF.D.UC.CASH.IP,UniCredit SpA,N/A,TRADEABLE,-,SHARES,CR
CRWSUS,UA.D.CRWSUS.CASH.IP,Crown Crafts Inc,N/A,TRADEABLE,-,SHARES,CR
CRHUS,SB.D.CRHUS.CASH.IP,CRH PLC - US (24 Hours),N/A,TRADEABLE,-,SHARES,CR
2138JT,AJ.D.2138JT.CASH.IP,CROOZ Inc,N/A,EDITS_ONLY,-,SHARES,CR
CREDASS,EH.D.CREDASS.CASH.IP,Creades AB,N/A,TRADEABLE,-,SHARES,CR
CRTDUS,UA.D.CRTDUS.CASH.IP,Creatd Inc,N/A,OFFLINE,-,SHARES,CR
CRCTUS,UA.D.CRCTUS.CASH.IP,Cricut Inc,N/A,TRADEABLE,-,SHARES,CR
CRTOUS,UA.D.CRTOUS.CASH.IP,Criteo SA,N/A,TRADEABLE,-,SHARES,CR
CROX,UA.D.CROX.CASH.IP,Crocs Inc,N/A,TRADEABLE,-,SHARES,CR
NBILN,KC.D.NBILN.CASH.IP,CRESTCHIC PLC,N/A,OFFLINE,-,SHARES,CR
CXTUS,SB.D.CXTUS.CASH.IP,Crane NXT Co,N/A,TRADEABLE,-,SHARES,CR
CRW,KC.D.CRW.CASH.IP,Craneware PLC,N/A,TRADEABLE,-,SHARES,CR
CWK,KA.D.CWK.CASH.IP,Cranswick PLC,N/A,TRADEABLE,-,SHARES,CR
CREDIAGA,ER.D.CREDIAGA.CASH.IP,CrediaBank SA,N/A,TRADEABLE,-,SHARES,CR
CSCN,KN.D.CSCN.CASH.IP,Capstone Copper Corp,N/A,TRADEABLE,-,SHARES,CS
COINSS,EH.D.COINSS.CASH.IP,Coinshares International Ltd,N/A,OFFLINE,-,SHARES,CS
CSUS,SB.D.CSUS.CASH.IP,Credit Suisse Group AG - ADR,N/A,CLOSED,-,SHARES,CS
CSV,AF.D.CSV.CASH.IP,CSG Ltd,N/A,CLOSED,-,SHARES,CS
CSGNA,EG.D.CSGNA.CASH.IP,CSG NV,N/A,TRADEABLE,-,SHARES,CS
CSL,AA.D.CSL.CASH.IP,CSL Ltd,N/A,EDITS_ONLY,-,SHARES,CS
CSPIUS,UA.D.CSPIUS.CASH.IP,CSP Inc,N/A,TRADEABLE,-,SHARES,CS
CSR,AA.D.CSR.CASH.IP,CSR Ltd,N/A,CLOSED,-,SHARES,CS
CSX,SB.D.CSX.CASH.IP,CSX Corp (24 Hours),N/A,TRADEABLE,-,SHARES,CS
1766HK,AC.D.1766HK.CASH.IP,CSR Corp Ltd,N/A,EDITS_ONLY,-,SHARES,CS
LAWUS,SD.D.LAWUS.CASH.IP,CS Disco Inc,N/A,TRADEABLE,-,SHARES,CS
CSESP,AG.D.CSESP.CASH.IP,CSE Global Ltd,N/A,EDITS_ONLY,-,SHARES,CS
9258JT,AJ.D.9258JT.CASH.IP,CS-C.Co. Limited,N/A,EDITS_ONLY,-,SHARES,CS
CSCSP,AG.D.CSCSP.CASH.IP,CSC Holdings Ltd,N/A,EDITS_ONLY,-,SHARES,CS
CCLPUS,UA.D.CCLPUS.CASH.IP,CSI Compressco LP,N/A,CLOSED,-,SHARES,CS
CSWIUS,UA.D.CSWIUS.CASH.IP,CSW Industrials Inc,N/A,TRADEABLE,-,SHARES,CS
SXFP,EC.D.SXFP.CASH.IP,CS Communication & Systemes,N/A,OFFLINE,-,SHARES,CS
2822HK,AC.D.2822HK.CASH.IP,CSOP FTSE China A50 ETF - 2822,N/A,EDITS_ONLY,-,SHARES,CS
3147HK,AC.D.3147HK.CASH.IP,CSOP SZSE ChiNext ETF,N/A,EDITS_ONLY,-,SHARES,CS
2616HK,AC.D.2616HK.CASH.IP,CStone Pharmaceuticals,N/A,EDITS_ONLY,-,SHARES,CS
6066HK,AC.D.6066HK.CASH.IP,CSC Financial Company Limited,N/A,EDITS_ONLY,-,SHARES,CS
3033HK,AC.D.3033HK.CASH.IP,CSOP Hang Seng Tech Index ETF,N/A,EDITS_ONLY,-,SHARES,CS
1093HK,AC.D.1093HK.CASH.IP,CSPC Pharmaceutical Group Ltd,N/A,EDITS_ONLY,-,SHARES,CS
3898HK,AC.D.3898HK.CASH.IP,Zhuzhou CSR Times Electric Co Ltd,N/A,EDITS_ONLY,-,SHARES,CS
CSGS,UA.D.CSGS.CASH.IP,CSG Systems International Inc,N/A,CLOSED,-,SHARES,CS
7300HK,AC.D.7300HK.CASH.IP,CSOP Hang Seng Index Daily (-1x) Inverse Product,N/A,EDITS_ONLY,-,SHARES,CS
CHADUS,SI.D.CHADUS.CASH.IP,Direxion Daily CSI 300 China A Share Bear 1X Sh AE,N/A,CLOSED,-,SHARES,CS
CHAUUS,SI.D.CHAUUS.CASH.IP,Direxion Daily CSI 300 China A Share Bull 2X Sh AE,N/A,TRADEABLE,-,SHARES,CS
KWEBLN,KA.D.KWEBLN.CASH.IP,KraneShares CSI China Internet ETF - (LSE),N/A,TRADEABLE,-,SHARES,CS
KWEBUS,UB.D.KWEBUS.CASH.IP,KraneShares CSI China Internet ETF - (US),N/A,TRADEABLE,-,SHARES,CS
KWBPLN,KA.D.KWBPLN.CASH.IP,KraneShares CSI China Internet UCITS ETF,N/A,TRADEABLE,-,SHARES,CS
XCHAGY,ED.D.XCHAGY.CASH.IP,Xtrackers CSI300 Swap UCITS ETF 1C,N/A,TRADEABLE,-,SHARES,CS
XCHALN,KA.D.XCHALN.CASH.IP,Xtrackers CSI300 Swap UCITS ETF London,N/A,TRADEABLE,-,SHARES,CS
XCSILN,KA.D.XCSILN.CASH.IP,Xtrackers CSI500 Swap UCITS ETF 1C,N/A,TRADEABLE,-,SHARES,CS
RQFIGY,ED.D.RQFIGY.CASH.IP,Xtrackers Harvest CSI300 UCITS ETF,N/A,TRADEABLE,-,SHARES,CS
ASHRLN,KA.D.ASHRLN.CASH.IP,Xtrackers Harvest CSI300 UCITS ETF 1D,N/A,TRADEABLE,-,SHARES,CS
RQFILN,KA.D.RQFILN.CASH.IP,Xtrackers Harvest CSI300 UCITS ETF 1D,N/A,TRADEABLE,-,SHARES,CS
CS51LN,KA.D.CS51LN.CASH.IP,iShares Core EURO STOXX 50 UCITS ETF - CS51,N/A,TRADEABLE,-,SHARES,CS
CSX5LN,KA.D.CSX5LN.CASH.IP,iShares Core EURO STOXX 50 UCITS ETF - CSX5,N/A,TRADEABLE,-,SHARES,CS
CSP1LN,KA.D.CSP1LN.CASH.IP,iShares Core S&P 500 UCITS ETF - CSP1,N/A,TRADEABLE,-,SHARES,CS
CSPXLN,KA.D.CSPXLN.CASH.IP,iShares Core S&P 500 UCITS ETF - CSPX,N/A,TRADEABLE,-,SHARES,CS
7500HK,AC.D.7500HK.CASH.IP,CSOP Hang Seng Index Daily -2x Inverse Product,N/A,EDITS_ONLY,-,SHARES,CS
7200HK,AC.D.7200HK.CASH.IP,CSOP Hang Seng Index Daily 2x Leveraged Product,N/A,EDITS_ONLY,-,SHARES,CS
7552HK,AC.D.7552HK.CASH.IP,CSOP Hang Seng TECH Index Daily -2X Inverse Product,N/A,EDITS_ONLY,-,SHARES,CS
7226HK,AC.D.7226HK.CASH.IP,CSOP Hang Seng TECH Index Daily 2X Leveraged Product,N/A,EDITS_ONLY,-,SHARES,CS
3188HK,AC.D.3188HK.CASH.IP,ChinaAMC ETF Series - ChinaAMC CSI 300 Index ETF,N/A,EDITS_ONLY,-,SHARES,CS
3173HK,AC.D.3173HK.CASH.IP,Premia CSI Caixin China New Economy ETF,N/A,EDITS_ONLY,-,SHARES,CS
ASHXUS,SI.D.ASHXUS.CASH.IP,Deutsche X-trackers CSI 300 China A-Shares Hedged Equity ETF,N/A,CLOSED,-,SHARES,CS
CTPNVNA,EG.D.CTPNVNA.CASH.IP,CTP NV,N/A,TRADEABLE,-,SHARES,CT
4345JT,AJ.D.4345JT.CASH.IP,CTS Co Ltd,N/A,EDITS_ONLY,-,SHARES,CT
EVDGY,ED.D.EVDGY.CASH.IP,CTS Eventim AG,N/A,TRADEABLE,-,SHARES,CT
CTTSS,EH.D.CTTSS.CASH.IP,CTT Systems AB,N/A,TRADEABLE,-,SHARES,CT
MNDOUS,UC.D.MNDOUS.CASH.IP,Mind CTI Ltd,N/A,TRADEABLE,-,SHARES,CT
CTIC,UA.D.CTIC.CASH.IP,CTI BioPharma Corp (US),N/A,CLOSED,-,SHARES,CT
CTSUS,SB.D.CTSUS.CASH.IP,CTS Corporation,N/A,TRADEABLE,-,SHARES,CT
CTALN,KC.D.CTALN.CASH.IP,CT Automotive Group PLC,N/A,TRADEABLE,-,SHARES,CT
BBHLN,KC.D.BBHLN.CASH.IP,CT Healthcare Trust plc,N/A,TRADEABLE,-,SHARES,CT
FPEB,KA.D.FPEB.CASH.IP,CT Private Equity Trust PLC,N/A,TRADEABLE,-,SHARES,CT
IRP,KA.D.IRP.CASH.IP,CT Property Trust Limited,N/A,OFFLINE,-,SHARES,CT
ICTBLN,KC.D.ICTBLN.CASH.IP,CT UK High Income Trust PLC,N/A,TRADEABLE,-,SHARES,CT
ICTULN,KC.D.ICTULN.CASH.IP,CT UK High Income Trust PLC,N/A,OFFLINE,-,SHARES,CT
ICTALN,KC.D.ICTALN.CASH.IP,CT UK High Income Trust PLC,N/A,TRADEABLE,-,SHARES,CT
CLXAU,AB.D.CLXAU.CASH.IP,CTI Logistics Limited,N/A,EDITS_ONLY,-,SHARES,CT
CTOUS,SI.D.CTOUS.CASH.IP,CTO Realty Growth Inc,N/A,TRADEABLE,-,SHARES,CT
CTTPL,PO.D.CTTPL.CASH.IP,CTT-Correios de Portugal SA,N/A,TRADEABLE,-,SHARES,CT
CTIBUS,UA.D.CTIBUS.CASH.IP,Yunhong Green CTI Ltd,N/A,TRADEABLE,-,SHARES,CT
FMPGLN,KC.D.FMPGLN.CASH.IP,CT Global Managed Portfolio Trust PLC,N/A,OFFLINE,-,SHARES,CT
FMPILN,KC.D.FMPILN.CASH.IP,CT Global Managed Portfolio Trust PLC,N/A,TRADEABLE,-,SHARES,CT
CRTUCN,KN.D.CRTUCN.CASH.IP,CT Real Estate Investment Trust,N/A,TRADEABLE,-,SHARES,CT
FCI,KA.D.FCI.CASH.IP,CT UK Capital and Income Investment Trust PLC,N/A,TRADEABLE,-,SHARES,CT
659HK,AC.D.659HK.CASH.IP,CTF Services Limited,N/A,EDITS_ONLY,-,SHARES,CT
CATSJ,AR.D.CATSJ.CASH.IP,Caxton and CTP Publishers and Printers Limited,N/A,TRADEABLE,-,SHARES,CT
9726JT,AJ.D.9726JT.CASH.IP,KNT-CT Holdings Company Limited,N/A,EDITS_ONLY,-,SHARES,CT
EEWGLN,KA.D.EEWGLN.CASH.IP,iShares MSCI World ESG Enhanced CTB UCITS ETF,N/A,TRADEABLE,-,SHARES,CT
CUCN,KN.D.CUCN.CASH.IP,Canadian Utilities Limited,N/A,TRADEABLE,-,SHARES,CU
YSI,SH.D.YSI.CASH.IP,CubeSmart,N/A,TRADEABLE,-,SHARES,CU
CUB,SB.D.CUB.CASH.IP,Cubic Corp,N/A,CLOSED,-,SHARES,CU
CFIUS,SB.D.CFIUS.CASH.IP,Culp Inc,N/A,TRADEABLE,-,SHARES,CU
5CVGY,ED.D.5CVGY.CASH.IP,CureVac NV,N/A,OFFLINE,-,SHARES,CU
CRISUS,UA.D.CRISUS.CASH.IP,Curis Inc,N/A,TRADEABLE,-,SHARES,CU
CCLAU,AB.D.CCLAU.CASH.IP,Cuscal Ltd,N/A,EDITS_ONLY,-,SHARES,CU
CUTRUS,UA.D.CUTRUS.CASH.IP,Cutera Inc,N/A,CLOSED,-,SHARES,CU
3681JT,AJ.D.3681JT.CASH.IP,V-cube Inc,N/A,EDITS_ONLY,-,SHARES,CU
FELAU,AB.D.FELAU.CASH.IP,CuFe Limited,N/A,EDITS_ONLY,-,SHARES,CU
HLTHUS,UB.D.HLTHUS.CASH.IP,Cue Health Inc,N/A,OFFLINE,-,SHARES,CU
CUM,SB.D.CUM.CASH.IP,Cummins Inc (24 Hours),N/A,TRADEABLE,-,SHARES,CU
4894JT,AJ.D.4894JT.CASH.IP,Cuorips Inc,N/A,EDITS_ONLY,-,SHARES,CU
CVACUS,UA.D.CVACUS.CASH.IP,CureVac B.V.,N/A,CLOSED,-,SHARES,CU
PZC,KA.D.PZC.CASH.IP,PZ Cussons PLC,N/A,TRADEABLE,-,SHARES,CU
2335JT,AJ.D.2335JT.CASH.IP,Cube System Inc,N/A,EDITS_ONLY,-,SHARES,CU
CUEUS,UA.D.CUEUS.CASH.IP,Cue Biopharma Inc,N/A,TRADEABLE,-,SHARES,CU
CLCOCN,KN.D.CLCOCN.CASH.IP,Culico Metals Inc,N/A,TRADEABLE,-,SHARES,CU
CMLSUS,UA.D.CMLSUS.CASH.IP,Cumulus Media Inc,N/A,OFFLINE,-,SHARES,CU
CURRUS,UA.D.CURRUS.CASH.IP,Currenc Group Inc,N/A,TRADEABLE,-,SHARES,CU
COHSJ,AR.D.COHSJ.CASH.IP,Curro Holdings Ltd,N/A,CLOSED,-,SHARES,CU
CWUS,SB.D.CWUS.CASH.IP,Curtiss-Wright Corp,N/A,TRADEABLE,-,SHARES,CU
CVBAU,AB.D.CVBAU.CASH.IP,CurveBeam AI Ltd,N/A,EDITS_ONLY,-,SHARES,CU
2487HK,AC.D.2487HK.CASH.IP,Cutia Therapeutics,N/A,EDITS_ONLY,-,SHARES,CU
CUBSUS,SI.D.CUBSUS.CASH.IP,Asian Growth CUBS ETF,N/A,OFFLINE,-,SHARES,CU
CUE,AA.D.CUE.CASH.IP,Cue Energy Resources Ltd,N/A,EDITS_ONLY,-,SHARES,CU
CULAU,AB.D.CULAU.CASH.IP,Cullen Resources Limited,N/A,EDITS_ONLY,-,SHARES,CU
CFR,SB.D.CFR.CASH.IP,Cullen/Frost Bankers Inc,N/A,TRADEABLE,-,SHARES,CU
CGEMUS,UA.D.CGEMUS.CASH.IP,Cullinan Therapeutics Inc,N/A,TRADEABLE,-,SHARES,CU
CPOAU,AB.D.CPOAU.CASH.IP,Culpeo Minerals Limited,N/A,EDITS_ONLY,-,SHARES,CU
CVIUS,SB.D.CVIUS.CASH.IP,CVR Energy Inc,N/A,TRADEABLE,-,SHARES,CV
CVC,AF.D.CVC.CASH.IP,CVC Ltd,N/A,EDITS_ONLY,-,SHARES,CV
CVRXUS,UA.D.CVRXUS.CASH.IP,CVRx Inc,N/A,TRADEABLE,-,SHARES,CV
CVSG,KA.D.CVSG.CASH.IP,CVS Group PLC,N/A,TRADEABLE,-,SHARES,CV
GCVRZ,UB.D.GCVRZ.CASH.IP,Sanofi - CVR - ADR,N/A,CLOSED,-,SHARES,CV
CVBFUS,UA.D.CVBFUS.CASH.IP,CVB Financial Corp,N/A,TRADEABLE,-,SHARES,CV
UANUS,SH.D.UANUS.CASH.IP,CVR Partners LP,N/A,TRADEABLE,-,SHARES,CV
CVS,SB.D.CVS.CASH.IP,CVS Health Corp (24 Hours),N/A,TRADEABLE,-,SHARES,CV
CX,SB.D.CX.CASH.IP,Cemex SAB de CV - ADR,N/A,TRADEABLE,-,SHARES,CV
DGNSUS,UB.D.DGNSUS.CASH.IP,Cvent Holding Corp,N/A,CLOSED,-,SHARES,CV
SIM,SI.D.SIM.CASH.IP,Grupo Simec SAB de CV,N/A,TRADEABLE,-,SHARES,CV
AMX,SA.D.AMX.CASH.IP,America Movil SAB de CV - ADR,N/A,TRADEABLE,-,SHARES,CV
CVCNA,EG.D.CVCNA.CASH.IP,CVC Capital Partners PLC,N/A,TRADEABLE,-,SHARES,CV
CCPGLN,KA.D.CCPGLN.CASH.IP,CVC INCOME & GROWTH LIMITED,N/A,TRADEABLE,-,SHARES,CV
CCPELN,KA.D.CCPELN.CASH.IP,CVC Income & Growth Limited,N/A,TRADEABLE,-,SHARES,CV
CVVUS,UA.D.CVVUS.CASH.IP,CVD Equipment Corporation,N/A,TRADEABLE,-,SHARES,CV
KOFUS,SD.D.KOFUS.CASH.IP,Coca-Cola Femsa SAB de CV - ADR,N/A,TRADEABLE,-,SHARES,CV
IBAUS,SD.D.IBAUS.CASH.IP,Industrias Bachoco SAB de CV,N/A,CLOSED,-,SHARES,CV
BWMXUS,UA.D.BWMXUS.CASH.IP,Betterware de Mexico S.A.P.I. de CV,N/A,TRADEABLE,-,SHARES,CV
VLRSUS,SH.D.VLRSUS.CASH.IP,Controladora Vuela Cia de Aviacion SAB de CV,N/A,TRADEABLE,-,SHARES,CV
FMX,SC.D.FMX.CASH.IP,Fomento Economico Mexicano SAB de CV - ADR,N/A,TRADEABLE,-,SHARES,CV
PACUS,SE.D.PACUS.CASH.IP,Grupo Aeroportuario del Pacifico S.A.B. de CV,N/A,TRADEABLE,-,SHARES,CV
ASRUS,SA.D.ASRUS.CASH.IP,Grupo Aeroportuario del Sureste SAB de CV - ADR,N/A,TRADEABLE,-,SHARES,CV
CVNYUS,SI.D.CVNYUS.CASH.IP,YieldMax CVNA Option Income Strategy ETF,N/A,TRADEABLE,-,SHARES,CV
OMABUS,UC.D.OMABUS.CASH.IP,Grupo Aeroportuario del Centro Norte S.A.B. de CV,N/A,TRADEABLE,-,SHARES,CV
DIVOUS,SI.D.DIVOUS.CASH.IP,Amplify CWP Enhanced Dividend,N/A,TRADEABLE,-,SHARES,CW
CWEBCN,KN.D.CWEBCN.CASH.IP,Charlottes Web Holdings Inc (CA),N/A,TRADEABLE,-,SHARES,CW
CXAIWUS,UA.D.CXAIWUS.CASH.IP,CXApp Inc,N/A,TRADEABLE,-,SHARES,CX
KINZUUS,UB.D.KINZUUS.CASH.IP,CXApp Inc,N/A,TRADEABLE,-,SHARES,CX
CYNUS,UA.D.CYNUS.CASH.IP,CYNGN Inc,N/A,TRADEABLE,-,SHARES,CY
CYBNUS,SI.D.CYBNUS.CASH.IP,Cybin Inc,N/A,TRADEABLE,-,SHARES,CY
4776JT,AJ.D.4776JT.CASH.IP,Cybozu Inc,N/A,EDITS_ONLY,-,SHARES,CY
CYXOSS,EH.D.CYXOSS.CASH.IP,Cyxone AB,N/A,OFFLINE,-,SHARES,CY
7779JT,AJ.D.7779JT.CASH.IP,CYBERDYNE Inc,N/A,EDITS_ONLY,-,SHARES,CY
CYRNUS,UA.D.CYRNUS.CASH.IP,CYREN Limited,N/A,OFFLINE,-,SHARES,CY
CY4IM,EF.D.CY4IM.CASH.IP,Cy4gate SpA,N/A,TRADEABLE,-,SHARES,CY
CYCUUS,UA.D.CYCUUS.CASH.IP,Cycurion Inc,N/A,TRADEABLE,-,SHARES,CY
CYKPZ,KC.D.CYKPZ.CASH.IP,Cykel AI PLC,N/A,OFFLINE,-,SHARES,CY
CONEUS,UA.D.CONEUS.CASH.IP,CyrusOne Inc,N/A,CLOSED,-,SHARES,CY
T5OGY,ED.D.T5OGY.CASH.IP,CytoTool SA,N/A,OFFLINE,-,SHARES,CY
SLEEPSS,EH.D.SLEEPSS.CASH.IP,Sleep Cycle AB (publ),N/A,TRADEABLE,-,SHARES,CY
4751JT,AJ.D.4751JT.CASH.IP,CyberAgent Inc,N/A,EDITS_ONLY,-,SHARES,CY
CYCAU,AB.D.CYCAU.CASH.IP,Cyclopharm Limited,N/A,EDITS_ONLY,-,SHARES,CY
CTEKUS,SI.D.CTEKUS.CASH.IP,Cynergistek Inc,N/A,CLOSED,-,SHARES,CY
CTSOUS,UA.D.CTSOUS.CASH.IP,CytoSorbents Corp,N/A,TRADEABLE,-,SHARES,CY
CYTKUS,UA.D.CYTKUS.CASH.IP,Cytokinetics Inc,N/A,TRADEABLE,-,SHARES,CY
HACKUS,SI.D.HACKUS.CASH.IP,Amplify Cybersecurity ETF,N/A,TRADEABLE,-,SHARES,CY
BOCHLN,KA.D.BOCHLN.CASH.IP,Bank of Cyprus Holdings PLC,N/A,CLOSED,-,SHARES,CY
AUKLN,KC.D.AUKLN.CASH.IP,Built Cybernetics Plc,N/A,TRADEABLE,-,SHARES,CY
CYQAU,AB.D.CYQAU.CASH.IP,CYCLIQ Group Limited,N/A,EDITS_ONLY,-,SHARES,CY
CCSLN,KC.D.CCSLN.CASH.IP,Crossword Cybersecurity PLC,N/A,CLOSED,-,SHARES,CY
CYAN,KC.D.CYAN.CASH.IP,Cyanconnode Holdings Plc,N/A,TRADEABLE,-,SHARES,CY
CYBRUS,UA.D.CYBRUS.CASH.IP,Cyber-Ark Software Ltd/Israel,N/A,CLOSED,-,SHARES,CY
CYBEUS,UA.D.CYBEUS.CASH.IP,CyberOptics Corporation,N/A,CLOSED,-,SHARES,CY
CYCNVUS,UA.D.CYCNVUS.CASH.IP,Cyclerion Therapeutics Inc,N/A,TRADEABLE,-,SHARES,CY
CYTHUS,UA.D.CYTHUS.CASH.IP,Cyclo Therapeutics Inc,N/A,CLOSED,-,SHARES,CY
CY5AU,AB.D.CY5AU.CASH.IP,Cygnus Metals Limited,N/A,EDITS_ONLY,-,SHARES,CY
CBAYUS,UA.D.CBAYUS.CASH.IP,CymaBay Therapeutics Inc,N/A,CLOSED,-,SHARES,CY
CYPAU,AB.D.CYPAU.CASH.IP,Cynata Therapeutics Limited,N/A,EDITS_ONLY,-,SHARES,CY
LPTXUS,UB.D.LPTXUS.CASH.IP,Cypherpunk Technologies Inc,N/A,TRADEABLE,-,SHARES,CY
CYMAU,AB.D.CYMAU.CASH.IP,Cyprium Metals Limited,N/A,EDITS_ONLY,-,SHARES,CY
CYTUS,UA.D.CYTUS.CASH.IP,Cyteir Therapeutics Inc,N/A,CLOSED,-,SHARES,CY
CTKBUS,UA.D.CTKBUS.CASH.IP,Cytek Biosciences Inc,N/A,TRADEABLE,-,SHARES,CY
CTMXUS,UA.D.CTMXUS.CASH.IP,CytomX Therapeutics Inc,N/A,TRADEABLE,-,SHARES,CY
SVACUS,UD.D.SVACUS.CASH.IP,Cyxtera Technologies Inc,N/A,CLOSED,-,SHARES,CY
CYXTWUS,UA.D.CYXTWUS.CASH.IP,Cyxtera Technologies Inc (Warrants),N/A,CLOSED,-,SHARES,CY
BUGUS,UA.D.BUGUS.CASH.IP,Global X Cybersecurity ETF,N/A,TRADEABLE,-,SHARES,CY
HUBCUS,UB.D.HUBCUS.CASH.IP,Hub Cyber Security Ltd,N/A,TRADEABLE,-,SHARES,CY
JCNCSP,AG.D.JCNCSP.CASH.IP,Jardine Cycle & Carriage Ltd,N/A,EDITS_ONLY,-,SHARES,CY
ISPYLN,KA.D.ISPYLN.CASH.IP,L&G Cyber Security UCITS ETF,N/A,TRADEABLE,-,SHARES,CY
USPYLN,KA.D.USPYLN.CASH.IP,L&G Cyber Security UCITS ETF,N/A,TRADEABLE,-,SHARES,CY
PDACUS,SE.D.PDACUS.CASH.IP,Li-Cycle Holdings Corp,N/A,OFFLINE,-,SHARES,CY
PCYOUS,UC.D.PCYOUS.CASH.IP,Pure Cycle Corporation,N/A,TRADEABLE,-,SHARES,CY
HACKAU,AB.D.HACKAU.CASH.IP,BetaShares Global Cybersecurity ETF,N/A,EDITS_ONLY,-,SHARES,CY
BCYPUUS,UA.D.BCYPUUS.CASH.IP,Big Cypress Acquisition Corporation,N/A,CLOSED,-,SHARES,CY
PRESLN,KC.D.PRESLN.CASH.IP,Chesterfield Special Cylinders Holdings PLC,N/A,TRADEABLE,-,SHARES,CY
CYHUS,SB.D.CYHUS.CASH.IP,Community Health Systems Inc,N/A,TRADEABLE,-,SHARES,CY
CELPUS,SB.D.CELPUS.CASH.IP,Cypress Environmental Partners LP,N/A,CLOSED,-,SHARES,CY
CZRAU,AB.D.CZRAU.CASH.IP,CZR Resources Limited,N/A,EDITS_ONLY,-,SHARES,CZ
DES2,KA.D.DES2.CASH.IP,L&G DAX(r) Daily 2x Short UCITS ETF - EUR (LSE),N/A,TRADEABLE,-,SHARES,DA
1980JT,AJ.D.1980JT.CASH.IP,Dai-Dan Co Ltd,N/A,EDITS_ONLY,-,SHARES,DA
DARGY,ED.D.DARGY.CASH.IP,DATRON AG,N/A,OFFLINE,-,SHARES,DA
DMNUS,UB.D.DMNUS.CASH.IP,Damon Inc,N/A,OFFLINE,-,SHARES,DA
DSKEUS,UB.D.DSKEUS.CASH.IP,Daseke Inc,N/A,CLOSED,-,SHARES,DA
DTLAU,AB.D.DTLAU.CASH.IP,Data@3 Ltd,N/A,EDITS_ONLY,-,SHARES,DA
DAVEUS,UB.D.DAVEUS.CASH.IP,Dave Inc,N/A,TRADEABLE,-,SHARES,DA
DIDMDC,EP.D.DIDMDC.CASH.IP,Danske Invest - Danmark,N/A,TRADEABLE,-,SHARES,DA
BIKFDC,EP.D.BIKFDC.CASH.IP,Danske Invest - Danmark Indeks,N/A,TRADEABLE,-,SHARES,DA
GY3SGY,ED.D.GY3SGY.CASH.IP,ETFS 3x Daily Short DAX 30,N/A,CLOSED,-,SHARES,DA
DL2PLN,KA.D.DL2PLN.CASH.IP,L&G DAX(r) Daily 2x Long UCITS ETF,N/A,TRADEABLE,-,SHARES,DA
DEL2LN,KA.D.DEL2LN.CASH.IP,L&G DAX(r) Daily 2x Long UCITS ETF,N/A,TRADEABLE,-,SHARES,DA
3LDELN,KA.D.3LDELN.CASH.IP,WisdomTree DAX 30 3x Daily Lev,N/A,TRADEABLE,-,SHARES,DA
3DELLN,KA.D.3DELLN.CASH.IP,WisdomTree DAX 30 3x Daily Lev,N/A,TRADEABLE,-,SHARES,DA
3SDELN,KA.D.3SDELN.CASH.IP,WisdomTree DAX 30 3x Daily Sho,N/A,ON_AUCTION,-,SHARES,DA
3DESLN,KA.D.3DESLN.CASH.IP,WisdomTree DAX 30 3x Daily Sho,N/A,TRADEABLE,-,SHARES,DA
DARDLN,KC.D.DARDLN.CASH.IP,DAR Global PLC,N/A,TRADEABLE,-,SHARES,DA
DTEAUS,UB.D.DTEAUS.CASH.IP,DAVIDsTEA Inc,N/A,OFFLINE,-,SHARES,DA
1405HK,AC.D.1405HK.CASH.IP,DPC Dash Ltd,N/A,EDITS_ONLY,-,SHARES,DA
4202JT,AJ.D.4202JT.CASH.IP,Daicel Corp,N/A,EDITS_ONLY,-,SHARES,DA
DHR,SB.D.DHR.CASH.IP,Danaher Corp (24 Hours),N/A,TRADEABLE,-,SHARES,DA
DNKAU,AB.D.DNKAU.CASH.IP,Danakali Ltd,N/A,CLOSED,-,SHARES,DA
DB,EP.D.DB.CASH.IP,Danske Bank AS,N/A,TRADEABLE,-,SHARES,DA
DKIUS,UB.D.DKIUS.CASH.IP,Darkiris Inc,N/A,TRADEABLE,-,SHARES,DA
DARKLN,KA.D.DARKLN.CASH.IP,Darktrace PLC,N/A,OFFLINE,-,SHARES,DA
DTMAU,AB.D.DTMAU.CASH.IP,Dart Mining NL,N/A,EDITS_ONLY,-,SHARES,DA
DAMGY,ED.D.DAMGY.CASH.IP,Data Modul AG,N/A,TRADEABLE,-,SHARES,DA
DTCSJ,AR.D.DTCSJ.CASH.IP,DataTec Ltd (SA),N/A,TRADEABLE,-,SHARES,DA
DDOGUS,UB.D.DDOGUS.CASH.IP,Datadog Inc (24 Hours),N/A,TRADEABLE,-,SHARES,DA
D6HGY,ED.D.D6HGY.CASH.IP,Datagroup AG,N/A,OFFLINE,-,SHARES,DA
DLE,EE.D.DLE.CASH.IP,Datalex PLC (Euronext Dublin),N/A,OFFLINE,-,SHARES,DA
DALIM,EF.D.DALIM.CASH.IP,Datalogic SpA,N/A,TRADEABLE,-,SHARES,DA
DTSSUS,UB.D.DTSSUS.CASH.IP,Datasea Inc,N/A,TRADEABLE,-,SHARES,DA
CDAYUS,SB.D.CDAYUS.CASH.IP,Dayforce Inc,N/A,CLOSED,-,SHARES,DA
DAXEX,ED.D.DAXEX.CASH.IP,ISHARES DAX DE,N/A,TRADEABLE,-,SHARES,DA
6622JT,AJ.D.6622JT.CASH.IP,DAIHEN Corporation,N/A,EDITS_ONLY,-,SHARES,DA
DCNAU,AB.D.DCNAU.CASH.IP,Dacian Gold Limited,N/A,CLOSED,-,SHARES,DA
DBVFP,EC.D.DBVFP.CASH.IP,DBV Technologies SA,N/A,TRADEABLE,-,SHARES,DB
DBVTUS,UB.D.DBVTUS.CASH.IP,DBV Technologies SA (US),N/A,TRADEABLE,-,SHARES,DB
DGLUS,SI.D.DGLUS.CASH.IP,Invesco DB Gold Fund,N/A,CLOSED,-,SHARES,DB
DBOUS,SI.D.DBOUS.CASH.IP,Invesco DB Oil Fund,N/A,TRADEABLE,-,SHARES,DB
BDDUS,SI.D.BDDUS.CASH.IP,DB Base Metals Double Long ETN,N/A,OFFLINE,-,SHARES,DB
DYYUS,SI.D.DYYUS.CASH.IP,DB Commodity Double Long ETN,N/A,OFFLINE,-,SHARES,DB
DGPUS,SI.D.DGPUS.CASH.IP,DB Gold Double Long ETN,N/A,TRADEABLE,-,SHARES,DB
DZZUS,SI.D.DZZUS.CASH.IP,DB Gold Double Short ETN,N/A,TRADEABLE,-,SHARES,DB
DBSSP,AG.D.DBSSP.CASH.IP,DBS Group Holdings Ltd,N/A,EDITS_ONLY,-,SHARES,DB
DBAUS,SI.D.DBAUS.CASH.IP,Invesco DB Agriculture Fund,N/A,TRADEABLE,-,SHARES,DB
DBBUS,SI.D.DBBUS.CASH.IP,Invesco DB Base Metals Fund,N/A,TRADEABLE,-,SHARES,DB
DBEUS,SI.D.DBEUS.CASH.IP,Invesco DB Energy Fund,N/A,TRADEABLE,-,SHARES,DB
XRH0LN,KA.D.XRH0LN.CASH.IP,db Physical Rhodium ETC,N/A,TRADEABLE,-,SHARES,DB
ETFGS11GY,ED.D.ETFGS11GY.CASH.IP,Deka DB EUROGOV Germany UCITS ETF,N/A,TRADEABLE,-,SHARES,DB
DBCUS,SI.D.DBCUS.CASH.IP,Invesco DB Commodity Index Tracking Fund,N/A,TRADEABLE,-,SHARES,DB
DBP,SI.D.DBP.CASH.IP,Invesco DB Precious Metals Fund,N/A,TRADEABLE,-,SHARES,DB
UDNUS,SI.D.UDNUS.CASH.IP,Invesco DB US Dollar Index Bearish Fund,N/A,TRADEABLE,-,SHARES,DB
UUPUS,SI.D.UUPUS.CASH.IP,Invesco DB US Dollar Index Bullish Fund,N/A,TRADEABLE,-,SHARES,DB
DBJPUS,SI.D.DBJPUS.CASH.IP,db X-trackers MSCI Japan Hedged Equity Fund,N/A,TRADEABLE,-,SHARES,DB
DBMGLN,KA.D.DBMGLN.CASH.IP,iMGP DBi Managed Futures Fund R USD UCITS ETF,N/A,TRADEABLE,-,SHARES,DB
DBMFUS,SI.D.DBMFUS.CASH.IP,iMGP DBi Managed Futures Strategy ETF,N/A,TRADEABLE,-,SHARES,DB
DCUS,SI.D.DCUS.CASH.IP,Dakota Gold Corp,N/A,TRADEABLE,-,SHARES,DC
DCCLN,KA.D.DCCLN.CASH.IP,DCC PLC,N/A,TRADEABLE,-,SHARES,DC
DCD,KC.D.DCD.CASH.IP,DCD Media PLC,N/A,CLOSED,-,SHARES,DC
KDCREITSP,AG.D.KDCREITSP.CASH.IP,Keppel DC REIT,N/A,EDITS_ONLY,-,SHARES,DC
DCILN,KC.D.DCILN.CASH.IP,DCI ADVISORS LTD,N/A,TRADEABLE,-,SHARES,DC
DPMUS,SB.D.DPMUS.CASH.IP,DCP Midstream LP,N/A,CLOSED,-,SHARES,DC
3050JT,AJ.D.3050JT.CASH.IP,DCM Holdings Company Limited,N/A,EDITS_ONLY,-,SHARES,DC
DCFCUS,UB.D.DCFCUS.CASH.IP,Tritium DCFC Limited,N/A,OFFLINE,-,SHARES,DC
DCFCWUS,UB.D.DCFCWUS.CASH.IP,Tritium DCFC Limited - Warrants,N/A,OFFLINE,-,SHARES,DC
DDMXUUS,UB.D.DDMXUUS.CASH.IP,DD3 Acquisition Corp. II (Unit),N/A,CLOSED,-,SHARES,DD
DDHAU,AB.D.DDHAU.CASH.IP,DDH 1 Drilling Pty Limited,N/A,CLOSED,-,SHARES,DD
NLBLI,PK.D.NLBLI.CASH.IP,Nova Ljubljanska Banka dd,N/A,TRADEABLE,-,SHARES,DD
DE,SB.D.DE.CASH.IP,Deere & Co (24 Hours),N/A,TRADEABLE,-,SHARES,DE
DLAR,KA.D.DLAR.CASH.IP,De La Rue PLC,N/A,OFFLINE,-,SHARES,DE
WDH,EP.D.WDH.CASH.IP,Demant AS,N/A,TRADEABLE,-,SHARES,DE
DXS,AA.D.DXS.CASH.IP,Dexus,N/A,EDITS_ONLY,-,SHARES,DE
DLGIM,EF.D.DLGIM.CASH.IP,De' Longhi,N/A,TRADEABLE,-,SHARES,DE
DFXLN,KC.D.DFXLN.CASH.IP,Defenx PLC,N/A,OFFLINE,-,SHARES,DE
DELFISP,AG.D.DELFISP.CASH.IP,Delfi Ltd,N/A,EDITS_ONLY,-,SHARES,DE
2432JT,AJ.D.2432JT.CASH.IP,Dena Co Ltd,N/A,EDITS_ONLY,-,SHARES,DE
DENNUS,UB.D.DENNUS.CASH.IP,Denny's Corp,N/A,CLOSED,-,SHARES,DE
6902JT,AJ.D.6902JT.CASH.IP,Denso Corp,N/A,EDITS_ONLY,-,SHARES,DE
SOSSM,EI.D.SOSSM.CASH.IP,Deoleo SA,N/A,TRADEABLE,-,SHARES,DE
DBK,ED.D.DBK.CASH.IP,Deutsche Bank AG,N/A,TRADEABLE,-,SHARES,DE
DEZGY,ED.D.DEZGY.CASH.IP,Deutz AG,N/A,TRADEABLE,-,SHARES,DE
DVO,KA.D.DVO.CASH.IP,Devro PLC,N/A,OFFLINE,-,SHARES,DE
DXCM,UB.D.DXCM.CASH.IP,DexCom Inc (24 Hours),N/A,TRADEABLE,-,SHARES,DE
DEXB,EA.D.DEXB.CASH.IP,Dexia SA,N/A,CLOSED,-,SHARES,DE
PDEXUS,UC.D.PDEXUS.CASH.IP,Pro-Dex Inc,N/A,TRADEABLE,-,SHARES,DE
PRS,EI.D.PRS.CASH.IP,Promotora de Informaciones SA,N/A,TRADEABLE,-,SHARES,DE
JNVRUS,UB.D.JNVRUS.CASH.IP,DeFi Development Corp,N/A,TRADEABLE,-,SHARES,DE
DEMEBB,EA.D.DEMEBB.CASH.IP,DEME Group NV,N/A,TRADEABLE,-,SHARES,DE
VP7AU,AB.D.VP7AU.CASH.IP,Dealt Limited,N/A,CLOSED,-,SHARES,DE
DF,SB.D.DF.CASH.IP,Dean Foods Co,N/A,CLOSED,-,SHARES,DE
DECBBB,EA.D.DECBBB.CASH.IP,Deceuninck NV,N/A,TRADEABLE,-,SHARES,DE
DEDISS,EH.D.DEDISS.CASH.IP,Dedicare AB (publ),N/A,TRADEABLE,-,SHARES,DE
A0MZ4BGY,ED.D.A0MZ4BGY.CASH.IP,Delignit AG,N/A,TRADEABLE,-,SHARES,DE
DEXGY,ED.D.DEXGY.CASH.IP,Delticom AG,N/A,OFFLINE,-,SHARES,DE
DLX,SB.D.DLX.CASH.IP,Deluxe Corp,N/A,TRADEABLE,-,SHARES,DE
DMTKUS,UB.D.DMTKUS.CASH.IP,DermTech Inc,N/A,CLOSED,-,SHARES,DE
DFDSDC,EP.D.DFDSDC.CASH.IP,DFDS AS,N/A,TRADEABLE,-,SHARES,DF
DFSLN,KA.D.DFSLN.CASH.IP,DFS Furniture Ltd,N/A,TRADEABLE,-,SHARES,DF
DFISP,AG.D.DFISP.CASH.IP,DFI Retail Group Holdings Ltd,N/A,EDITS_ONLY,-,SHARES,DF
DG,SB.D.DG.CASH.IP,Dollar General Corp (24 Hours),N/A,TRADEABLE,-,SHARES,DG
DGFP,EC.D.DGFP.CASH.IP,Vinci SA,N/A,TRADEABLE,-,SHARES,DG
DGRAU,AB.D.DGRAU.CASH.IP,DGR Global Ltd,N/A,EDITS_ONLY,-,SHARES,DG
PATHLN,KC.D.PATHLN.CASH.IP,DG INNOVATE PLC,N/A,OFFLINE,-,SHARES,DG
DGLAU,AB.D.DGLAU.CASH.IP,DGL Group Limited,N/A,EDITS_ONLY,-,SHARES,DG
DGOAU,AB.D.DGOAU.CASH.IP,DGO Gold Limited,N/A,CLOSED,-,SHARES,DG
6789JT,AJ.D.6789JT.CASH.IP,Roland DG Corporation,N/A,CLOSED,-,SHARES,DG
DHUS,UB.D.DHUS.CASH.IP,Definitive Healthcare Corporation,N/A,TRADEABLE,-,SHARES,DH
DPW,ED.D.DPW.CASH.IP,DHL Group,N/A,TRADEABLE,-,SHARES,DH
DHTUS,SB.D.DHTUS.CASH.IP,DHT Holdings Inc,N/A,TRADEABLE,-,SHARES,DH
JUNEUS,SI.D.JUNEUS.CASH.IP,Dhandho Junoon ETF,N/A,OFFLINE,-,SHARES,DH
DHCAUS,UB.D.DHCAUS.CASH.IP,DHC Acquisition Corporation,N/A,OFFLINE,-,SHARES,DH
DHSLN,KA.D.DHSLN.CASH.IP,WisdomTree US Equity Income UCITS ETF - DHS,N/A,TRADEABLE,-,SHARES,DH
DGE,KA.D.DGE.CASH.IP,Diageo PLC,N/A,TRADEABLE,-,SHARES,DI
2559HK,AC.D.2559HK.CASH.IP,Dida Inc,N/A,EDITS_ONLY,-,SHARES,DI
DIGIAFH,EB.D.DIGIAFH.CASH.IP,Digia Oyj,N/A,TRADEABLE,-,SHARES,DI
DIGIZDC,EP.D.DIGIZDC.CASH.IP,Digizuite AS,N/A,OFFLINE,-,SHARES,DI
DIOD,UB.D.DIOD.CASH.IP,Diodes Inc,N/A,TRADEABLE,-,SHARES,DI
DISTSS,EH.D.DISTSS.CASH.IP,DistIT AB (publ),N/A,TRADEABLE,-,SHARES,DI
BES,KC.D.BES.CASH.IP,Distil Plc,N/A,TRADEABLE,-,SHARES,DI
DRCTUS,UB.D.DRCTUS.CASH.IP,Direct Digital Holdings Inc,N/A,TRADEABLE,-,SHARES,DI
DIAIM,EF.D.DIAIM.CASH.IP,DiaSorin SpA,N/A,OFFLINE,-,SHARES,DI
DEOUS,SB.D.DEOUS.CASH.IP,Diageo PLC - ADR,N/A,TRADEABLE,-,SHARES,DI
DIA,KA.D.DIA.CASH.IP,Dialight PLC,N/A,TRADEABLE,-,SHARES,DI
DNMLN,KC.D.DNMLN.CASH.IP,Dianomi PLC,N/A,TRADEABLE,-,SHARES,DI
DGNXUS,UB.D.DGNXUS.CASH.IP,Diginex Ltd,N/A,TRADEABLE,-,SHARES,DI
DTY,KA.D.DTY.CASH.IP,Dignity PLC,N/A,OFFLINE,-,SHARES,DI
DDS,SB.D.DDS.CASH.IP,Dillard's Inc,N/A,TRADEABLE,-,SHARES,DI
DPLM,KA.D.DPLM.CASH.IP,Diploma PLC,N/A,TRADEABLE,-,SHARES,DI
DISCA,UB.D.DISCA.CASH.IP,Discovery Inc - A,N/A,CLOSED,-,SHARES,DI
DSYSJ,AR.D.DSYSJ.CASH.IP,Discovery Ltd,N/A,TRADEABLE,-,SHARES,DI
TWINUS,UD.D.TWINUS.CASH.IP,Twin Disc Inc,N/A,TRADEABLE,-,SHARES,DI
UBCLN,KC.D.UBCLN.CASH.IP,7 Digital Group Plc,N/A,OFFLINE,-,SHARES,DI
HKDUS,SC.D.HKDUS.CASH.IP,AMTD Digital Inc - ADR,N/A,TRADEABLE,-,SHARES,DI
ANGLN,KC.D.ANGLN.CASH.IP,Angling Direct PLC,N/A,TRADEABLE,-,SHARES,DI
BDX,SA.D.BDX.CASH.IP,Becton Dickinson and Co (24 Hours),N/A,TRADEABLE,-,SHARES,DI
DNJRUS,UB.D.DNJRUS.CASH.IP,Bit Digital Inc (24 Hours),N/A,TRADEABLE,-,SHARES,DI
CDI,EC.D.CDI.CASH.IP,Christian Dior SA,N/A,TRADEABLE,-,SHARES,DI
CLIQGY,ED.D.CLIQGY.CASH.IP,Cliq Digital AG,N/A,TRADEABLE,-,SHARES,DI
CODXUS,UA.D.CODXUS.CASH.IP,Co-Diagnostics Inc,N/A,TRADEABLE,-,SHARES,DI
DMYDBSS,EH.D.DMYDBSS.CASH.IP,DIAMYD MEDICAL AB,N/A,TRADEABLE,-,SHARES,DI
4631JT,AJ.D.4631JT.CASH.IP,DIC Corporation,N/A,EDITS_ONLY,-,SHARES,DI
2379JT,AJ.D.2379JT.CASH.IP,DIP Corporation,N/A,EDITS_ONLY,-,SHARES,DI
DISH,UB.D.DISH.CASH.IP,DISH Network Corp,N/A,CLOSED,-,SHARES,DI
DIDIUS,SB.D.DIDIUS.CASH.IP,DiDi Global Inc,N/A,OFFLINE,-,SHARES,DI
DXRXLN,KC.D.DXRXLN.CASH.IP,Diaceutics Plc,N/A,TRADEABLE,-,SHARES,DI
DIABIOSS,EH.D.DIABIOSS.CASH.IP,Diagonal Bio AB,N/A,OFFLINE,-,SHARES,DI
DRVLN,KC.D.DRVLN.CASH.IP,Diales Group PLC,N/A,TRADEABLE,-,SHARES,DI
DSX,SB.D.DSX.CASH.IP,Diana Shipping Inc,N/A,TRADEABLE,-,SHARES,DI
DSXWSUS,SB.D.DSXWSUS.CASH.IP,Diana Shipping Inc (Warrants),N/A,TRADEABLE,-,SHARES,DI
DHXUS,SB.D.DHXUS.CASH.IP,Dice Holdings Inc,N/A,TRADEABLE,-,SHARES,DI
DDRAU,AB.D.DDRAU.CASH.IP,Dicker Data Limited,N/A,EDITS_ONLY,-,SHARES,DI
DBD,SB.D.DBD.CASH.IP,Diebold Nixdorf Inc,N/A,OFFLINE,-,SHARES,DI
DIEGY,ED.D.DIEGY.CASH.IP,Dierig Holding AG,N/A,OFFLINE,-,SHARES,DI
DGHIUS,UB.D.DGHIUS.CASH.IP,Digi Power X Inc,N/A,TRADEABLE,-,SHARES,DI
2326JT,AJ.D.2326JT.CASH.IP,Digital Arts Inc,N/A,EDITS_ONLY,-,SHARES,DI
DIBIM,EF.D.DIBIM.CASH.IP,Digital Bros SpA,N/A,TRADEABLE,-,SHARES,DI
DJURDC,EP.D.DJURDC.CASH.IP,Djurslands Bank A/S,N/A,TRADEABLE,-,SHARES,DJ
DJW,AA.D.DJW.CASH.IP,Djerriwarrh Investments Ltd,N/A,EDITS_ONLY,-,SHARES,DJ
ECAIGX,KA.D.ECAIGX.CASH.IP,ETFS Ex-Energy DJ-UBSCISM,N/A,OFFLINE,-,SHARES,DJ
ECAIGS,KA.D.ECAIGS.CASH.IP,WisdomTree Softs DJ-UBSCISM,N/A,TRADEABLE,-,SHARES,DJ
DJWNAU,AB.D.DJWNAU.CASH.IP,Djerriwarrh Investments Limited,N/A,CLOSED,-,SHARES,DJ
UCOUS,SI.D.UCOUS.CASH.IP,ProShares Ultra DJ-UBS Crude Oil,N/A,TRADEABLE,-,SHARES,DJ
BOIL,SI.D.BOIL.CASH.IP,ProShares Ultra DJ-UBS Natural Gas ETF,N/A,TRADEABLE,-,SHARES,DJ
ECAIGI,KA.D.ECAIGI.CASH.IP,WisdomTree Industrial Metals DJ-UBSCISM,N/A,TRADEABLE,-,SHARES,DJ
ECAIGL,KA.D.ECAIGL.CASH.IP,WisdomTree Livestock DJ-AIGSM,N/A,TRADEABLE,-,SHARES,DJ
SDGPEXGY,ED.D.SDGPEXGY.CASH.IP,iShares DJ STOXX Global Select Dividend 100 UCITS DE,N/A,TRADEABLE,-,SHARES,DJ
DKUS,SB.D.DKUS.CASH.IP,Delek US Holdings Inc,N/A,TRADEABLE,-,SHARES,DK
6706JT,AJ.D.6706JT.CASH.IP,DKK Company Limited,N/A,EDITS_ONLY,-,SHARES,DK
4461JT,AJ.D.4461JT.CASH.IP,DKS Company Limited,N/A,EDITS_ONLY,-,SHARES,DK
DKSHSW,EJ.D.DKSHSW.CASH.IP,DKSH Holding Limited,N/A,TRADEABLE,-,SHARES,DK
3686JT,AJ.D.3686JT.CASH.IP,DLE Inc,N/A,EDITS_ONLY,-,SHARES,DL
DLOUS,UB.D.DLOUS.CASH.IP,DLocal Limited,N/A,TRADEABLE,-,SHARES,DL
1709HK,AC.D.1709HK.CASH.IP,DL Holdings Group Ltd,N/A,EDITS_ONLY,-,SHARES,DL
DLTMLN,KA.D.DLTMLN.CASH.IP,iShares MSCI EM Latin America UCITS ETF (Dist) - DLTM,N/A,TRADEABLE,-,SHARES,DL
DMMAU,AB.D.DMMAU.CASH.IP,DMC Mining Limited,N/A,CLOSED,-,SHARES,DM
GILGY,ED.D.GILGY.CASH.IP,DMG MORI AKTIENGESELLSCHAFT,N/A,TRADEABLE,-,SHARES,DM
6141JT,AJ.D.6141JT.CASH.IP,DMG Mori Company Limited,N/A,EDITS_ONLY,-,SHARES,DM
DMXSP,AG.D.DMXSP.CASH.IP,DMX Technologies Group Ltd,N/A,CLOSED,-,SHARES,DM
2109JT,AJ.D.2109JT.CASH.IP,Mitsui DM Sugar Co Limited,N/A,EDITS_ONLY,-,SHARES,DM
DMYDUUS,SB.D.DMYDUUS.CASH.IP,dMY Technology Group Inc. II (Unit),N/A,CLOSED,-,SHARES,DM
DMYIUUS,SB.D.DMYIUUS.CASH.IP,dMY Technology Group Inc. III,N/A,CLOSED,-,SHARES,DM
DMMOAU,AB.D.DMMOAU.CASH.IP,DMC Mining Ltd Options @ AUD 0.20 EXP 30/04/2026,N/A,CLOSED,-,SHARES,DM
DNBNO,EL.D.DNBNO.CASH.IP,DNB ASA,N/A,TRADEABLE,-,SHARES,DN
OBXDNO,EL.D.OBXDNO.CASH.IP,DNB OBX,N/A,TRADEABLE,-,SHARES,DN
DNOWUS,SB.D.DNOWUS.CASH.IP,DNOW Inc,N/A,TRADEABLE,-,SHARES,DN
APDNUS,UA.D.APDNUS.CASH.IP,Applied DNA Sciences Inc,N/A,TRADEABLE,-,SHARES,DN
DNONO,EL.D.DNONO.CASH.IP,DNO International ASA,N/A,TRADEABLE,-,SHARES,DN
DNPUS,SB.D.DNPUS.CASH.IP,DNP Select Income Fund Inc,N/A,TRADEABLE,-,SHARES,DN
DOUS,SB.D.DOUS.CASH.IP,Diamond Offshore Drilling Inc - New,N/A,CLOSED,-,SHARES,DO
DO,SB.D.DO.CASH.IP,Diamond Offshore Drilling Inc - OTC/Delisted,N/A,CLOSED,-,SHARES,DO
DPEULN,KA.D.DPEULN.CASH.IP,DP Eurasia NV,N/A,CLOSED,-,SHARES,DP
DPPLN,KC.D.DPPLN.CASH.IP,DP Poland PLC,N/A,TRADEABLE,-,SHARES,DP
DPANA,EG.D.DPANA.CASH.IP,DPA Group NV,N/A,CLOSED,-,SHARES,DP
DPMAU,AB.D.DPMAU.CASH.IP,DPM Metals Inc,N/A,EDITS_ONLY,-,SHARES,DP
DPM,KN.D.DPM.CASH.IP,DPM Metals Inc,N/A,TRADEABLE,-,SHARES,DP
DPMLFUS,SB.D.DPMLFUS.CASH.IP,DPM Metals Inc (US OTC),N/A,OFFLINE,-,SHARES,DP
XPOAUS,SH.D.XPOAUS.CASH.IP,DPCM Capital Inc (Ord),N/A,CLOSED,-,SHARES,DP
QBTSWSUS,SG.D.QBTSWSUS.CASH.IP,DPCM Capital Inc (Warrants),N/A,CLOSED,-,SHARES,DP
DPALN,KC.D.DPALN.CASH.IP,DP Aircraft I Limited,N/A,TRADEABLE,-,SHARES,DP
DP3DLN,KC.D.DP3DLN.CASH.IP,Downing THREE VCT PLC - DP3D,N/A,OFFLINE,-,SHARES,DP
DP3ELN,KC.D.DP3ELN.CASH.IP,Downing THREE VCT PLC - DP3E,N/A,OFFLINE,-,SHARES,DP
DP3HLN,KC.D.DP3HLN.CASH.IP,Downing THREE VCT PLC - DP3H,N/A,CLOSED,-,SHARES,DP
DP2DLN,KC.D.DP2DLN.CASH.IP,Downing Two VCT PLC - DP2D,N/A,OFFLINE,-,SHARES,DP
DP2ELN,KC.D.DP2ELN.CASH.IP,Downing Two VCT PLC - DP2E,N/A,OFFLINE,-,SHARES,DP
DPSTUS,SI.D.DPSTUS.CASH.IP,Direxion Daily Regional Banks Bull 3X Shares - DPST,N/A,TRADEABLE,-,SHARES,DP
DQUS,SB.D.DQUS.CASH.IP,Daqo New Energy Corp,N/A,TRADEABLE,-,SHARES,DQ
DHI,SB.D.DHI.CASH.IP,DR Horton Inc (24 Hours),N/A,TRADEABLE,-,SHARES,DR
DRDSJ,AR.D.DRDSJ.CASH.IP,DRDGOLD Ltd (SA),N/A,TRADEABLE,-,SHARES,DR
DOCSLN,KA.D.DOCSLN.CASH.IP,Dr. Martens Plc,N/A,TRADEABLE,-,SHARES,DR
DPROUS,UB.D.DPROUS.CASH.IP,Draganfly Inc,N/A,TRADEABLE,-,SHARES,DR
GROWID,EE.D.GROWID.CASH.IP,Draper Esprit (IE),N/A,OFFLINE,-,SHARES,DR
DRX,KA.D.DRX.CASH.IP,Drax Group PLC,N/A,TRADEABLE,-,SHARES,DR
DRILSS,EH.D.DRILSS.CASH.IP,Drillcon AB (publ),N/A,TRADEABLE,-,SHARES,DR
ALDRVFP,EC.D.ALDRVFP.CASH.IP,Drone Volt SA,N/A,TRADEABLE,-,SHARES,DR
DBXUS,UB.D.DBXUS.CASH.IP,Dropbox Inc,N/A,TRADEABLE,-,SHARES,DR
EXMAU,AB.D.EXMAU.CASH.IP,Dropsuite Ltd,N/A,CLOSED,-,SHARES,DR
DRAAU,AB.D.DRAAU.CASH.IP,DRA Global Limited,N/A,CLOSED,-,SHARES,DR
DROOY,SB.D.DROOY.CASH.IP,DRDGOLD Ltd - ADR,N/A,TRADEABLE,-,SHARES,DR
DDRILNO,EL.D.DDRILNO.CASH.IP,Dolphin Drilling AS (Oslo),N/A,TRADEABLE,-,SHARES,DR
DKNGUS,UB.D.DKNGUS.CASH.IP,DraftKings Inc,N/A,TRADEABLE,-,SHARES,DR
1712HK,AC.D.1712HK.CASH.IP,Dragon Mining Ltd,N/A,EDITS_ONLY,-,SHARES,DR
DRGUCT,KN.D.DRGUCT.CASH.IP,Dream Global REIT,N/A,OFFLINE,-,SHARES,DR
4310JT,AJ.D.4310JT.CASH.IP,Dream Incubator Inc,N/A,EDITS_ONLY,-,SHARES,DR
DRNZGY,ED.D.DRNZGY.CASH.IP,Drone UCITS ETF (Ger),N/A,OFFLINE,-,SHARES,DR
DRONLN,KA.D.DRONLN.CASH.IP,Drone UCITS ETF (USD),N/A,TRADEABLE,-,SHARES,DR
GDLLN,KA.D.GDLLN.CASH.IP,Greka Drilling Ltd,N/A,OFFLINE,-,SHARES,DR
DPS,SB.D.DPS.CASH.IP,Keurig Dr Pepper Inc (24 Hours),N/A,TRADEABLE,-,SHARES,DR
2VZGR,ED.D.2VZGR.CASH.IP,Leonardo DRS Inc,N/A,TRADEABLE,-,SHARES,DR
RADAUS,UC.D.RADAUS.CASH.IP,Leonardo DRS Inc,N/A,TRADEABLE,-,SHARES,DR
NORAMNO,EL.D.NORAMNO.CASH.IP,Noram Drilling AS,N/A,TRADEABLE,-,SHARES,DR
ODCUS,SE.D.ODCUS.CASH.IP,Oil-Dri Corp. of America,N/A,TRADEABLE,-,SHARES,DR
SHLFNO,EL.D.SHLFNO.CASH.IP,Shelf Drilling Ltd,N/A,OFFLINE,-,SHARES,DR
278AJT,AJ.D.278AJT.CASH.IP,Terra Drone Corp,N/A,EDITS_ONLY,-,SHARES,DR
VTGUS,SI.D.VTGUS.CASH.IP,Vantage Drilling Co,N/A,OFFLINE,-,SHARES,DR
CG1LN,KA.D.CG1LN.CASH.IP,Amundi ETF DAX UCITS ETF DR,N/A,TRADEABLE,-,SHARES,DR
EFM,KA.D.EFM.CASH.IP,Asia Dragon Trust Plc,N/A,OFFLINE,-,SHARES,DR
BDRILLNO,EL.D.BDRILLNO.CASH.IP,Borr Drilling Limited,N/A,CLOSED,-,SHARES,DR
BORRUS,SA.D.BORRUS.CASH.IP,Borr Drilling Limited (US),N/A,TRADEABLE,-,SHARES,DR
CAPD,KC.D.CAPD.CASH.IP,Capital Drilling Ltd,N/A,TRADEABLE,-,SHARES,DR
CSCAU,AB.D.CSCAU.CASH.IP,Capstone Copper Corp (AU) DR,N/A,EDITS_ONLY,-,SHARES,DR
CJJDUS,UA.D.CJJDUS.CASH.IP,China Jo-Jo Drugstores Inc,N/A,TRADEABLE,-,SHARES,DR
RDYUS,SG.D.RDYUS.CASH.IP,Dr Reddy's Laboratories Ltd - ADR,N/A,TRADEABLE,-,SHARES,DR
DRAIUS,SI.D.DRAIUS.CASH.IP,Draco Evolution AI ETF,N/A,TRADEABLE,-,SHARES,DR
DRW3,ED.D.DRW3.CASH.IP,Draegerwerk AG & Co KGaA,N/A,TRADEABLE,-,SHARES,DR
DRW8GY,ED.D.DRW8GY.CASH.IP,Dragerwerk AG & Co. KGaA,N/A,TRADEABLE,-,SHARES,DR
DMGAU,AB.D.DMGAU.CASH.IP,Dragon Mountain Gold Limited,N/A,EDITS_ONLY,-,SHARES,DR
DTSAU,AB.D.DTSAU.CASH.IP,Dragontail Systems Limited,N/A,CLOSED,-,SHARES,DR
TYKAU,AB.D.TYKAU.CASH.IP,Dreadnought Resources Ltd,N/A,EDITS_ONLY,-,SHARES,DR
DFHUS,UB.D.DFHUS.CASH.IP,Dream Finders Homes Inc,N/A,TRADEABLE,-,SHARES,DR
1126HK,AC.D.1126HK.CASH.IP,Dream International Ltd,N/A,EDITS_ONLY,-,SHARES,DR
DRMCN,KN.D.DRMCN.CASH.IP,Dream Unlimited Corporation,N/A,TRADEABLE,-,SHARES,DR
3793JT,AJ.D.3793JT.CASH.IP,Drecom Company Limited,N/A,EDITS_ONLY,-,SHARES,DR
DRLCODC,EP.D.DRLCODC.CASH.IP,Drilling Company Of 1972 A S (The),N/A,OFFLINE,-,SHARES,DR
DSV,EP.D.DSV.CASH.IP,DSV AS,N/A,TRADEABLE,-,SHARES,DS
DSSUS,SB.D.DSSUS.CASH.IP,DSS Inc,N/A,TRADEABLE,-,SHARES,DS
SMDS,KA.D.SMDS.CASH.IP,DS Smith PLC,N/A,ON_AUCTION,-,SHARES,DS
DSPGUS,UB.D.DSPGUS.CASH.IP,DSP Group Inc,N/A,CLOSED,-,SHARES,DS
DSFIRNA,EG.D.DSFIRNA.CASH.IP,DSM-Firmenich AG,N/A,TRADEABLE,-,SHARES,DS
DSWLN,KC.D.DSWLN.CASH.IP,DSW Capital PLC,N/A,TRADEABLE,-,SHARES,DS
DSMNA,EG.D.DSMNA.CASH.IP,Koninklijke DSM NV,N/A,CLOSED,-,SHARES,DS
DTUS,SB.D.DTUS.CASH.IP,Dynatrace Inc,N/A,TRADEABLE,-,SHARES,DT
DTE,SB.D.DTE.CASH.IP,DTE Energy Co (24 Hours),N/A,TRADEABLE,-,SHARES,DT
DTMWUS,SB.D.DTMWUS.CASH.IP,DT Midstream Inc,N/A,TRADEABLE,-,SHARES,DT
DTIAU,AB.D.DTIAU.CASH.IP,DTI Group Limited,N/A,EDITS_ONLY,-,SHARES,DT
9682JT,AJ.D.9682JT.CASH.IP,DTS Corporation,N/A,EDITS_ONLY,-,SHARES,DT
DUELLFH,EB.D.DUELLFH.CASH.IP,Duell Oyj,N/A,TRADEABLE,-,SHARES,DU
DUEGY,ED.D.DUEGY.CASH.IP,Duerr AG,N/A,TRADEABLE,-,SHARES,DU
DUSTSS,EH.D.DUSTSS.CASH.IP,Dustin AB (publ),N/A,TRADEABLE,-,SHARES,DU
DUK,SB.D.DUK.CASH.IP,Duke Energy Corp (24 Hours),N/A,TRADEABLE,-,SHARES,DU
DCOUS,SB.D.DCOUS.CASH.IP,Ducommun Inc,N/A,TRADEABLE,-,SHARES,DU
DEARSS,EH.D.DEARSS.CASH.IP,Duearity AB,N/A,OFFLINE,-,SHARES,DU
DUOLUS,UB.D.DUOLUS.CASH.IP,Duolingo Inc (24 Hours),N/A,TRADEABLE,-,SHARES,DU
DRRXUS,UB.D.DRRXUS.CASH.IP,Durect Corp,N/A,CLOSED,-,SHARES,DU
DPTFP,EC.D.DPTFP.CASH.IP,S.T. Dupont SA,N/A,TRADEABLE,-,SHARES,DU
DRE,SB.D.DRE.CASH.IP,Duke Realty Corp,N/A,CLOSED,-,SHARES,DU
DLTHUS,UB.D.DLTHUS.CASH.IP,Duluth Holdings Inc,N/A,TRADEABLE,-,SHARES,DU
DNBUS,SB.D.DNBUS.CASH.IP,Dun & Bradstreet Corp,N/A,CLOSED,-,SHARES,DU
DCACN,KN.D.DCACN.CASH.IP,Dundee Corporation,N/A,TRADEABLE,-,SHARES,DU
DNLM,KA.D.DNLM.CASH.IP,Dunelm Group PLC,N/A,TRADEABLE,-,SHARES,DU
DURAU,AB.D.DURAU.CASH.IP,Duratec Limited,N/A,EDITS_ONLY,-,SHARES,DU
MDFSM,EI.D.MDFSM.CASH.IP,Duro Felguera SA,N/A,TRADEABLE,-,SHARES,DU
DSKAU,AB.D.DSKAU.CASH.IP,Dusk Group Limited,N/A,EDITS_ONLY,-,SHARES,DU
DBFAU,AB.D.DBFAU.CASH.IP,Duxton Farms Ltd,N/A,EDITS_ONLY,-,SHARES,DU
DNDCN,KN.D.DNDCN.CASH.IP,Dye & Durham Limited,N/A,TRADEABLE,-,SHARES,DU
MDMFP,EC.D.MDMFP.CASH.IP,Maisons du Monde SA,N/A,TRADEABLE,-,SHARES,DU
TDSAPL,PO.D.TDSAPL.CASH.IP,Teixeira Duarte SA,N/A,TRADEABLE,-,SHARES,DU
WDUS,SH.D.WDUS.CASH.IP,Walker & Dunlop Inc,N/A,TRADEABLE,-,SHARES,DU
CBDGFP,EC.D.CBDGFP.CASH.IP,Compagnie du Cambodge,N/A,OFFLINE,-,SHARES,DU
DUGAU,AB.D.DUGAU.CASH.IP,DUG Technology Limited,N/A,EDITS_ONLY,-,SHARES,DU
DWDPUS,SB.D.DWDPUS.CASH.IP,DuPont de Nemours Inc (24 Hours),N/A,TRADEABLE,-,SHARES,DU
DUBAU,AB.D.DUBAU.CASH.IP,Dubber Corporation Limited,N/A,EDITS_ONLY,-,SHARES,DU
DCTUS,UB.D.DCTUS.CASH.IP,Duck Creek Technologies Inc,N/A,CLOSED,-,SHARES,DU
NAPAUS,SE.D.NAPAUS.CASH.IP,Duckhorn Portfolio Inc/The,N/A,CLOSED,-,SHARES,DU
DUKELN,KC.D.DUKELN.CASH.IP,Duke Capital Limited,N/A,TRADEABLE,-,SHARES,DU
DKMAU,AB.D.DKMAU.CASH.IP,Duketon Mining Limited,N/A,EDITS_ONLY,-,SHARES,DU
DUNAU,AB.D.DUNAU.CASH.IP,Dundas Minerals Limited,N/A,EDITS_ONLY,-,SHARES,DU
4665JT,AJ.D.4665JT.CASH.IP,Duskin Company Limited,N/A,EDITS_ONLY,-,SHARES,DU
DFILSP,AG.D.DFILSP.CASH.IP,Duty Free International Ltd,N/A,EDITS_ONLY,-,SHARES,DU
RDSA,KA.D.RDSA.CASH.IP,Royal Dutch Shell PLC - A (LSE),N/A,OFFLINE,-,SHARES,DU
ALVDMFP,EC.D.ALVDMFP.CASH.IP,Voyageurs du Monde SA,N/A,TRADEABLE,-,SHARES,DU
MWOTGY,ED.D.MWOTGY.CASH.IP,Amundi Russell 1000 Growth UCITS ETF/Dublin,N/A,TRADEABLE,-,SHARES,DU
ADEFAU,AB.D.ADEFAU.CASH.IP,Apostle Dundas Global Equity Fund/ETF,N/A,EDITS_ONLY,-,SHARES,DU
BLWUS,SA.D.BLWUS.CASH.IP,BlackRock Limited Duration Income Trust,N/A,TRADEABLE,-,SHARES,DU
DSACUUS,UB.D.DSACUUS.CASH.IP,Duddell Street Acquisition Corporation,N/A,CLOSED,-,SHARES,DU
DREFLN,KA.D.DREFLN.CASH.IP,Duet Real Estate Finance Ltd/Fund,N/A,OFFLINE,-,SHARES,DU
DPGUS,SB.D.DPGUS.CASH.IP,Duff & Phelps Global Utility Income Fund Inc,N/A,TRADEABLE,-,SHARES,DU
DSEUS,SB.D.DSEUS.CASH.IP,Duff & Phelps Select Energy MLP Fund Inc,N/A,CLOSED,-,SHARES,DU
DUNEUUS,UB.D.DUNEUUS.CASH.IP,Dune Acquisition Corporation (unit),N/A,CLOSED,-,SHARES,DU
DNELN,KA.D.DNELN.CASH.IP,Dunedin Enterprise Investment Trust PLC,N/A,SUSPENDED,-,SHARES,DU
DVUS,SB.D.DVUS.CASH.IP,DoubleVerify Holdings Inc,N/A,TRADEABLE,-,SHARES,DV
DWUS,SB.D.DWUS.CASH.IP,LCI Industries,N/A,TRADEABLE,-,SHARES,DW
DWFLN,KA.D.DWFLN.CASH.IP,DWF Group plc,N/A,OFFLINE,-,SHARES,DW
CHD,SB.D.CHD.CASH.IP,Church & Dwight Co Inc (24 Hours),N/A,TRADEABLE,-,SHARES,DW
DWSGY,ED.D.DWSGY.CASH.IP,DWS Group GmbH & Co. KGaA,N/A,TRADEABLE,-,SHARES,DW
KTFUS,SD.D.KTFUS.CASH.IP,DWS Municipal Income Trust,N/A,TRADEABLE,-,SHARES,DW
DXUS,SB.D.DXUS.CASH.IP,Dynex Capital Inc,N/A,TRADEABLE,-,SHARES,DX
DXNOAAU,AB.D.DXNOAAU.CASH.IP,DXN Ltd,N/A,CLOSED,-,SHARES,DX
DXLN,KA.D.DXLN.CASH.IP,DX Group Ltd,N/A,OFFLINE,-,SHARES,DX
DXNAU,AB.D.DXNAU.CASH.IP,DXN Limited,N/A,EDITS_ONLY,-,SHARES,DX
VRCILN,KC.D.VRCILN.CASH.IP,Verici Dx PLC,N/A,TRADEABLE,-,SHARES,DX
DXPEUS,UB.D.DXPEUS.CASH.IP,DXP Enterprises Inc,N/A,TRADEABLE,-,SHARES,DX
DXCUS,SB.D.DXCUS.CASH.IP,DXC Technology Company,N/A,TRADEABLE,-,SHARES,DX
DXSPPZ,KC.D.DXSPPZ.CASH.IP,DXS International PLC,N/A,TRADEABLE,-,SHARES,DX
DXNODAU,AB.D.DXNODAU.CASH.IP,DXN Limited OPTIONS @0.02 EXP 18.05.2022,N/A,CLOSED,-,SHARES,DX
DY,SB.D.DY.CASH.IP,Dycom Industries Inc,N/A,TRADEABLE,-,SHARES,DY
DYN,SB.D.DYN.CASH.IP,Dynegy Inc,N/A,OFFLINE,-,SHARES,DY
ETHMUS,UB.D.ETHMUS.CASH.IP,Dynamix Corp,N/A,TRADEABLE,-,SHARES,DY
ABDPLN,KC.D.ABDPLN.CASH.IP,AB Dynamics PLC,N/A,TRADEABLE,-,SHARES,DY
TDVOXSS,EH.D.TDVOXSS.CASH.IP,Dynavox Group AB,N/A,TRADEABLE,-,SHARES,DY
IPL,AF.D.IPL.CASH.IP,Dyno Nobel Limited,N/A,EDITS_ONLY,-,SHARES,DY
STLD,UD.D.STLD.CASH.IP,Steel Dynamics Inc (24 Hours),N/A,TRADEABLE,-,SHARES,DY
PLOWUS,SE.D.PLOWUS.CASH.IP,Douglas Dynamics Inc,N/A,TRADEABLE,-,SHARES,DY
2590JT,AJ.D.2590JT.CASH.IP,DyDo Group Holdings Inc,N/A,EDITS_ONLY,-,SHARES,DY
DYAIUS,UB.D.DYAIUS.CASH.IP,Dyadic International Inc,N/A,TRADEABLE,-,SHARES,DY
2675JT,AJ.D.2675JT.CASH.IP,Dynac Holdings Corporation,N/A,CLOSED,-,SHARES,DY
DLNGUS,UB.D.DLNGUS.CASH.IP,Dynagas LNG Partners LP,N/A,TRADEABLE,-,SHARES,DY
BOOMUS,UA.D.BOOMUS.CASH.IP,Dynamic Materials Corp,N/A,TRADEABLE,-,SHARES,DY
DYMAU,AB.D.DYMAU.CASH.IP,Dynamic Metals Limited,N/A,EDITS_ONLY,-,SHARES,DY
DYNTUS,UB.D.DYNTUS.CASH.IP,Dynatronics Corporation,N/A,OFFLINE,-,SHARES,DY
DVAX,UB.D.DVAX.CASH.IP,Dynavax Technologies Corp,N/A,CLOSED,-,SHARES,DY
DYNEUS,UB.D.DYNEUS.CASH.IP,Dyne Therapeutics Inc,N/A,TRADEABLE,-,SHARES,DY
GD,SC.D.GD.CASH.IP,General Dynamics Corp (24 Hours),N/A,TRADEABLE,-,SHARES,DY
GDYNUS,UB.D.GDYNUS.CASH.IP,Grid Dynamics Holdings Inc,N/A,TRADEABLE,-,SHARES,DY
2433JT,AJ.D.2433JT.CASH.IP,Hakuhodo DY Holdings Inc,N/A,EDITS_ONLY,-,SHARES,DY
MOGPLN,KC.D.MOGPLN.CASH.IP,Hellenic Dynamics PLC,N/A,SUSPENDED,-,SHARES,DY
PDIUS,SE.D.PDIUS.CASH.IP,Pimco Dynamic Income Fund,N/A,TRADEABLE,-,SHARES,DY
DMKTAU,AB.D.DMKTAU.CASH.IP,AMP Capital Dynamic Markets Fund Hedge Fund,N/A,CLOSED,-,SHARES,DY
AODUS,SA.D.AODUS.CASH.IP,Aberdeen Total Dynamic Dividend Fund,N/A,TRADEABLE,-,SHARES,DY
ARDCUS,SA.D.ARDCUS.CASH.IP,Ares Dynamic Credit Allocation Fund Inc,N/A,TRADEABLE,-,SHARES,DY
CCDUS,UA.D.CCDUS.CASH.IP,Calamos Dynamic Convertible & Income Fund,N/A,TRADEABLE,-,SHARES,DY
DXGCN,KN.D.DXGCN.CASH.IP,Dynamic Active Global Dividend ETF,N/A,TRADEABLE,-,SHARES,DY
INKAU,AB.D.INKAU.CASH.IP,Hydrocarbon Dynamics Limited,N/A,EDITS_ONLY,-,SHARES,DY
VTAUS,SH.D.VTAUS.CASH.IP,Invesco Dynamic Credit Opportunities Fund,N/A,CLOSED,-,SHARES,DY
7600JT,AJ.D.7600JT.CASH.IP,Japan Medical Dynamic Marketing Inc,N/A,EDITS_ONLY,-,SHARES,DY
NAKUS,SI.D.NAKUS.CASH.IP,Northern Dynasty Minerals Ltd,N/A,TRADEABLE,-,SHARES,DY
QQQXUS,UC.D.QQQXUS.CASH.IP,Nuveen Nasdaq 100 Dynamic Overwrite Fund,N/A,TRADEABLE,-,SHARES,DY
PCIUS,SE.D.PCIUS.CASH.IP,PIMCO Dynamic Credit and Mortgage Income Fund,N/A,EDITS_ONLY,-,SHARES,DY
PDOUS,SE.D.PDOUS.CASH.IP,PIMCO Dynamic Income Opportunities Fund,N/A,TRADEABLE,-,SHARES,DY
SAVEAU,AB.D.SAVEAU.CASH.IP,Pinnacle Ashares Global Dynamic Income Fund (Managed Fund),N/A,CLOSED,-,SHARES,DY
Z3ROAU,AB.D.Z3ROAU.CASH.IP,Pinnacle aShares Dynamic Cash Fund (Managed Fund),N/A,CLOSED,-,SHARES,DY
RDYNLN,KA.D.RDYNLN.CASH.IP,Robeco Dynamic Theme Machine UCITS ETF,N/A,TRADEABLE,-,SHARES,DY
DYLSUS,SI.D.DYLSUS.CASH.IP,WisdomTree Dynamic Long Short U.S. Equity Fund,N/A,CLOSED,-,SHARES,DY
COMTUS,UA.D.COMTUS.CASH.IP,iShares GSCI Commodity Dynamic,N/A,TRADEABLE,-,SHARES,DY
DFPUS,SB.D.DFPUS.CASH.IP,Flaherty & Crumrine Dynamic Preferred and Income Fund Inc,N/A,TRADEABLE,-,SHARES,DY
1330HK,AC.D.1330HK.CASH.IP,Dynagreen Environmental Protection Group Company Limited,N/A,EDITS_ONLY,-,SHARES,DY
ERTS,UB.D.ERTS.CASH.IP,Electronic Arts Inc (24 Hours),N/A,TRADEABLE,-,SHARES,EA
EZJ,KA.D.EZJ.CASH.IP,easyJet PLC,N/A,TRADEABLE,-,SHARES,EA
VDTKLN,KC.D.VDTKLN.CASH.IP,EARNZ PLC,N/A,TRADEABLE,-,SHARES,EA
EARUS,UB.D.EARUS.CASH.IP,Eargo Inc,N/A,CLOSED,-,SHARES,EA
EASORFH,EB.D.EASORFH.CASH.IP,Easor Oyj,N/A,TRADEABLE,-,SHARES,EA
CGRAU,AB.D.CGRAU.CASH.IP,Earlypay Ltd,N/A,EDITS_ONLY,-,SHARES,EA
DOCDNA,EG.D.DOCDNA.CASH.IP,Ease2pay NV,N/A,OFFLINE,-,SHARES,EA
ECEXSS,EH.D.ECEXSS.CASH.IP,Eastnine AB (publ),N/A,TRADEABLE,-,SHARES,EA
ETN,SB.D.ETN.CASH.IP,Eaton Corp PLC (24 Hours),N/A,TRADEABLE,-,SHARES,EA
DVIAU,AB.D.DVIAU.CASH.IP,Atomic Eagle Ltd,N/A,EDITS_ONLY,-,SHARES,EA
ESYGY,ED.D.ESYGY.CASH.IP,EASY SOFTWARE AG,N/A,OFFLINE,-,SHARES,EA
EGBNUS,UB.D.EGBNUS.CASH.IP,Eagle Bancorp Inc,N/A,TRADEABLE,-,SHARES,EA
EXP,SB.D.EXP.CASH.IP,Eagle Materials Inc,N/A,TRADEABLE,-,SHARES,EA
4985JT,AJ.D.4985JT.CASH.IP,Earth Corporation,N/A,EDITS_ONLY,-,SHARES,EA
ETTAU,AB.D.ETTAU.CASH.IP,East 33 Limited,N/A,CLOSED,-,SHARES,EA
BERMLN,KC.D.BERMLN.CASH.IP,East Imperial Plc,N/A,CLOSED,-,SHARES,EA
EGAAU2,AB.D.EGAAU2.CASH.IP,Eastern Gas Corp Ltd,N/A,EDITS_ONLY,-,SHARES,EA
EMN,SB.D.EMN.CASH.IP,Eastman Chemical Co,N/A,TRADEABLE,-,SHARES,EA
KODKUS,SD.D.KODKUS.CASH.IP,Eastman Kodak Co,N/A,TRADEABLE,-,SHARES,EA
EV,SB.D.EV.CASH.IP,Eaton Vance Corp,N/A,CLOSED,-,SHARES,EA
FEOR,AG.D.FEOR.CASH.IP,Far East Orchard Ltd,N/A,EDITS_ONLY,-,SHARES,EA
EMLUS,UB.D.EMLUS.CASH.IP,The Eastern Company,N/A,TRADEABLE,-,SHARES,EA
USARUS,UD.D.USARUS.CASH.IP,USA Rare Earth Inc (24 Hours),N/A,TRADEABLE,-,SHARES,EA
23HK,AC.D.23HK.CASH.IP,Bank of East Asia Ltd,N/A,EDITS_ONLY,-,SHARES,EA
3360HK,AC.D.3360HK.CASH.IP,Far East Horizon Ltd,N/A,EDITS_ONLY,-,SHARES,EA
AEMCN,KN.D.AEMCN.CASH.IP,Agnico Eagle Mines Ltd (CA),N/A,TRADEABLE,-,SHARES,EA
AEMUS,SA.D.AEMUS.CASH.IP,Agnico Eagle Mines Ltd (US),N/A,TRADEABLE,-,SHARES,EA
ANR,KC.D.ANR.CASH.IP,Altona Rare Earths PLC,N/A,TRADEABLE,-,SHARES,EA
BPLAU,AB.D.BPLAU.CASH.IP,American Rare Earths Limited,N/A,EDITS_ONLY,-,SHARES,EA
ARU,AF.D.ARU.CASH.IP,Arafura Rare Earths Limited,N/A,EDITS_ONLY,-,SHARES,EA
BAKAU,AB.D.BAKAU.CASH.IP,Barkly Rare Earths Ltd,N/A,EDITS_ONLY,-,SHARES,EA
BREAU,AB.D.BREAU.CASH.IP,Brazilian Rare Earths Ltd,N/A,EDITS_ONLY,-,SHARES,EA
BRLTUS,UA.D.BRLTUS.CASH.IP,Brilliant Earth Group Inc,N/A,TRADEABLE,-,SHARES,EA
EBMTUS,UB.D.EBMTUS.CASH.IP,Eagle Bancorp Montana Inc,N/A,TRADEABLE,-,SHARES,EA
EGLE,UB.D.EGLE.CASH.IP,Eagle Bulk Shipping Inc,N/A,CLOSED,-,SHARES,EA
EYELN,KC.D.EYELN.CASH.IP,Eagle Eye Solutions Group PLC,N/A,TRADEABLE,-,SHARES,EA
NUCLUS,UC.D.NUCLUS.CASH.IP,Eagle Nuclear Energy Corp,N/A,TRADEABLE,-,SHARES,EA
EGRXUS,UB.D.EGRXUS.CASH.IP,Eagle Pharmaceuticals Inc,N/A,OFFLINE,-,SHARES,EA
ECCUS,SB.D.ECCUS.CASH.IP,Eagle Point Credit Co Inc,N/A,TRADEABLE,-,SHARES,EA
CXXAU,AB.D.CXXAU.CASH.IP,Earths Energy Limited,N/A,EDITS_ONLY,-,SHARES,EA
ESTEUS,SI.D.ESTEUS.CASH.IP,Earthstone Energy Inc,N/A,CLOSED,-,SHARES,EA
DXFUS,SI.D.DXFUS.CASH.IP,Eason Technology Limited,N/A,TRADEABLE,-,SHARES,EA
9020JT,AJ.D.9020JT.CASH.IP,East Japan Railway Co,N/A,EDITS_ONLY,-,SHARES,EA
ESTLN,KC.D.ESTLN.CASH.IP,East Star Resources PLC,N/A,TRADEABLE,-,SHARES,EA
EWBC,UB.D.EWBC.CASH.IP,East West Bancorp Inc,N/A,TRADEABLE,-,SHARES,EA
EGPUS,SB.D.EGPUS.CASH.IP,EastGroup Properties Inc,N/A,TRADEABLE,-,SHARES,EA
EBIVLN,KC.D.EBIVLN.CASH.IP,Eastbridge Investments PLC,N/A,OFFLINE,-,SHARES,EA
EBCUS,UB.D.EBCUS.CASH.IP,Eastern Bankshares Inc,N/A,TRADEABLE,-,SHARES,EA
ELRCT,KN.D.ELRCT.CASH.IP,Eastern Platinum Ltd (CA),N/A,TRADEABLE,-,SHARES,EA
EBUS,SB.D.EBUS.CASH.IP,Eventbrite Inc,N/A,CLOSED,-,SHARES,EB
EBETUS,UB.D.EBETUS.CASH.IP,EBET INC,N/A,OFFLINE,-,SHARES,EB
6361JT,AJ.D.6361JT.CASH.IP,Ebara Corp,N/A,EDITS_ONLY,-,SHARES,EB
EBIX,UB.D.EBIX.CASH.IP,Ebix Inc,N/A,CLOSED,-,SHARES,EB
EBAY,UB.D.EBAY.CASH.IP,eBay Inc (24 Hours),N/A,TRADEABLE,-,SHARES,EB
EBQLN,KC.D.EBQLN.CASH.IP,Ebiquity PLC,N/A,TRADEABLE,-,SHARES,EB
EVASM,EI.D.EVASM.CASH.IP,Ebro Foods SA,N/A,TRADEABLE,-,SHARES,EB
EBOAU,AB.D.EBOAU.CASH.IP,EBOS Group Limited,N/A,EDITS_ONLY,-,SHARES,EB
EBRAU,AB.D.EBRAU.CASH.IP,EBR Systems Inc,N/A,EDITS_ONLY,-,SHARES,EB
EBUSNA,EG.D.EBUSNA.CASH.IP,Ebusco Holding NV,N/A,TRADEABLE,-,SHARES,EB
2819JT,AJ.D.2819JT.CASH.IP,Ebara Foods Industry Inc,N/A,EDITS_ONLY,-,SHARES,EB
3835JT,AJ.D.3835JT.CASH.IP,eBase Company Limited,N/A,EDITS_ONLY,-,SHARES,EB
EBONUS,UB.D.EBONUS.CASH.IP,Ebang International Holdings Inc,N/A,TRADEABLE,-,SHARES,EB
6328JT,AJ.D.6328JT.CASH.IP,Ebara Jitsugyo Company Limited,N/A,EDITS_ONLY,-,SHARES,EB
RXPXEXGY,ED.D.RXPXEXGY.CASH.IP,iShares eb.rexx Government Germany 10.5yr UCITS ETF DE,N/A,TRADEABLE,-,SHARES,EB
ECUS,SB.D.ECUS.CASH.IP,Ecopetrol SA,N/A,TRADEABLE,-,SHARES,EC
ECFP,EC.D.ECFP.CASH.IP,Totalenergies EP Gabon,N/A,TRADEABLE,-,SHARES,EC
EOGCN,KN.D.EOGCN.CASH.IP,Eco (Atlantic) Oil & Gas Limited (CA),N/A,TRADEABLE,-,SHARES,EC
ECOLN,KC.D.ECOLN.CASH.IP,Eco (Atlantic) Oil & Gas Limited (LSE),N/A,TRADEABLE,-,SHARES,EC
ECK,KC.D.ECK.CASH.IP,Eckoh PLC,N/A,OFFLINE,-,SHARES,EC
ECL,SB.D.ECL.CASH.IP,Ecolab Inc (24 Hours),N/A,TRADEABLE,-,SHARES,EC
ECOUPFH,EB.D.ECOUPFH.CASH.IP,Ecoup Oyj,N/A,TRADEABLE,-,SHARES,EC
ECSCLN,KC.D.ECSCLN.CASH.IP,ECSC Group PLC,N/A,OFFLINE,-,SHARES,EC
SATS,UD.D.SATS.CASH.IP,EchoStar Corp,N/A,TRADEABLE,-,SHARES,EC
PQGUS,SE.D.PQGUS.CASH.IP,Ecovyst Inc,N/A,TRADEABLE,-,SHARES,EC
ECOLUS,UB.D.ECOLUS.CASH.IP,US Ecology Inc,N/A,CLOSED,-,SHARES,EC
ECXWWUS,UB.D.ECXWWUS.CASH.IP,ECARX Holdings Inc,N/A,TRADEABLE,-,SHARES,EC
MCR,KC.D.MCR.CASH.IP,ECR Minerals PLC,N/A,TRADEABLE,-,SHARES,EC
VRIAU,AB.D.VRIAU.CASH.IP,EchoIQ Limited,N/A,EDITS_ONLY,-,SHARES,EC
EUZGY,ED.D.EUZGY.CASH.IP,Eckert and Ziegler SE,N/A,TRADEABLE,-,SHARES,EC
BMPAU,AB.D.BMPAU.CASH.IP,Eco Systems Ltd,N/A,CLOSED,-,SHARES,EC
KNLAU,AB.D.KNLAU.CASH.IP,EcoGraf Limited,N/A,EDITS_ONLY,-,SHARES,EC
ECCBSS,EH.D.ECCBSS.CASH.IP,Ecoclime Group AB,N/A,OFFLINE,-,SHARES,EC
EOFAU,AB.D.EOFAU.CASH.IP,Ecofibre Limited,N/A,CLOSED,-,SHARES,EC
ECONBBB,EA.D.ECONBBB.CASH.IP,Econocom Group SE,N/A,TRADEABLE,-,SHARES,EC
APF,KA.D.APF.CASH.IP,Ecora Royalties PLC,N/A,TRADEABLE,-,SHARES,EC
ENERSM,EI.D.ENERSM.CASH.IP,Grupo Ecoener SA,N/A,TRADEABLE,-,SHARES,EC
2138HK,AC.D.2138HK.CASH.IP,EC Healthcare,N/A,EDITS_ONLY,-,SHARES,EC
ECDAUS,UB.D.ECDAUS.CASH.IP,ECD Automotive Design Inc,N/A,CLOSED,-,SHARES,EC
ECNCN,KN.D.ECNCN.CASH.IP,ECN Capital Corporation,N/A,OFFLINE,-,SHARES,EC
BSTAU,AB.D.BSTAU.CASH.IP,ECP Emerging Growth Ltd,N/A,EDITS_ONLY,-,SHARES,EC
AYGAU,AB.D.AYGAU.CASH.IP,ECS Botanics Holdings Ltd,N/A,EDITS_ONLY,-,SHARES,EC
NZOAU,AB.D.NZOAU.CASH.IP,Echelon Resources Limited,N/A,EDITS_ONLY,-,SHARES,EC
ECHOUS,UB.D.ECHOUS.CASH.IP,Echo Global Logistics Inc,N/A,CLOSED,-,SHARES,EC
EPMAU,AB.D.EPMAU.CASH.IP,Eclipse Metals Limited,N/A,EDITS_ONLY,-,SHARES,EC
EAHLN,KC.D.EAHLN.CASH.IP,Eco Animal Health Group PLC,N/A,TRADEABLE,-,SHARES,EC
FOXLN,KC.D.FOXLN.CASH.IP,Eco Buildings Group PLC,N/A,TRADEABLE,-,SHARES,EC
GSLCT,KN.D.GSLCT.CASH.IP,Eco Oro Minerals Corp,N/A,ON_AUCTION,-,SHARES,EC
ECOWVESS,EH.D.ECOWVESS.CASH.IP,Eco Wave Power Global AB,N/A,OFFLINE,-,SHARES,EC
WAVEUS,UD.D.WAVEUS.CASH.IP,Eco Wave Power Global AB,N/A,TRADEABLE,-,SHARES,EC
HTWOLN,KA.D.HTWOLN.CASH.IP,L&G Hydrogen Economy UCITS ETF,N/A,TRADEABLE,-,SHARES,EC
ECOUS,SB.D.ECOUS.CASH.IP,Okeanis Eco Tankers Corp (US),N/A,TRADEABLE,-,SHARES,EC
RETOUS,UC.D.RETOUS.CASH.IP,Reto Eco-solutions Inc,N/A,TRADEABLE,-,SHARES,EC
CNEWAU,AB.D.CNEWAU.CASH.IP,VanEck China New Economy ETF,N/A,EDITS_ONLY,-,SHARES,EC
YECOUS,UD.D.YECOUS.CASH.IP,Yulong Eco-Materials Limited,N/A,OFFLINE,-,SHARES,EC
ECGAU,AB.D.ECGAU.CASH.IP,eCargo Holdings Limited,N/A,CLOSED,-,SHARES,EC
E4CGY,ED.D.E4CGY.CASH.IP,ecotel communication ag,N/A,OFFLINE,-,SHARES,EC
ECWREITSP,AG.D.ECWREITSP.CASH.IP,EC World Real Estate Investment Trust,N/A,SUSPENDED,-,SHARES,EC
ELLALN,KC.D.ELLALN.CASH.IP,Ecclesiastical Insurance Group PLC 8 5/8 PERP,N/A,OFFLINE,-,SHARES,EC
SUBSUS,SI.D.SUBSUS.CASH.IP,Fount Subscription Economy ETF,N/A,OFFLINE,-,SHARES,EC
INQQLN,KA.D.INQQLN.CASH.IP,INQQ India Internet & Ecommerce ESG-S UCITS ETF,N/A,TRADEABLE,-,SHARES,EC
SPSSM,EI.D.SPSSM.CASH.IP,Innovative Solutions Ecosystem SA,N/A,SUSPENDED,-,SHARES,EC
HYDNLN,KA.D.HYDNLN.CASH.IP,Invesco Hydrogen Economy UCITS ETF,N/A,TRADEABLE,-,SHARES,EC
6299JT,AJ.D.6299JT.CASH.IP,Kobelco Eco-Solutions Company Limited,N/A,CLOSED,-,SHARES,EC
ED,SB.D.ED.CASH.IP,Consolidated Edison Inc (24 Hours),N/A,TRADEABLE,-,SHARES,ED
EDAPUS,UB.D.EDAPUS.CASH.IP,EDAP TMS SA,N/A,TRADEABLE,-,SHARES,ED
7794JT,AJ.D.7794JT.CASH.IP,EDP Corp,N/A,EDITS_ONLY,-,SHARES,ED
EDENFP,EC.D.EDENFP.CASH.IP,Edenred,N/A,TRADEABLE,-,SHARES,ED
LLNWUS,UB.D.LLNWUS.CASH.IP,Edgio Inc,N/A,CLOSED,-,SHARES,ED
EDNRIM,EF.D.EDNRIM.CASH.IP,Edison SpA,N/A,TRADEABLE,-,SHARES,ED
EDGHLN,KC.D.EDGHLN.CASH.IP,EDGH - Edge Performance VCT PLC,N/A,CLOSED,-,SHARES,ED
EDGILN,KC.D.EDGILN.CASH.IP,EDGI - Edge Performance VCT PLC,N/A,OFFLINE,-,SHARES,ED
DOWNA,AA.D.DOWNA.CASH.IP,Downer EDI Ltd,N/A,EDITS_ONLY,-,SHARES,ED
2730JT,AJ.D.2730JT.CASH.IP,EDION Corporation,N/A,EDITS_ONLY,-,SHARES,ED
EDPRPL,PO.D.EDPRPL.CASH.IP,EDP Renovaveis SA,N/A,TRADEABLE,-,SHARES,ED
EDENLN,KC.D.EDENLN.CASH.IP,Eden Research PLC,N/A,TRADEABLE,-,SHARES,ED
SBOTUS,UD.D.SBOTUS.CASH.IP,Edesa Biotech Inc,N/A,TRADEABLE,-,SHARES,ED
EDBLUS,UB.D.EDBLUS.CASH.IP,Edible Garden AG Inc,N/A,TRADEABLE,-,SHARES,ED
EDITUS,UB.D.EDITUS.CASH.IP,Editas Medicine Inc,N/A,TRADEABLE,-,SHARES,ED
GEMAU,AF.D.GEMAU.CASH.IP,G8 Education Ltd,N/A,EDITS_ONLY,-,SHARES,ED
NDOAU,AB.D.NDOAU.CASH.IP,Nido Education Ltd,N/A,EDITS_ONLY,-,SHARES,ED
WEYLN,KC.D.WEYLN.CASH.IP,Wey Education PLC,N/A,OFFLINE,-,SHARES,ED
EDRSM,EI.D.EDRSM.CASH.IP,eDreams ODIGEO SL,N/A,TRADEABLE,-,SHARES,ED
AMBOUS,SI.D.AMBOUS.CASH.IP,Ambow Education Holding Ltd,N/A,TRADEABLE,-,SHARES,ED
BNEDUS,SA.D.BNEDUS.CASH.IP,Barnes & Noble Education Inc,N/A,TRADEABLE,-,SHARES,ED
BPIUS,SA.D.BPIUS.CASH.IP,Bridgepoint Education Inc,N/A,OFFLINE,-,SHARES,ED
CEDIM,EF.D.CEDIM.CASH.IP,Caltagirone Editore SpA,N/A,TRADEABLE,-,SHARES,ED
ED4GY,ED.D.ED4GY.CASH.IP,EDAG Engineering Group AG,N/A,TRADEABLE,-,SHARES,ED
EDPPL,PO.D.EDPPL.CASH.IP,EDP - Energias de Portugal SA,N/A,TRADEABLE,-,SHARES,ED
UCWAU,AB.D.UCWAU.CASH.IP,EDU Holdings Limited,N/A,EDITS_ONLY,-,SHARES,ED
EDXPZ,KC.D.EDXPZ.CASH.IP,EDX Medical Group PLC,N/A,TRADEABLE,-,SHARES,ED
EDEAU,AB.D.EDEAU.CASH.IP,Eden Innovations Limited,N/A,EDITS_ONLY,-,SHARES,ED
EPCUS,SB.D.EPCUS.CASH.IP,Edgewell Personal Care Co,N/A,TRADEABLE,-,SHARES,ED
EWTXUS,UB.D.EWTXUS.CASH.IP,Edgewise Therapeutics Inc,N/A,TRADEABLE,-,SHARES,ED
EIX,SB.D.EIX.CASH.IP,Edison International (24 Hours),N/A,TRADEABLE,-,SHARES,ED
EFIDLI,PK.D.EFIDLI.CASH.IP,Edita Food Industries SAE,N/A,OFFLINE,-,SHARES,ED
EW,SB.D.EW.CASH.IP,Edwards Lifesciences Corp (24 Hours),N/A,TRADEABLE,-,SHARES,ED
EVODBAU,AB.D.EVODBAU.CASH.IP,Embark Early Education Ltd,N/A,CLOSED,-,SHARES,ED
LOPE,UB.D.LOPE.CASH.IP,Grand Canyon Education Inc,N/A,TRADEABLE,-,SHARES,ED
HLGUS,UB.D.HLGUS.CASH.IP,Hailiang Education Group Inc,N/A,CLOSED,-,SHARES,ED
HMNUS,SC.D.HMNUS.CASH.IP,Horace Mann Educators Corp,N/A,TRADEABLE,-,SHARES,ED
IELAU,AB.D.IELAU.CASH.IP,IDP Education Limited,N/A,EDITS_ONLY,-,SHARES,ED
LAURUS,UB.D.LAURUS.CASH.IP,Laureate Education Inc,N/A,TRADEABLE,-,SHARES,ED
MWELN,KC.D.MWELN.CASH.IP,MTI Wireless Edge Limited,N/A,TRADEABLE,-,SHARES,ED
PEBAU,AB.D.PEBAU.CASH.IP,Pacific Edge Limited,N/A,EDITS_ONLY,-,SHARES,ED
CECO,UA.D.CECO.CASH.IP,Perdoceo Education Corp,N/A,TRADEABLE,-,SHARES,ED
PECOUS,UC.D.PECOUS.CASH.IP,Phillips Edison & Co Inc,N/A,TRADEABLE,-,SHARES,ED
RDHAU,AB.D.RDHAU.CASH.IP,RedHill Education Limited,N/A,CLOSED,-,SHARES,ED
2675HK,AC.D.2675HK.CASH.IP,Shenzhen Edge Medical Co Ltd,N/A,EDITS_ONLY,-,SHARES,ED
STRAUS,UD.D.STRAUS.CASH.IP,Strategic Education Inc,N/A,TRADEABLE,-,SHARES,ED
XRSUS,SH.D.XRSUS.CASH.IP,TAL Education Group - ADR,N/A,TRADEABLE,-,SHARES,ED
UEWUS,SH.D.UEWUS.CASH.IP,Urban Edge Properties,N/A,TRADEABLE,-,SHARES,ED
ZMEUS,SH.D.ZMEUS.CASH.IP,Zhangmen Education Inc,N/A,CLOSED,-,SHARES,ED
1769HK,AC.D.1769HK.CASH.IP,Scholar Education Group,N/A,EDITS_ONLY,-,SHARES,ED
EEUS,SB.D.EEUS.CASH.IP,Excelerate Energy Inc,N/A,TRADEABLE,-,SHARES,EE
EEZYFH,EB.D.EEZYFH.CASH.IP,Eezy Oyj,N/A,TRADEABLE,-,SHARES,EE
EEMSIM,EF.D.EEMSIM.CASH.IP,EEMS Italia SpA,N/A,OFFLINE,-,SHARES,EE
AXM,KC.D.AXM.CASH.IP,Eenergy Group PLC,N/A,TRADEABLE,-,SHARES,EE
3709HK,AC.D.3709HK.CASH.IP,EEKA Fashion Holdings Limited,N/A,EDITS_ONLY,-,SHARES,EE
EEXFLN,KA.D.EEXFLN.CASH.IP,iShares Euro Corporate Bond ex-Financials UCITS ETF- EEXF,N/A,TRADEABLE,-,SHARES,EE
9514JT,AJ.D.9514JT.CASH.IP,EF-ON Inc,N/A,EDITS_ONLY,-,SHARES,EF
EFECTEFH,EB.D.EFECTEFH.CASH.IP,Efecte Oy,N/A,CLOSED,-,SHARES,EF
EFGNSW,EJ.D.EFGNSW.CASH.IP,EFG International AG,N/A,TRADEABLE,-,SHARES,EF
SACLN,KC.D.SACLN.CASH.IP,Efora Energy Limited,N/A,ON_AUCTION,-,SHARES,EF
SCLSJ,AR.D.SCLSJ.CASH.IP,Efora Energy Limited,N/A,SUSPENDED,-,SHARES,EF
EFTRUS,UB.D.EFTRUS.CASH.IP,eFFECTOR Therapeutics Inc,N/A,OFFLINE,-,SHARES,EF
EFAUS,SI.D.EFAUS.CASH.IP,iShares MSCI EAFE ETF - EFA,N/A,TRADEABLE,-,SHARES,EF
MHNLN,KC.D.MHNLN.CASH.IP,Menhaden Resource Efficiency P,N/A,OFFLINE,-,SHARES,EF
SEITLN,KA.D.SEITLN.CASH.IP,SDCL Efficiency Income Trust PLC,N/A,TRADEABLE,-,SHARES,EF
WGECLN,KA.D.WGECLN.CASH.IP,WisdomTree Global Efficient Core UCITS ETF,N/A,TRADEABLE,-,SHARES,EF
NTSGLN,KA.D.NTSGLN.CASH.IP,WisdomTree Global Efficient Core UCITS ETF (USD),N/A,TRADEABLE,-,SHARES,EF
WTEFLN,KA.D.WTEFLN.CASH.IP,WisdomTree US Efficient Core UCITS ETF (USD Acc),N/A,TRADEABLE,-,SHARES,EF
GDEUS,SI.D.GDEUS.CASH.IP,Wisdomtree Efficient Gold Plus Equity Strategy Fund,N/A,TRADEABLE,-,SHARES,EF
GDMNUS,SI.D.GDMNUS.CASH.IP,Wisdomtree Efficient Gold Plus Gold Miners Strategy Fund,N/A,TRADEABLE,-,SHARES,EF
EDR,KC.D.EDR.CASH.IP,Egdon Resources PLC,N/A,OFFLINE,-,SHARES,EG
EGANUS,UB.D.EGANUS.CASH.IP,eGain Corporation,N/A,TRADEABLE,-,SHARES,EG
8771JT,AJ.D.8771JT.CASH.IP,eGuarantee Inc,N/A,EDITS_ONLY,-,SHARES,EG
PLEDSS,EH.D.PLEDSS.CASH.IP,Egetis Therapeutics AB,N/A,TRADEABLE,-,SHARES,EG
CBKDLI,PK.D.CBKDLI.CASH.IP,Commercial International Bank Egypt SAE - GDR,N/A,TRADEABLE,-,SHARES,EG
EGPTUS,SI.D.EGPTUS.CASH.IP,Market Vectors Egypt Index ETF,N/A,OFFLINE,-,SHARES,EG
EHUS,UB.D.EHUS.CASH.IP,EHang Holdings Limited,N/A,TRADEABLE,-,SHARES,EH
EHTHUS,UB.D.EHTHUS.CASH.IP,eHealth Inc,N/A,TRADEABLE,-,SHARES,EH
8541JT,AJ.D.8541JT.CASH.IP,The Ehime Bank Limited,N/A,EDITS_ONLY,-,SHARES,EH
EF,EC.D.EF.CASH.IP,EssilorLuxottica SA,N/A,TRADEABLE,-,SHARES,EI
EIHLN,KC.D.EIHLN.CASH.IP,EIH PLC,N/A,OFFLINE,-,SHARES,EI
FGR,EC.D.FGR.CASH.IP,Eiffage SA,N/A,TRADEABLE,-,SHARES,EI
4523JT,AJ.D.4523JT.CASH.IP,Eisai Co Ltd,N/A,EDITS_ONLY,-,SHARES,EI
6737JT,AJ.D.6737JT.CASH.IP,EIZO Corporation,N/A,EDITS_ONLY,-,SHARES,EI
EIN3GY,ED.D.EIN3GY.CASH.IP,Einhell Germany AG,N/A,TRADEABLE,-,SHARES,EI
FREJASS,EH.D.FREJASS.CASH.IP,Freja eID Group AB (publ),N/A,TRADEABLE,-,SHARES,EI
9636JT,AJ.D.9636JT.CASH.IP,Kin-Ei Corporation,N/A,EDITS_ONLY,-,SHARES,EI
SOLONNO,EL.D.SOLONNO.CASH.IP,Solon Eiendom ASA,N/A,OFFLINE,-,SHARES,EI
EIDXUS,UB.D.EIDXUS.CASH.IP,Eidos Therapeutics Inc,N/A,CLOSED,-,SHARES,EI
CGPLN,KC.D.CGPLN.CASH.IP,Eight Capital partners PLC,N/A,TRADEABLE,-,SHARES,EI
LEGLN,KC.D.LEGLN.CASH.IP,Eight Peaks Group PLC,N/A,OFFLINE,-,SHARES,EI
TYDEUS,UD.D.TYDEUS.CASH.IP,Eightco Holdings Inc,N/A,TRADEABLE,-,SHARES,EI
EDCAU,AB.D.EDCAU.CASH.IP,Eildon Capital Limited,N/A,CLOSED,-,SHARES,EI
H5EGY,ED.D.H5EGY.CASH.IP,HELMA Eigenheimbau AG,N/A,OFFLINE,-,SHARES,EI
EIFF,EC.D.EIFF.CASH.IP,Societe de la Tour Eiffel,N/A,TRADEABLE,-,SHARES,EI
CLDNUS,UA.D.CLDNUS.CASH.IP,Eiger Biopharmaceuticals Inc,N/A,CLOSED,-,SHARES,EI
4549JT,AJ.D.4549JT.CASH.IP,Eiken Chemical Company Limited,N/A,EDITS_ONLY,-,SHARES,EI
IMPQAU,AB.D.IMPQAU.CASH.IP,Einvest Future Impact Small Caps Fund (Managed Fund),N/A,EDITS_ONLY,-,SHARES,EI
4229JT,AJ.D.4229JT.CASH.IP,Gun Ei Chemical Industry Company Limited,N/A,EDITS_ONLY,-,SHARES,EI
OLTNO,EL.D.OLTNO.CASH.IP,Olav Thon Eiendomsselskap ASA,N/A,OFFLINE,-,SHARES,EI
MRACUS,UC.D.MRACUS.CASH.IP,Legacy EJY Inc,N/A,CLOSED,-,SHARES,EJ
AGATDC,EP.D.AGATDC.CASH.IP,Agat Ejendomme AS,N/A,TRADEABLE,-,SHARES,EJ
EJFZLN,KA.D.EJFZLN.CASH.IP,EJF Investments Ltd,N/A,TRADEABLE,-,SHARES,EJ
EJFAUS,UB.D.EJFAUS.CASH.IP,EJF Acquisition Corporation,N/A,OFFLINE,-,SHARES,EJ
EJFILN,KC.D.EJFILN.CASH.IP,EJF Investments Limited,N/A,TRADEABLE,-,SHARES,EJ
EJF0LN,KA.D.EJF0LN.CASH.IP,EJF Investments Limited - Pref,N/A,OFFLINE,-,SHARES,EJ
FEDDC,EP.D.FEDDC.CASH.IP,Fast Ejendom Danmark A/S,N/A,TRADEABLE,-,SHARES,EJ
EKIFP,EC.D.EKIFP.CASH.IP,EKINOPS SA,N/A,TRADEABLE,-,SHARES,EK
EKFLN,KA.D.EKFLN.CASH.IP,EKF Diagnostics Holdings PLC,N/A,TRADEABLE,-,SHARES,EK
EL,SB.D.EL.CASH.IP,Estee Lauder Cos Inc (24 Hours),N/A,TRADEABLE,-,SHARES,EL
ELISFP,EC.D.ELISFP.CASH.IP,Elis SA,N/A,TRADEABLE,-,SHARES,EL
ELUXB,EH.D.ELUXB.CASH.IP,Electrolux AB,N/A,TRADEABLE,-,SHARES,EL
ELNIM,EF.D.ELNIM.CASH.IP,EL.En. SpA,N/A,TRADEABLE,-,SHARES,EL
ELD,AA.D.ELD.CASH.IP,Elders Ltd,N/A,EDITS_ONLY,-,SHARES,EL
ENOSM,EI.D.ENOSM.CASH.IP,Elecnor SA,N/A,TRADEABLE,-,SHARES,EL
ELCO,KC.D.ELCO.CASH.IP,Eleco PLC,N/A,TRADEABLE,-,SHARES,EL
EKTAB,EH.D.EKTAB.CASH.IP,Elekta AB,N/A,TRADEABLE,-,SHARES,EL
ELCIM,EF.D.ELCIM.CASH.IP,Elica SpA,N/A,TRADEABLE,-,SHARES,EL
ELI1V,EB.D.ELI1V.CASH.IP,Elisa OYJ,N/A,TRADEABLE,-,SHARES,EL
ELKNO,EL.D.ELKNO.CASH.IP,Elkem ASA,N/A,TRADEABLE,-,SHARES,EL
NSLAU,AB.D.NSLAU.CASH.IP,Elmore Ltd,N/A,CLOSED,-,SHARES,EL
ELONO,EL.D.ELONO.CASH.IP,Elopak ASA,N/A,TRADEABLE,-,SHARES,EL
ELTELSS,EH.D.ELTELSS.CASH.IP,Eltel AB (publ),N/A,TRADEABLE,-,SHARES,EL
ELBGY,ED.D.ELBGY.CASH.IP,Elumeo SE,N/A,TRADEABLE,-,SHARES,EL
ELUTUS,UB.D.ELUTUS.CASH.IP,Elutia Inc,N/A,TRADEABLE,-,SHARES,EL
ELANBSS,EH.D.ELANBSS.CASH.IP,Elanders AB (publ),N/A,TRADEABLE,-,SHARES,EL
ESTCUS,SB.D.ESTCUS.CASH.IP,Elastic B.V.,N/A,TRADEABLE,-,SHARES,EL
MZMAU,AB.D.MZMAU.CASH.IP,Element 25 Ltd,N/A,EDITS_ONLY,-,SHARES,EL
ELM,KA.D.ELM.CASH.IP,Elementis PLC,N/A,TRADEABLE,-,SHARES,EL
LLY,SD.D.LLY.CASH.IP,Eli Lilly & Co (24 Hours),N/A,TRADEABLE,-,SHARES,EL
ELIORFP,EC.D.ELIORFP.CASH.IP,Elior Group SA,N/A,TRADEABLE,-,SHARES,EL
ELTEX,ER.D.ELTEX.CASH.IP,Ellaktor SA,N/A,TRADEABLE,-,SHARES,EL
ELTKUS,UB.D.ELTKUS.CASH.IP,Eltek Limited,N/A,TRADEABLE,-,SHARES,EL
DOUGWUS,SB.D.DOUGWUS.CASH.IP,Douglas Elliman Inc,N/A,TRADEABLE,-,SHARES,EL
5246JT,AJ.D.5246JT.CASH.IP,ELEMENTS Inc/Japan,N/A,EDITS_ONLY,-,SHARES,EL
ELALN,KA.D.ELALN.CASH.IP,Eland Oil & Gas PLC,N/A,OFFLINE,-,SHARES,EL
ESLTUS,UB.D.ESLTUS.CASH.IP,Elbit Systems Ltd,N/A,TRADEABLE,-,SHARES,EL
ELDCT,KN.D.ELDCT.CASH.IP,Eldorado Gold Corp (CA),N/A,TRADEABLE,-,SHARES,EL
EGOUS,SB.D.EGOUS.CASH.IP,Eldorado Gold Corp (US),N/A,TRADEABLE,-,SHARES,EL
ELEGLN,KC.D.ELEGLN.CASH.IP,Electric Guitar PLC,N/A,SUSPENDED,-,SHARES,EL
ELMDUS,SI.D.ELMDUS.CASH.IP,Electromed Inc,N/A,TRADEABLE,-,SHARES,EL
ELVACN,KN.D.ELVACN.CASH.IP,Electrovaya Inc,N/A,TRADEABLE,-,SHARES,EL
ELVAUS,UB.D.ELVAUS.CASH.IP,Electrovaya Inc - US,N/A,TRADEABLE,-,SHARES,EL
ELTAU,AB.D.ELTAU.CASH.IP,Elementos Limited,N/A,EDITS_ONLY,-,SHARES,EL
WLP,SH.D.WLP.CASH.IP,Elevance Health Inc (24 Hours),N/A,TRADEABLE,-,SHARES,EL
ELVTUS,SB.D.ELVTUS.CASH.IP,Elevate Credit Inc,N/A,CLOSED,-,SHARES,EL
ELVRUS,UB.D.ELVRUS.CASH.IP,Elevra Lithium Ltd,N/A,TRADEABLE,-,SHARES,EL
LLYGR,ED.D.LLYGR.CASH.IP,Eli Lilly and Company (DE),N/A,TRADEABLE,-,SHARES,EL
ELISJ,AR.D.ELISJ.CASH.IP,Ellies Holdings Ltd,N/A,OFFLINE,-,SHARES,EL
WRE,SH.D.WRE.CASH.IP,Elme Communities,N/A,TRADEABLE,-,SHARES,EL
FKRAFTNO,EL.D.FKRAFTNO.CASH.IP,Elmera Group ASA,N/A,TRADEABLE,-,SHARES,EL
ELOSBSS,EH.D.ELOSBSS.CASH.IP,Elos Medtech AB (publ),N/A,CLOSED,-,SHARES,EL
ZIL2GY,ED.D.ZIL2GY.CASH.IP,ElringKlinger AG,N/A,TRADEABLE,-,SHARES,EL
ELSAU,AB.D.ELSAU.CASH.IP,Elsight Limited,N/A,EDITS_ONLY,-,SHARES,EL
EMR,SB.D.EMR.CASH.IP,Emerson Electric Co (24 Hours),N/A,TRADEABLE,-,SHARES,EL
6504JT,AJ.D.6504JT.CASH.IP,Fuji Electric Co Ltd,N/A,EDITS_ONLY,-,SHARES,EL
EMUS,UB.D.EMUS.CASH.IP,Smart Share Global Limited,N/A,OFFLINE,-,SHARES,EM
EMU,AB.D.EMU.CASH.IP,Emu NL,N/A,EDITS_ONLY,-,SHARES,EM
ORPFP,EC.D.ORPFP.CASH.IP,Emeis SA,N/A,TRADEABLE,-,SHARES,EM
EMACN,KN.D.EMACN.CASH.IP,Emera Inc,N/A,TRADEABLE,-,SHARES,EM
EMQGY,ED.D.EMQGY.CASH.IP,emQtec AG,N/A,CLOSED,-,SHARES,EM
EMISLN,KA.D.EMISLN.CASH.IP,EMIS Group PLC,N/A,OFFLINE,-,SHARES,EM
ERJ,SB.D.ERJ.CASH.IP,Embraer SA - ADR,N/A,TRADEABLE,-,SHARES,EM
EMLLN,KC.D.EMLLN.CASH.IP,Emmerson PLC,N/A,TRADEABLE,-,SHARES,EM
EMISP,AG.D.EMISP.CASH.IP,Emperador Inc,N/A,EDITS_ONLY,-,SHARES,EM
EPDAU,AB.D.EPDAU.CASH.IP,Empired Ltd,N/A,CLOSED,-,SHARES,EM
EMANUS,SI.D.EMANUS.CASH.IP,eMagin Corp,N/A,CLOSED,-,SHARES,EM
DEIUS,SB.D.DEIUS.CASH.IP,Douglas Emmett Inc,N/A,TRADEABLE,-,SHARES,EM
4820JT,AJ.D.4820JT.CASH.IP,EM Systems Co Ltd,N/A,EDITS_ONLY,-,SHARES,EM
EMEUS,SB.D.EMEUS.CASH.IP,EMCOR Group Inc (24 Hours),N/A,TRADEABLE,-,SHARES,EM
EMKRUS,UB.D.EMKRUS.CASH.IP,EMCORE Corporation,N/A,CLOSED,-,SHARES,EM
EMLAU,AB.D.EMLAU.CASH.IP,EML Payments Ltd,N/A,EDITS_ONLY,-,SHARES,EM
NSCILN,KC.D.NSCILN.CASH.IP,EMV Capital PLC,N/A,TRADEABLE,-,SHARES,EM
EMXUS,SI.D.EMXUS.CASH.IP,EMX Royalty Corp,N/A,CLOSED,-,SHARES,EM
EMBELLSS,EH.D.EMBELLSS.CASH.IP,Embellence Group AB,N/A,TRADEABLE,-,SHARES,EM
EMBAU,AB.D.EMBAU.CASH.IP,Embelton Limited,N/A,EDITS_ONLY,-,SHARES,EM
OSSRDC,EP.D.OSSRDC.CASH.IP,Embla Medical hf.,N/A,OFFLINE,-,SHARES,EM
THQNBSS,EH.D.THQNBSS.CASH.IP,Embracer Group AB,N/A,TRADEABLE,-,SHARES,EM
EHL,AF.D.EHL.CASH.IP,Emeco Holdings Ltd,N/A,EDITS_ONLY,-,SHARES,EM
EN,EC.D.EN.CASH.IP,Bouygues SA,N/A,TRADEABLE,-,SHARES,EN
ENIIM,EF.D.ENIIM.CASH.IP,Eni SpA,N/A,TRADEABLE,-,SHARES,EN
ENPHUS,UB.D.ENPHUS.CASH.IP,Enphase Energy Inc (24 Hours),N/A,TRADEABLE,-,SHARES,EN
RPT,KA.D.RPT.CASH.IP,Enwell Energy PLC,N/A,TRADEABLE,-,SHARES,EN
ENAVIM,EF.D.ENAVIM.CASH.IP,ENAV SpA,N/A,TRADEABLE,-,SHARES,EN
GSZFP,EC.D.GSZFP.CASH.IP,ENGIE SA,N/A,TRADEABLE,-,SHARES,EN
NPO,SE.D.NPO.CASH.IP,EnPro Inc,N/A,TRADEABLE,-,SHARES,EN
ENG,EI.D.ENG.CASH.IP,Enagas SA,N/A,TRADEABLE,-,SHARES,EN
CAPGY,ED.D.CAPGY.CASH.IP,Encavis AG,N/A,OFFLINE,-,SHARES,EN
ECV1GY,ED.D.ECV1GY.CASH.IP,Encavis AG (Tender),N/A,OFFLINE,-,SHARES,EN
DAVAUS,SB.D.DAVAUS.CASH.IP,Endava PLC,N/A,TRADEABLE,-,SHARES,EN
ELE,EI.D.ELE.CASH.IP,Endesa SA,N/A,TRADEABLE,-,SHARES,EN
ENEL,EF.D.ENEL.CASH.IP,Enel SpA,N/A,TRADEABLE,-,SHARES,EN
SALTUS,SG.D.SALTUS.CASH.IP,Eneti Inc,N/A,CLOSED,-,SHARES,EN
GZFGY,ED.D.GZFGY.CASH.IP,Engie SA (Xetra),N/A,TRADEABLE,-,SHARES,EN
NLABSS,EH.D.NLABSS.CASH.IP,Enlabs AB,N/A,OFFLINE,-,SHARES,EN
EBFUS,SB.D.EBFUS.CASH.IP,Ennis Inc,N/A,TRADEABLE,-,SHARES,EN
E88AU,AB.D.E88AU.CASH.IP,Ensogo Ltd,N/A,CLOSED,-,SHARES,EN
GVC,KA.D.GVC.CASH.IP,Entain PLC,N/A,TRADEABLE,-,SHARES,EN
ENTRANO,EL.D.ENTRANO.CASH.IP,Entra ASA,N/A,TRADEABLE,-,SHARES,EN
EVAUS,SB.D.EVAUS.CASH.IP,Enviva Inc,N/A,CLOSED,-,SHARES,EN
VARNO,EL.D.VARNO.CASH.IP,Var Energi AS,N/A,TRADEABLE,-,SHARES,EN
ENGCONBSS,EH.D.ENGCONBSS.CASH.IP,engcon AB (publ),N/A,TRADEABLE,-,SHARES,EN
CNE,KA.D.CNE.CASH.IP,Capricorn Energy PLC,N/A,TRADEABLE,-,SHARES,EN
ENCSM,EI.D.ENCSM.CASH.IP,Ence Energia y Celulosa S.A,N/A,TRADEABLE,-,SHARES,EN
EUUS,SI.D.EUUS.CASH.IP,Encore Energy Corp - US,N/A,TRADEABLE,-,SHARES,EN
EOFP,EC.D.EOFP.CASH.IP,FORVIA SE,N/A,TRADEABLE,-,SHARES,EO
EOG,SB.D.EOG.CASH.IP,EOG Resources Inc (24 Hours),N/A,TRADEABLE,-,SHARES,EO
EONRUS,SI.D.EONRUS.CASH.IP,EON Resources Inc,N/A,TRADEABLE,-,SHARES,EO
IMUCUS,SI.D.IMUCUS.CASH.IP,EOM Pharmaceutical Holdings,N/A,OFFLINE,-,SHARES,EO
BMRGUS,SA.D.BMRGUS.CASH.IP,Eos Energy Enterprises Inc (24 Hours),N/A,TRADEABLE,-,SHARES,EO
EPPSJ,AR.D.EPPSJ.CASH.IP,EPP NV,N/A,CLOSED,-,SHARES,EP
EPIASS,EH.D.EPIASS.CASH.IP,Epiroc AB (publ) - A,N/A,TRADEABLE,-,SHARES,EP
EPIBSS,EH.D.EPIBSS.CASH.IP,Epiroc AB (publ) - B,N/A,TRADEABLE,-,SHARES,EP
PLUSUS,UC.D.PLUSUS.CASH.IP,ePlus Inc,N/A,TRADEABLE,-,SHARES,EP
BANZIM,EF.D.BANZIM.CASH.IP,ePrice SpA,N/A,OFFLINE,-,SHARES,EP
EPXAU,AB.D.EPXAU.CASH.IP,EPX Limited,N/A,EDITS_ONLY,-,SHARES,EP
BELESS,EH.D.BELESS.CASH.IP,Ependion AB,N/A,TRADEABLE,-,SHARES,EP
EPIAU,AB.D.EPIAU.CASH.IP,Epiminder Ltd,N/A,EDITS_ONLY,-,SHARES,EP
EPZMUS,UB.D.EPZMUS.CASH.IP,Epizyme Inc,N/A,CLOSED,-,SHARES,EP
EPAMUS,SB.D.EPAMUS.CASH.IP,EPAM Systems Inc (24 Hours),N/A,TRADEABLE,-,SHARES,EP
EPR,SB.D.EPR.CASH.IP,EPR Properties,N/A,TRADEABLE,-,SHARES,EP
4282JT,AJ.D.4282JT.CASH.IP,EPS Holdings Inc,N/A,CLOSED,-,SHARES,EP
ECXGY,ED.D.ECXGY.CASH.IP,Epigenomics AG,N/A,OFFLINE,-,SHARES,EP
EPISBSS,EH.D.EPISBSS.CASH.IP,Episurf Medical AB (publ),N/A,TRADEABLE,-,SHARES,EP
EPWNLN,KA.D.EPWNLN.CASH.IP,Epwin Group PLC,N/A,OFFLINE,-,SHARES,EP
6724JT,AJ.D.6724JT.CASH.IP,Seiko Epson Corp,N/A,EDITS_ONLY,-,SHARES,EP
EEEFP,EC.D.EEEFP.CASH.IP,EasyETF FTSE EPRA Eurozone,N/A,TRADEABLE,-,SHARES,EP
EPSNUS,UB.D.EPSNUS.CASH.IP,Epsilon Energy Limited,N/A,TRADEABLE,-,SHARES,EP
EPSMUS,UB.D.EPSMUS.CASH.IP,Epsium Enterprise Ltd,N/A,TRADEABLE,-,SHARES,EP
EPREFP,EC.D.EPREFP.CASH.IP,Amundi FTSE EPRA Europe Real Estate - Paris,N/A,TRADEABLE,-,SHARES,EP
EPRELN,KA.D.EPRELN.CASH.IP,Amundi FTSE EPRA Europe Real Estate UCITS ETF-C,N/A,CLOSED,-,SHARES,EP
ESOZLN,KA.D.ESOZLN.CASH.IP,EPE Special Opportunities Limited,N/A,TRADEABLE,-,SHARES,EP
ESOLN,KC.D.ESOLN.CASH.IP,EPE Special Opportunities PLC,N/A,TRADEABLE,-,SHARES,EP
ZLCSUS,UD.D.ZLCSUS.CASH.IP,EPIRUS Biopharmaceuticals Inc,N/A,CLOSED,-,SHARES,EP
HPRDLN,KA.D.HPRDLN.CASH.IP,HSBC FTSE EPRA NAREIT Developed UCITS ETF - HPRD,N/A,TRADEABLE,-,SHARES,EP
HPROLN,KA.D.HPROLN.CASH.IP,HSBC FTSE EPRA NAREIT Developed UCITS ETF - HPRO,N/A,TRADEABLE,-,SHARES,EP
HPRALN,KA.D.HPRALN.CASH.IP,HSBC FTSE EPRA/NAREIT Developed UCITS ETF,N/A,TRADEABLE,-,SHARES,EP
HPRSLN,KA.D.HPRSLN.CASH.IP,HSBC FTSE EPRA/NAREIT Developed UCITS ETF (GBP),N/A,TRADEABLE,-,SHARES,EP
EPRALN,KA.D.EPRALN.CASH.IP,Amundi Index FTSE EPRA NAREIT Global UCITS ETF DR,N/A,TRADEABLE,-,SHARES,EP
EEIQUS,UB.D.EEIQUS.CASH.IP,EpicQuest Education Group International Limited.,N/A,TRADEABLE,-,SHARES,EP
EPHYUUS,UB.D.EPHYUUS.CASH.IP,Epiphany Technology Acquisition Corporation (Unit),N/A,CLOSED,-,SHARES,EP
HINDLN,KA.D.HINDLN.CASH.IP,HSBC FTSE EPRA Nareit Developed Islamic UCITS ETF,N/A,TRADEABLE,-,SHARES,EP
EURELN,KA.D.EURELN.CASH.IP,SPDR(r) FTSE EPRA Europe ex UK Real Estate UCITS ETF - EURE,N/A,CLOSED,-,SHARES,EP
EPRAFP,EC.D.EPRAFP.CASH.IP,Amundi Index Solutions - Amundi Index FTSE EPRA NAREIT Global UCITS ETF DR,N/A,TRADEABLE,-,SHARES,EP
THCAU,AB.D.THCAU.CASH.IP,Epsilon Healthcare Ltd,N/A,EDITS_ONLY,-,SHARES,EP
EQUS,UB.D.EQUS.CASH.IP,Equillium Inc,N/A,TRADEABLE,-,SHARES,EQ
EQBCT,KN.D.EQBCT.CASH.IP,EQB Inc,N/A,TRADEABLE,-,SHARES,EQ
EQV1VFH,EB.D.EQV1VFH.CASH.IP,eQ Oyj,N/A,TRADEABLE,-,SHARES,EQ
EQOSUS,UB.D.EQOSUS.CASH.IP,EQONEX Ltd,N/A,CLOSED,-,SHARES,EQ
EQRXUS,UB.D.EQRXUS.CASH.IP,EQRx Inc,N/A,CLOSED,-,SHARES,EQ
EQT,SB.D.EQT.CASH.IP,EQT Corp (24 Hours),N/A,TRADEABLE,-,SHARES,EQ
ALMSS,EH.D.ALMSS.CASH.IP,ALM Equity AB (publ),N/A,TRADEABLE,-,SHARES,EQ
EQLSS,EH.D.EQLSS.CASH.IP,EQL Pharma AB,N/A,TRADEABLE,-,SHARES,EQ
EQSGY,ED.D.EQSGY.CASH.IP,EQS Group AG,N/A,OFFLINE,-,SHARES,EQ
EFX,SB.D.EFX.CASH.IP,Equifax Inc (24 Hours),N/A,TRADEABLE,-,SHARES,EQ
EQIX,UB.D.EQIX.CASH.IP,Equinix Inc (24 Hours),N/A,TRADEABLE,-,SHARES,EQ
STLNO,EL.D.STLNO.CASH.IP,Equinor ASA,N/A,TRADEABLE,-,SHARES,EQ
STO,SG.D.STO.CASH.IP,Equinor ASA,N/A,TRADEABLE,-,SHARES,EQ
ALMPREFSS,EH.D.ALMPREFSS.CASH.IP,ALM Equity AB (publ) - pfd,N/A,TRADEABLE,-,SHARES,EQ
BELSJ,AR.D.BELSJ.CASH.IP,Bell Equipment Ltd,N/A,TRADEABLE,-,SHARES,EQ
EQTSS,EH.D.EQTSS.CASH.IP,EQT Partners AB,N/A,TRADEABLE,-,SHARES,EQ
PHAIFP,EC.D.PHAIFP.CASH.IP,EQUASENS Group,N/A,TRADEABLE,-,SHARES,EQ
FFXLN,KC.D.FFXLN.CASH.IP,Equals Group PLC,N/A,OFFLINE,-,SHARES,EQ
EQNLN,KA.D.EQNLN.CASH.IP,Equiniti Group PLC,N/A,OFFLINE,-,SHARES,EQ
EQXUS,SI.D.EQXUS.CASH.IP,Equinox Gold Corp,N/A,TRADEABLE,-,SHARES,EQ
EQUIIM,EF.D.EQUIIM.CASH.IP,Equita Group SpA,N/A,TRADEABLE,-,SHARES,EQ
EQR,SB.D.EQR.CASH.IP,Equity Residential (24 Hours),N/A,TRADEABLE,-,SHARES,EQ
EQTAU,AF.D.EQTAU.CASH.IP,Equity Trustees Ltd,N/A,EDITS_ONLY,-,SHARES,EQ
EQUAU,AB.D.EQUAU.CASH.IP,Equus Energy Ltd,N/A,EDITS_ONLY,-,SHARES,EQ
QVEAU,AB.D.QVEAU.CASH.IP,QV Equities Limited,N/A,CLOSED,-,SHARES,EQ
EQSAU,AB.D.EQSAU.CASH.IP,Aland Equity Group Limited,N/A,EDITS_ONLY,-,SHARES,EQ
ALTGUS,SA.D.ALTGUS.CASH.IP,Alta Equipment Group Inc,N/A,TRADEABLE,-,SHARES,EQ
ARMRUS,SI.D.ARMRUS.CASH.IP,Armor US Equity Index ETF,N/A,CLOSED,-,SHARES,EQ
AVUSUS,SI.D.AVUSUS.CASH.IP,Avantis US Equity ETF,N/A,TRADEABLE,-,SHARES,EQ
CEPOUS,UA.D.CEPOUS.CASH.IP,Cantor Equity Partners I Inc,N/A,TRADEABLE,-,SHARES,EQ
CEPTUS,UA.D.CEPTUS.CASH.IP,Cantor Equity Partners II Inc,N/A,TRADEABLE,-,SHARES,EQ
CEQPUS,SB.D.CEQPUS.CASH.IP,Crestwood Equity Partners LP,N/A,CLOSED,-,SHARES,EQ
EQRAU,AB.D.EQRAU.CASH.IP,EQ Resources Limited,N/A,EDITS_ONLY,-,SHARES,EQ
EVS,EA.D.EVS.CASH.IP,EVS Broadcast Equipment SA,N/A,TRADEABLE,-,SHARES,EQ
ETEUS,SB.D.ETEUS.CASH.IP,Energy Transfer Equity LP,N/A,TRADEABLE,-,SHARES,EQ
EQXAU,AB.D.EQXAU.CASH.IP,Equatorial Resources Ltd,N/A,EDITS_ONLY,-,SHARES,EQ
AIEQUS,SI.D.AIEQUS.CASH.IP,Equbot with Watson AI Total US ETF,N/A,TRADEABLE,-,SHARES,EQ
EQXCN,KN.D.EQXCN.CASH.IP,Equinox Gold Corporation,N/A,TRADEABLE,-,SHARES,EQ
EQIPPZ,KC.D.EQIPPZ.CASH.IP,Equipmake Holdings PLC,N/A,TRADEABLE,-,SHARES,EQ
EQPTUS,UB.D.EQPTUS.CASH.IP,EquipmentShare.com Inc,N/A,TRADEABLE,-,SHARES,EQ
EQHUS,SB.D.EQHUS.CASH.IP,Equitable Holdings Inc,N/A,TRADEABLE,-,SHARES,EQ
EQBKUS,UB.D.EQBKUS.CASH.IP,Equity Bancshares Inc,N/A,TRADEABLE,-,SHARES,EQ
EQCUS,SB.D.EQCUS.CASH.IP,Equity Commonwealth,N/A,CLOSED,-,SHARES,EQ
EQEAU,AB.D.EQEAU.CASH.IP,Equus Mining Limited,N/A,CLOSED,-,SHARES,EQ
NFTYUS,UC.D.NFTYUS.CASH.IP,First Trust India Nifty 50 Equ,N/A,TRADEABLE,-,SHARES,EQ
GAB,SC.D.GAB.CASH.IP,Gabelli Equity Trust Inc,N/A,TRADEABLE,-,SHARES,EQ
ERGIM,EF.D.ERGIM.CASH.IP,ERG SpA,N/A,TRADEABLE,-,SHARES,ER
ERAFP,EC.D.ERAFP.CASH.IP,Eramet,N/A,TRADEABLE,-,SHARES,ER
ERASUS,UB.D.ERASUS.CASH.IP,Erasca Inc,N/A,TRADEABLE,-,SHARES,ER
ECRSM,EI.D.ECRSM.CASH.IP,Ercros SA,N/A,TRADEABLE,-,SHARES,ER
ERICB,EH.D.ERICB.CASH.IP,Ericsson (LM) - B,N/A,TRADEABLE,-,SHARES,ER
9517JT,AJ.D.9517JT.CASH.IP,eRex Co Ltd,N/A,EDITS_ONLY,-,SHARES,ER
ERDAU,AB.D.ERDAU.CASH.IP,EROAD Limited,N/A,EDITS_ONLY,-,SHARES,ER
ERAUS,SB.D.ERAUS.CASH.IP,Era Group Inc,N/A,TRADEABLE,-,SHARES,ER
ERGOLN,KC.D.ERGOLN.CASH.IP,Ergomed PLC,N/A,CLOSED,-,SHARES,ER
ERICY,UB.D.ERICY.CASH.IP,Ericsson (LM) - B - ADR,N/A,TRADEABLE,-,SHARES,ER
HXCKGY,ED.D.HXCKGY.CASH.IP,Ernst Russ AG,N/A,TRADEABLE,-,SHARES,ER
EROSUS,SB.D.EROSUS.CASH.IP,Eros Media World PLC,N/A,OFFLINE,-,SHARES,ER
EBS,EK.D.EBS.CASH.IP,Erste Group Bank AG,N/A,TRADEABLE,-,SHARES,ER
EBOGY,ED.D.EBOGY.CASH.IP,Erste Group Bank AG (DE),N/A,TRADEABLE,-,SHARES,ER
ERIEUS,UB.D.ERIEUS.CASH.IP,Erie Indemnity Company (24 Hours),N/A,TRADEABLE,-,SHARES,ER
ERNUS,SI.D.ERNUS.CASH.IP,Erin Energy Corporation,N/A,OFFLINE,-,SHARES,ER
ZGNUS,SH.D.ZGNUS.CASH.IP,Ermenegildo Zegna NV,N/A,TRADEABLE,-,SHARES,ER
BTX,SI.D.BTX.CASH.IP,Ernexa Therapeutics Inc,N/A,TRADEABLE,-,SHARES,ER
EROCN,KN.D.EROCN.CASH.IP,Ero Copper Corporation,N/A,TRADEABLE,-,SHARES,ER
EUROB,ER.D.EUROB.CASH.IP,Eurobank Ergasias SA,N/A,EDITS_ONLY,-,SHARES,ER
FERAUS,UB.D.FERAUS.CASH.IP,Fifth Era Acquisition Corp I,N/A,TRADEABLE,-,SHARES,ER
NEHCUS,UC.D.NEHCUS.CASH.IP,New Era Energy & Digital Inc,N/A,TRADEABLE,-,SHARES,ER
XOVRUS,UD.D.XOVRUS.CASH.IP,ERShares Private-Public Crossover ETF,N/A,TRADEABLE,-,SHARES,ER
RAYAUS,UC.D.RAYAUS.CASH.IP,Erayak Power Solution Group Inc,N/A,TRADEABLE,-,SHARES,ER
ZGNWSUS,SH.D.ZGNWSUS.CASH.IP,Ermenegildo Zegna NV - Warrants,N/A,CLOSED,-,SHARES,ER
ERCBGY,ED.D.ERCBGY.CASH.IP,Telefonaktiebolaget LM Ericsson (DE),N/A,TRADEABLE,-,SHARES,ER
ERICASS,EH.D.ERICASS.CASH.IP,Telefonaktiebolaget LM Ericsson (publ),N/A,TRADEABLE,-,SHARES,ER
ERNULN,KA.D.ERNULN.CASH.IP,iShares $ Ultrashort Bond UCITS ETF - ERNU,N/A,TRADEABLE,-,SHARES,ER
ERN1LN,KA.D.ERN1LN.CASH.IP,iShares Euro Ultrashort Bond UCITS ETF - ERN1,N/A,TRADEABLE,-,SHARES,ER
ERWOAU,AB.D.ERWOAU.CASH.IP,Errawarra Resources Limited Options @ 0.30 EXP 30/09/2022,N/A,CLOSED,-,SHARES,ER
CREIT,AG.D.CREIT.CASH.IP,ESR-REIT,N/A,EDITS_ONLY,-,SHARES,ES
STOB,KA.D.STOB.CASH.IP,Esken Ltd,N/A,CLOSED,-,SHARES,ES
ALESKFP,EC.D.ALESKFP.CASH.IP,Esker SA,N/A,OFFLINE,-,SHARES,ES
ESPNA,EG.D.ESPNA.CASH.IP,Esperite,N/A,CLOSED,-,SHARES,ES
ESSITYBSS,EH.D.ESSITYBSS.CASH.IP,Essity AB  - B,N/A,TRADEABLE,-,SHARES,ES
ESSITYASS,EH.D.ESSITYASS.CASH.IP,Essity AB - A,N/A,TRADEABLE,-,SHARES,ES
ESIFP,EC.D.ESIFP.CASH.IP,ESI Group SA,N/A,OFFLINE,-,SHARES,ES
EVELN,KC.D.EVELN.CASH.IP,ESR 2022 PLC,N/A,CLOSED,-,SHARES,ES
STWOUS,UD.D.STWOUS.CASH.IP,ESS Tech Inc,N/A,TRADEABLE,-,SHARES,ES
ESCAUS,UB.D.ESCAUS.CASH.IP,Escalade Inc,N/A,TRADEABLE,-,SHARES,ES
PRTIM,EF.D.PRTIM.CASH.IP,Esprinet SpA,N/A,TRADEABLE,-,SHARES,ES
FLTR,KA.D.FLTR.CASH.IP,Essentra PLC,N/A,TRADEABLE,-,SHARES,ES
ESYSLN,KC.D.ESYSLN.CASH.IP,essensys PLC,N/A,TRADEABLE,-,SHARES,ES
ADLGY,ED.D.ADLGY.CASH.IP,ADLER Real Estate AG,N/A,OFFLINE,-,SHARES,ES
C40FP,EC.D.C40FP.CASH.IP,AMUNDI CAC 40 ESG,N/A,TRADEABLE,-,SHARES,ES
ESABUS,SB.D.ESABUS.CASH.IP,ESAB Corporation,N/A,TRADEABLE,-,SHARES,ES
EPIXUS,UB.D.EPIXUS.CASH.IP,ESSA Pharma Inc,N/A,CLOSED,-,SHARES,ES
6859JT,AJ.D.6859JT.CASH.IP,Espec Corporation,N/A,EDITS_ONLY,-,SHARES,ES
ESNTUS,SB.D.ESNTUS.CASH.IP,Essent Group Ltd,N/A,TRADEABLE,-,SHARES,ES
EHEAU,AB.D.EHEAU.CASH.IP,Estia Health Ltd,N/A,CLOSED,-,SHARES,ES
MSPSJ,AR.D.MSPSJ.CASH.IP,MAS Real Estate Inc,N/A,TRADEABLE,-,SHARES,ES
RETBB,EA.D.RETBB.CASH.IP,Retail Estates NV,N/A,TRADEABLE,-,SHARES,ES
SPISISW,EJ.D.SPISISW.CASH.IP,UBS ETF CH - SPI ESG,N/A,TRADEABLE,-,SHARES,ES
1821HK,AC.D.1821HK.CASH.IP,ESR Group Limited,N/A,CLOSED,-,SHARES,ES
E7SGY,ED.D.E7SGY.CASH.IP,Accentro Real Estate AG,N/A,TRADEABLE,-,SHARES,ES
RLGY,SG.D.RLGY.CASH.IP,Anywhere Real Estate Inc,N/A,CLOSED,-,SHARES,ES
ARMSM,EI.D.ARMSM.CASH.IP,Arima Real Estate SOCIMI SA,N/A,TRADEABLE,-,SHARES,ES
AROLN,KC.D.AROLN.CASH.IP,Arricano Real Estate PLC,N/A,OFFLINE,-,SHARES,ES
ESGPLN,KA.D.ESGPLN.CASH.IP,Auag ESG Gold Mining UCITS ETF,N/A,TRADEABLE,-,SHARES,ES
ESGOLN,KA.D.ESGOLN.CASH.IP,Auag ESG Gold Mining UCITS ETF (USD),N/A,TRADEABLE,-,SHARES,ES
ATTAU,AB.D.ATTAU.CASH.IP,Auckland Real Estate Trust,N/A,CLOSED,-,SHARES,ES
GMREUS,SC.D.GMREUS.CASH.IP,Chiron Real Estate Inc,N/A,TRADEABLE,-,SHARES,ES
CBOAU,AB.D.CBOAU.CASH.IP,Cobram Estate Olives Limited,N/A,EDITS_ONLY,-,SHARES,ES
KBUGY,ED.D.KBUGY.CASH.IP,Colonia Real Estate AG,N/A,OFFLINE,-,SHARES,ES
CC1GY,ED.D.CC1GY.CASH.IP,Consus Real Estate AG,N/A,CLOSED,-,SHARES,ES
DMREGY,ED.D.DMREGY.CASH.IP,DEMIRE Real Estate AG,N/A,TRADEABLE,-,SHARES,ES
DESNSW,EJ.D.DESNSW.CASH.IP,Dottikon Es Holding AG,N/A,TRADEABLE,-,SHARES,ES
ESEUS,SB.D.ESEUS.CASH.IP,ESCO Technologies Inc,N/A,TRADEABLE,-,SHARES,ES
ESGNA,EG.D.ESGNA.CASH.IP,ESG Core Investments B.V.,N/A,OFFLINE,-,SHARES,ES
FANGAU,AB.D.FANGAU.CASH.IP,ETFS FANG+ ETF,N/A,EDITS_ONLY,-,SHARES,ET
HGENAU,AB.D.HGENAU.CASH.IP,ETFS Hydrogen ETF,N/A,EDITS_ONLY,-,SHARES,ET
CUREAU,AB.D.CUREAU.CASH.IP,ETFS S&P Biotech ETF,N/A,EDITS_ONLY,-,SHARES,ET
BESTAU,AB.D.BESTAU.CASH.IP,ETFS US Quality ETF,N/A,EDITS_ONLY,-,SHARES,ET
ETSYUS,UB.D.ETSYUS.CASH.IP,Etsy Inc,N/A,TRADEABLE,-,SHARES,ET
SOLZUS,UD.D.SOLZUS.CASH.IP,Solana ETF,N/A,TRADEABLE,-,SHARES,ET
QETHUUCN,KN.D.QETHUUCN.CASH.IP,The Ether Fund,N/A,TRADEABLE,-,SHARES,ET
SMICHASW,EJ.D.SMICHASW.CASH.IP,UBS SMI ETF,N/A,TRADEABLE,-,SHARES,ET
VILFP,EC.D.VILFP.CASH.IP,Viel et Co,N/A,TRADEABLE,-,SHARES,ET
CU2FP,EC.D.CU2FP.CASH.IP,Amundi ETF MSCI USA UCITS ETF,N/A,TRADEABLE,-,SHARES,ET
VQTUS,SI.D.VQTUS.CASH.IP,Barclays ETN+ S&P VEQTOR ETN,N/A,OFFLINE,-,SHARES,ET
ETHXBCN,KN.D.ETHXBCN.CASH.IP,CI Galaxy Ethereum ETF,N/A,TRADEABLE,-,SHARES,ET
ETHXUCN,KN.D.ETHXUCN.CASH.IP,CI Galaxy Ethereum ETF (USD),N/A,TRADEABLE,-,SHARES,ET
CBDAXGY,ED.D.CBDAXGY.CASH.IP,ComStage ETF DAX TR UCITS ETF,N/A,CLOSED,-,SHARES,ET
CD47GY,ED.D.CD47GY.CASH.IP,ComStage ETF PSI 20 UCITS ETF,N/A,OFFLINE,-,SHARES,ET
METPLN,KA.D.METPLN.CASH.IP,ETC Group Web 3.0 UCITS ETF - GBp,N/A,TRADEABLE,-,SHARES,ET
METRLN,KA.D.METRLN.CASH.IP,ETC Group Web 3.0 UCITS ETF - USD,N/A,TRADEABLE,-,SHARES,ET
NDIAAU,AB.D.NDIAAU.CASH.IP,ETFS - NAM India NIFTY 50 ETF,N/A,EDITS_ONLY,-,SHARES,ET
ACDCAU,AB.D.ACDCAU.CASH.IP,ETFS Battery Tech & Lithium ETF,N/A,EDITS_ONLY,-,SHARES,ET
ESTXAU,AB.D.ESTXAU.CASH.IP,ETFS Euro Stoxx 50 ETF,N/A,EDITS_ONLY,-,SHARES,ET
HUGEAU,AB.D.HUGEAU.CASH.IP,ETFS Magnificent 7 Plus ETF,N/A,EDITS_ONLY,-,SHARES,ET
SEMIAU,AB.D.SEMIAU.CASH.IP,ETFS Semiconductor ETF,N/A,EDITS_ONLY,-,SHARES,ET
WWWWAU,AB.D.WWWWAU.CASH.IP,ETFS US Technology ETF,N/A,EDITS_ONLY,-,SHARES,ET
LDRSUS,SI.D.LDRSUS.CASH.IP,Innovator IBD ETF Leaders ETF,N/A,CLOSED,-,SHARES,ET
LGGGLN,KA.D.LGGGLN.CASH.IP,L&G Global Equity ETF UCITS ETF,N/A,TRADEABLE,-,SHARES,ET
LGUKLN,KA.D.LGUKLN.CASH.IP,L&G UK Equity ETF UCITS ETF,N/A,TRADEABLE,-,SHARES,ET
UC87LN,KA.D.UC87LN.CASH.IP,UBS ETF-MSCI Canada UCITS ETF,N/A,TRADEABLE,-,SHARES,ET
ETTEFH,EB.D.ETTEFH.CASH.IP,Etteplan Oyj,N/A,TRADEABLE,-,SHARES,ET
TSYXUS,UD.D.TSYXUS.CASH.IP,TSPY Lift ETF,N/A,TRADEABLE,-,SHARES,ET
SLIMUS,UD.D.SLIMUS.CASH.IP,The Obesity ETF,N/A,CLOSED,-,SHARES,ET
ORGUS,UC.D.ORGUS.CASH.IP,The Organics ETF,N/A,CLOSED,-,SHARES,ET
SPICHASW,EJ.D.SPICHASW.CASH.IP,UBS ETF CH-SPI,N/A,TRADEABLE,-,SHARES,ET
MONYAU,AB.D.MONYAU.CASH.IP,UBS IQ Cash ETF,N/A,EDITS_ONLY,-,SHARES,ET
ZGLDSW,EJ.D.ZGLDSW.CASH.IP,ZKB Gold ETF (CHF),N/A,TRADEABLE,-,SHARES,ET
ZGLDEU,EJ.D.ZGLDEU.CASH.IP,ZKB Gold ETF-A (EUR),N/A,TRADEABLE,-,SHARES,ET
ZGLDUS,EJ.D.ZGLDUS.CASH.IP,ZKB Gold ETF-A (USD),N/A,TRADEABLE,-,SHARES,ET
ZSILSW,EJ.D.ZSILSW.CASH.IP,ZKB Silver ETF (CHF),N/A,TRADEABLE,-,SHARES,ET
ETFPLTSJ,AR.D.ETFPLTSJ.CASH.IP,1nvest Platinum ETF,N/A,TRADEABLE,-,SHARES,ET
ETFRHOSJ,AR.D.ETFRHOSJ.CASH.IP,1nvest Rhodium ETF,N/A,TRADEABLE,-,SHARES,ET
ETFSWXSJ,AR.D.ETFSWXSJ.CASH.IP,1nvest SWIX 40 ETF,N/A,TRADEABLE,-,SHARES,ET
ETFT40SJ,AR.D.ETFT40SJ.CASH.IP,1nvest TOP 40 ETF,N/A,OFFLINE,-,SHARES,ET
ARKKUS,SI.D.ARKKUS.CASH.IP,ARK Innovation ETF,N/A,TRADEABLE,-,SHARES,ET
AMLPUS,SI.D.AMLPUS.CASH.IP,Alerian MLP ETF,N/A,TRADEABLE,-,SHARES,ET
EUCN,KN.D.EUCN.CASH.IP,enCore Energy Corporation,N/A,TRADEABLE,-,SHARES,EU
EVZAU,AB.D.EVZAU.CASH.IP,EVZ Ltd,N/A,EDITS_ONLY,-,SHARES,EV
CLIIUS,SB.D.CLIIUS.CASH.IP,EVgo Inc,N/A,TRADEABLE,-,SHARES,EV
EVAXUS,UB.D.EVAXUS.CASH.IP,Evaxion A/S,N/A,TRADEABLE,-,SHARES,EV
EFUELMENO,EL.D.EFUELMENO.CASH.IP,Everfuel AS,N/A,OFFLINE,-,SHARES,EV
EVRGUS,SB.D.EVRGUS.CASH.IP,Evergy Inc (24 Hours),N/A,TRADEABLE,-,SHARES,EV
EVLIIFH,EB.D.EVLIIFH.CASH.IP,Evli Oyj,N/A,TRADEABLE,-,SHARES,EV
888,KA.D.888.CASH.IP,Evoke plc,N/A,TRADEABLE,-,SHARES,EV
ALTVOFP,EC.D.ALTVOFP.CASH.IP,Evolis SA,N/A,OFFLINE,-,SHARES,EV
EOLSUS,UB.D.EOLSUS.CASH.IP,Evolus Inc,N/A,TRADEABLE,-,SHARES,EV
EVTGY,ED.D.EVTGY.CASH.IP,Evotec AG,N/A,TRADEABLE,-,SHARES,EV
EVRLN,KA.D.EVRLN.CASH.IP,Evraz PLC,N/A,SUSPENDED,-,SHARES,EV
SCGPZ,KC.D.SCGPZ.CASH.IP,Evrima PLC.,N/A,TRADEABLE,-,SHARES,EV
GLOFP,EC.D.GLOFP.CASH.IP,GL Events,N/A,TRADEABLE,-,SHARES,EV
EVTCUS,SB.D.EVTCUS.CASH.IP,EVERTEC Inc,N/A,TRADEABLE,-,SHARES,EV
AHD,AF.D.AHD.CASH.IP,EVT Limited,N/A,EDITS_ONLY,-,SHARES,EV
EVERUS,UB.D.EVERUS.CASH.IP,EverQuote Inc,N/A,TRADEABLE,-,SHARES,EV
EVRUS,SB.D.EVRUS.CASH.IP,Evercore Inc,N/A,TRADEABLE,-,SHARES,EV
ASGNUS,SA.D.ASGNUS.CASH.IP,Everforth Inc,N/A,TRADEABLE,-,SHARES,EV
PSTGUS,SE.D.PSTGUS.CASH.IP,Everpure Inc,N/A,TRADEABLE,-,SHARES,EV
BEMAU,AB.D.BEMAU.CASH.IP,Evion Group NL,N/A,EDITS_ONLY,-,SHARES,EV
EVMNUS,SB.D.EVMNUS.CASH.IP,Evommune Inc,N/A,TRADEABLE,-,SHARES,EV
EVOPUS,UB.D.EVOPUS.CASH.IP,EVO Payments Inc,N/A,CLOSED,-,SHARES,EV
EVEXUS,SB.D.EVEXUS.CASH.IP,Eve Holding Inc,N/A,TRADEABLE,-,SHARES,EV
EVCMUS,UB.D.EVCMUS.CASH.IP,EverCommerce Inc,N/A,TRADEABLE,-,SHARES,EV
EVBGUS,UB.D.EVBGUS.CASH.IP,Everbridge Inc,N/A,CLOSED,-,SHARES,EV
AAAPLN,KC.D.AAAPLN.CASH.IP,Everest Global plc,N/A,TRADEABLE,-,SHARES,EV
RE,SG.D.RE.CASH.IP,Everest Group Ltd (24 Hours),N/A,TRADEABLE,-,SHARES,EV
GCAUS,SC.D.GCAUS.CASH.IP,Everi Holdings Inc,N/A,CLOSED,-,SHARES,EV
TM17LN,KC.D.TM17LN.CASH.IP,Everplay Group PLC,N/A,TRADEABLE,-,SHARES,EV
NU,SE.D.NU.CASH.IP,Eversource Energy (24 Hours),N/A,TRADEABLE,-,SHARES,EV
EVESW,EJ.D.EVESW.CASH.IP,EvoNext Holdings SA,N/A,TRADEABLE,-,SHARES,EV
EVGNUS,UB.D.EVGNUS.CASH.IP,Evogene Limited,N/A,TRADEABLE,-,SHARES,EV
EVOKUS,UB.D.EVOKUS.CASH.IP,Evoke Pharma Inc,N/A,CLOSED,-,SHARES,EV
EVHUS,SB.D.EVHUS.CASH.IP,Evolent Health Inc,N/A,TRADEABLE,-,SHARES,EV
MPE,KA.D.MPE.CASH.IP,MP Evans Group PLC,N/A,TRADEABLE,-,SHARES,EV
165HK,AC.D.165HK.CASH.IP,China Everbright Ltd,N/A,EDITS_ONLY,-,SHARES,EV
1952HK,AC.D.1952HK.CASH.IP,EVEREST MED,N/A,EDITS_ONLY,-,SHARES,EV
ARELN,KC.D.ARELN.CASH.IP,Arena Events Group PLC,N/A,OFFLINE,-,SHARES,EV
CEWLSP,AG.D.CEWLSP.CASH.IP,China Everbright Water Ltd,N/A,EDITS_ONLY,-,SHARES,EV
JDRAU,AB.D.JDRAU.CASH.IP,EV Resources Limited,N/A,EDITS_ONLY,-,SHARES,EV
EVEXWSUS,SB.D.EVEXWSUS.CASH.IP,Eve Holding Inc - Warrants,N/A,TRADEABLE,-,SHARES,EV
EVLOUS,UB.D.EVLOUS.CASH.IP,Evelo Biosciences Inc,N/A,OFFLINE,-,SHARES,EV
EVERUS,SB.D.EVERUS.CASH.IP,EverBank Financial Corp,N/A,CLOSED,-,SHARES,EV
EVRALN,KC.D.EVRALN.CASH.IP,Everarc Holdings Limited,N/A,OFFLINE,-,SHARES,EV
EWRKSS,EH.D.EWRKSS.CASH.IP,Ework Group AB (publ),N/A,TRADEABLE,-,SHARES,EW
NUGT,SI.D.NUGT.CASH.IP,Direxion Daily Gold Miners Bull 2x,N/A,TRADEABLE,-,SHARES,EW
EWS,SI.D.EWS.CASH.IP,iShares MSCI Singapore ETF - EWS,N/A,TRADEABLE,-,SHARES,EW
EXONA,EG.D.EXONA.CASH.IP,Exor NV,N/A,TRADEABLE,-,SHARES,EX
EXFCT,KN.D.EXFCT.CASH.IP,EXFO Inc,N/A,OFFLINE,-,SHARES,EX
XGNUS,UD.D.XGNUS.CASH.IP,Exagen Inc,N/A,TRADEABLE,-,SHARES,EX
EXLGR,ED.D.EXLGR.CASH.IP,Exasol AG,N/A,TRADEABLE,-,SHARES,EX
EXMBB,EA.D.EXMBB.CASH.IP,Exmar NV,N/A,TRADEABLE,-,SHARES,EX
EXOIM,EF.D.EXOIM.CASH.IP,Exor SpA,N/A,CLOSED,-,SHARES,EX
XONEUS,UD.D.XONEUS.CASH.IP,The ExOne Co,N/A,CLOSED,-,SHARES,EX
1951JT,AJ.D.1951JT.CASH.IP,EXEO Group Inc,N/A,EDITS_ONLY,-,SHARES,EX
EXACUS,UB.D.EXACUS.CASH.IP,Exactech Inc,N/A,CLOSED,-,SHARES,EX
EXEL,UB.D.EXEL.CASH.IP,Exelixis Inc,N/A,TRADEABLE,-,SHARES,EX
EXC,SB.D.EXC.CASH.IP,Exelon Corp (24 Hours),N/A,TRADEABLE,-,SHARES,EX
XCURUS,UD.D.XCURUS.CASH.IP,Exicure Inc,N/A,TRADEABLE,-,SHARES,EX
EXENSFP,EC.D.EXENSFP.CASH.IP,Exosens SAS,N/A,TRADEABLE,-,SHARES,EX
EXFYUS,UB.D.EXFYUS.CASH.IP,Expensify Inc,N/A,TRADEABLE,-,SHARES,EX
EXPN,KA.D.EXPN.CASH.IP,Experian PLC,N/A,TRADEABLE,-,SHARES,EX
EXAIIM,EF.D.EXAIIM.CASH.IP,Expert.ai SpA,N/A,TRADEABLE,-,SHARES,EX
XPONUS,UD.D.XPONUS.CASH.IP,Expion360 Inc,N/A,TRADEABLE,-,SHARES,EX
EXPOUS,UB.D.EXPOUS.CASH.IP,Exponent Inc,N/A,TRADEABLE,-,SHARES,EX
EXPRUS,SB.D.EXPRUS.CASH.IP,Express Inc,N/A,CLOSED,-,SHARES,EX
XPRIM,EF.D.XPRIM.CASH.IP,Exprivia SpA,N/A,OFFLINE,-,SHARES,EX
ADX,SA.D.ADX.CASH.IP,Adams Express Co,N/A,TRADEABLE,-,SHARES,EX
EXTOUS,SB.D.EXTOUS.CASH.IP,Almacenes Exito SA,N/A,CLOSED,-,SHARES,EX
7278JT,AJ.D.7278JT.CASH.IP,EXEDY Corporation,N/A,EDITS_ONLY,-,SHARES,EX
4259JT,AJ.D.4259JT.CASH.IP,ExaWizards Inc,N/A,EDITS_ONLY,-,SHARES,EX
EXASUS,UB.D.EXASUS.CASH.IP,Exact Sciences Corp,N/A,CLOSED,-,SHARES,EX
GOEFP,EC.D.GOEFP.CASH.IP,Exail Technologies,N/A,TRADEABLE,-,SHARES,EX
EXL1VFH,EB.D.EXL1VFH.CASH.IP,Exel Composites Oyj,N/A,TRADEABLE,-,SHARES,EX
EXEFP,EC.D.EXEFP.CASH.IP,Exel Industries,N/A,TRADEABLE,-,SHARES,EX
EXODUS,SI.D.EXODUS.CASH.IP,Exodus Movement Inc,N/A,TRADEABLE,-,SHARES,EX
EXPE,UB.D.EXPE.CASH.IP,Expedia Group Inc (24 Hours),N/A,TRADEABLE,-,SHARES,EX
SKBAU,AB.D.SKBAU.CASH.IP,Experience Co Ltd,N/A,EDITS_ONLY,-,SHARES,EX
EXAIUS,UB.D.EXAIUS.CASH.IP,Exscientia PLC,N/A,CLOSED,-,SHARES,EX
EXSSS,EH.D.EXSSS.CASH.IP,Exsitec Holding AB,N/A,TRADEABLE,-,SHARES,EX
EXECN,KN.D.EXECN.CASH.IP,Extendicare Inc,N/A,TRADEABLE,-,SHARES,EX
10XAU,AB.D.10XAU.CASH.IP,Exultant Mining Ltd,N/A,EDITS_ONLY,-,SHARES,EX
XOM,SH.D.XOM.CASH.IP,Exxon Mobil Corp (24 Hours),N/A,TRADEABLE,-,SHARES,EX
GBPLN,KC.D.GBPLN.CASH.IP,GEO Exploration Ltd,N/A,TRADEABLE,-,SHARES,EX
8987JT,AJ.D.8987JT.CASH.IP,Japan Excellent Inc,N/A,EDITS_ONLY,-,SHARES,EX
PETSUS,UC.D.PETSUS.CASH.IP,PetMed Express Inc,N/A,TRADEABLE,-,SHARES,EX
2057HK,AC.D.2057HK.CASH.IP,ZTO Express (Cayman) Inc,N/A,EDITS_ONLY,-,SHARES,EX
995HK,AC.D.995HK.CASH.IP,Anhui Expressway Co,N/A,EDITS_ONLY,-,SHARES,EX
ACTLN,KC.D.ACTLN.CASH.IP,Actual Experience Ltd,N/A,CLOSED,-,SHARES,EX
AMXCN,KN.D.AMXCN.CASH.IP,Amex Exploration Inc,N/A,TRADEABLE,-,SHARES,EX
AXTAU,AB.D.AXTAU.CASH.IP,Argo Exploration Limited,N/A,CLOSED,-,SHARES,EX
XCEMUS,SI.D.XCEMUS.CASH.IP,Columbia EM Core ex-China ETF,N/A,TRADEABLE,-,SHARES,EX
C1XAU,AB.D.C1XAU.CASH.IP,Cosmos Exploration Limited,N/A,EDITS_ONLY,-,SHARES,EX
SEYESS,EH.D.SEYESS.CASH.IP,Smart Eye AB,N/A,TRADEABLE,-,SHARES,EY
SEYETRSS,EH.D.SEYETRSS.CASH.IP,Smart Eye AB - Rights,N/A,OFFLINE,-,SHARES,EY
BNT1GY,ED.D.BNT1GY.CASH.IP,EYEMAXX Real Estate AG,N/A,CLOSED,-,SHARES,EY
LUCYUS,UB.D.LUCYUS.CASH.IP,Innovative Eyewear Inc,N/A,TRADEABLE,-,SHARES,EY
5889JT,AJ.D.5889JT.CASH.IP,Japan Eyewear Holdings Co Ltd,N/A,EDITS_ONLY,-,SHARES,EY
ELXAU,AB.D.ELXAU.CASH.IP,Nova Eye Medical Limited,N/A,EDITS_ONLY,-,SHARES,EY
3309HK,AC.D.3309HK.CASH.IP,C-MER Eye Care Holdings Limited,N/A,EDITS_ONLY,-,SHARES,EY
PSDVUS,UC.D.PSDVUS.CASH.IP,EyePoint Pharmaceuticals Inc,N/A,TRADEABLE,-,SHARES,EY
EZPW,UB.D.EZPW.CASH.IP,Ezcorp Inc,N/A,TRADEABLE,-,SHARES,EZ
AVZSM,EI.D.AVZSM.CASH.IP,Ezentis (Grupo) SA,N/A,TRADEABLE,-,SHARES,EZ
EZRASP,AG.D.EZRASP.CASH.IP,Ezra Holdings Ltd,N/A,SUSPENDED,-,SHARES,EZ
AEZDLI,PK.D.AEZDLI.CASH.IP,Ezz Steel Co SAE,N/A,OFFLINE,-,SHARES,EZ
EZGOUS,UB.D.EZGOUS.CASH.IP,EZGO Technologies Limited,N/A,TRADEABLE,-,SHARES,EZ
2206JT,AJ.D.2206JT.CASH.IP,Ezaki Glico Company Limited,N/A,EDITS_ONLY,-,SHARES,EZ
EZISP,AG.D.EZISP.CASH.IP,Ezion Holdings Limited,N/A,CLOSED,-,SHARES,EZ
EZZAU,AB.D.EZZAU.CASH.IP,EZZ Life Science Holdings Limited,N/A,EDITS_ONLY,-,SHARES,EZ
FB,UB.D.FB.CASH.IP,Meta Platforms Inc (24 Hours),N/A,TRADEABLE,-,SHARES,FA
RCUSBB,EA.D.RCUSBB.CASH.IP,Fagron,N/A,TRADEABLE,-,SHARES,FA
FAESM,EI.D.FAESM.CASH.IP,Faes Farma SA,N/A,TRADEABLE,-,SHARES,FA
6954JT,AJ.D.6954JT.CASH.IP,FANUC Corp,N/A,EDITS_ONLY,-,SHARES,FA
FABGSS,EH.D.FABGSS.CASH.IP,Fabege AB,N/A,TRADEABLE,-,SHARES,FA
FNUS,SC.D.FNUS.CASH.IP,Fabrinet,N/A,TRADEABLE,-,SHARES,FA
FAMIUS,UB.D.FAMIUS.CASH.IP,Farmmi Inc,N/A,TRADEABLE,-,SHARES,FA
FSLYUS,SC.D.FSLYUS.CASH.IP,Fastly Inc,N/A,TRADEABLE,-,SHARES,FA
CHSUS,SB.D.CHSUS.CASH.IP,Chico's FAS Inc,N/A,CLOSED,-,SHARES,FA
FARAU,AB.D.FARAU.CASH.IP,FAR Limited,N/A,EDITS_ONLY,-,SHARES,FA
FAAGY,ED.D.FAAGY.CASH.IP,Fabasoft AG,N/A,TRADEABLE,-,SHARES,FA
WPCSUS,UD.D.WPCSUS.CASH.IP,Fabric.AI Inc,N/A,TRADEABLE,-,SHARES,FA
GPASJ,AR.D.GPASJ.CASH.IP,Fairvest Ltd,N/A,TRADEABLE,-,SHARES,FA
FTCHUS,SC.D.FTCHUS.CASH.IP,Farfetch Ltd,N/A,OFFLINE,-,SHARES,FA
FASTATSS,EH.D.FASTATSS.CASH.IP,Fastator AB,N/A,TRADEABLE,-,SHARES,FA
FAST,UB.D.FAST.CASH.IP,Fastenal Co (24 Hours),N/A,TRADEABLE,-,SHARES,FA
FASTNA,EG.D.FASTNA.CASH.IP,Fastned B.V.,N/A,TRADEABLE,-,SHARES,FA
WFC,SH.D.WFC.CASH.IP,Wells Fargo & Co (24 Hours),N/A,TRADEABLE,-,SHARES,FA
DARLN,KC.D.DARLN.CASH.IP,XP Factory PLC,N/A,TRADEABLE,-,SHARES,FA
AFAMUS,UA.D.AFAMUS.CASH.IP,Almost Family Inc,N/A,CLOSED,-,SHARES,FA
CARDLN,KA.D.CARDLN.CASH.IP,Card Factory PLC,N/A,TRADEABLE,-,SHARES,FA
DIOSSS,EH.D.DIOSSS.CASH.IP,Dios Fastigheter AB (publ),N/A,TRADEABLE,-,SHARES,FA
BRPMUS,UA.D.BRPMUS.CASH.IP,FaZe Holdings Inc,N/A,CLOSED,-,SHARES,FA
ADFLN,KC.D.ADFLN.CASH.IP,Facilities by Adf PLC,N/A,TRADEABLE,-,SHARES,FA
FADLLN,KC.D.FADLLN.CASH.IP,Fadel Partners Inc,N/A,TRADEABLE,-,SHARES,FA
FAGSS,EH.D.FAGSS.CASH.IP,Fagerhult Group AB,N/A,TRADEABLE,-,SHARES,FA
FIC,SC.D.FIC.CASH.IP,Fair Isaac Corp (24 Hours),N/A,TRADEABLE,-,SHARES,FA
FVIGY,ED.D.FVIGY.CASH.IP,Fair Value REIT-AG,N/A,OFFLINE,-,SHARES,FA
GPBSJ,AR.D.GPBSJ.CASH.IP,Fairvest Limited,N/A,TRADEABLE,-,SHARES,FA
FOGLN,KC.D.FOGLN.CASH.IP,Falcon Oil & Gas Ltd,N/A,OFFLINE,-,SHARES,FA
FOCN,KN.D.FOCN.CASH.IP,Falcon Oil & Gas Ltd (CA),N/A,OFFLINE,-,SHARES,FA
FACID,EE.D.FACID.CASH.IP,Falcon Oil & Gas Ltd (Euronext Dublin),N/A,CLOSED,-,SHARES,FA
EDGEPZ,KC.D.EDGEPZ.CASH.IP,Falconedge PLC,N/A,TRADEABLE,-,SHARES,FA
FBRSJ,AR.D.FBRSJ.CASH.IP,Famous Brands Ltd,N/A,TRADEABLE,-,SHARES,FA
4921JT,AJ.D.4921JT.CASH.IP,Fancl Corporation,N/A,CLOSED,-,SHARES,FA
FAGASS,EH.D.FAGASS.CASH.IP,Fantasma Games AB,N/A,OFFLINE,-,SHARES,FA
FDYCN,KN.D.FDYCN.CASH.IP,Faraday Copper Corp,N/A,TRADEABLE,-,SHARES,FA
FFCAU,AB.D.FFCAU.CASH.IP,FarmaForce Limited,N/A,CLOSED,-,SHARES,FA
FOSAV,EK.D.FOSAV.CASH.IP,Fashion on Screen PLC,N/A,CLOSED,-,SHARES,FA
FSRDUS,UB.D.FSRDUS.CASH.IP,Fast Radius Inc,N/A,CLOSED,-,SHARES,FA
FPARSS,EH.D.FPARSS.CASH.IP,FastPartner AB (publ) - A,N/A,TRADEABLE,-,SHARES,FA
FPARASS,EH.D.FPARASS.CASH.IP,FastPartner AB (publ) - A,N/A,TRADEABLE,-,SHARES,FA
FBRAU,AB.D.FBRAU.CASH.IP,FBR Limited,N/A,EDITS_ONLY,-,SHARES,FB
FBKUS,SC.D.FBKUS.CASH.IP,FB Financial Corp,N/A,TRADEABLE,-,SHARES,FB
FBHLN,KC.D.FBHLN.CASH.IP,FBD Holdings PLC,N/A,CLOSED,-,SHARES,FB
FBD,EE.D.FBD.CASH.IP,FBD Holdings PLC (Euronext Dublin),N/A,TRADEABLE,-,SHARES,FB
FFGUS,SC.D.FFGUS.CASH.IP,FBL Financial Group Inc,N/A,CLOSED,-,SHARES,FB
FCUS,SC.D.FCUS.CASH.IP,Franklin Covey Company,N/A,TRADEABLE,-,SHARES,FC
FCXGUS,UB.D.FCXGUS.CASH.IP,Leverage Shares 2X Long FCX Daily ETF,N/A,TRADEABLE,-,SHARES,FC
FDCN,KN.D.FDCN.CASH.IP,Argo Corporation,N/A,TRADEABLE,-,SHARES,FD
FDJFP,EC.D.FDJFP.CASH.IP,FDJ United,N/A,TRADEABLE,-,SHARES,FD
FDPLN,KA.D.FDPLN.CASH.IP,FD Technologies PLC,N/A,OFFLINE,-,SHARES,FD
6955JT,AJ.D.6955JT.CASH.IP,FDK Corporation,N/A,EDITS_ONLY,-,SHARES,FD
FDMLN,KA.D.FDMLN.CASH.IP,FDM Group Holdings PLC,N/A,TRADEABLE,-,SHARES,FD
729HK,AC.D.729HK.CASH.IP,FDG Electric Vehicles Limited,N/A,CLOSED,-,SHARES,FD
FE,SC.D.FE.CASH.IP,FirstEnergy Corp (24 Hours),N/A,TRADEABLE,-,SHARES,FE
FDX,SC.D.FDX.CASH.IP,FedEx Corp (24 Hours),N/A,TRADEABLE,-,SHARES,FE
2469HK,AC.D.2469HK.CASH.IP,Fenbi Ltd,N/A,EDITS_ONLY,-,SHARES,FE
FRMIUS,UB.D.FRMIUS.CASH.IP,Fermi Inc,N/A,TRADEABLE,-,SHARES,FE
RACEUS,SG.D.RACEUS.CASH.IP,Ferrari NV,N/A,TRADEABLE,-,SHARES,FE
FR6GY,ED.D.FR6GY.CASH.IP,Ferrari NV (GER),N/A,TRADEABLE,-,SHARES,FE
RACEIM,EF.D.RACEIM.CASH.IP,Ferrari NV (ITA),N/A,TRADEABLE,-,SHARES,FE
FOEUS,SC.D.FOEUS.CASH.IP,Ferro Corp,N/A,CLOSED,-,SHARES,FE
CRM,KA.D.CRM.CASH.IP,Fevara PLC,N/A,TRADEABLE,-,SHARES,FE
FDBKLN,KC.D.FDBKLN.CASH.IP,Feedback PLC,N/A,TRADEABLE,-,SHARES,FE
FEMYUS,UB.D.FEMYUS.CASH.IP,Femasys Inc,N/A,TRADEABLE,-,SHARES,FE
LEKLN,KA.D.LEKLN.CASH.IP,Fenikso Ltd,N/A,TRADEABLE,-,SHARES,FE
WOS,KA.D.WOS.CASH.IP,Ferguson PLC,N/A,TRADEABLE,-,SHARES,FE
FALGFP,EC.D.FALGFP.CASH.IP,Fermentalg SA,N/A,TRADEABLE,-,SHARES,FE
9638HK,AC.D.9638HK.CASH.IP,Ferretti SpA,N/A,EDITS_ONLY,-,SHARES,FE
YACHTIM,EF.D.YACHTIM.CASH.IP,Ferretti SpA (Milan),N/A,TRADEABLE,-,SHARES,FE
FXPO,KA.D.FXPO.CASH.IP,Ferrexpo PLC,N/A,SUSPENDED,-,SHARES,FE
FERROSS,EH.D.FERROSS.CASH.IP,Ferroamp AB,N/A,TRADEABLE,-,SHARES,FE
FERUS,UB.D.FERUS.CASH.IP,Ferrovial N.V.,N/A,TRADEABLE,-,SHARES,FE
FERSM,EI.D.FERSM.CASH.IP,Ferrovial N.V.,N/A,TRADEABLE,-,SHARES,FE
FERNA,EG.D.FERNA.CASH.IP,Ferrovial N.V.,N/A,TRADEABLE,-,SHARES,FE
FEDALN,KA.D.FEDALN.CASH.IP,Federal Bank Ltd,N/A,OFFLINE,-,SHARES,FE
FSSUS,SC.D.FSSUS.CASH.IP,Federal Signal Corp,N/A,TRADEABLE,-,SHARES,FE
FXGAU,AB.D.FXGAU.CASH.IP,Felix Gold Limited,N/A,EDITS_ONLY,-,SHARES,FE
EVLIFH,EB.D.EVLIFH.CASH.IP,Fellow Pankki Oyj,N/A,OFFLINE,-,SHARES,FE
FERGUS,SC.D.FERGUS.CASH.IP,Ferguson PLC - US,N/A,TRADEABLE,-,SHARES,FE
FERGRNA,EG.D.FERGRNA.CASH.IP,Ferrari Group PLC,N/A,TRADEABLE,-,SHARES,FE
GSMUS,UB.D.GSMUS.CASH.IP,Ferroglobe PLC,N/A,TRADEABLE,-,SHARES,FE
FNMSS,EH.D.FNMSS.CASH.IP,Ferronordic AB,N/A,TRADEABLE,-,SHARES,FE
FRVOUS,UB.D.FRVOUS.CASH.IP,Fervo Energy Co,N/A,TRADEABLE,-,SHARES,FE
IVFUS,UB.D.IVFUS.CASH.IP,INVO Fertility Inc,N/A,TRADEABLE,-,SHARES,FE
6186HK,AC.D.6186HK.CASH.IP,China Feihe Ltd,N/A,EDITS_ONLY,-,SHARES,FE
1866HK,AC.D.1866HK.CASH.IP,China XLX Fertiliser Ltd (HK),N/A,EDITS_ONLY,-,SHARES,FE
FNHCUS,UB.D.FNHCUS.CASH.IP,FedNat Holding Company,N/A,CLOSED,-,SHARES,FE
FII,SC.D.FII.CASH.IP,Federated Hermes Inc,N/A,TRADEABLE,-,SHARES,FE
FDXFUS,SC.D.FDXFUS.CASH.IP,Fedex Freight Holding Co Inc,N/A,TRADEABLE,-,SHARES,FE
FLXAU,AB.D.FLXAU.CASH.IP,Felix Group Holdings Limited,N/A,EDITS_ONLY,-,SHARES,FE
BCANUS,UA.D.BCANUS.CASH.IP,Femto Technologies Inc,N/A,OFFLINE,-,SHARES,FE
EMGAU,AB.D.EMGAU.CASH.IP,Fenix Resources Limited,N/A,EDITS_ONLY,-,SHARES,FE
FENCUS,UB.D.FENCUS.CASH.IP,Fennec Pharmaceuticals Inc,N/A,TRADEABLE,-,SHARES,FE
FGPUS,SC.D.FGPUS.CASH.IP,Ferrellgas Partners LP,N/A,OFFLINE,-,SHARES,FE
6890JT,AJ.D.6890JT.CASH.IP,Ferrotec Corporation,N/A,EDITS_ONLY,-,SHARES,FE
FEVRLN,KA.D.FEVRLN.CASH.IP,Fevertree Drinks PLC,N/A,TRADEABLE,-,SHARES,FE
KFY,SD.D.KFY.CASH.IP,Korn Ferry International,N/A,TRADEABLE,-,SHARES,FE
SFER,EF.D.SFER.CASH.IP,Salvatore Ferragamo SpA,N/A,TRADEABLE,-,SHARES,FE
FFIM,EF.D.FFIM.CASH.IP,Fine Foods & Pharmaceuticals N.T.M. SpA,N/A,TRADEABLE,-,SHARES,FF
FFCN,KN.D.FFCN.CASH.IP,First Mining Gold Corporation,N/A,TRADEABLE,-,SHARES,FF
FFUS,SC.D.FFUS.CASH.IP,FutureFuel Corp,N/A,TRADEABLE,-,SHARES,FF
FFILN,KC.D.FFILN.CASH.IP,FFI Holdings PLC,N/A,OFFLINE,-,SHARES,FF
3692JT,AJ.D.3692JT.CASH.IP,FFRI Security Inc,N/A,EDITS_ONLY,-,SHARES,FF
FFIAU,AB.D.FFIAU.CASH.IP,FFI Holdings Limited,N/A,EDITS_ONLY,-,SHARES,FF
FGUS,SC.D.FGUS.CASH.IP,F&G Annuities & Life Inc,N/A,TRADEABLE,-,SHARES,FG
FGSS,EH.D.FGSS.CASH.IP,Fasadgruppen Group AB (publ),N/A,TRADEABLE,-,SHARES,FG
FGFUS,UB.D.FGFUS.CASH.IP,FG Nexus Inc,N/A,TRADEABLE,-,SHARES,FG
BTNUS,SI.D.BTNUS.CASH.IP,FG Group Holdings Inc,N/A,OFFLINE,-,SHARES,FG
FGQDLN,KA.D.FGQDLN.CASH.IP,Fidelity Global Quality Income UCITS ETF [FGQD],N/A,TRADEABLE,-,SHARES,FG
FIUS,SC.D.FIUS.CASH.IP,Expro Group Holdings NV,N/A,TRADEABLE,-,SHARES,FI
FGP,KA.D.FGP.CASH.IP,Firstgroup PLC,N/A,TRADEABLE,-,SHARES,FI
FIGSUS,SC.D.FIGSUS.CASH.IP,FIGS Inc,N/A,TRADEABLE,-,SHARES,FI
3649JT,AJ.D.3649JT.CASH.IP,FINDEX Inc,N/A,EDITS_ONLY,-,SHARES,FI
FIGUS,SC.D.FIGUS.CASH.IP,Figma Inc (24 Hours),N/A,TRADEABLE,-,SHARES,FI
IMELN,KC.D.IMELN.CASH.IP,Fiinu Plc,N/A,TRADEABLE,-,SHARES,FI
FNTS,EC.D.FNTS.CASH.IP,Finatis SA,N/A,OFFLINE,-,SHARES,FI
SBIZLN,KA.D.SBIZLN.CASH.IP,Fintel PLC,N/A,TRADEABLE,-,SHARES,FI
FISV,UB.D.FISV.CASH.IP,Fiserv Inc (24 Hours),N/A,TRADEABLE,-,SHARES,FI
FKELN,KC.D.FKELN.CASH.IP,Fiske PLC,N/A,TRADEABLE,-,SHARES,FI
SPAQUS,SG.D.SPAQUS.CASH.IP,Fisker Inc,N/A,CLOSED,-,SHARES,FI
FIVNUS,UB.D.FIVNUS.CASH.IP,Five9 Inc,N/A,TRADEABLE,-,SHARES,FI
JBH,AA.D.JBH.CASH.IP,JB Hi-Fi Ltd,N/A,EDITS_ONLY,-,SHARES,FI
FNC,EF.D.FNC.CASH.IP,Leonardo-Finmeccanica Spa,N/A,TRADEABLE,-,SHARES,FI
FBK,EF.D.FBK.CASH.IP,FinecoBank Banca Fineco SpA,N/A,TRADEABLE,-,SHARES,FI
THFFUS,UD.D.THFFUS.CASH.IP,First Financial Corporation,N/A,TRADEABLE,-,SHARES,FI
FKL,KC.D.FKL.CASH.IP,FIH Group Plc,N/A,TRADEABLE,-,SHARES,FI
FTC,KC.D.FTC.CASH.IP,Filtronic PLC,N/A,TRADEABLE,-,SHARES,FI
FINLN,KA.D.FINLN.CASH.IP,Finablr PLC,N/A,CLOSED,-,SHARES,FI
TSNAU,AB.D.TSNAU.CASH.IP,Findi Limited,N/A,EDITS_ONLY,-,SHARES,FI
FIA1S,EB.D.FIA1S.CASH.IP,Finnair OYJ,N/A,TRADEABLE,-,SHARES,FI
CSFSLN,KC.D.CSFSLN.CASH.IP,Finseta plc,N/A,TRADEABLE,-,SHARES,FI
1SNLN,KC.D.1SNLN.CASH.IP,First Tin PLC,N/A,TRADEABLE,-,SHARES,FI
FCFSUS,SC.D.FCFSUS.CASH.IP,FirstCash Inc,N/A,TRADEABLE,-,SHARES,FI
FSRSJ,AR.D.FSRSJ.CASH.IP,FirstRand Ltd,N/A,TRADEABLE,-,SHARES,FI
FIVEUS,UB.D.FIVEUS.CASH.IP,Five Below Inc,N/A,TRADEABLE,-,SHARES,FI
STXFIN,AR.D.STXFIN.CASH.IP,Satrix FINI,N/A,TRADEABLE,-,SHARES,FI
SFIXUS,UD.D.SFIXUS.CASH.IP,Stitch Fix Inc,N/A,TRADEABLE,-,SHARES,FI
XYFUS,SH.D.XYFUS.CASH.IP,X Financial,N/A,TRADEABLE,-,SHARES,FI
QFINUS,UC.D.QFINUS.CASH.IP,360 Finance Inc - ADR,N/A,TRADEABLE,-,SHARES,FI
ALTSUS,UA.D.ALTSUS.CASH.IP,AI Financial Corp,N/A,TRADEABLE,-,SHARES,FI
ALLYUS,SA.D.ALLYUS.CASH.IP,Ally Financial Inc,N/A,TRADEABLE,-,SHARES,FI
AADGY,ED.D.AADGY.CASH.IP,Amadeus Fire AG,N/A,TRADEABLE,-,SHARES,FI
BOKF,UA.D.BOKF.CASH.IP,BOK Financial Corp,N/A,TRADEABLE,-,SHARES,FI
BHLBUS,SA.D.BHLBUS.CASH.IP,Beacon Finance Corp,N/A,TRADEABLE,-,SHARES,FI
DIFJDC,EP.D.DIFJDC.CASH.IP,Danske Invest Fjernosten,N/A,OFFLINE,-,SHARES,FJ
MID6FJRDC,EP.D.MID6FJRDC.CASH.IP,Handelsinvest - Fjernosten AK,N/A,OFFLINE,-,SHARES,FJ
SYDHDC,EP.D.SYDHDC.CASH.IP,Sydinvest Fjernosten KL,N/A,TRADEABLE,-,SHARES,FJ
ORINDC,EP.D.ORINDC.CASH.IP,Danske Invest Fjernosten Indeks,N/A,TRADEABLE,-,SHARES,FJ
FJVSLN,KA.D.FJVSLN.CASH.IP,FJVS - Fidelity Japanese Values PLC,N/A,OFFLINE,-,SHARES,FJ
FJPUS,UB.D.FJPUS.CASH.IP,First Trust Japan AlphaDEX Fund  -FJP,N/A,TRADEABLE,-,SHARES,FJ
JIFEDC,EP.D.JIFEDC.CASH.IP,Jyske Invest Fjernosten Aktier SRI KL,N/A,TRADEABLE,-,SHARES,FJ
SYFJERNDC,EP.D.SYFJERNDC.CASH.IP,Sydinvest Fjernosten Akkumulerende KL,N/A,TRADEABLE,-,SHARES,FJ
FL,SC.D.FL.CASH.IP,Foot Locker Inc,N/A,CLOSED,-,SHARES,FL
FLAGY,ED.D.FLAGY.CASH.IP,Flatex AG,N/A,TRADEABLE,-,SHARES,FL
INDEXSS,EH.D.INDEXSS.CASH.IP,Flerie AB,N/A,TRADEABLE,-,SHARES,FL
IDIUS,SI.D.IDIUS.CASH.IP,Fluent Inc,N/A,TRADEABLE,-,SHARES,FL
FDRSM,EI.D.FDRSM.CASH.IP,Fluidra SA,N/A,TRADEABLE,-,SHARES,FL
FLR,SC.D.FLR.CASH.IP,Fluor Corp,N/A,TRADEABLE,-,SHARES,FL
FLOFP,EC.D.FLOFP.CASH.IP,Groupe Flo,N/A,OFFLINE,-,SHARES,FL
FLOL,KA.D.FLOL.CASH.IP,Flowtech Fluidpower plc,N/A,TRADEABLE,-,SHARES,FL
FLSDC,EP.D.FLSDC.CASH.IP,FLSmidth & Co AS,N/A,TRADEABLE,-,SHARES,FL
FLYEUS,UB.D.FLYEUS.CASH.IP,FLY-E Group Inc,N/A,TRADEABLE,-,SHARES,FL
FLEXPZ,KC.D.FLEXPZ.CASH.IP,Flex Labs Inc,N/A,CLOSED,-,SHARES,FL
FLEXO,ER.D.FLEXO.CASH.IP,Flexopack SA,N/A,TRADEABLE,-,SHARES,FL
FLEXQSS,EH.D.FLEXQSS.CASH.IP,Flexqube AB,N/A,TRADEABLE,-,SHARES,FL
TIUMUCN,KN.D.TIUMUCN.CASH.IP,Fluent Corp,N/A,OFFLINE,-,SHARES,FL
FLUISS,EH.D.FLUISS.CASH.IP,Fluicell AB,N/A,TRADEABLE,-,SHARES,FL
FLUOSS,EH.D.FLUOSS.CASH.IP,Fluoguide A/S,N/A,TRADEABLE,-,SHARES,FL
FLOWUS,SC.D.FLOWUS.CASH.IP,SPX FLOW Inc,N/A,CLOSED,-,SHARES,FL
9206JT,AJ.D.9206JT.CASH.IP,Star Flyer Inc,N/A,EDITS_ONLY,-,SHARES,FL
FLIR,UB.D.FLIR.CASH.IP,FLIR Systems Inc,N/A,CLOSED,-,SHARES,FL
NYB,SE.D.NYB.CASH.IP,Flagstar Bank NA,N/A,TRADEABLE,-,SHARES,FL
FLATBSS,EH.D.FLATBSS.CASH.IP,Flat Capital AB,N/A,TRADEABLE,-,SHARES,FL
FWD,AA.D.FWD.CASH.IP,Fleetwood Limited,N/A,EDITS_ONLY,-,SHARES,FL
FLKLN,KC.D.FLKLN.CASH.IP,Fletcher King PLC,N/A,TRADEABLE,-,SHARES,FL
FLEFP,EC.D.FLEFP.CASH.IP,Fleury Michon SA,N/A,TRADEABLE,-,SHARES,FL
FLNGNO,EL.D.FLNGNO.CASH.IP,Flex LNG Limited,N/A,OFFLINE,-,SHARES,FL
FLNGUS,SC.D.FLNGUS.CASH.IP,Flex LNG Limited,N/A,TRADEABLE,-,SHARES,FL
FLKSUS,UB.D.FLKSUS.CASH.IP,Flex Pharma Inc,N/A,CLOSED,-,SHARES,FL
FPAYUS,UB.D.FPAYUS.CASH.IP,FlexShopper Inc,N/A,OFFLINE,-,SHARES,FL
FLEXMSS,EH.D.FLEXMSS.CASH.IP,Flexion Mobile PLC,N/A,TRADEABLE,-,SHARES,FL
FRXAU,AB.D.FRXAU.CASH.IP,Flexiroam Limited,N/A,EDITS_ONLY,-,SHARES,FL
FLOWNA,EG.D.FLOWNA.CASH.IP,Flow Traders Ltd,N/A,TRADEABLE,-,SHARES,FL
FLOCUS,SC.D.FLOCUS.CASH.IP,Flowco Holdings Inc,N/A,TRADEABLE,-,SHARES,FL
FLO,SC.D.FLO.CASH.IP,Flowers Foods Inc,N/A,TRADEABLE,-,SHARES,FL
FLS,SC.D.FLS.CASH.IP,Flowserve Corp,N/A,TRADEABLE,-,SHARES,FL
EMCAU,AB.D.EMCAU.CASH.IP,Fluence Corp Ltd,N/A,EDITS_ONLY,-,SHARES,FL
FLNCUS,UB.D.FLNCUS.CASH.IP,Fluence Energy Inc,N/A,TRADEABLE,-,SHARES,FL
FLUG,EK.D.FLUG.CASH.IP,Flughafen Wien AG,N/A,TRADEABLE,-,SHARES,FL
FLYUS,SC.D.FLYUS.CASH.IP,Fly Leasing Ltd,N/A,CLOSED,-,SHARES,FL
FLYB,KA.D.FLYB.CASH.IP,Flybe Group PLC,N/A,OFFLINE,-,SHARES,FL
FG1AU,AB.D.FG1AU.CASH.IP,Flynn Gold Limited,N/A,EDITS_ONLY,-,SHARES,FL
SGFAU,AB.D.SGFAU.CASH.IP,SG Fleet Group Ltd,N/A,CLOSED,-,SHARES,FL
TIFSLN,KA.D.TIFSLN.CASH.IP,TI Fluid Systems PLC,N/A,OFFLINE,-,SHARES,FL
FMIM,EF.D.FMIM.CASH.IP,Fiera Milano SpA,N/A,TRADEABLE,-,SHARES,FM
FMCT,KN.D.FMCT.CASH.IP,First Quantum Minerals Ltd (CA),N/A,TRADEABLE,-,SHARES,FM
FMUS,SI.D.FMUS.CASH.IP,iShares Frontier and Select EM ETF,N/A,OFFLINE,-,SHARES,FM
FMC,SC.D.FMC.CASH.IP,FMC Corp,N/A,TRADEABLE,-,SHARES,FM
FMMSS,EH.D.FMMSS.CASH.IP,FM Mattsson Mora Group AB (publ),N/A,TRADEABLE,-,SHARES,FM
AFWAU,AB.D.AFWAU.CASH.IP,FMR Resources Limited,N/A,EDITS_ONLY,-,SHARES,FM
FMQPLN,KA.D.FMQPLN.CASH.IP,FMQQ Next Frontier Internet & Ecommerce ESG-S UCITS ETF,N/A,CLOSED,-,SHARES,FM
FNCN,KN.D.FNCN.CASH.IP,First National Financial Corporation,N/A,OFFLINE,-,SHARES,FN
FNMIM,EF.D.FNMIM.CASH.IP,FNM SpA,N/A,TRADEABLE,-,SHARES,FN
FNB,SC.D.FNB.CASH.IP,FNB Corp,N/A,TRADEABLE,-,SHARES,FN
FNACFP,EC.D.FNACFP.CASH.IP,Groupe Fnac,N/A,TRADEABLE,-,SHARES,FN
FNCBUS,UB.D.FNCBUS.CASH.IP,FNCB Bancorp Inc,N/A,CLOSED,-,SHARES,FN
FNBINFSJ,AR.D.FNBINFSJ.CASH.IP,FNB Inflation Bond ETF,N/A,OFFLINE,-,SHARES,FN
FRSGY,ED.D.FRSGY.CASH.IP,FORI SA,N/A,OFFLINE,-,SHARES,FO
CRM,SB.D.CRM.CASH.IP,Salesforce Inc (24 Hours),N/A,TRADEABLE,-,SHARES,FO
HDFGA,ER.D.HDFGA.CASH.IP,Folli Follie SA,N/A,CLOSED,-,SHARES,FO
FONDIAFH,EB.D.FONDIAFH.CASH.IP,Fondia Oyj,N/A,TRADEABLE,-,SHARES,FO
FNXLN,KC.D.FNXLN.CASH.IP,Fonix PLC,N/A,TRADEABLE,-,SHARES,FO
FTSUS,SC.D.FTSUS.CASH.IP,Fortis Inc,N/A,TRADEABLE,-,SHARES,FO
FNOXSS,EH.D.FNOXSS.CASH.IP,Fortnox AB (publ),N/A,OFFLINE,-,SHARES,FO
FUM1V,EB.D.FUM1V.CASH.IP,Fortum OYJ,N/A,TRADEABLE,-,SHARES,FO
2292JT,AJ.D.2292JT.CASH.IP,S Foods Inc,N/A,EDITS_ONLY,-,SHARES,FO
FPIFODC,EP.D.FPIFODC.CASH.IP,Formuepleje - Fokus KL,N/A,TRADEABLE,-,SHARES,FO
SAXSFORDC,EP.D.SAXSFORDC.CASH.IP,Formuepleje Forbrugsaktier,N/A,OFFLINE,-,SHARES,FO
BGSUS,SA.D.BGSUS.CASH.IP,B&G Foods Inc,N/A,TRADEABLE,-,SHARES,FO
TUNELN,KC.D.TUNELN.CASH.IP,Focusrite PLC,N/A,TRADEABLE,-,SHARES,FO
FFARMNA,EG.D.FFARMNA.CASH.IP,ForFarmers NV,N/A,TRADEABLE,-,SHARES,FO
F,SC.D.F.CASH.IP,Ford Motor Co (24 Hours),N/A,TRADEABLE,-,SHARES,FO
FORGUS,SC.D.FORGUS.CASH.IP,ForgeRock Inc,N/A,CLOSED,-,SHARES,FO
REACLN,KC.D.REACLN.CASH.IP,Forgent plc,N/A,TRADEABLE,-,SHARES,FO
FYBGY,ED.D.FYBGY.CASH.IP,Formycon AG,N/A,TRADEABLE,-,SHARES,FO
FRTAUS,UB.D.FRTAUS.CASH.IP,Forterra Inc,N/A,CLOSED,-,SHARES,FO
FORTLN,KA.D.FORTLN.CASH.IP,Forterra PLC,N/A,TRADEABLE,-,SHARES,FO
FMG,AA.D.FMG.CASH.IP,Fortescue Ltd,N/A,EDITS_ONLY,-,SHARES,FO
FP,EC.D.FP.CASH.IP,TotalEnergies SE (FR),N/A,TRADEABLE,-,SHARES,FP
7388JT,AJ.D.7388JT.CASH.IP,FP Partner Inc,N/A,EDITS_ONLY,-,SHARES,FP
7947JT,AJ.D.7947JT.CASH.IP,FP Corporation,N/A,EDITS_ONLY,-,SHARES,FP
WRRAU,AB.D.WRRAU.CASH.IP,Beam Communications FPO,N/A,EDITS_ONLY,-,SHARES,FP
POZ,AB.D.POZ.CASH.IP,Gibb River Diamonds FPO,N/A,EDITS_ONLY,-,SHARES,FP
DRKAU,AB.D.DRKAU.CASH.IP,Ragnar Metals Limited FPO,N/A,EDITS_ONLY,-,SHARES,FP
FRUS,SC.D.FRUS.CASH.IP,First Industrial Realty Trust Inc,N/A,TRADEABLE,-,SHARES,FR
FRCT,KN.D.FRCT.CASH.IP,First Majestic Silver Corp,N/A,TRADEABLE,-,SHARES,FR
FRSP,AG.D.FRSP.CASH.IP,First Resources Ltd,N/A,EDITS_ONLY,-,SHARES,FR
FRFP,EC.D.FRFP.CASH.IP,Valeo SA,N/A,TRADEABLE,-,SHARES,FR
2586JT,AJ.D.2586JT.CASH.IP,Fruta Fruta Inc,N/A,EDITS_ONLY,-,SHARES,FR
CEAGY,ED.D.CEAGY.CASH.IP,FRIWO AG,N/A,OFFLINE,-,SHARES,FR
FNTGY,ED.D.FNTGY.CASH.IP,Freenet AG,N/A,TRADEABLE,-,SHARES,FR
4478JT,AJ.D.4478JT.CASH.IP,freee K.K.,N/A,EDITS_ONLY,-,SHARES,FR
FREEUS,UB.D.FREEUS.CASH.IP,FreeSeas Inc,N/A,CLOSED,-,SHARES,FR
FQTAV,EK.D.FQTAV.CASH.IP,Frequentis AG,N/A,TRADEABLE,-,SHARES,FR
FQTGY,ED.D.FQTGY.CASH.IP,Frequentis AG,N/A,TRADEABLE,-,SHARES,FR
FRIICT,KN.D.FRIICT.CASH.IP,Freshii Inc,N/A,OFFLINE,-,SHARES,FR
FRPTUS,UB.D.FRPTUS.CASH.IP,Freshpet Inc,N/A,TRADEABLE,-,SHARES,FR
FRES,KA.D.FRES.CASH.IP,Fresnillo PLC,N/A,TRADEABLE,-,SHARES,FR
FRIGO,ER.D.FRIGO.CASH.IP,Frigoglass SA,N/A,TRADEABLE,-,SHARES,FR
FRONO,EL.D.FRONO.CASH.IP,Frontline Ltd (No),N/A,TRADEABLE,-,SHARES,FR
ALNOVFP,EC.D.ALNOVFP.CASH.IP,Novacyt SA - FR,N/A,TRADEABLE,-,SHARES,FR
FTDRUS,UB.D.FTDRUS.CASH.IP,frontdoor Inc,N/A,TRADEABLE,-,SHARES,FR
FRPHUS,UB.D.FRPHUS.CASH.IP,FRP Holdings Inc,N/A,TRADEABLE,-,SHARES,FR
GUTSUS,UB.D.GUTSUS.CASH.IP,Fractyl Health Inc,N/A,TRADEABLE,-,SHARES,FR
FRAGSS,EH.D.FRAGSS.CASH.IP,Fragbite Group AB,N/A,TRADEABLE,-,SHARES,FR
FRAMERYFH,EB.D.FRAMERYFH.CASH.IP,Framery Group Oyj,N/A,TRADEABLE,-,SHARES,FR
FRGUS,UB.D.FRGUS.CASH.IP,Franchise Group Inc,N/A,CLOSED,-,SHARES,FR
FSBWUS,UB.D.FSBWUS.CASH.IP,FS Bancorp Inc,N/A,TRADEABLE,-,SHARES,FS
FSAAU,AB.D.FSAAU.CASH.IP,FSA Group Ltd,N/A,EDITS_ONLY,-,SHARES,FS
FSKRUS,SC.D.FSKRUS.CASH.IP,FS KKR Capital Corp. II,N/A,CLOSED,-,SHARES,FS
FSICUS,SC.D.FSICUS.CASH.IP,FS KKR Capital Corporation,N/A,TRADEABLE,-,SHARES,FS
FSEULN,KA.D.FSEULN.CASH.IP,iShares Edge MSCI Europe Multifactor UCITS ETF - FSEU,N/A,TRADEABLE,-,SHARES,FS
FSUSLN,KA.D.FSUSLN.CASH.IP,iShares Edge MSCI USA Multifactor UCITS ETF - FSUS,N/A,OFFLINE,-,SHARES,FS
FSWDLN,KA.D.FSWDLN.CASH.IP,iShares Edge MSCI World Multifactor UCITS ETF - FSWD,N/A,TRADEABLE,-,SHARES,FS
FTCIUS,UB.D.FTCIUS.CASH.IP,FTC Solar Inc,N/A,TRADEABLE,-,SHARES,FT
2763JT,AJ.D.2763JT.CASH.IP,FTGroup Co Ltd,N/A,EDITS_ONLY,-,SHARES,FT
LFTAU,AB.D.LFTAU.CASH.IP,Li-FT Power Ltd,N/A,EDITS_ONLY,-,SHARES,FT
FCNUS,SC.D.FCNUS.CASH.IP,FTI Consulting Inc,N/A,TRADEABLE,-,SHARES,FT
UB03LN,KA.D.UB03LN.CASH.IP,FTSE 100 UCITS ETF,N/A,TRADEABLE,-,SHARES,FT
SG84LN,KA.D.SG84LN.CASH.IP,SG FTSE x3 DAILY LONG,N/A,OFFLINE,-,SHARES,FT
SG86LN,KA.D.SG86LN.CASH.IP,SG FTSE x5 DAILY LONG,N/A,ON_AUCTION,-,SHARES,FT
FTWGLN,KA.D.FTWGLN.CASH.IP,Invesco FTSE All-World UCITS ETF [FTWG],N/A,TRADEABLE,-,SHARES,FT
F100AU,AB.D.F100AU.CASH.IP,Betashares FTSE 100 ETF,N/A,EDITS_ONLY,-,SHARES,FT
FIPUS,UB.D.FIPUS.CASH.IP,FTAI Infrastructure LLC,N/A,TRADEABLE,-,SHARES,FT
FTSIUS,SC.D.FTSIUS.CASH.IP,FTS International Inc,N/A,CLOSED,-,SHARES,FT
XASXLN,KA.D.XASXLN.CASH.IP,FTSE All-Share UCITS ETF (DR),N/A,TRADEABLE,-,SHARES,FT
FTVLN,KC.D.FTVLN.CASH.IP,FTV - Foresight VCT PLC,N/A,TRADEABLE,-,SHARES,FT
FRCHLN,KA.D.FRCHLN.CASH.IP,Franklin FTSE China UCITS ETF,N/A,TRADEABLE,-,SHARES,FT
FLINUS,SI.D.FLINUS.CASH.IP,Franklin FTSE India ETF,N/A,TRADEABLE,-,SHARES,FT
FRINLN,KA.D.FRINLN.CASH.IP,Franklin FTSE India UCITS ETF,N/A,TRADEABLE,-,SHARES,FT
FLXILN,KA.D.FLXILN.CASH.IP,Franklin FTSE India UCITS ETF (USD),N/A,TRADEABLE,-,SHARES,FT
FLRKLN,KA.D.FLRKLN.CASH.IP,Franklin FTSE Korea UCITS ETF,N/A,TRADEABLE,-,SHARES,FT
GREKUS,SI.D.GREKUS.CASH.IP,Global X FTSE Greece 20 ETF,N/A,TRADEABLE,-,SHARES,FT
PGALUS,SI.D.PGALUS.CASH.IP,Global X FTSE Portugal 20 ETF,N/A,CLOSED,-,SHARES,FT
HUKXLN,KA.D.HUKXLN.CASH.IP,HSBC FTSE 100 UCITS ETF,N/A,TRADEABLE,-,SHARES,FT
HMCXLN,KA.D.HMCXLN.CASH.IP,HSBC FTSE 250 UCITS ETF,N/A,TRADEABLE,-,SHARES,FT
S100LN,KA.D.S100LN.CASH.IP,Invesco FTSE 100 UCITS ETF,N/A,TRADEABLE,-,SHARES,FT
S250LN,KA.D.S250LN.CASH.IP,Invesco FTSE 250 UCITS ETF,N/A,TRADEABLE,-,SHARES,FT
L100LN,KA.D.L100LN.CASH.IP,Lyxor FTSE 100 UCITS ETF - Acc,N/A,TRADEABLE,-,SHARES,FT
MIBXLN,KA.D.MIBXLN.CASH.IP,Lyxor FTSE MIB UCITS ETF Dist,N/A,TRADEABLE,-,SHARES,FT
ETFMIBIM,EF.D.ETFMIBIM.CASH.IP,Lyxor FTSE MIB UCITS ETF Dist,N/A,TRADEABLE,-,SHARES,FT
L250LN,KA.D.L250LN.CASH.IP,Lyxor UCITS ETF FTSE 250,N/A,OFFLINE,-,SHARES,FT
YXIUS,SI.D.YXIUS.CASH.IP,ProShares Short FTSE China 50,N/A,TRADEABLE,-,SHARES,FT
XPPUS,SI.D.XPPUS.CASH.IP,ProShares Ultra FTSE China 25,N/A,TRADEABLE,-,SHARES,FT
VUKGLN,KA.D.VUKGLN.CASH.IP,Vanguard FTSE 100 UCITS ETF,N/A,TRADEABLE,-,SHARES,FT
VUKELN,KA.D.VUKELN.CASH.IP,Vanguard FTSE 100 UCTIS ETF,N/A,TRADEABLE,-,SHARES,FT
VMIDLN,KA.D.VMIDLN.CASH.IP,Vanguard FTSE 250 UCITS ETF,N/A,TRADEABLE,-,SHARES,FT
VMIGLN,KA.D.VMIGLN.CASH.IP,Vanguard FTSE 250 UCITS ETF,N/A,TRADEABLE,-,SHARES,FT
VGKUS,SI.D.VGKUS.CASH.IP,Vanguard FTSE Europe ETF,N/A,TRADEABLE,-,SHARES,FT
FPE3GY,ED.D.FPE3GY.CASH.IP,FUCHS SE,N/A,TRADEABLE,-,SHARES,FU
FPEGY,ED.D.FPEGY.CASH.IP,FUCHS SE,N/A,TRADEABLE,-,SHARES,FU
FUBOUS,SC.D.FUBOUS.CASH.IP,FuboTV Inc (24 Hours),N/A,TRADEABLE,-,SHARES,FU
FUGR,EG.D.FUGR.CASH.IP,Fugro NV,N/A,TRADEABLE,-,SHARES,FU
5384JT,AJ.D.5384JT.CASH.IP,Fujimi Inc,N/A,EDITS_ONLY,-,SHARES,FU
FUL,SC.D.FUL.CASH.IP,Fuller (HB) Co,N/A,TRADEABLE,-,SHARES,FU
FNKOUS,UB.D.FNKOUS.CASH.IP,Funko Inc,N/A,TRADEABLE,-,SHARES,FU
FUTR,KA.D.FUTR.CASH.IP,Future PLC,N/A,TRADEABLE,-,SHARES,FU
VCXUS,SH.D.VCXUS.CASH.IP,Fundrise Innovation Fund LLC,N/A,TRADEABLE,-,SHARES,FU
HCCHUS,UB.D.HCCHUS.CASH.IP,Fusion Fuel Green Plc-A,N/A,TRADEABLE,-,SHARES,FU
SONCLN,KA.D.SONCLN.CASH.IP,Hipgnosis Songs Fund Ltd/The Fund,N/A,OFFLINE,-,SHARES,FU
BELFBUS,UA.D.BELFBUS.CASH.IP,Bel Fuse Inc,N/A,TRADEABLE,-,SHARES,FU
QBTCCN,KN.D.QBTCCN.CASH.IP,Bitcoin Fund/The,N/A,TRADEABLE,-,SHARES,FU
CHN,SB.D.CHN.CASH.IP,China Fund Inc,N/A,CLOSED,-,SHARES,FU
FTEKUS,UB.D.FTEKUS.CASH.IP,Fuel Tech Inc,N/A,TRADEABLE,-,SHARES,FU
2607JT,AJ.D.2607JT.CASH.IP,Fuji Oil Co Inc,N/A,EDITS_ONLY,-,SHARES,FU
9749JT,AJ.D.9749JT.CASH.IP,Fuji Soft Inc,N/A,CLOSED,-,SHARES,FU
5803JT,AJ.D.5803JT.CASH.IP,Fujikura Ltd,N/A,EDITS_ONLY,-,SHARES,FU
6702JT,AJ.D.6702JT.CASH.IP,Fujitsu Ltd,N/A,EDITS_ONLY,-,SHARES,FU
4722JT,AJ.D.4722JT.CASH.IP,Future Corp,N/A,EDITS_ONLY,-,SHARES,FU
IFNUS,SD.D.IFNUS.CASH.IP,India Fund Inc,N/A,TRADEABLE,-,SHARES,FU
ACTDUS,UA.D.ACTDUS.CASH.IP,OPAL Fuels Inc,N/A,TRADEABLE,-,SHARES,FU
PCMUS,SE.D.PCMUS.CASH.IP,PCM Fund Inc,N/A,TRADEABLE,-,SHARES,FU
RCGUS,SI.D.RCGUS.CASH.IP,RENN Fund Inc,N/A,TRADEABLE,-,SHARES,FU
SAGCVFH,EB.D.SAGCVFH.CASH.IP,Saga Furs Oyj,N/A,TRADEABLE,-,SHARES,FU
SCAGUS,UD.D.SCAGUS.CASH.IP,Scage Future,N/A,TRADEABLE,-,SHARES,FU
ARCAU,AB.D.ARCAU.CASH.IP,ARC Funds Limited,N/A,EDITS_ONLY,-,SHARES,FU
AKFAU,AB.D.AKFAU.CASH.IP,Ask Funding Limited,N/A,CLOSED,-,SHARES,FU
BETIM,EF.D.BETIM.CASH.IP,Be Shaping The Future SpA,N/A,OFFLINE,-,SHARES,FU
BMEAUS,UA.D.BMEAUS.CASH.IP,Biomea Fusion Inc,N/A,TRADEABLE,-,SHARES,FU
EMISJ,AR.D.EMISJ.CASH.IP,Emira Property Fund,N/A,TRADEABLE,-,SHARES,FU
EFRCT,KN.D.EFRCT.CASH.IP,Energy Fuels Inc,N/A,TRADEABLE,-,SHARES,FU
EFRFF,UB.D.EFRFF.CASH.IP,Energy Fuels Inc - US (24 Hours),N/A,TRADEABLE,-,SHARES,FU
6238JT,AJ.D.6238JT.CASH.IP,FURYU Corporation,N/A,EDITS_ONLY,-,SHARES,FU
FCEL,UB.D.FCEL.CASH.IP,FuelCell Energy Inc (24 Hours),N/A,TRADEABLE,-,SHARES,FU
6134JT,AJ.D.6134JT.CASH.IP,Fuji Corporation,N/A,EDITS_ONLY,-,SHARES,FU
3104JT,AJ.D.3104JT.CASH.IP,Fujibo Holdings Inc,N/A,EDITS_ONLY,-,SHARES,FU
2752JT,AJ.D.2752JT.CASH.IP,Fujio Food Group Inc,N/A,EDITS_ONLY,-,SHARES,FU
9722JT,AJ.D.9722JT.CASH.IP,Fujita Kanko Inc,N/A,EDITS_ONLY,-,SHARES,FU
1899JT,AJ.D.1899JT.CASH.IP,Fukuda Corporation,N/A,EDITS_ONLY,-,SHARES,FU
FVUS,UB.D.FVUS.CASH.IP,First Trust Dorsey Wright Focus 5 ETF,N/A,TRADEABLE,-,SHARES,FV
FXGBLN,KA.D.FXGBLN.CASH.IP,First Trust FactorFX UCITS ETF - FXGB,N/A,TRADEABLE,-,SHARES,FX
RNMGY,ED.D.RNMGY.CASH.IP,Fyber NV,N/A,OFFLINE,-,SHARES,FY
GPS,SC.D.GPS.CASH.IP,Gap Inc,N/A,TRADEABLE,-,SHARES,GA
GMT,SC.D.GMT.CASH.IP,GATX Corp,N/A,TRADEABLE,-,SHARES,GA
GAIAUS,UB.D.GAIAUS.CASH.IP,Gaia Inc,N/A,TRADEABLE,-,SHARES,GA
GRMN,UB.D.GRMN.CASH.IP,Garmin Ltd (24 Hours),N/A,TRADEABLE,-,SHARES,GA
GLOGUS,SC.D.GLOGUS.CASH.IP,GasLog Ltd,N/A,CLOSED,-,SHARES,GA
RCWAU,AB.D.RCWAU.CASH.IP,Gathid Ltd,N/A,CLOSED,-,SHARES,GA
GAMFP,EC.D.GAMFP.CASH.IP,Gaumont SA,N/A,TRADEABLE,-,SHARES,GA
ALGAUFP,EC.D.ALGAUFP.CASH.IP,Gaussin SA,N/A,OFFLINE,-,SHARES,GA
GAUZUS,UB.D.GAUZUS.CASH.IP,Gauzy Ltd,N/A,TRADEABLE,-,SHARES,GA
OGSUS,SE.D.OGSUS.CASH.IP,ONE Gas Inc,N/A,TRADEABLE,-,SHARES,GA
GAIDLI,PK.D.GAIDLI.CASH.IP,GAIL India Ltd,N/A,OFFLINE,-,SHARES,GA
GAMVX,EJ.D.GAMVX.CASH.IP,GAM Holding AG,N/A,TRADEABLE,-,SHARES,GA
GANUS,UB.D.GANUS.CASH.IP,GAN Limited,N/A,CLOSED,-,SHARES,GA
GFAUS,SC.D.GFAUS.CASH.IP,Gafisa SA - ADR,N/A,OFFLINE,-,SHARES,GA
GALESW,EJ.D.GALESW.CASH.IP,Galenica AG,N/A,TRADEABLE,-,SHARES,GA
6420JT,AJ.D.6420JT.CASH.IP,Galilei Co Ltd,N/A,EDITS_ONLY,-,SHARES,GA
GMEUS,SC.D.GMEUS.CASH.IP,GameStop Corp (24 Hours),N/A,TRADEABLE,-,SHARES,GA
GAPWSS,EH.D.GAPWSS.CASH.IP,Gapwaves AB,N/A,TRADEABLE,-,SHARES,GA
274AJT,AJ.D.274AJT.CASH.IP,Garden Co Ltd,N/A,EDITS_ONLY,-,SHARES,GA
ITUS,SD.D.ITUS.CASH.IP,Gartner Inc (24 Hours),N/A,TRADEABLE,-,SHARES,GA
GTLYLN,KC.D.GTLYLN.CASH.IP,Gateley LLP,N/A,TRADEABLE,-,SHARES,GA
MTEC,KA.D.MTEC.CASH.IP,Gattaca PLC,N/A,TRADEABLE,-,SHARES,GA
GXAIUS,UB.D.GXAIUS.CASH.IP,Gaxos.ai Inc,N/A,TRADEABLE,-,SHARES,GA
INDI,KA.D.INDI.CASH.IP,Indus Gas Ltd,N/A,OFFLINE,-,SHARES,GA
JKX,KC.D.JKX.CASH.IP,JKX Oil & Gas PLC,N/A,ON_AUCTION,-,SHARES,GA
NXTGMSFH,EB.D.NXTGMSFH.CASH.IP,Next Games Oy,N/A,OFFLINE,-,SHARES,GA
QIIWISS,EH.D.QIIWISS.CASH.IP,Qiiwi Games AB,N/A,TRADEABLE,-,SHARES,GA
9533JT,AJ.D.9533JT.CASH.IP,Toho Gas Co Ltd,N/A,EDITS_ONLY,-,SHARES,GA
GBG,KA.D.GBG.CASH.IP,GB Group PLC,N/A,TRADEABLE,-,SHARES,GB
GBMAU,AB.D.GBMAU.CASH.IP,GBM Gold Limited,N/A,CLOSED,-,SHARES,GB
INW1GY,ED.D.INW1GY.CASH.IP,GBS Software AG,N/A,OFFLINE,-,SHARES,GB
BULPLN,KA.D.BULPLN.CASH.IP,WisdomTree Gold -GBp,N/A,TRADEABLE,-,SHARES,GB
EGB5IM,EF.D.EGB5IM.CASH.IP,ETFS 5x Long GBP Short EUR,N/A,TRADEABLE,-,SHARES,GB
GCDCT,KN.D.GCDCT.CASH.IP,Great Canadian Gaming Corp,N/A,OFFLINE,-,SHARES,GC
GLIBAUS,UB.D.GLIBAUS.CASH.IP,GCI Liberty Inc,N/A,TRADEABLE,-,SHARES,GC
GLIBKUS,UB.D.GLIBKUS.CASH.IP,GCI Liberty Inc (Series C),N/A,TRADEABLE,-,SHARES,GC
CFFAUS,UA.D.CFFAUS.CASH.IP,GCM Grosvenor Inc,N/A,TRADEABLE,-,SHARES,GC
GCMLN,KC.D.GCMLN.CASH.IP,GCM Resources PLC,N/A,TRADEABLE,-,SHARES,GC
GCLUS,UB.D.GCLUS.CASH.IP,GCL Global Holdings Ltd,N/A,TRADEABLE,-,SHARES,GC
TTWAU,AB.D.TTWAU.CASH.IP,GCM Corporation Limited,N/A,EDITS_ONLY,-,SHARES,GC
GCPUS,SC.D.GCPUS.CASH.IP,GCP Applied Technologies Inc,N/A,CLOSED,-,SHARES,GC
DIGSLN,KC.D.DIGSLN.CASH.IP,GCP Student Living PLC,N/A,OFFLINE,-,SHARES,GC
451HK,AC.D.451HK.CASH.IP,GCL New Energy Holdings Limited,N/A,EDITS_ONLY,-,SHARES,GC
3800HK,AC.D.3800HK.CASH.IP,GCL Technology Holdings Limited,N/A,EDITS_ONLY,-,SHARES,GC
GABILN,KA.D.GABILN.CASH.IP,GCP Asset Backed Income Fund Limited,N/A,TRADEABLE,-,SHARES,GC
GABCLN,KA.D.GABCLN.CASH.IP,GCP Asset Backed Income Fund Limited - C,N/A,OFFLINE,-,SHARES,GC
GCPLN,KA.D.GCPLN.CASH.IP,GCP Infrastructure Investments Ltd,N/A,TRADEABLE,-,SHARES,GC
GCQFAU,AB.D.GCQFAU.CASH.IP,GCQ Global Equities Complex ETF,N/A,EDITS_ONLY,-,SHARES,GC
GCTSUS,SC.D.GCTSUS.CASH.IP,GCT Semiconductor Holding Inc,N/A,TRADEABLE,-,SHARES,GC
XGLFLN,KA.D.XGLFLN.CASH.IP,Xtrackers MSCI GCC Select Swap UCITS ETF,N/A,TRADEABLE,-,SHARES,GC
MHPCLI,PK.D.MHPCLI.CASH.IP,MHP SA - GDR,N/A,TRADEABLE,-,SHARES,GD
TMKSLI,PK.D.TMKSLI.CASH.IP,TMK OAO - GDR,N/A,OFFLINE,-,SHARES,GD
KCELLI,PK.D.KCELLI.CASH.IP,KCell JSC - GDR,N/A,CLOSED,-,SHARES,GD
TLKOD,PK.D.TLKOD.CASH.IP,Lukoil OAO - GDR,N/A,CLOSED,-,SHARES,GD
LUKGY,ED.D.LUKGY.CASH.IP,Lukoil OAO - GDR (DE),N/A,CLOSED,-,SHARES,GD
ETLNLI,PK.D.ETLNLI.CASH.IP,Etalon Group Ltd - GDR,N/A,OFFLINE,-,SHARES,GD
GDIAU,AB.D.GDIAU.CASH.IP,GDI Property Group,N/A,EDITS_ONLY,-,SHARES,GD
TGAZ,PK.D.TGAZ.CASH.IP,Gazprom Neft OAO - GDR,N/A,CLOSED,-,SHARES,GD
TOGZD,PK.D.TOGZD.CASH.IP,Gazprom OAO - GDR,N/A,CLOSED,-,SHARES,GD
MGNT,PK.D.MGNT.CASH.IP,Magnit OJSC - GDR,N/A,CLOSED,-,SHARES,GD
TNVTK,PK.D.TNVTK.CASH.IP,NovaTek OAO - GDR,N/A,CLOSED,-,SHARES,GD
PHORLI,PK.D.PHORLI.CASH.IP,Phosagro OAO - GDR,N/A,SUSPENDED,-,SHARES,GD
TROSN,PK.D.TROSN.CASH.IP,Rosneft OAO - GDR,N/A,CLOSED,-,SHARES,GD
TRKMD,PK.D.TRKMD.CASH.IP,Rostelecom OJSC - GDR,N/A,SUSPENDED,-,SHARES,GD
HYDRLI,PK.D.HYDRLI.CASH.IP,RusHydro JSC - GDR,N/A,CLOSED,-,SHARES,GD
SBERLI,PK.D.SBERLI.CASH.IP,Sberbank of Russia - GDR,N/A,CLOSED,-,SHARES,GD
SVST,PK.D.SVST.CASH.IP,Severstal OAO - GDR,N/A,CLOSED,-,SHARES,GD
TSSA,PK.D.TSSA.CASH.IP,Sistema JSFC - GDR,N/A,OFFLINE,-,SHARES,GD
SBIDLI,PK.D.SBIDLI.CASH.IP,State Bank of India - GDR,N/A,TRADEABLE,-,SHARES,GD
TTSTLI,PK.D.TTSTLI.CASH.IP,Tata Steel Ltd - GDR,N/A,TRADEABLE,-,SHARES,GD
TATAD,PK.D.TATAD.CASH.IP,Tatneft OAO - GDR,N/A,SUSPENDED,-,SHARES,GD
TVTBRLI,PK.D.TVTBRLI.CASH.IP,VTB Bank OJSC - GDR,N/A,CLOSED,-,SHARES,GD
CCNCUS,UA.D.CCNCUS.CASH.IP,GD Culture Group Limited,N/A,TRADEABLE,-,SHARES,GD
GDSUS,UB.D.GDSUS.CASH.IP,GDS Holdings Limited,N/A,TRADEABLE,-,SHARES,GD
9698HK,AC.D.9698HK.CASH.IP,GDS Holdings Limited (HK),N/A,EDITS_ONLY,-,SHARES,GD
TMNOD,PK.D.TMNOD.CASH.IP,MMC Norilsk Nickel OJSC - GDR,N/A,CLOSED,-,SHARES,GD
MHID,PK.D.MHID.CASH.IP,Mahindra & Mahindra Ltd - GDR,N/A,TRADEABLE,-,SHARES,GD
NLMK,PK.D.NLMK.CASH.IP,Novolipetsk Steel OJSC - GDR,N/A,CLOSED,-,SHARES,GD
RIGDLI,PK.D.RIGDLI.CASH.IP,Reliance Industries Ltd - GDR,N/A,TRADEABLE,-,SHARES,GD
AVGRLI,PK.D.AVGRLI.CASH.IP,Avangardco Investments Public Ltd - GDR,N/A,CLOSED,-,SHARES,GD
GDICN,KN.D.GDICN.CASH.IP,GDI Integrated Facility Services Inc,N/A,OFFLINE,-,SHARES,GD
GLTRLI,PK.D.GLTRLI.CASH.IP,Globaltrans Investment PLC - GDR,N/A,CLOSED,-,SHARES,GD
HSBKLI,PK.D.HSBKLI.CASH.IP,Halyk Savings Bank of Kazakhstan JSC - GDR,N/A,TRADEABLE,-,SHARES,GD
HMSGLI,PK.D.HMSGLI.CASH.IP,Hydraulic Machines and Systems Group PLC - GDR,N/A,SUSPENDED,-,SHARES,GD
KMGLI,PK.D.KMGLI.CASH.IP,KazMunaiGas Exploration Production JSC - GDR,N/A,OFFLINE,-,SHARES,GD
MMKLI,PK.D.MMKLI.CASH.IP,Magnitogorsk Iron & Steel Works - GDR,N/A,CLOSED,-,SHARES,GD
TSMSN,PK.D.TSMSN.CASH.IP,Samsung Electronics Co Ltd - GDR,N/A,TRADEABLE,-,SHARES,GD
CSRULN,KA.D.CSRULN.CASH.IP,iShares MSCI Russia ADR GDR UCITS ETF,N/A,CLOSED,-,SHARES,GD
CRU1LN,KA.D.CRU1LN.CASH.IP,iShares MSCI Russia ADR GDR UCITS ETF  -CRU1,N/A,CLOSED,-,SHARES,GD
GASI,EF.D.GASI.CASH.IP,GENERALI,N/A,TRADEABLE,-,SHARES,GE
GFC,EC.D.GFC.CASH.IP,Gecina,N/A,TRADEABLE,-,SHARES,GE
GMABUS,UB.D.GMABUS.CASH.IP,Genmab AS,N/A,TRADEABLE,-,SHARES,GE
GENDC,EP.D.GENDC.CASH.IP,Genmab AS,N/A,TRADEABLE,-,SHARES,GE
9166JT,AJ.D.9166JT.CASH.IP,GENDA INC,N/A,EDITS_ONLY,-,SHARES,GE
GNIPLN,KC.D.GNIPLN.CASH.IP,GENIP PLC,N/A,TRADEABLE,-,SHARES,GE
GNROFP,EC.D.GNROFP.CASH.IP,GeNeuro SA,N/A,OFFLINE,-,SHARES,GE
GEBN,EJ.D.GEBN.CASH.IP,Geberit AG,N/A,TRADEABLE,-,SHARES,GE
GEIM,EF.D.GEIM.CASH.IP,Gefran SpA,N/A,TRADEABLE,-,SHARES,GE
GELNLN,KC.D.GELNLN.CASH.IP,Gelion PLC,N/A,TRADEABLE,-,SHARES,GE
GEMIUS,UB.D.GEMIUS.CASH.IP,Gemini Inc (24 Hours),N/A,TRADEABLE,-,SHARES,GE
GENXFP,EC.D.GENXFP.CASH.IP,Generix SA,N/A,OFFLINE,-,SHARES,GE
GNFTUS,UB.D.GNFTUS.CASH.IP,Genfit SA,N/A,CLOSED,-,SHARES,GE
ALGFTFP,EC.D.ALGFTFP.CASH.IP,Genfit SA,N/A,TRADEABLE,-,SHARES,GE
GENOSS,EH.D.GENOSS.CASH.IP,Genovis AB,N/A,TRADEABLE,-,SHARES,GE
GNS,KA.D.GNS.CASH.IP,Genus PLC,N/A,TRADEABLE,-,SHARES,GE
GEOIM,EF.D.GEOIM.CASH.IP,Geox SpA,N/A,TRADEABLE,-,SHARES,GE
GERN,UB.D.GERN.CASH.IP,Geron Corp,N/A,TRADEABLE,-,SHARES,GE
GSCGY,ED.D.GSCGY.CASH.IP,Gesco AG,N/A,TRADEABLE,-,SHARES,GE
GETIB,EH.D.GETIB.CASH.IP,Getinge AB,N/A,TRADEABLE,-,SHARES,GE
GEVOUS,UB.D.GEVOUS.CASH.IP,Gevo Inc,N/A,TRADEABLE,-,SHARES,GE
GLEFP,EC.D.GLEFP.CASH.IP,Societe Generale SA,N/A,TRADEABLE,-,SHARES,GE
GENILN,KC.D.GENILN.CASH.IP,GENinCode PLC,N/A,TRADEABLE,-,SHARES,GE
GENVRUS,UB.D.GENVRUS.CASH.IP,Gen Digital Inc [GENVR],N/A,TRADEABLE,-,SHARES,GE
6Z1GY,ED.D.6Z1GY.CASH.IP,Airbnb Inc - Ger,N/A,TRADEABLE,-,SHARES,GE
CAPFP,EC.D.CAPFP.CASH.IP,Cap Gemini SA,N/A,TRADEABLE,-,SHARES,GE
GEVUS,SC.D.GEVUS.CASH.IP,GE Vernova LLC (24 Hours),N/A,TRADEABLE,-,SHARES,GE
G1A,ED.D.G1A.CASH.IP,GEA Group AG,N/A,TRADEABLE,-,SHARES,GE
JOBUS,SI.D.JOBUS.CASH.IP,GEE Group Inc,N/A,TRADEABLE,-,SHARES,GE
GEKGA,ER.D.GEKGA.CASH.IP,GEK Terna S.A.,N/A,TRADEABLE,-,SHARES,GE
GEMLN,KA.D.GEMLN.CASH.IP,Gemfields PLC,N/A,TRADEABLE,-,SHARES,GE
EHPLN,KC.D.EHPLN.CASH.IP,Genedrive PLC,N/A,TRADEABLE,-,SHARES,GE
GNLXUS,UB.D.GNLXUS.CASH.IP,Genelux Corp,N/A,TRADEABLE,-,SHARES,GE
GCO,SC.D.GCO.CASH.IP,Genesco Inc,N/A,TRADEABLE,-,SHARES,GE
GKTXFP,EC.D.GKTXFP.CASH.IP,Genkyotex SA,N/A,OFFLINE,-,SHARES,GE
GENUS,SC.D.GENUS.CASH.IP,Genpact Ltd,N/A,TRADEABLE,-,SHARES,GE
GNPXUS,UB.D.GNPXUS.CASH.IP,Genprex Inc,N/A,TRADEABLE,-,SHARES,GE
GNTX,UB.D.GNTX.CASH.IP,Gentex Corp,N/A,TRADEABLE,-,SHARES,GE
THRMUS,UD.D.THRMUS.CASH.IP,Gentherm Inc,N/A,TRADEABLE,-,SHARES,GE
GF,SC.D.GF.CASH.IP,New Germany Fund Inc,N/A,TRADEABLE,-,SHARES,GF
GFINLN,KC.D.GFINLN.CASH.IP,Gfinity plc,N/A,TRADEABLE,-,SHARES,GF
GFTGY,ED.D.GFTGY.CASH.IP,GFT Technologies AG,N/A,TRADEABLE,-,SHARES,GF
1776HK,AC.D.1776HK.CASH.IP,GF Securities Co Ltd,N/A,EDITS_ONLY,-,SHARES,GF
GFLUS,SC.D.GFLUS.CASH.IP,GFL Environmental Inc,N/A,TRADEABLE,-,SHARES,GF
GFLCN,KN.D.GFLCN.CASH.IP,GFL Environmental Inc (CA),N/A,TRADEABLE,-,SHARES,GF
EMG,KA.D.EMG.CASH.IP,Man Group PLC,N/A,TRADEABLE,-,SHARES,GG
GKP,KA.D.GKP.CASH.IP,Gulf Keystone Petroleum Ltd,N/A,TRADEABLE,-,SHARES,GG
GHUS,UB.D.GHUS.CASH.IP,Guardant Health Inc,N/A,TRADEABLE,-,SHARES,GH
GHRSUS,UB.D.GHRSUS.CASH.IP,GH Research PLC,N/A,TRADEABLE,-,SHARES,GH
9933HK,AC.D.9933HK.CASH.IP,GHW International,N/A,EDITS_ONLY,-,SHARES,GH
GHPSS,EH.D.GHPSS.CASH.IP,GHP Specialty Care AB (publ),N/A,OFFLINE,-,SHARES,GH
GIMBBB,EA.D.GIMBBB.CASH.IP,Gimv NV,N/A,TRADEABLE,-,SHARES,GI
AQUGY,ED.D.AQUGY.CASH.IP,Gigaset AG,N/A,OFFLINE,-,SHARES,GI
ASABSS,EH.D.ASABSS.CASH.IP,Gigasun AB,N/A,TRADEABLE,-,SHARES,GI
GTLBUS,UB.D.GTLBUS.CASH.IP,GitLab Inc,N/A,TRADEABLE,-,SHARES,GI
4449JT,AJ.D.4449JT.CASH.IP,giftee Inc,N/A,EDITS_ONLY,-,SHARES,GI
GIGM,UB.D.GIGM.CASH.IP,GigaMedia Ltd,N/A,TRADEABLE,-,SHARES,GI
6289JT,AJ.D.6289JT.CASH.IP,Giken Limited,N/A,EDITS_ONLY,-,SHARES,GI
GIVN,EJ.D.GIVN.CASH.IP,Givaudan SA,N/A,TRADEABLE,-,SHARES,GI
WSELN,KC.D.WSELN.CASH.IP,GI Group Poland SA,N/A,OFFLINE,-,SHARES,GI
GIGSDBSS,EH.D.GIGSDBSS.CASH.IP,GiG Software PLC,N/A,TRADEABLE,-,SHARES,GI
GEICN,KN.D.GEICN.CASH.IP,Gibson Energy Inc,N/A,TRADEABLE,-,SHARES,GI
9279JT,AJ.D.9279JT.CASH.IP,Gift Holdings Inc,N/A,EDITS_ONLY,-,SHARES,GI
GIGGUUS,UB.D.GIGGUUS.CASH.IP,GigCapital4 Inc (Unit),N/A,CLOSED,-,SHARES,GI
GILD,UB.D.GILD.CASH.IP,Gilead Sciences Inc (24 Hours),N/A,TRADEABLE,-,SHARES,GI
HGSHUS,UB.D.HGSHUS.CASH.IP,Green Giant Inc,N/A,OFFLINE,-,SHARES,GI
6834JT,AJ.D.6834JT.CASH.IP,Seikoh Giken Co Ltd,N/A,EDITS_ONLY,-,SHARES,GI
WPC,KA.D.WPC.CASH.IP,Baillie Gifford China Growth,N/A,TRADEABLE,-,SHARES,GI
2367HK,AC.D.2367HK.CASH.IP,Giant Biogene Holding Co ltd,N/A,EDITS_ONLY,-,SHARES,GI
ROCKUS,UC.D.ROCKUS.CASH.IP,Gibraltar Industries Inc,N/A,TRADEABLE,-,SHARES,GI
GCTUS,UB.D.GCTUS.CASH.IP,GigaCloud Technology Inc,N/A,TRADEABLE,-,SHARES,GI
GILCT,KN.D.GILCT.CASH.IP,Gildan Activewear Inc (CA),N/A,TRADEABLE,-,SHARES,GI
GILUS,SC.D.GILUS.CASH.IP,Gildan Activewear Inc (US),N/A,TRADEABLE,-,SHARES,GI
SRNGUS,UD.D.SRNGUS.CASH.IP,Ginkgo Bioworks Holdings Inc,N/A,TRADEABLE,-,SHARES,GI
GLTALN,KA.D.GLTALN.CASH.IP,Invesco UK Gilts UCITS ETF - Acc,N/A,TRADEABLE,-,SHARES,GI
MOTSUS,UC.D.MOTSUS.CASH.IP,Motus GI Holdings Inc,N/A,OFFLINE,-,SHARES,GI
SGI,KC.D.SGI.CASH.IP,Stanley Gibbons Group PLC,N/A,ON_AUCTION,-,SHARES,GI
VGOVLN,KA.D.VGOVLN.CASH.IP,Vanguard U.K. Gilt UCITS ETF,N/A,TRADEABLE,-,SHARES,GI
3GILLN,KA.D.3GILLN.CASH.IP,WisdomTree Gilts 10Y 3x Daily,N/A,TRADEABLE,-,SHARES,GI
709HK,AC.D.709HK.CASH.IP,Giordano International Ltd,N/A,EDITS_ONLY,-,SHARES,GI
OGIGUS,SI.D.OGIGUS.CASH.IP,ALPS O Shares Global Internet Giants ETF,N/A,TRADEABLE,-,SHARES,GI
FCU,KA.D.FCU.CASH.IP,Baillie Gifford European Growth Trust PLC,N/A,TRADEABLE,-,SHARES,GI
BGFD,KA.D.BGFD.CASH.IP,Baillie Gifford Japan Trust PLC,N/A,TRADEABLE,-,SHARES,GI
BGS,KA.D.BGS.CASH.IP,Baillie Gifford Shin Nippon PLC,N/A,TRADEABLE,-,SHARES,GI
SDU,KA.D.SDU.CASH.IP,Baillie Gifford UK Growth Fund PLC,N/A,TRADEABLE,-,SHARES,GI
USALN,KA.D.USALN.CASH.IP,Baillie Gifford US Growth Trust PLC,N/A,TRADEABLE,-,SHARES,GI
3986HK,AC.D.3986HK.CASH.IP,GigaDevice Semiconductor Inc,N/A,EDITS_ONLY,-,SHARES,GI
GILTUS,UB.D.GILTUS.CASH.IP,Gilat Satellite Networks Limited,N/A,TRADEABLE,-,SHARES,GI
SKYPLN,KA.D.SKYPLN.CASH.IP,HAN-GINS Cloud Technology UCITS ETF - GBP,N/A,OFFLINE,-,SHARES,GI
SKYYLN,KA.D.SKYYLN.CASH.IP,HAN-GINS Cloud Technology UCITS ETF - USD,N/A,OFFLINE,-,SHARES,GI
WELLLN,KA.D.WELLLN.CASH.IP,Han-Gins Healthcare Innovation Ucits ETF,N/A,TRADEABLE,-,SHARES,GI
WELPLN,KA.D.WELPLN.CASH.IP,Han-Gins Healthcare Innovation Ucits ETF,N/A,TRADEABLE,-,SHARES,GI
GLT5LN,KA.D.GLT5LN.CASH.IP,Invesco UK Gilt 1-5 Year UCITS ETF,N/A,TRADEABLE,-,SHARES,GI
GLTPLN,KA.D.GLTPLN.CASH.IP,Invesco UK Gilts UCITS ETF - Dist,N/A,TRADEABLE,-,SHARES,GI
GIL5LN,KA.D.GIL5LN.CASH.IP,Lyxor FTSE Actuaries UK Gilts 0-5Y (DR) UCITS ETF,N/A,TRADEABLE,-,SHARES,GI
GLTSLN,KA.D.GLTSLN.CASH.IP,SPDR Bloomberg 1-5 Year Gilt UCITS ETF,N/A,TRADEABLE,-,SHARES,GI
GLTLLN,KA.D.GLTLLN.CASH.IP,SPDR Bloomberg 15+ Year Gilt UCITS ETF,N/A,TRADEABLE,-,SHARES,GI
GLTYLN,KA.D.GLTYLN.CASH.IP,SPDR Bloomberg UK Gilt UCITS ETF,N/A,TRADEABLE,-,SHARES,GI
GJFNO,EL.D.GJFNO.CASH.IP,Gjensidige Forsikring ASA,N/A,TRADEABLE,-,SHARES,GJ
GKUS,SI.D.GKUS.CASH.IP,AdvisorShares Gerber Kawasaki ETF,N/A,OFFLINE,-,SHARES,GK
GKSGY,ED.D.GKSGY.CASH.IP,GK Software SE,N/A,OFFLINE,-,SHARES,GK
GLLSP,AG.D.GLLSP.CASH.IP,GL Ltd,N/A,CLOSED,-,SHARES,GL
3281JT,AJ.D.3281JT.CASH.IP,GLP J-REIT,N/A,EDITS_ONLY,-,SHARES,GL
GLOBUS,SC.D.GLOBUS.CASH.IP,Globant SA,N/A,TRADEABLE,-,SHARES,GL
BEEMUS,UA.D.BEEMUS.CASH.IP,Beam Global,N/A,TRADEABLE,-,SHARES,GL
TOADSS,EH.D.TOADSS.CASH.IP,Enad Global 7,N/A,TRADEABLE,-,SHARES,GL
GLBLN,KA.D.GLBLN.CASH.IP,Glanbia PLC,N/A,TRADEABLE,-,SHARES,GL
GLB,EE.D.GLB.CASH.IP,Glanbia PLC (Euronext Dublin),N/A,TRADEABLE,-,SHARES,GL
GLEN,KA.D.GLEN.CASH.IP,Glencore PLC (LSE),N/A,TRADEABLE,-,SHARES,GL
3936JT,AJ.D.3936JT.CASH.IP,Globalway Inc,N/A,EDITS_ONLY,-,SHARES,GL
TMK,SG.D.TMK.CASH.IP,Globe Life Inc (24 Hours),N/A,TRADEABLE,-,SHARES,GL
7990JT,AJ.D.7990JT.CASH.IP,Globeride Inc,N/A,EDITS_ONLY,-,SHARES,GL
6457JT,AJ.D.6457JT.CASH.IP,Glory Limited,N/A,EDITS_ONLY,-,SHARES,GL
GLE,KA.D.GLE.CASH.IP,MJ Gleeson PLC,N/A,TRADEABLE,-,SHARES,GL
MRCUS,SE.D.MRCUS.CASH.IP,MRC Global Inc,N/A,CLOSED,-,SHARES,GL
OI,SE.D.OI.CASH.IP,O-I Glass Inc,N/A,TRADEABLE,-,SHARES,GL
CIIAU,AB.D.CIIAU.CASH.IP,PRL Global Ltd,N/A,EDITS_ONLY,-,SHARES,GL
RBAUS,SG.D.RBAUS.CASH.IP,RB Global Inc,N/A,TRADEABLE,-,SHARES,GL
RBACN,KN.D.RBACN.CASH.IP,RB Global Inc,N/A,TRADEABLE,-,SHARES,GL
MHP,SE.D.MHP.CASH.IP,S&P Global Inc (24 Hours),N/A,TRADEABLE,-,SHARES,GL
SKIGLODC,EP.D.SKIGLODC.CASH.IP,SKAGEN - Global,N/A,TRADEABLE,-,SHARES,GL
VCIGUS,UD.D.VCIGUS.CASH.IP,VCI Global Ltd,N/A,TRADEABLE,-,SHARES,GL
VNVSS,EH.D.VNVSS.CASH.IP,VNV Global AB (publ),N/A,TRADEABLE,-,SHARES,GL
WSPCN,KN.D.WSPCN.CASH.IP,WSP Global Inc,N/A,TRADEABLE,-,SHARES,GL
SAFXUS,UD.D.SAFXUS.CASH.IP,XCF Global Inc,N/A,TRADEABLE,-,SHARES,GL
JCOM,UB.D.JCOM.CASH.IP,j2 Global Inc,N/A,TRADEABLE,-,SHARES,GL
GLBLUS,UB.D.GLBLUS.CASH.IP,"ALTI Global, Inc",N/A,TRADEABLE,-,SHARES,GL
ASPIRESS,EH.D.ASPIRESS.CASH.IP,Aspire Global PLC,N/A,OFFLINE,-,SHARES,GL
BRDSUS,SA.D.BRDSUS.CASH.IP,Bird Global Inc,N/A,OFFLINE,-,SHARES,GL
4044JT,AJ.D.4044JT.CASH.IP,Central Glass Co Ltd,N/A,EDITS_ONLY,-,SHARES,GL
7705JT,AJ.D.7705JT.CASH.IP,GL Sciences Inc,N/A,CLOSED,-,SHARES,GL
TMN,KC.D.TMN.CASH.IP,GLOBALDATA PLC,N/A,TRADEABLE,-,SHARES,GL
GBCIUS,UB.D.GBCIUS.CASH.IP,Glacier Bancorp Inc,N/A,TRADEABLE,-,SHARES,GL
GLA1VFH,EB.D.GLA1VFH.CASH.IP,Glaston Oyj Abp,N/A,TRADEABLE,-,SHARES,GL
GLNSJ,AR.D.GLNSJ.CASH.IP,Glencore PLC - JSE,N/A,TRADEABLE,-,SHARES,GL
GMUS,SC.D.GMUS.CASH.IP,General Motors Co (24 Hours),N/A,TRADEABLE,-,SHARES,GM
GMSUS,SC.D.GMSUS.CASH.IP,GMS Inc,N/A,CLOSED,-,SHARES,GM
LILMUS,UB.D.LILMUS.CASH.IP,Lilium GmbH,N/A,OFFLINE,-,SHARES,GM
FTELUS,UB.D.FTELUS.CASH.IP,GMEX Robotics Corp,N/A,TRADEABLE,-,SHARES,GM
4784JT,AJ.D.4784JT.CASH.IP,GMO Internet Inc,N/A,EDITS_ONLY,-,SHARES,GM
HLEGY,ED.D.HLEGY.CASH.IP,HELLA GmbH & Co. KGaA,N/A,TRADEABLE,-,SHARES,GM
QCEGY,ED.D.QCEGY.CASH.IP,Hanwha Q-CELLS GmbH,N/A,OFFLINE,-,SHARES,GM
MLHKFP,EC.D.MLHKFP.CASH.IP,Heckler & Koch GmbH,N/A,OFFLINE,-,SHARES,GM
PGNGY,ED.D.PGNGY.CASH.IP,paragon GmbH & Co. KGaA,N/A,TRADEABLE,-,SHARES,GM
4051JT,AJ.D.4051JT.CASH.IP,GMO Financial Gate Inc,N/A,EDITS_ONLY,-,SHARES,GM
7177JT,AJ.D.7177JT.CASH.IP,GMO Financial Holdings Inc,N/A,EDITS_ONLY,-,SHARES,GM
3788JT,AJ.D.3788JT.CASH.IP,GMO GlobalSign Holdings K.K.,N/A,EDITS_ONLY,-,SHARES,GM
3769JT,AJ.D.3769JT.CASH.IP,GMO Payment Gateway Inc,N/A,EDITS_ONLY,-,SHARES,GM
9449JT,AJ.D.9449JT.CASH.IP,"GMO internetgroup, Inc.",N/A,EDITS_ONLY,-,SHARES,GM
BVBGY,ED.D.BVBGY.CASH.IP,Borussia Dortmund GmbH & Co KGaA,N/A,TRADEABLE,-,SHARES,GM
HPBKGY,ED.D.HPBKGY.CASH.IP,Heliad Equity Partners GmbH & Co. KGaA,N/A,CLOSED,-,SHARES,GM
GSJGY,ED.D.GSJGY.CASH.IP,SGT German Private Equity GmbH & Co. KGaA,N/A,OFFLINE,-,SHARES,GM
HGR8LN,KC.D.HGR8LN.CASH.IP,Gama Aviation,N/A,CLOSED,-,SHARES,GM
GN,EP.D.GN.CASH.IP,GN Store Nord AS,N/A,TRADEABLE,-,SHARES,GN
2160JT,AJ.D.2160JT.CASH.IP,GNI Group Limited,N/A,EDITS_ONLY,-,SHARES,GN
GOUS,UB.D.GOUS.CASH.IP,Grocery Outlet Holding Corporation,N/A,TRADEABLE,-,SHARES,GO
GPROUS,UB.D.GPROUS.CASH.IP,GoPro Inc (24 Hours),N/A,TRADEABLE,-,SHARES,GO
GOFOREFH,EB.D.GOFOREFH.CASH.IP,Gofore Oyj,N/A,TRADEABLE,-,SHARES,GO
GOGOUS,UB.D.GOGOUS.CASH.IP,Gogo Inc,N/A,TRADEABLE,-,SHARES,GO
GGRUS,UB.D.GGRUS.CASH.IP,Gogoro Inc,N/A,TRADEABLE,-,SHARES,GO
MBGAU,AB.D.MBGAU.CASH.IP,MB Gold Ltd,N/A,EDITS_ONLY,-,SHARES,GO
PC2AU,AB.D.PC2AU.CASH.IP,PC Gold Ltd,N/A,EDITS_ONLY,-,SHARES,GO
4GLDGY,ED.D.4GLDGY.CASH.IP,Xetra-Gold,N/A,TRADEABLE,-,SHARES,GO
SGO,EC.D.SGO.CASH.IP,Cie de St-Gobain,N/A,TRADEABLE,-,SHARES,GO
MLIAU,AF.D.MLIAU.CASH.IP,Gorilla Gold Mines Ltd,N/A,EDITS_ONLY,-,SHARES,GO
HAVXFUS,SI.D.HAVXFUS.CASH.IP,1911 Gold Corp,N/A,OFFLINE,-,SHARES,GO
BEZAU,AB.D.BEZAU.CASH.IP,Besra Gold Inc,N/A,EDITS_ONLY,-,SHARES,GO
GDDYUS,SC.D.GDDYUS.CASH.IP,GoDaddy Inc (24 Hours),N/A,TRADEABLE,-,SHARES,GO
GOCOUS,UB.D.GOCOUS.CASH.IP,GoHealth Inc,N/A,TRADEABLE,-,SHARES,GO
GLNG,UB.D.GLNG.CASH.IP,Golar LNG Ltd (US),N/A,TRADEABLE,-,SHARES,GO
AMRKUS,UA.D.AMRKUS.CASH.IP,Gold.com Inc,N/A,TRADEABLE,-,SHARES,GO
GCT,KN.D.GCT.CASH.IP,Goldcorp Inc (CA),N/A,OFFLINE,-,SHARES,GO
GDP,KC.D.GDP.CASH.IP,Goldplat PLC,N/A,TRADEABLE,-,SHARES,GO
8111JT,AJ.D.8111JT.CASH.IP,Goldwin Inc,N/A,EDITS_ONLY,-,SHARES,GO
GMG,AA.D.GMG.CASH.IP,Goodman Group,N/A,EDITS_ONLY,-,SHARES,GO
7351JT,AJ.D.7351JT.CASH.IP,Goodpatch Inc,N/A,EDITS_ONLY,-,SHARES,GO
GDWN,KA.D.GDWN.CASH.IP,Goodwin PLC,N/A,TRADEABLE,-,SHARES,GO
PPHPLN,KC.D.PPHPLN.CASH.IP,IMARA GOLD PLC,N/A,CLOSED,-,SHARES,GO
NGDUS,SI.D.NGDUS.CASH.IP,New Gold Inc,N/A,OFFLINE,-,SHARES,GO
NGDCN,KN.D.NGDCN.CASH.IP,New Gold Inc (Can),N/A,OFFLINE,-,SHARES,GO
OXS,KA.D.OXS.CASH.IP,Oxus Gold PLC,N/A,ON_AUCTION,-,SHARES,GO
02PGY,ED.D.02PGY.CASH.IP,Pearl Gold AG,N/A,OFFLINE,-,SHARES,GO
RGLD,UC.D.RGLD.CASH.IP,Royal Gold Inc,N/A,TRADEABLE,-,SHARES,GO
SANUCN,KN.D.SANUCN.CASH.IP,Sanu Gold Corp,N/A,TRADEABLE,-,SHARES,GO
TDGCN,KN.D.TDGCN.CASH.IP,TDG Gold Corp,N/A,TRADEABLE,-,SHARES,GO
TAMAU,AB.D.TAMAU.CASH.IP,Tanami Gold NL,N/A,EDITS_ONLY,-,SHARES,GO
IAUCN,KN.D.IAUCN.CASH.IP,i-80 Gold Corp (CA),N/A,TRADEABLE,-,SHARES,GO
IAUXUS,SI.D.IAUXUS.CASH.IP,i-80 Gold Corp (US),N/A,TRADEABLE,-,SHARES,GO
GOOGL,UB.D.GOOGL.CASH.IP,Alphabet Inc - A (24 Hours),N/A,TRADEABLE,-,SHARES,GO
GOOGUS,UB.D.GOOGUS.CASH.IP,Alphabet Inc - C (24 Hours),N/A,TRADEABLE,-,SHARES,GO
AGICT,KN.D.AGICT.CASH.IP,Alamos Gold Inc (CAD),N/A,TRADEABLE,-,SHARES,GO
AGIUS,SA.D.AGIUS.CASH.IP,Alamos Gold Inc (USD),N/A,TRADEABLE,-,SHARES,GO
GPUS,UB.D.GPUS.CASH.IP,GreenPower Motor Company Inc,N/A,TRADEABLE,-,SHARES,GP
GPIIM,EF.D.GPIIM.CASH.IP,GPI SpA,N/A,TRADEABLE,-,SHARES,GP
CMPOUS,UA.D.CMPOUS.CASH.IP,GPGI Inc,N/A,TRADEABLE,-,SHARES,GP
GPT,AA.D.GPT.CASH.IP,GPT Group,N/A,EDITS_ONLY,-,SHARES,GP
GPXUS,SC.D.GPXUS.CASH.IP,GP Strategies Corp,N/A,EDITS_ONLY,-,SHARES,GP
TCUSLN,KA.D.TCUSLN.CASH.IP,GPF Physical Copper ETC,N/A,CLOSED,-,SHARES,GP
TAUSLN,KA.D.TAUSLN.CASH.IP,GPF Physical Gold ETC - GBP,N/A,OFFLINE,-,SHARES,GP
TNISLN,KA.D.TNISLN.CASH.IP,GPF Physical Nickel ETC,N/A,OFFLINE,-,SHARES,GP
TPTSLN,KA.D.TPTSLN.CASH.IP,GPF Physical Platinum ETC - GBP,N/A,OFFLINE,-,SHARES,GP
TAGSLN,KA.D.TAGSLN.CASH.IP,GPF Physical Silver ETC - GBP,N/A,OFFLINE,-,SHARES,GP
GPSAU,AB.D.GPSAU.CASH.IP,GPS Alliance Holdings Ltd,N/A,CLOSED,-,SHARES,GP
PAGPUS,SE.D.PAGPUS.CASH.IP,Plains GP Holdings LP,N/A,TRADEABLE,-,SHARES,GP
TPDSLN,KA.D.TPDSLN.CASH.IP,GPF Physical Palladium ETC - GBP,N/A,OFFLINE,-,SHARES,GP
GQGAU,AB.D.GQGAU.CASH.IP,GQG Partners Inc,N/A,EDITS_ONLY,-,SHARES,GQ
RBS,KA.D.RBS.CASH.IP,NatWest Group PLC,N/A,TRADEABLE,-,SHARES,GR
VOD,KA.D.VOD.CASH.IP,Vodafone Group PLC,N/A,TRADEABLE,-,SHARES,GR
III,KA.D.III.CASH.IP,3i Group PLC,N/A,TRADEABLE,-,SHARES,GR
MTNSJ,AR.D.MTNSJ.CASH.IP,MTN Group Ltd,N/A,TRADEABLE,-,SHARES,GR
PSGSJ,AR.D.PSGSJ.CASH.IP,PSG Group Ltd,N/A,CLOSED,-,SHARES,GR
GFTU,KA.D.GFTU.CASH.IP,Grafton Group PLC,N/A,TRADEABLE,-,SHARES,GR
GRANUS,UB.D.GRANUS.CASH.IP,Grande Group Ltd,N/A,TRADEABLE,-,SHARES,GR
GRFXUS,SI.D.GRFXUS.CASH.IP,Graphex Group Ltd,N/A,OFFLINE,-,SHARES,GR
GNC,KA.D.GNC.CASH.IP,Greencore Group PLC (LSE),N/A,TRADEABLE,-,SHARES,GR
ASPFP,EC.D.ASPFP.CASH.IP,AST Groupe,N/A,OFFLINE,-,SHARES,GR
BSGRNA,EG.D.BSGRNA.CASH.IP,B&S Group SA,N/A,OFFLINE,-,SHARES,GR
BEGRSS,EH.D.BEGRSS.CASH.IP,BE Group AB (publ),N/A,TRADEABLE,-,SHARES,GR
GRALVUS,UB.D.GRALVUS.CASH.IP,GRAIL Inc,N/A,TRADEABLE,-,SHARES,GR
GGG,SC.D.GGG.CASH.IP,Graco Inc,N/A,TRADEABLE,-,SHARES,GR
GMMGY,ED.D.GMMGY.CASH.IP,Grammer AG,N/A,TRADEABLE,-,SHARES,GR
GRNGSS,EH.D.GRNGSS.CASH.IP,Granges AB (publ),N/A,TRADEABLE,-,SHARES,GR
GRG,KA.D.GRG.CASH.IP,Greggs PLC,N/A,TRADEABLE,-,SHARES,GR
GEF,SC.D.GEF.CASH.IP,Greif Inc,N/A,TRADEABLE,-,SHARES,GR
GRFSM,EI.D.GRFSM.CASH.IP,Grifols SA,N/A,TRADEABLE,-,SHARES,GR
GRNDUS,SC.D.GRNDUS.CASH.IP,Grindr Inc,N/A,TRADEABLE,-,SHARES,GR
KMEIM,EF.D.KMEIM.CASH.IP,KME Group,N/A,TRADEABLE,-,SHARES,GR
LSRGLI,PK.D.LSRGLI.CASH.IP,LSR Group,N/A,OFFLINE,-,SHARES,GR
PHTM,KA.D.PHTM.CASH.IP,ME GROUP,N/A,TRADEABLE,-,SHARES,GR
NN,EG.D.NN.CASH.IP,NN Group NV,N/A,TRADEABLE,-,SHARES,GR
NRGFP,EC.D.NRGFP.CASH.IP,NRJ Group,N/A,TRADEABLE,-,SHARES,GR
RSA,KA.D.RSA.CASH.IP,RSA Insurance Group PLC,N/A,OFFLINE,-,SHARES,GR
SPGDC,EP.D.SPGDC.CASH.IP,SP Group AS,N/A,TRADEABLE,-,SHARES,GR
TCMDC,EP.D.TCMDC.CASH.IP,TCM Group AS,N/A,TRADEABLE,-,SHARES,GR
TFFFP,EC.D.TFFFP.CASH.IP,TFF Group,N/A,TRADEABLE,-,SHARES,GR
UNM,SH.D.UNM.CASH.IP,Unum Group,N/A,TRADEABLE,-,SHARES,GR
GRAUS,SC.D.GRAUS.CASH.IP,WR Grace & Co,N/A,CLOSED,-,SHARES,GR
6089JT,AJ.D.6089JT.CASH.IP,Will Group Inc,N/A,EDITS_ONLY,-,SHARES,GR
3150JT,AJ.D.3150JT.CASH.IP,grems Inc,N/A,EDITS_ONLY,-,SHARES,GR
GRCLN,KC.D.GRCLN.CASH.IP,GRC International Group PLC,N/A,OFFLINE,-,SHARES,GR
GS,SC.D.GS.CASH.IP,Goldman Sachs Group Inc (24 Hours),N/A,TRADEABLE,-,SHARES,GS
GSK,KA.D.GSK.CASH.IP,GSK PLC,N/A,TRADEABLE,-,SHARES,GS
GSCLN,KC.D.GSCLN.CASH.IP,GS Chain PLC,N/A,SUSPENDED,-,SHARES,GS
6674JT,AJ.D.6674JT.CASH.IP,GS Yuasa Corp,N/A,EDITS_ONLY,-,SHARES,GS
GVPUS,UB.D.GVPUS.CASH.IP,GSE Systems Inc,N/A,CLOSED,-,SHARES,GS
GSITUS,UB.D.GSITUS.CASH.IP,GSI Technology Inc,N/A,TRADEABLE,-,SHARES,GS
GSXUS,SC.D.GSXUS.CASH.IP,GSX Techedu Inc,N/A,TRADEABLE,-,SHARES,GS
GSRLN,KC.D.GSRLN.CASH.IP,GSTechnologies Limited,N/A,TRADEABLE,-,SHARES,GS
BGLFLN,KC.D.BGLFLN.CASH.IP,Blackstone GSO Loan Financing Limited,N/A,OFFLINE,-,SHARES,GS
BGLPLN,KC.D.BGLPLN.CASH.IP,Blackstone GSO Loan Financing Limited GBp,N/A,OFFLINE,-,SHARES,GS
GSAHUUS,SC.D.GSAHUUS.CASH.IP,GS Acquisition Holdings Corp II (Unit),N/A,CLOSED,-,SHARES,GS
GSPXLN,KA.D.GSPXLN.CASH.IP,iShares Core S&P 500 UCITS ETF GBP Hedged (Dist),N/A,TRADEABLE,-,SHARES,GS
GSGUS,SI.D.GSGUS.CASH.IP,iShares S&P GSCI Commodity Indexed Trust,N/A,TRADEABLE,-,SHARES,GS
GT,UB.D.GT.CASH.IP,Goodyear Tire & Rubber Co,N/A,TRADEABLE,-,SHARES,GT
GTNAU,AB.D.GTNAU.CASH.IP,GTN Limited,N/A,EDITS_ONLY,-,SHARES,GT
GTBPUS,UB.D.GTBPUS.CASH.IP,GT Biopharma Inc,N/A,TRADEABLE,-,SHARES,GT
GTTCN,KN.D.GTTCN.CASH.IP,GT Gold Corporation,N/A,OFFLINE,-,SHARES,GT
GTTUS,SC.D.GTTUS.CASH.IP,GTT Communications Inc,N/A,CLOSED,-,SHARES,GT
GTROAU,AB.D.GTROAU.CASH.IP,GTI Energy Ltd Options @ AUD 0.03 EXP 20/10/2024,N/A,CLOSED,-,SHARES,GT
GUBRADC,EP.D.GUBRADC.CASH.IP,Gubra A/S,N/A,TRADEABLE,-,SHARES,GU
GBTFP,EC.D.GBTFP.CASH.IP,Guerbet,N/A,TRADEABLE,-,SHARES,GU
GESUS,SC.D.GESUS.CASH.IP,Guess? Inc,N/A,CLOSED,-,SHARES,GU
GUNNSS,EH.D.GUNNSS.CASH.IP,Gunnebo AB,N/A,OFFLINE,-,SHARES,GU
3002JT,AJ.D.3002JT.CASH.IP,Gunze Ltd,N/A,EDITS_ONLY,-,SHARES,GU
3903JT,AJ.D.3903JT.CASH.IP,gumi Inc,N/A,EDITS_ONLY,-,SHARES,GU
6050JT,AJ.D.6050JT.CASH.IP,E-Guardian Inc,N/A,EDITS_ONLY,-,SHARES,GU
SYN,KC.D.SYN.CASH.IP,Gunsynd PLC,N/A,TRADEABLE,-,SHARES,GU
GUOLSP,AG.D.GUOLSP.CASH.IP,GuocoLand Ltd,N/A,EDITS_ONLY,-,SHARES,GU
GUSLN,KC.D.GUSLN.CASH.IP,Gusbourne PLC,N/A,OFFLINE,-,SHARES,GU
GIL,EC.D.GIL.CASH.IP,Groupe Guillin,N/A,TRADEABLE,-,SHARES,GU
EEBUS,SI.D.EEBUS.CASH.IP,Guggenheim BRIC ETF,N/A,OFFLINE,-,SHARES,GU
GULDSS,EH.D.GULDSS.CASH.IP,Guldbrev Holding AB,N/A,TRADEABLE,-,SHARES,GU
GUREUS,UB.D.GUREUS.CASH.IP,Gulf Resources Inc,N/A,TRADEABLE,-,SHARES,GU
GULAU,AB.D.GULAU.CASH.IP,Gullewa Limited,N/A,EDITS_ONLY,-,SHARES,GU
1364HK,AC.D.1364HK.CASH.IP,Guming Holdings Ltd,N/A,EDITS_ONLY,-,SHARES,GU
GUR,EJ.D.GUR.CASH.IP,Gurit Holding AG,N/A,TRADEABLE,-,SHARES,GU
GYGAU,AB.D.GYGAU.CASH.IP,Guzman y Gomez Ltd,N/A,EDITS_ONLY,-,SHARES,GU
1793JT,AJ.D.1793JT.CASH.IP,Ohmoto Gumi Co Ltd,N/A,EDITS_ONLY,-,SHARES,GU
8334JT,AJ.D.8334JT.CASH.IP,The Gunma Bank Limited,N/A,EDITS_ONLY,-,SHARES,GU
UGUS,UD.D.UGUS.CASH.IP,United-Guardian Inc,N/A,TRADEABLE,-,SHARES,GU
AGO,SA.D.AGO.CASH.IP,Assured Guaranty Ltd,N/A,TRADEABLE,-,SHARES,GU
GURUUS,SI.D.GURUUS.CASH.IP,Global X Guru Index ETF,N/A,TRADEABLE,-,SHARES,GU
GGEAU,AB.D.GGEAU.CASH.IP,Grand Gulf Energy Limited,N/A,EDITS_ONLY,-,SHARES,GU
1872HK,AC.D.1872HK.CASH.IP,Guan Chao Holdings Ltd,N/A,EDITS_ONLY,-,SHARES,GU
GSVRPZ,KC.D.GSVRPZ.CASH.IP,Guanajuato Silver Co Ltd,N/A,CLOSED,-,SHARES,GU
124HK,AC.D.124HK.CASH.IP,Guangdong Land Holdings Ltd,N/A,EDITS_ONLY,-,SHARES,GU
GNTYUS,UB.D.GNTYUS.CASH.IP,Guaranty Bancshares Inc,N/A,CLOSED,-,SHARES,GU
GTCOLN,KC.D.GTCOLN.CASH.IP,Guaranty Trust Holding Co PLC,N/A,TRADEABLE,-,SHARES,GU
GMETLN,KC.D.GMETLN.CASH.IP,Guardian Metal Resources PLC,N/A,TRADEABLE,-,SHARES,GU
GHSIUS,UB.D.GHSIUS.CASH.IP,Guardion Health Sciences Inc,N/A,CLOSED,-,SHARES,GU
CZAUS,SI.D.CZAUS.CASH.IP,Guggenheim Mid-Cap Core ETF,N/A,TRADEABLE,-,SHARES,GU
CSDUS,SI.D.CSDUS.CASH.IP,Guggenheim Spin-Off ETF,N/A,TRADEABLE,-,SHARES,GU
CUTUS,SI.D.CUTUS.CASH.IP,Guggenheim Timber ETF,N/A,TRADEABLE,-,SHARES,GU
GWRE,SC.D.GWRE.CASH.IP,Guidewire Software Inc,N/A,TRADEABLE,-,SHARES,GU
GUIFP,EC.D.GUIFP.CASH.IP,Guillemot Corporation SA,N/A,TRADEABLE,-,SHARES,GU
QIFLN,KA.D.QIFLN.CASH.IP,Gulf Investment Fund PLC,N/A,CLOSED,-,SHARES,GU
GIFIUS,UB.D.GIFIUS.CASH.IP,Gulf Island Fabrication Inc,N/A,CLOSED,-,SHARES,GU
GMSLN,KA.D.GMSLN.CASH.IP,Gulf Marine Services PLC,N/A,TRADEABLE,-,SHARES,GU
GPORUS,UB.D.GPORUS.CASH.IP,Gulfport Energy Corp,N/A,CLOSED,-,SHARES,GU
2517HK,AC.D.2517HK.CASH.IP,Guoquan Food Shanghai Co Ltd,N/A,EDITS_ONLY,-,SHARES,GU
GFGFUS,UB.D.GFGFUS.CASH.IP,Guru Favorite Stocks ETF,N/A,TRADEABLE,-,SHARES,GU
1861JT,AJ.D.1861JT.CASH.IP,Kumagai Gumi Company Limited,N/A,EDITS_ONLY,-,SHARES,GU
PLGAU,AB.D.PLGAU.CASH.IP,Pearl Gull Iron Limited,N/A,EDITS_ONLY,-,SHARES,GU
UBSSM,EI.D.UBSSM.CASH.IP,Urbas Guadahermosa SA,N/A,SUSPENDED,-,SHARES,GU
270HK,AC.D.270HK.CASH.IP,Guangdong Investment Ltd,N/A,EDITS_ONLY,-,SHARES,GU
GVSIM,EF.D.GVSIM.CASH.IP,GVS SpA,N/A,TRADEABLE,-,SHARES,GV
GWA,AA.D.GWA.CASH.IP,GWA Group Ltd,N/A,EDITS_ONLY,-,SHARES,GW
2333HK,AC.D.2333HK.CASH.IP,GWMOTOR,N/A,EDITS_ONLY,-,SHARES,GW
GXOUS,SC.D.GXOUS.CASH.IP,GXO Logistics Inc,N/A,TRADEABLE,-,SHARES,GX
GXPGY,ED.D.GXPGY.CASH.IP,GXP German Properties AG,N/A,OFFLINE,-,SHARES,GX
GYUS,SC.D.GYUS.CASH.IP,Aerojet Rocketdyne Holdings Inc,N/A,CLOSED,-,SHARES,GY
GYMLN,KA.D.GYMLN.CASH.IP,Gym Group PLC/The,N/A,TRADEABLE,-,SHARES,GY
LANDSW,EJ.D.LANDSW.CASH.IP,Landis+Gyr AG,N/A,TRADEABLE,-,SHARES,GY
MINDLN,KC.D.MINDLN.CASH.IP,Mind Gym PLC,N/A,TRADEABLE,-,SHARES,GY
CBIOUS,UA.D.CBIOUS.CASH.IP,Gyre Therapeutics Inc,N/A,TRADEABLE,-,SHARES,GY
HAUS,UB.D.HAUS.CASH.IP,Hawaiian Holdings Inc,N/A,CLOSED,-,SHARES,HA
HHS,SC.D.HHS.CASH.IP,Harte-Hanks Inc,N/A,TRADEABLE,-,SHARES,HA
HALNA,EG.D.HALNA.CASH.IP,HAL Trust,N/A,TRADEABLE,-,SHARES,HA
HANZASS,EH.D.HANZASS.CASH.IP,HANZA AB,N/A,TRADEABLE,-,SHARES,HA
HACKSS,EH.D.HACKSS.CASH.IP,Hacksaw AB,N/A,TRADEABLE,-,SHARES,HA
HAFNUS,SC.D.HAFNUS.CASH.IP,Hafnia Ltd,N/A,TRADEABLE,-,SHARES,HA
HLDXSS,EH.D.HLDXSS.CASH.IP,Haldex AB,N/A,OFFLINE,-,SHARES,HA
HLNLN,KA.D.HLNLN.CASH.IP,Haleon PLC,N/A,TRADEABLE,-,SHARES,HA
HLNWUS,SC.D.HLNWUS.CASH.IP,Haleon PLC (ADR),N/A,TRADEABLE,-,SHARES,HA
HLMA,KA.D.HLMA.CASH.IP,Halma PLC,N/A,TRADEABLE,-,SHARES,HA
HGRUS,SC.D.HGRUS.CASH.IP,Hanger Inc,N/A,CLOSED,-,SHARES,HA
IMMYUS,UB.D.IMMYUS.CASH.IP,Harrow Inc,N/A,TRADEABLE,-,SHARES,HA
HARVIAFH,EB.D.HARVIAFH.CASH.IP,Harvia Oyj,N/A,TRADEABLE,-,SHARES,HA
HAS,UB.D.HAS.CASH.IP,Hasbro Inc (24 Hours),N/A,TRADEABLE,-,SHARES,HA
HAS,KA.D.HAS.CASH.IP,Hays PLC,N/A,TRADEABLE,-,SHARES,HA
9042JT,AJ.D.9042JT.CASH.IP,Hankyu Hanshin Holdings Inc,N/A,EDITS_ONLY,-,SHARES,HA
8977JT,AJ.D.8977JT.CASH.IP,Hankyu Hanshin REIT Inc,N/A,EDITS_ONLY,-,SHARES,HA
HHVLN,KC.D.HHVLN.CASH.IP,Hargreave Hale AIM VCT 1 PLC,N/A,TRADEABLE,-,SHARES,HA
7433JT,AJ.D.7433JT.CASH.IP,Hakuto Co Ltd,N/A,EDITS_ONLY,-,SHARES,HA
HMSO,KA.D.HMSO.CASH.IP,Hammerson PLC,N/A,TRADEABLE,-,SHARES,HA
HLAGGY,ED.D.HLAGGY.CASH.IP,Hapag-Lloyd AG,N/A,TRADEABLE,-,SHARES,HA
HDD,KC.D.HDD.CASH.IP,Hardide PLC,N/A,TRADEABLE,-,SHARES,HA
HLIT,UB.D.HLIT.CASH.IP,Harmonic Inc,N/A,TRADEABLE,-,SHARES,HA
1808JT,AJ.D.1808JT.CASH.IP,Haseko Corp,N/A,EDITS_ONLY,-,SHARES,HA
HCPUS,UB.D.HCPUS.CASH.IP,HashiCorp Inc,N/A,CLOSED,-,SHARES,HA
HWKNUS,UB.D.HWKNUS.CASH.IP,Hawkins Inc,N/A,TRADEABLE,-,SHARES,HA
TLALN,KC.D.TLALN.CASH.IP,Hawkwing PLC,N/A,CLOSED,-,SHARES,HA
HAYDLN,KC.D.HAYDLN.CASH.IP,Haydale Plc,N/A,TRADEABLE,-,SHARES,HA
HAYPPSS,EH.D.HAYPPSS.CASH.IP,Haypp Group AB,N/A,TRADEABLE,-,SHARES,HA
BOH,SA.D.BOH.CASH.IP,Bank of Hawaii Corp,N/A,TRADEABLE,-,SHARES,HA
HARTDC,EP.D.HARTDC.CASH.IP,Brodrene Hartmann AS,N/A,OFFLINE,-,SHARES,HA
CHC,AF.D.CHC.CASH.IP,Charter Hall Group,N/A,EDITS_ONLY,-,SHARES,HA
CHRDC,EP.D.CHRDC.CASH.IP,Chr Hansen Holding AS,N/A,OFFLINE,-,SHARES,HA
EEEGA,ER.D.EEEGA.CASH.IP,Coca-Cola HBC AG (ASE),N/A,TRADEABLE,-,SHARES,HB
COCHLN,KA.D.COCHLN.CASH.IP,Coca-Cola HBC AG (LSE),N/A,TRADEABLE,-,SHARES,HB
2142HK,AC.D.2142HK.CASH.IP,HBM Holdings Ltd,N/A,EDITS_ONLY,-,SHARES,HB
HBXSM,EI.D.HBXSM.CASH.IP,HBX Group International Plc,N/A,TRADEABLE,-,SHARES,HB
HBMN,EJ.D.HBMN.CASH.IP,HBM Healthcare Investments AG,N/A,TRADEABLE,-,SHARES,HB
2280HK,AC.D.2280HK.CASH.IP,HC Group Inc,N/A,SUSPENDED,-,SHARES,HC
HCIUS,SC.D.HCIUS.CASH.IP,HCI Group Inc,N/A,TRADEABLE,-,SHARES,HC
PYCRUS,UC.D.PYCRUS.CASH.IP,Paycor HCM Inc,N/A,CLOSED,-,SHARES,HC
HCAUS,SC.D.HCAUS.CASH.IP,HCA Holdings Inc (24 Hours),N/A,TRADEABLE,-,SHARES,HC
HCWBUS,UB.D.HCWBUS.CASH.IP,HCW Biologics Inc,N/A,TRADEABLE,-,SHARES,HC
TMOLN,KC.D.TMOLN.CASH.IP,Time Out Group HC Limited,N/A,TRADEABLE,-,SHARES,HC
HCMTUS,SI.D.HCMTUS.CASH.IP,Direxion HCM Tactical Enhanced US ETF,N/A,TRADEABLE,-,SHARES,HC
HD,SC.D.HD.CASH.IP,Home Depot Inc (24 Hours),N/A,TRADEABLE,-,SHARES,HD
6067JT,AJ.D.6067JT.CASH.IP,Impact HD Inc,N/A,CLOSED,-,SHARES,HD
HDB,SC.D.HDB.CASH.IP,HDFC Bank Ltd - ADR,N/A,TRADEABLE,-,SHARES,HD
IMGPLN,KA.D.IMGPLN.CASH.IP,iShares US Mortgage Backed Sec UCITS ETF GBP Hdg D,N/A,TRADEABLE,-,SHARES,HD
HE,SC.D.HE.CASH.IP,Hawaiian Electric Industries Inc,N/A,TRADEABLE,-,SHARES,HE
HPQ,SC.D.HPQ.CASH.IP,HP Inc (24 Hours),N/A,TRADEABLE,-,SHARES,HE
VMMAFP,EC.D.VMMAFP.CASH.IP,Herige,N/A,OFFLINE,-,SHARES,HE
OACUS,SE.D.OACUS.CASH.IP,Hims & Hers Health Inc (24 Hours),N/A,TRADEABLE,-,SHARES,HE
HEIUS,SC.D.HEIUS.CASH.IP,HEICO Corp,N/A,TRADEABLE,-,SHARES,HE
HEXOUS,SC.D.HEXOUS.CASH.IP,HEXO Corp,N/A,CLOSED,-,SHARES,HE
HPOLBSS,EH.D.HPOLBSS.CASH.IP,HEXPOL AB (publ),N/A,TRADEABLE,-,SHARES,HE
HEIQLN,KC.D.HEIQLN.CASH.IP,Heiq PLC,N/A,CLOSED,-,SHARES,HE
A7AGY,ED.D.A7AGY.CASH.IP,Heliad AG,N/A,OFFLINE,-,SHARES,HE
4475JT,AJ.D.4475JT.CASH.IP,Hennge KK,N/A,EDITS_ONLY,-,SHARES,HE
HERIM,EF.D.HERIM.CASH.IP,Hera SpA,N/A,TRADEABLE,-,SHARES,HE
HSY,SC.D.HSY.CASH.IP,Hershey Co (24 Hours),N/A,TRADEABLE,-,SHARES,HE
HSKAUS,UB.D.HSKAUS.CASH.IP,Heska Corp,N/A,CLOSED,-,SHARES,HE
AHC,SA.D.AHC.CASH.IP,Hess Corp,N/A,CLOSED,-,SHARES,HE
HEXAB,EH.D.HEXAB.CASH.IP,Hexagon AB (publ),N/A,TRADEABLE,-,SHARES,HE
MFCFP,EC.D.MFCFP.CASH.IP,Hexaom SA,N/A,TRADEABLE,-,SHARES,HE
HEXISS,EH.D.HEXISS.CASH.IP,Hexicon AB,N/A,TRADEABLE,-,SHARES,HE
HLSNBAU,AB.D.HLSNBAU.CASH.IP,Healius Ltd (Deferred),N/A,CLOSED,-,SHARES,HE
BEATUS,UA.D.BEATUS.CASH.IP,HeartBeam Inc,N/A,TRADEABLE,-,SHARES,HE
HEIMPREFS,EH.D.HEIMPREFS.CASH.IP,Heimstaden AB (publ),N/A,TRADEABLE,-,SHARES,HE
HEIA,EG.D.HEIA.CASH.IP,Heineken NV,N/A,TRADEABLE,-,SHARES,HE
HELE,UB.D.HELE.CASH.IP,Helen of Troy Ltd,N/A,TRADEABLE,-,SHARES,HE
HLCL,KA.D.HLCL.CASH.IP,Helical PLC,N/A,TRADEABLE,-,SHARES,HE
ATHNUS,SA.D.ATHNUS.CASH.IP,Heliogen Inc,N/A,CLOSED,-,SHARES,HE
HFGGY,ED.D.HFGGY.CASH.IP,HelloFresh SE,N/A,TRADEABLE,-,SHARES,HE
HAGGY,ED.D.HAGGY.CASH.IP,Hensoldt AG,N/A,TRADEABLE,-,SHARES,HE
HLF,SC.D.HLF.CASH.IP,Herbalife Ltd,N/A,TRADEABLE,-,SHARES,HE
HERCLN,KC.D.HERCLN.CASH.IP,Hercules plc,N/A,TRADEABLE,-,SHARES,HE
QSGUS,UC.D.QSGUS.CASH.IP,Here Group Ltd,N/A,TRADEABLE,-,SHARES,HE
HSAIUS,UB.D.HSAIUS.CASH.IP,Hesai Group,N/A,TRADEABLE,-,SHARES,HE
HXLUS,SC.D.HXLUS.CASH.IP,Hexcel Corp,N/A,TRADEABLE,-,SHARES,HE
ABDXLN,KC.D.ABDXLN.CASH.IP,Abingdon Health PLC,N/A,TRADEABLE,-,SHARES,HE
ADPTUS,SA.D.ADPTUS.CASH.IP,Adeptus Health Inc,N/A,CLOSED,-,SHARES,HE
ALEFCT,KN.D.ALEFCT.CASH.IP,Aleafia Health Inc,N/A,CLOSED,-,SHARES,HE
ARDTUS,SA.D.ARDTUS.CASH.IP,Ardent Health Inc,N/A,TRADEABLE,-,SHARES,HE
ASCSJ,AR.D.ASCSJ.CASH.IP,Ascendis Health Ltd,N/A,CLOSED,-,SHARES,HE
AMEHUS,UA.D.AMEHUS.CASH.IP,Astrana Health Inc,N/A,TRADEABLE,-,SHARES,HE
BLUUS,UA.D.BLUUS.CASH.IP,BELLUS Health Inc,N/A,CLOSED,-,SHARES,HE
MARELNA,EG.D.MARELNA.CASH.IP,Marel hf.,N/A,CLOSED,-,SHARES,HF
HFNDUS,SI.D.HFNDUS.CASH.IP,Unlimited HFND Multi-Strategy Return Tracker ETF,N/A,TRADEABLE,-,SHARES,HF
HGUS,SC.D.HGUS.CASH.IP,Hamilton Insurance Group Ltd,N/A,TRADEABLE,-,SHARES,HG
HGEAGY,ED.D.HGEAGY.CASH.IP,hGears AG,N/A,TRADEABLE,-,SHARES,HG
HGT,KA.D.HGT.CASH.IP,HgCapital Trust PLC,N/A,TRADEABLE,-,SHARES,HG
HHLAUUS,SC.D.HHLAUUS.CASH.IP,HH&L Acquisition Company,N/A,OFFLINE,-,SHARES,HH
HIUS,SC.D.HIUS.CASH.IP,Hillenbrand Inc,N/A,CLOSED,-,SHARES,HI
HCOFP,EC.D.HCOFP.CASH.IP,HighCo,N/A,TRADEABLE,-,SHARES,HI
9603JT,AJ.D.9603JT.CASH.IP,HIS Co Ltd,N/A,EDITS_ONLY,-,SHARES,HI
CGCBV,EB.D.CGCBV.CASH.IP,Hiab Oyj,N/A,TRADEABLE,-,SHARES,HI
HSX,KA.D.HSX.CASH.IP,Hiscox Ltd,N/A,TRADEABLE,-,SHARES,HI
7611JT,AJ.D.7611JT.CASH.IP,Hiday Hidaka Corporation,N/A,EDITS_ONLY,-,SHARES,HI
HILS,KA.D.HILS.CASH.IP,HILL & SMITH PLC,N/A,TRADEABLE,-,SHARES,HI
HIPAYFP,EC.D.HIPAYFP.CASH.IP,HiPay Group SA,N/A,TRADEABLE,-,SHARES,HI
ALHYPFP,EC.D.ALHYPFP.CASH.IP,HiPay Group SA,N/A,TRADEABLE,-,SHARES,HI
HIBB,UB.D.HIBB.CASH.IP,Hibbett Inc,N/A,CLOSED,-,SHARES,HI
HITICN,KN.D.HITICN.CASH.IP,High Tide Inc,N/A,TRADEABLE,-,SHARES,HI
HITIUS,UB.D.HITIUS.CASH.IP,High Tide Inc - (US),N/A,TRADEABLE,-,SHARES,HI
HLVXUS,UB.D.HLVXUS.CASH.IP,HilleVax Inc,N/A,CLOSED,-,SHARES,HI
6258JT,AJ.D.6258JT.CASH.IP,Hirata Corp,N/A,EDITS_ONLY,-,SHARES,HI
CCNIUS,UA.D.CCNIUS.CASH.IP,HireQuest Inc,N/A,TRADEABLE,-,SHARES,HI
CNATUS,UA.D.CNATUS.CASH.IP,Histogen Inc,N/A,CLOSED,-,SHARES,HI
HIQAU,AB.D.HIQAU.CASH.IP,HitIQ Limited,N/A,EDITS_ONLY,-,SHARES,HI
6501JT,AJ.D.6501JT.CASH.IP,Hitachi Ltd,N/A,EDITS_ONLY,-,SHARES,HI
BHILUS,SA.D.BHILUS.CASH.IP,Benson Hill Inc,N/A,OFFLINE,-,SHARES,HI
1111HK,AC.D.1111HK.CASH.IP,Chong Hing Bank Ltd,N/A,EDITS_ONLY,-,SHARES,HI
7279JT,AJ.D.7279JT.CASH.IP,Hi-Lex Corporation,N/A,EDITS_ONLY,-,SHARES,HI
HIAGSW,EJ.D.HIAGSW.CASH.IP,Hiag Immobilien AG,N/A,TRADEABLE,-,SHARES,HI
HBRNID,EE.D.HBRNID.CASH.IP,Hibernia REIT PLC (Euronext Dublin),N/A,OFFLINE,-,SHARES,HI
XTEAU,AB.D.XTEAU.CASH.IP,HighCom Limited,N/A,EDITS_ONLY,-,SHARES,HI
HPKUS,UB.D.HPKUS.CASH.IP,HighPeak Energy Inc,N/A,TRADEABLE,-,SHARES,HI
9435JT,AJ.D.9435JT.CASH.IP,Hikari Tsushin Inc,N/A,EDITS_ONLY,-,SHARES,HI
HILBBSS,EH.D.HILBBSS.CASH.IP,Hilbert Group AB,N/A,TRADEABLE,-,SHARES,HI
HIL,AA.D.HIL.CASH.IP,Hills Holdings Ltd,N/A,CLOSED,-,SHARES,HI
HNGEUS,SC.D.HNGEUS.CASH.IP,Hinge Health Inc,N/A,TRADEABLE,-,SHARES,HI
7205JT,AJ.D.7205JT.CASH.IP,Hino Motors Ltd,N/A,CLOSED,-,SHARES,HI
RTPZUS,SG.D.RTPZUS.CASH.IP,Hippo Holdings Inc,N/A,TRADEABLE,-,SHARES,HI
HMIAU,AB.D.HMIAU.CASH.IP,Hiremii Limited,N/A,EDITS_ONLY,-,SHARES,HI
TFGAU,AB.D.TFGAU.CASH.IP,Hiro Brands Limited,N/A,CLOSED,-,SHARES,HI
MHUS,SE.D.MHUS.CASH.IP,McGraw Hill Inc,N/A,TRADEABLE,-,SHARES,HI
6966JT,AJ.D.6966JT.CASH.IP,Mitsui High-tec Inc,N/A,EDITS_ONLY,-,SHARES,HI
SDY,KA.D.SDY.CASH.IP,Speedy Hire PLC,N/A,TRADEABLE,-,SHARES,HI
WMH,KA.D.WMH.CASH.IP,William Hill PLC,N/A,OFFLINE,-,SHARES,HI
HIPSUS,SI.D.HIPSUS.CASH.IP,GraniteShares HIPS US High Income ETF,N/A,TRADEABLE,-,SHARES,HI
YYYUS,SI.D.YYYUS.CASH.IP,Amplify CEF High Income ETF,N/A,TRADEABLE,-,SHARES,HI
BHILWSUS,SA.D.BHILWSUS.CASH.IP,Benson Hill Inc - Warrants,N/A,OFFLINE,-,SHARES,HI
CBHAU,AB.D.CBHAU.CASH.IP,Broken Hill Mines Limited,N/A,EDITS_ONLY,-,SHARES,HI
FTHIUS,UB.D.FTHIUS.CASH.IP,First Trust High Income ETF,N/A,TRADEABLE,-,SHARES,HI
HSBA,KA.D.HSBA.CASH.IP,HSBC Holdings PLC (LSE),N/A,TRADEABLE,-,SHARES,HJ
HKSAVFH,EB.D.HKSAVFH.CASH.IP,HKScan OYJ,N/A,OFFLINE,-,SHARES,HK
6823HK,AC.D.6823HK.CASH.IP,HKT Trust and HKT Ltd,N/A,EDITS_ONLY,-,SHARES,HK
190HK,AC.D.190HK.CASH.IP,HKC Holdings Ltd,N/A,CLOSED,-,SHARES,HK
1310HK,AC.D.1310HK.CASH.IP,HKBN Limited,N/A,EDITS_ONLY,-,SHARES,HK
9688HK,AC.D.9688HK.CASH.IP,Zai Lab Limited HK,N/A,EDITS_ONLY,-,SHARES,HK
308HK,AC.D.308HK.CASH.IP,China Travel International Inv HK,N/A,EDITS_ONLY,-,SHARES,HK
2638HK,AC.D.2638HK.CASH.IP,HK Electric Investments and HK Electric Investments Limited,N/A,EDITS_ONLY,-,SHARES,HK
215HK,AC.D.215HK.CASH.IP,Hutchison Telecommunications HK Holdings Ltd,N/A,EDITS_ONLY,-,SHARES,HK
2956HK,AC.D.2956HK.CASH.IP,SJM Holdings Ltd - Rights Issue HKD 2.08 EXP 08/09/22,N/A,EDITS_ONLY,-,SHARES,HK
3HK,AC.D.3HK.CASH.IP,Hong Kong & China Gas Co Ltd,N/A,EDITS_ONLY,-,SHARES,HK
BABA,SA.D.BABA.CASH.IP,Alibaba Group Holding Ltd (24 Hours),N/A,TRADEABLE,-,SHARES,HK
HL,KA.D.HL.CASH.IP,Hargreaves Lansdown PLC,N/A,OFFLINE,-,SHARES,HL
HLUS,SC.D.HLUS.CASH.IP,Hecla Mining Co (24 Hours),N/A,TRADEABLE,-,SHARES,HL
KOOLUS,UB.D.KOOLUS.CASH.IP,THERMOGENESIS HLDGS INC,N/A,OFFLINE,-,SHARES,HL
EP053778E,SB.D.EP053778E.CASH.IP,Steel Partners Hlds 6 02/07/26 PFD,N/A,CLOSED,-,SHARES,HL
HMB,EH.D.HMB.CASH.IP,Hennes & Mauritz AB,N/A,TRADEABLE,-,SHARES,HM
HMCAU,AB.D.HMCAU.CASH.IP,HMC Capital Limited,N/A,EDITS_ONLY,-,SHARES,HM
HMNFUS,UB.D.HMNFUS.CASH.IP,HMN Financial Inc,N/A,OFFLINE,-,SHARES,HM
HMSYUS,UB.D.HMSYUS.CASH.IP,HMS Holdings Corp,N/A,CLOSED,-,SHARES,HM
HMSSS,EH.D.HMSSS.CASH.IP,HMS Networks AB (publ),N/A,TRADEABLE,-,SHARES,HM
HMGUS,SI.D.HMGUS.CASH.IP,HMG/Courtland Properties Inc,N/A,OFFLINE,-,SHARES,HM
HNI,SC.D.HNI.CASH.IP,HNI Corp,N/A,TRADEABLE,-,SHARES,HN
HOFP,EC.D.HOFP.CASH.IP,Thales SA,N/A,TRADEABLE,-,SHARES,HO
KBH,SD.D.KBH.CASH.IP,KB Home,N/A,TRADEABLE,-,SHARES,HO
RYAID,EE.D.RYAID.CASH.IP,Ryanair Holdings PLC (Euronext Dublin),N/A,TRADEABLE,-,SHARES,HO
RYALN,KA.D.RYALN.CASH.IP,Ryanair Holdings PLC (LSE),N/A,OFFLINE,-,SHARES,HO
HOCNSW,EJ.D.HOCNSW.CASH.IP,HOCHDORF Holding AG,N/A,OFFLINE,-,SHARES,HO
MTHHDC,EP.D.MTHHDC.CASH.IP,MT Hojgaard Holding AS,N/A,TRADEABLE,-,SHARES,HO
HODLPZ,KC.D.HODLPZ.CASH.IP,B Hodl PLC,N/A,TRADEABLE,-,SHARES,HO
HNLGY,ED.D.HNLGY.CASH.IP,Hoenle AG,N/A,TRADEABLE,-,SHARES,HO
EMPWUS,SB.D.EMPWUS.CASH.IP,Holley Inc,N/A,TRADEABLE,-,SHARES,HO
HOLMASS,EH.D.HOLMASS.CASH.IP,Holmen AB (publ),N/A,TRADEABLE,-,SHARES,HO
HRN,KA.D.HRN.CASH.IP,Hornby PLC,N/A,OFFLINE,-,SHARES,HO
7741JT,AJ.D.7741JT.CASH.IP,Hoya Corp,N/A,EDITS_ONLY,-,SHARES,HO
ONONUS,SE.D.ONONUS.CASH.IP,On Holding AG (24 Hours),N/A,TRADEABLE,-,SHARES,HO
H24GY,ED.D.H24GY.CASH.IP,home24 SE,N/A,OFFLINE,-,SHARES,HO
7745JT,AJ.D.7745JT.CASH.IP,A&D HOLON Holdings Co Ltd,N/A,EDITS_ONLY,-,SHARES,HO
TBHUS,UD.D.TBHUS.CASH.IP,Brag House Holdings Inc,N/A,TRADEABLE,-,SHARES,HO
HLNGNO,EL.D.HLNGNO.CASH.IP,Hoegh LNG Holdings Ltd,N/A,OFFLINE,-,SHARES,HO
HKLSP,AG.D.HKLSP.CASH.IP,Hongkong Land Holdings Ltd,N/A,EDITS_ONLY,-,SHARES,HO
3284JT,AJ.D.3284JT.CASH.IP,Hoosiers Holdings Co Ltd,N/A,EDITS_ONLY,-,SHARES,HO
HQUS,UB.D.HQUS.CASH.IP,Horizon Quantum Holdings LTD,N/A,TRADEABLE,-,SHARES,HO
HBHGY,ED.D.HBHGY.CASH.IP,Hornbach Holding AG & Co. KGaA,N/A,TRADEABLE,-,SHARES,HO
ZINCUS,UD.D.ZINCUS.CASH.IP,Horsehead Holding Corp,N/A,CLOSED,-,SHARES,HO
HST,SC.D.HST.CASH.IP,Host Hotels & Resorts Inc (24 Hours),N/A,TRADEABLE,-,SHARES,HO
3196JT,AJ.D.3196JT.CASH.IP,Hotland Holdings Co Limited,N/A,EDITS_ONLY,-,SHARES,HO
RICKUS,UC.D.RICKUS.CASH.IP,RCI Hospitality Holdings Inc,N/A,TRADEABLE,-,SHARES,HO
UUUGY,ED.D.UUUGY.CASH.IP,3U Holding AG,N/A,TRADEABLE,-,SHARES,HO
5857JT,AJ.D.5857JT.CASH.IP,ARE Holdings Inc,N/A,EDITS_ONLY,-,SHARES,HO
2388HK,AC.D.2388HK.CASH.IP,BOC Hong Kong Holdings Ltd,N/A,EDITS_ONLY,-,SHARES,HO
AGCUS,UA.D.AGCUS.CASH.IP,Grab Holdings (24 Hours),N/A,TRADEABLE,-,SHARES,HO
HTGGY,ED.D.HTGGY.CASH.IP,HOMETOGO SE,N/A,TRADEABLE,-,SHARES,HO
HOT,ED.D.HOT.CASH.IP,Hochtief AG,N/A,TRADEABLE,-,SHARES,HO
HOLX,UB.D.HOLX.CASH.IP,Hologic Inc (24 Hours),N/A,EDITS_ONLY,-,SHARES,HO
HOMELN,KA.D.HOMELN.CASH.IP,Home Reit PLC,N/A,TRADEABLE,-,SHARES,HO
HSV,KA.D.HSV.CASH.IP,Homeserve PLC,N/A,OFFLINE,-,SHARES,HO
45HK,AC.D.45HK.CASH.IP,Hongkong & Shanghai Hotels,N/A,EDITS_ONLY,-,SHARES,HO
HCHAU,AB.D.HCHAU.CASH.IP,Hot Chili Ltd,N/A,EDITS_ONLY,-,SHARES,HO
HOURUS,UB.D.HOURUS.CASH.IP,Hour Loop Inc,N/A,TRADEABLE,-,SHARES,HO
LEHNSW,EJ.D.LEHNSW.CASH.IP,LEM Holding SA,N/A,TRADEABLE,-,SHARES,HO
HP,SC.D.HP.CASH.IP,Helmerich & Payne Inc,N/A,TRADEABLE,-,SHARES,HP
AUKAU,AB.D.AUKAU.CASH.IP,Alpha HPA Limited,N/A,EDITS_ONLY,-,SHARES,HP
HR,SC.D.HR.CASH.IP,Healthcare Realty Trust Inc,N/A,OFFLINE,-,SHARES,HR
HRCPZ,KC.D.HRCPZ.CASH.IP,HRC World PLC,N/A,TRADEABLE,-,SHARES,HR
HRLAU,AB.D.HRLAU.CASH.IP,HRL Holdings Limited,N/A,CLOSED,-,SHARES,HR
6078JT,AJ.D.6078JT.CASH.IP,Value HR Company Limited,N/A,EDITS_ONLY,-,SHARES,HR
HR1ALN,KC.D.HR1ALN.CASH.IP,HR1A - Hazel Renewable Energy VCT1 PLC,N/A,OFFLINE,-,SHARES,HR
HR1OLN,KC.D.HR1OLN.CASH.IP,HR1O - Hazel Renewable Energy VCT1 PLC,N/A,OFFLINE,-,SHARES,HR
HR2ALN,KC.D.HR2ALN.CASH.IP,HR2A - Hazel Renewable Energy VCT2 PLC,N/A,OFFLINE,-,SHARES,HR
HR2OLN,KC.D.HR2OLN.CASH.IP,HR2O - Hazel Renewable Energy VCT2 PLC,N/A,OFFLINE,-,SHARES,HR
HRUBLN,KA.D.HRUBLN.CASH.IP,HSBC MSCI Russia Capped UCITS ETF - HRUB,N/A,CLOSED,-,SHARES,HR
HRUDLN,KA.D.HRUDLN.CASH.IP,HSBC MSCI Russia Capped UCITS ETF - HRUD,N/A,CLOSED,-,SHARES,HR
EP031553E,SB.D.EP031553E.CASH.IP,HSBC 8 1/8 PERP,N/A,OFFLINE,-,SHARES,HS
HSBFP,EC.D.HSBFP.CASH.IP,HSBC Holdings PLC (FR),N/A,CLOSED,-,SHARES,HS
5HK,AC.D.5HK.CASH.IP,HSBC Holdings PLC (HK),N/A,EDITS_ONLY,-,SHARES,HS
HSPDLN,KA.D.HSPDLN.CASH.IP,HSBC S&P 500 UCITS ETF,N/A,TRADEABLE,-,SHARES,HS
H50ELN,KA.D.H50ELN.CASH.IP,HSBC EURO STOXX 50 UCITS ETF,N/A,TRADEABLE,-,SHARES,HS
H50ALN,KA.D.H50ALN.CASH.IP,HSBC EURO STOXX 50 UCITS ETF (Acc),N/A,TRADEABLE,-,SHARES,HS
HSTCLN,KA.D.HSTCLN.CASH.IP,HSBC Hang Seng Tech UCITS ETF,N/A,TRADEABLE,-,SHARES,HS
HBC,SC.D.HBC.CASH.IP,HSBC Holdings PLC - ADR,N/A,TRADEABLE,-,SHARES,HS
HMBRLN,KA.D.HMBRLN.CASH.IP,HSBC MSCI BRAZIL UCITS ETF,N/A,CLOSED,-,SHARES,HS
HBRLLN,KA.D.HBRLLN.CASH.IP,HSBC MSCI Brazil UCITS ETF,N/A,CLOSED,-,SHARES,HS
HCADLN,KA.D.HCADLN.CASH.IP,HSBC MSCI CANADA UCITS ETF,N/A,TRADEABLE,-,SHARES,HS
HCHSLN,KA.D.HCHSLN.CASH.IP,HSBC MSCI CHINA UCITS ETF (Acc),N/A,TRADEABLE,-,SHARES,HS
HMCALN,KA.D.HMCALN.CASH.IP,HSBC MSCI China A UCITS ETF,N/A,TRADEABLE,-,SHARES,HS
HMCHLN,KA.D.HMCHLN.CASH.IP,HSBC MSCI China UCITS ETF,N/A,TRADEABLE,-,SHARES,HS
HMCDLN,KA.D.HMCDLN.CASH.IP,HSBC MSCI China UCITS ETF (USD),N/A,TRADEABLE,-,SHARES,HS
HMEULN,KA.D.HMEULN.CASH.IP,HSBC MSCI EUROPE UCITS ETF,N/A,TRADEABLE,-,SHARES,HS
HIDRLN,KA.D.HIDRLN.CASH.IP,HSBC MSCI Indonesia UCITS ETF,N/A,TRADEABLE,-,SHARES,HS
HMJPLN,KA.D.HMJPLN.CASH.IP,HSBC MSCI Japan UCITS ETF,N/A,TRADEABLE,-,SHARES,HS
HMYRLN,KA.D.HMYRLN.CASH.IP,HSBC MSCI Malaysia UCITS ETF,N/A,OFFLINE,-,SHARES,HS
HTRYLN,KA.D.HTRYLN.CASH.IP,HSBC MSCI Turkey UCITS ETF,N/A,CLOSED,-,SHARES,HS
HMUDLN,KA.D.HMUDLN.CASH.IP,HSBC MSCI USA UCITS ETF,N/A,TRADEABLE,-,SHARES,HS
HMWOLN,KA.D.HMWOLN.CASH.IP,HSBC MSCI World UCITS ETF,N/A,TRADEABLE,-,SHARES,HS
1572JT,AJ.D.1572JT.CASH.IP,Simplex China 2x HSCEI ETF,N/A,EDITS_ONLY,-,SHARES,HS
HSPXLN,KA.D.HSPXLN.CASH.IP,HSBC ETFs Public Limited Company - HSBC S&P 500 UCITS ETF,N/A,TRADEABLE,-,SHARES,HS
3416HK,AC.D.3416HK.CASH.IP,Global X HSCEI Covered Call Active ETF,N/A,EDITS_ONLY,-,SHARES,HS
HEURGY,ED.D.HEURGY.CASH.IP,HSBC Euro Liquidity Fund UCITS ETF Acc,N/A,TRADEABLE,-,SHARES,HS
HBKSLN,KA.D.HBKSLN.CASH.IP,HSBC Global Funds ICAV - Global Sukuk UCITS ETF,N/A,TRADEABLE,-,SHARES,HS
HBKULN,KA.D.HBKULN.CASH.IP,HSBC Global Funds ICAV - Global Sukuk UCITS ETF (USD),N/A,TRADEABLE,-,SHARES,HS
HMADLN,KA.D.HMADLN.CASH.IP,HSBC MSCI AC Far East ex Japan UCITS ETF,N/A,TRADEABLE,-,SHARES,HS
HMLALN,KA.D.HMLALN.CASH.IP,HSBC MSCI EM Latin America UCITS ETF,N/A,CLOSED,-,SHARES,HS
HTUS,SC.D.HTUS.CASH.IP,Hersha Hospitality Trust,N/A,CLOSED,-,SHARES,HT
HTGMUS,UB.D.HTGMUS.CASH.IP,HTG Molecular Diagnostics Inc,N/A,OFFLINE,-,SHARES,HT
HDLYNO,EL.D.HDLYNO.CASH.IP,Huddly AS,N/A,TRADEABLE,-,SHARES,HU
HUYAUS,SC.D.HUYAUS.CASH.IP,HUYA Inc,N/A,TRADEABLE,-,SHARES,HU
HUMSS,EH.D.HUMSS.CASH.IP,Humana AB (publ),N/A,TRADEABLE,-,SHARES,HU
HUM,SC.D.HUM.CASH.IP,Humana Inc (24 Hours),N/A,TRADEABLE,-,SHARES,HU
HUBAU,AB.D.HUBAU.CASH.IP,HUB24 Limited,N/A,EDITS_ONLY,-,SHARES,HU
HUBGUS,UB.D.HUBGUS.CASH.IP,Hub Group Inc,N/A,TRADEABLE,-,SHARES,HU
HUBSUS,SC.D.HUBSUS.CASH.IP,HubSpot Inc,N/A,TRADEABLE,-,SHARES,HU
HUB,SC.D.HUB.CASH.IP,Hubbell Inc (24 Hours),N/A,TRADEABLE,-,SHARES,HU
BOSGY,ED.D.BOSGY.CASH.IP,Hugo Boss AG,N/A,TRADEABLE,-,SHARES,HU
HUH1V,EB.D.HUH1V.CASH.IP,Huhtamaki OYJ,N/A,TRADEABLE,-,SHARES,HU
HLM,AR.D.HLM.CASH.IP,Hulamin Ltd,N/A,TRADEABLE,-,SHARES,HU
3295JT,AJ.D.3295JT.CASH.IP,Hulic Reit Inc,N/A,EDITS_ONLY,-,SHARES,HU
AHACUS,UA.D.AHACUS.CASH.IP,Humacyte Inc,N/A,TRADEABLE,-,SHARES,HU
HGENUS,UB.D.HGENUS.CASH.IP,Humanigen Inc,N/A,CLOSED,-,SHARES,HU
HTG,KA.D.HTG.CASH.IP,Hunting PLC,N/A,TRADEABLE,-,SHARES,HU
HUN,SC.D.HUN.CASH.IP,Huntsman Corp,N/A,TRADEABLE,-,SHARES,HU
HUSQA,EH.D.HUSQA.CASH.IP,Husqvarna AB - A,N/A,TRADEABLE,-,SHARES,HU
HUSQB,EH.D.HUSQB.CASH.IP,Husqvarna AB - B,N/A,TRADEABLE,-,SHARES,HU
PEELLN,KA.D.PEELLN.CASH.IP,Peel Hunt Ltd,N/A,TRADEABLE,-,SHARES,HU
13HK,AC.D.13HK.CASH.IP,HUTCHMED (China) Limited,N/A,EDITS_ONLY,-,SHARES,HU
HHCUS,SC.D.HHCUS.CASH.IP,Howard Hughes Corp,N/A,TRADEABLE,-,SHARES,HU
6655HK,AC.D.6655HK.CASH.IP,Huaxin Cement Co Ltd,N/A,EDITS_ONLY,-,SHARES,HU
096GY,ED.D.096GY.CASH.IP,HubSpot Inc- Ger,N/A,TRADEABLE,-,SHARES,HU
HUBNSW,EJ.D.HUBNSW.CASH.IP,Huber+Suhner AG,N/A,TRADEABLE,-,SHARES,HU
UNLAU,AB.D.UNLAU.CASH.IP,Hubify Limited,N/A,EDITS_ONLY,-,SHARES,HU
HBMCT,KN.D.HBMCT.CASH.IP,HudBay Minerals Inc (CA),N/A,TRADEABLE,-,SHARES,HU
HBMUS,SC.D.HBMUS.CASH.IP,HudBay Minerals Inc (US),N/A,TRADEABLE,-,SHARES,HU
IMMOLN,KC.D.IMMOLN.CASH.IP,Huddled group Plc,N/A,TRADEABLE,-,SHARES,HU
HUFVA,EH.D.HUFVA.CASH.IP,Hufvudstaden AB,N/A,TRADEABLE,-,SHARES,HU
BAYNSS,EH.D.BAYNSS.CASH.IP,Humble Group AB (publ),N/A,TRADEABLE,-,SHARES,HU
FXLAU,AF.D.FXLAU.CASH.IP,Humm Group Limited,N/A,EDITS_ONLY,-,SHARES,HU
3638HK,AC.D.3638HK.CASH.IP,Hunlicar Group Ltd,N/A,EDITS_ONLY,-,SHARES,HU
HDGNA,EG.D.HDGNA.CASH.IP,Hunter Douglas NV,N/A,CLOSED,-,SHARES,HU
HUNTNO,EL.D.HUNTNO.CASH.IP,Hunter Group ASA,N/A,TRADEABLE,-,SHARES,HU
HURCUS,UB.D.HURCUS.CASH.IP,Hurco Companies Inc,N/A,TRADEABLE,-,SHARES,HU
HUSCODC,EP.D.HUSCODC.CASH.IP,HusCompagniet AS,N/A,TRADEABLE,-,SHARES,HU
5262JT,AJ.D.5262JT.CASH.IP,Nippon Hume Corp,N/A,EDITS_ONLY,-,SHARES,HU
TNTSJ,AR.D.TNTSJ.CASH.IP,Tongaat Hulett Ltd,N/A,SUSPENDED,-,SHARES,HU
WHURSP,AG.D.WHURSP.CASH.IP,Wee Hur Holdings Ltd,N/A,EDITS_ONLY,-,SHARES,HU
86HK,AC.D.86HK.CASH.IP,Sun Hung Kai & Co Ltd,N/A,EDITS_ONLY,-,SHARES,HU
BHI,SA.D.BHI.CASH.IP,Baker Hughes Company (24 Hours),N/A,TRADEABLE,-,SHARES,HU
HANSP,AG.D.HANSP.CASH.IP,Hu An Cable Holdings Ltd,N/A,CLOSED,-,SHARES,HU
VENNID,EE.D.VENNID.CASH.IP,HVIVO PLC,N/A,CLOSED,-,SHARES,HV
VENNLN,KC.D.VENNLN.CASH.IP,HVIVO PLC (LSE),N/A,TRADEABLE,-,SHARES,HV
HVACUS,SI.D.HVACUS.CASH.IP,Advisorshares Hvac And Industrials ETF,N/A,TRADEABLE,-,SHARES,HV
HYUS,SC.D.HYUS.CASH.IP,Hyster-Yale Inc,N/A,TRADEABLE,-,SHARES,HY
PSYAU,AB.D.PSYAU.CASH.IP,Hydrix Ltd,N/A,EDITS_ONLY,-,SHARES,HY
HYFSP,AG.D.HYFSP.CASH.IP,Hyflux Ltd,N/A,SUSPENDED,-,SHARES,HY
ITE,KA.D.ITE.CASH.IP,HYVE Group PLC,N/A,OFFLINE,-,SHARES,HY
TNPAU,AB.D.TNPAU.CASH.IP,HyTerra Ltd,N/A,EDITS_ONLY,-,SHARES,HY
HCAQUS,UB.D.HCAQUS.CASH.IP,Hyperfine Inc,N/A,TRADEABLE,-,SHARES,HY
HYQGY,ED.D.HYQGY.CASH.IP,Hypoport AG,N/A,TRADEABLE,-,SHARES,HY
HYREUS,UB.D.HYREUS.CASH.IP,HyreCar Inc,N/A,OFFLINE,-,SHARES,HY
HUS,SC.D.HUS.CASH.IP,Hyatt Hotels Corp,N/A,TRADEABLE,-,SHARES,HY
HCN,KN.D.HCN.CASH.IP,Hydro One Limited,N/A,TRADEABLE,-,SHARES,HY
HYDGLN,KC.D.HYDGLN.CASH.IP,Hydrogen Group PLC,N/A,OFFLINE,-,SHARES,HY
EYENUS,UB.D.EYENUS.CASH.IP,Hyperion DeFi Inc,N/A,TRADEABLE,-,SHARES,HY
DPWUS,SI.D.DPWUS.CASH.IP,Hyperscale Data Inc,N/A,TRADEABLE,-,SHARES,HY
HYUDLI,PK.D.HYUDLI.CASH.IP,Hyundai Motor Co,N/A,CLOSED,-,SHARES,HY
DCRBUS,UB.D.DCRBUS.CASH.IP,Hyzon Motors Inc,N/A,CLOSED,-,SHARES,HY
NHYNO,EL.D.NHYNO.CASH.IP,Norsk Hydro ASA,N/A,TRADEABLE,-,SHARES,HY
THYPUS,UD.D.THYPUS.CASH.IP,21Shares Hyperliquid ETF,N/A,TRADEABLE,-,SHARES,HY
CAVENNO,EL.D.CAVENNO.CASH.IP,Cavendish Hydrogen ASA,N/A,TRADEABLE,-,SHARES,HY
CPH2LN,KC.D.CPH2LN.CASH.IP,Clean Power Hydrogen PLC,N/A,SUSPENDED,-,SHARES,HY
HJENUS,SI.D.HJENUS.CASH.IP,Direxion Hydrogen ETF,N/A,OFFLINE,-,SHARES,HY
HYDRUS,UB.D.HYDRUS.CASH.IP,Global X Hydrogen ETF,N/A,TRADEABLE,-,SHARES,HY
GHYAU,AB.D.GHYAU.CASH.IP,Gold Hydrogen Limited,N/A,EDITS_ONLY,-,SHARES,HY
GREENHDC,EP.D.GREENHDC.CASH.IP,Green Hydrogen Systems AS,N/A,OFFLINE,-,SHARES,HY
HYZNWUS,UB.D.HYZNWUS.CASH.IP,HYZON Motors Inc - Warrants,N/A,CLOSED,-,SHARES,HY
HYFMUS,UB.D.HYFMUS.CASH.IP,Hydrofarm Holdings Group Inc,N/A,TRADEABLE,-,SHARES,HY
HDFFP,EC.D.HDFFP.CASH.IP,Hydrogene de France SA,N/A,TRADEABLE,-,SHARES,HY
SHLLUS,SG.D.SHLLUS.CASH.IP,Hyliion Holdings Corp,N/A,TRADEABLE,-,SHARES,HY
HYLBB,EA.D.HYLBB.CASH.IP,Hyloris Pharmaceuticals SA,N/A,TRADEABLE,-,SHARES,HY
WCEOUS,SI.D.WCEOUS.CASH.IP,Hypatia Women CEO ETF,N/A,TRADEABLE,-,SHARES,HY
PURRUS,UC.D.PURRUS.CASH.IP,Hyperliquid Strategies Inc,N/A,TRADEABLE,-,SHARES,HY
HYPSJ,AR.D.HYPSJ.CASH.IP,Hyprop Investments Ltd,N/A,TRADEABLE,-,SHARES,HY
8368JT,AJ.D.8368JT.CASH.IP,The Hyakugo Bank Limited,N/A,EDITS_ONLY,-,SHARES,HY
8386JT,AJ.D.8386JT.CASH.IP,The Hyakujushi Bank Limited,N/A,EDITS_ONLY,-,SHARES,HY
14HK,AC.D.14HK.CASH.IP,Hysan Development Co Ltd,N/A,EDITS_ONLY,-,SHARES,HY
HBRDAU,AB.D.HBRDAU.CASH.IP,BetaShares Active Australian Hybrids Fund,N/A,EDITS_ONLY,-,SHARES,HY
DHOFAU,AB.D.DHOFAU.CASH.IP,Daintree Hybrid Opportunities Fund EQMF,N/A,EDITS_ONLY,-,SHARES,HY
7133JT,AJ.D.7133JT.CASH.IP,HYUGA PRIMARY CARE Company Limited,N/A,EDITS_ONLY,-,SHARES,HY
HYMCUS,UB.D.HYMCUS.CASH.IP,Hycroft Mining Holding Corporation,N/A,TRADEABLE,-,SHARES,HY
HYMCZUS,UB.D.HYMCZUS.CASH.IP,Hycroft Mining Holding Corporation - Warrants,N/A,CLOSED,-,SHARES,HY
HYDOAU,AB.D.HYDOAU.CASH.IP,Hydrix Limited Options @A$0.12 Exp 31JUL2022,N/A,CLOSED,-,SHARES,HY
HYDOBAU,AB.D.HYDOBAU.CASH.IP,Hydrix Ltd Options @ AUD 0.12 EXP 31/12/2023,N/A,CLOSED,-,SHARES,HY
HUIPZ,KC.D.HUIPZ.CASH.IP,Hydrogen Utopia International PLC,N/A,TRADEABLE,-,SHARES,HY
ALHRSFP,EC.D.ALHRSFP.CASH.IP,Hydrogen-Refueling-Solutions SA,N/A,TRADEABLE,-,SHARES,HY
HGENLN,KA.D.HGENLN.CASH.IP,Hydrogenone Capital Growth PLC,N/A,OFFLINE,-,SHARES,HY
TAHYLN,KA.D.TAHYLN.CASH.IP,Jh Haitong Asia Hy Bond Screen Etf Usd A,N/A,TRADEABLE,-,SHARES,HY
IAAUS,SD.D.IAAUS.CASH.IP,IAA Inc,N/A,CLOSED,-,SHARES,IA
IASOGA,ER.D.IASOGA.CASH.IP,Iaso SA,N/A,OFFLINE,-,SHARES,IA
IMGCT,KN.D.IMGCT.CASH.IP,IAMGOLD Corp (CA),N/A,TRADEABLE,-,SHARES,IA
IAGUS,SD.D.IAGUS.CASH.IP,IAMGOLD Corp (US),N/A,TRADEABLE,-,SHARES,IA
IANCF,KN.D.IANCF.CASH.IP,iAnthus Capital Holdings Inc,N/A,TRADEABLE,-,SHARES,IA
IASHLN,KA.D.IASHLN.CASH.IP,iShares MSCI China A ETF - IASH,N/A,TRADEABLE,-,SHARES,IA
IAUSLN,KA.D.IAUSLN.CASH.IP,iShares MSCI Australia UCITS ETF - IAUS,N/A,TRADEABLE,-,SHARES,IA
6071JT,AJ.D.6071JT.CASH.IP,IBJ Inc,N/A,EDITS_ONLY,-,SHARES,IB
IBM,SD.D.IBM.CASH.IP,IBM Corp (24 Hours),N/A,TRADEABLE,-,SHARES,IB
IBTAUS,SD.D.IBTAUS.CASH.IP,Ibotta Inc,N/A,TRADEABLE,-,SHARES,IB
IBIOUS,SI.D.IBIOUS.CASH.IP,iBio Inc,N/A,TRADEABLE,-,SHARES,IB
IBEXUS,UB.D.IBEXUS.CASH.IP,IBEX Limited,N/A,TRADEABLE,-,SHARES,IB
IBE,EI.D.IBE.CASH.IP,Iberdrola SA,N/A,TRADEABLE,-,SHARES,IB
4062JT,AJ.D.4062JT.CASH.IP,Ibiden Co Ltd,N/A,EDITS_ONLY,-,SHARES,IB
IBSTLN,KA.D.IBSTLN.CASH.IP,Ibstock PLC,N/A,TRADEABLE,-,SHARES,IB
FFTYUS,SI.D.FFTYUS.CASH.IP,Capforce IBD 50 ETF,N/A,TRADEABLE,-,SHARES,IB
IBEDSM,EI.D.IBEDSM.CASH.IP,Iberdrola SA - Rights,N/A,OFFLINE,-,SHARES,IB
IBRSPL,PO.D.IBRSPL.CASH.IP,Ibersol SGPS SA,N/A,TRADEABLE,-,SHARES,IB
CS1LN,KA.D.CS1LN.CASH.IP,AMUNDI IBEX 35 UCITS ETF,N/A,TRADEABLE,-,SHARES,IB
AMESGY,ED.D.AMESGY.CASH.IP,Amundi IBEX 35 UCITS ETF,N/A,TRADEABLE,-,SHARES,IB
TOPTR2SJ,AR.D.TOPTR2SJ.CASH.IP,IB TOP40 TR2 ETN OCT22,N/A,CLOSED,-,SHARES,IB
IBERP,EI.D.IBERP.CASH.IP,Iberpapel Gestion SA,N/A,TRADEABLE,-,SHARES,IB
LYXIBSM,EI.D.LYXIBSM.CASH.IP,Lyxor Ibex 35 (DR) UCITS ETF Dist,N/A,TRADEABLE,-,SHARES,IB
GILILN,KA.D.GILILN.CASH.IP,Lyxor UCITS ETF iBoxx (GBP) Gilt Inflation Linked (DR),N/A,TRADEABLE,-,SHARES,IB
GILSLN,KA.D.GILSLN.CASH.IP,Lyxor UCITS ETF iBoxx (GBP) Gilts (DR),N/A,TRADEABLE,-,SHARES,IB
BOUTUS,SI.D.BOUTUS.CASH.IP,Capforce IBD Breakout Opportunities ETF,N/A,TRADEABLE,-,SHARES,IB
IBLNUS,SI.D.IBLNUS.CASH.IP,Direxion ibillionaire Index ETF,N/A,CLOSED,-,SHARES,IB
RIOLLN,KA.D.RIOLLN.CASH.IP,Lyxor UCITS ETF Brazil (IBOVE SA,N/A,TRADEABLE,-,SHARES,IB
US57LN,KA.D.US57LN.CASH.IP,Lyxor UCITS ETF iBoxx $ Treasuries 5-7Y (DR),N/A,TRADEABLE,-,SHARES,IB
U13GLN,KA.D.U13GLN.CASH.IP,Lyxor iBoxx $ Treasuries 1-3Y (DR) UCITS ETF,N/A,TRADEABLE,-,SHARES,IB
IBTSLN,KA.D.IBTSLN.CASH.IP,iShares $ Treasury Bond 1-3yr UCITS ETF - IBTS,N/A,TRADEABLE,-,SHARES,IB
IBTLLN,KA.D.IBTLLN.CASH.IP,iShares $ Treasury Bond 20+yr UCITS ETF - IBTL,N/A,TRADEABLE,-,SHARES,IB
IBDXUS,SI.D.IBDXUS.CASH.IP,iShares Ibonds Dec 2032 Term Corporate ETF,N/A,TRADEABLE,-,SHARES,IB
IBTMUS,UB.D.IBTMUS.CASH.IP,iShares Ibonds Dec 2032 Term Treasury ETF,N/A,TRADEABLE,-,SHARES,IB
IBHBUS,SI.D.IBHBUS.CASH.IP,iShares iBonds 2022 Term High Yield and Income ETF,N/A,OFFLINE,-,SHARES,IB
IBHCUS,SI.D.IBHCUS.CASH.IP,iShares iBonds 2023 Term High Yield and Income ETF,N/A,CLOSED,-,SHARES,IB
IBHDUS,SI.D.IBHDUS.CASH.IP,iShares iBonds 2024 Term High Yield and Income ETF,N/A,CLOSED,-,SHARES,IB
IBHEUS,SI.D.IBHEUS.CASH.IP,iShares iBonds 2025 Term High Yield and Income ETF,N/A,OFFLINE,-,SHARES,IB
IBHFUS,SI.D.IBHFUS.CASH.IP,iShares iBonds 2026 Term High Yield and Income ETF,N/A,TRADEABLE,-,SHARES,IB
IBHGUS,SI.D.IBHGUS.CASH.IP,iShares iBonds 2027 Term High Yield and Income ETF,N/A,TRADEABLE,-,SHARES,IB
IBHHUS,SI.D.IBHHUS.CASH.IP,iShares iBonds 2028 Term High Yield And Income ETF,N/A,TRADEABLE,-,SHARES,IB
IBHIUS,SI.D.IBHIUS.CASH.IP,iShares iBonds 2029 Term High Yield And Income ETF,N/A,TRADEABLE,-,SHARES,IB
IBDKUS,SI.D.IBDKUS.CASH.IP,iShares iBonds Dec 2019 Term Corporate ETF,N/A,OFFLINE,-,SHARES,IB
IBDLUS,SI.D.IBDLUS.CASH.IP,iShares iBonds Dec 2020 Term Corporate ETF,N/A,CLOSED,-,SHARES,IB
IBDOUS,SI.D.IBDOUS.CASH.IP,iShares iBonds Dec 2023 Term Corporate ETF,N/A,CLOSED,-,SHARES,IB
IBTDUS,UB.D.IBTDUS.CASH.IP,iShares iBonds Dec 2023 Term Treasury ETF,N/A,CLOSED,-,SHARES,IB
IBDPUS,SI.D.IBDPUS.CASH.IP,iShares iBonds Dec 2024 Term Corporate ETF,N/A,CLOSED,-,SHARES,IB
IBTEUS,UB.D.IBTEUS.CASH.IP,iShares iBonds Dec 2024 Term Treasury ETF,N/A,CLOSED,-,SHARES,IB
IBTFUS,UB.D.IBTFUS.CASH.IP,iShares iBonds Dec 2025 Term Treasury ETF,N/A,CLOSED,-,SHARES,IB
D26ALN,KA.D.D26ALN.CASH.IP,iShares iBonds Dec 2026 Term $ Corp UCITS ETF (USD A),N/A,TRADEABLE,-,SHARES,IB
IBDRUS,SI.D.IBDRUS.CASH.IP,iShares iBonds Dec 2026 Term Corporate ETF,N/A,TRADEABLE,-,SHARES,IB
IBTGUS,UB.D.IBTGUS.CASH.IP,iShares iBonds Dec 2026 Term Treasury ETF,N/A,TRADEABLE,-,SHARES,IB
ICP,KA.D.ICP.CASH.IP,ICG PLC,N/A,TRADEABLE,-,SHARES,IC
EMGP,EC.D.EMGP.CASH.IP,Icade,N/A,TRADEABLE,-,SHARES,IC
ICFGLN,KC.D.ICFGLN.CASH.IP,ICFG Ltd,N/A,SUSPENDED,-,SHARES,IC
ICLR,UB.D.ICLR.CASH.IP,ICON PLC,N/A,TRADEABLE,-,SHARES,IC
2337JT,AJ.D.2337JT.CASH.IP,Ichigo Inc,N/A,EDITS_ONLY,-,SHARES,IC
6820JT,AJ.D.6820JT.CASH.IP,Icom Inc,N/A,EDITS_ONLY,-,SHARES,IC
TLPR,KA.D.TLPR.CASH.IP,TP ICAP PLC,N/A,TRADEABLE,-,SHARES,IC
ICADUS,UB.D.ICADUS.CASH.IP,iCAD Inc,N/A,CLOSED,-,SHARES,IC
HAKNSS,EH.D.HAKNSS.CASH.IP,ICA Gruppen AB (publ),N/A,OFFLINE,-,SHARES,IC
ICVXUS,UB.D.ICVXUS.CASH.IP,Icosavax Inc,N/A,CLOSED,-,SHARES,IC
ICQAU,AB.D.ICQAU.CASH.IP,iCar Asia Ltd,N/A,CLOSED,-,SHARES,IC
IBNUS,SD.D.IBNUS.CASH.IP,ICICI Bank Ltd - ADR,N/A,TRADEABLE,-,SHARES,IC
ICSAU,AB.D.ICSAU.CASH.IP,ICSGlobal Limited,N/A,CLOSED,-,SHARES,IC
ICUIUS,UB.D.ICUIUS.CASH.IP,ICU Medical Inc,N/A,TRADEABLE,-,SHARES,IC
ICLAU,AB.D.ICLAU.CASH.IP,Iceni Gold Limited,N/A,EDITS_ONLY,-,SHARES,IC
ICN,AB.D.ICN.CASH.IP,Icon Energy Ltd,N/A,CLOSED,-,SHARES,IC
WDCLN,KC.D.WDCLN.CASH.IP,Iconic Labs PLC,N/A,TRADEABLE,-,SHARES,IC
IZMUS,UB.D.IZMUS.CASH.IP,Iczoom Group Inc,N/A,TRADEABLE,-,SHARES,IC
ICEAU,AB.D.ICEAU.CASH.IP,iCetana Limited,N/A,EDITS_ONLY,-,SHARES,IC
1716JT,AJ.D.1716JT.CASH.IP,Dai-Ichi Cutter Kogyo k.k.,N/A,EDITS_ONLY,-,SHARES,IC
ICFIUS,UB.D.ICFIUS.CASH.IP,ICF International Inc,N/A,TRADEABLE,-,SHARES,IC
ICTNA,EG.D.ICTNA.CASH.IP,ICT Automatisering NV,N/A,CLOSED,-,SHARES,IC
IEPUS,UB.D.IEPUS.CASH.IP,Icahn Enterprises LP,N/A,TRADEABLE,-,SHARES,IC
ICCMUS,UB.D.ICCMUS.CASH.IP,IceCure Medical Limited,N/A,OFFLINE,-,SHARES,IC
7630JT,AJ.D.7630JT.CASH.IP,Ichibanya Company Limited,N/A,EDITS_ONLY,-,SHARES,IC
ICHRUS,UB.D.ICHRUS.CASH.IP,Ichor Holdings Limited,N/A,TRADEABLE,-,SHARES,IC
ICONUS,UB.D.ICONUS.CASH.IP,Iconix Brand Group Inc,N/A,CLOSED,-,SHARES,IC
MICCLN,KC.D.MICCLN.CASH.IP,Magnum Ice Cream Co NV/The (Lon),N/A,TRADEABLE,-,SHARES,IC
MICCNA,EG.D.MICCNA.CASH.IP,Magnum Ice Cream Co NV/The - EU,N/A,TRADEABLE,-,SHARES,IC
MICCUS,SE.D.MICCUS.CASH.IP,Magnum Ice Cream Co NV/The - US,N/A,TRADEABLE,-,SHARES,IC
ICIAU,AB.D.ICIAU.CASH.IP,iCandy Interactive Limited,N/A,SUSPENDED,-,SHARES,IC
DGEPLN,KA.D.DGEPLN.CASH.IP,iClima Smart Energy UCITS ETF,N/A,OFFLINE,-,SHARES,IC
MWREGY,ED.D.MWREGY.CASH.IP,Amundi ETF ICAV - Amundi MSCI World UCITS ETF,N/A,TRADEABLE,-,SHARES,IC
MWRLLN,KA.D.MWRLLN.CASH.IP,Amundi ETF ICAV - Amundi MSCI World UCITS ETF (GBP),N/A,TRADEABLE,-,SHARES,IC
GPE,KA.D.GPE.CASH.IP,ICG Graphite Enterprise Trust PLC,N/A,TRADEABLE,-,SHARES,IC
3463JT,AJ.D.3463JT.CASH.IP,Ichigo Hotel REIT Investment Corporation,N/A,EDITS_ONLY,-,SHARES,IC
8975JT,AJ.D.8975JT.CASH.IP,Ichigo Office REIT Investment Corporation,N/A,EDITS_ONLY,-,SHARES,IC
2904JT,AJ.D.2904JT.CASH.IP,Ichimasa Kamaboko Company Limited,N/A,EDITS_ONLY,-,SHARES,IC
9619JT,AJ.D.9619JT.CASH.IP,Ichinen Holdings Company Limited,N/A,EDITS_ONLY,-,SHARES,IC
8624JT,AJ.D.8624JT.CASH.IP,Ichiyoshi Securities Company Limited,N/A,EDITS_ONLY,-,SHARES,IC
CHIPLN,KA.D.CHIPLN.CASH.IP,KraneShares ICBCCS S&P China 500 UCITS ETF,N/A,TRADEABLE,-,SHARES,IC
ICEUS,SD.D.ICEUS.CASH.IP,IntercontinentalExchange Inc (24 Hours),N/A,TRADEABLE,-,SHARES,IC
PAYGLN,KA.D.PAYGLN.CASH.IP,ARK Invest UCITS ICAV - ARK Digital Payments Economy UCITS ETF,N/A,OFFLINE,-,SHARES,IC
LVNGLN,KA.D.LVNGLN.CASH.IP,ARK Invest UCITS ICAV - ARK Environmental Impact 100 UCITS ETF,N/A,TRADEABLE,-,SHARES,IC
FOGBLN,KA.D.FOGBLN.CASH.IP,ARK Invest UCITS ICAV - ARK Sustainable Future of Food UCITS ETF,N/A,TRADEABLE,-,SHARES,IC
FOODLN,KA.D.FOODLN.CASH.IP,ARK Invest UCITS ICAV - ARK Sustainable Future of Food UCITS ETF,N/A,TRADEABLE,-,SHARES,IC
IEXUS,SD.D.IEXUS.CASH.IP,IDEX Corp (24 Hours),N/A,TRADEABLE,-,SHARES,ID
7599JT,AJ.D.7599JT.CASH.IP,IDOM Inc,N/A,EDITS_ONLY,-,SHARES,ID
IDOX,KA.D.IDOX.CASH.IP,IDOX PLC,N/A,OFFLINE,-,SHARES,ID
IDAUS,SD.D.IDAUS.CASH.IP,IDACORP Inc,N/A,TRADEABLE,-,SHARES,ID
IDEALN,KC.D.IDEALN.CASH.IP,Ideagen PLC,N/A,OFFLINE,-,SHARES,ID
INVEUS,UB.D.INVEUS.CASH.IP,Identiv Inc,N/A,TRADEABLE,-,SHARES,ID
IDIASW,EJ.D.IDIASW.CASH.IP,Idorsia Ltd,N/A,TRADEABLE,-,SHARES,ID
19TGR,ED.D.19TGR.CASH.IP,Idorsia Ltd,N/A,OFFLINE,-,SHARES,ID
HKIBUS,SC.D.HKIBUS.CASH.IP,AMTD IDEA Group,N/A,TRADEABLE,-,SHARES,ID
BIIB,UA.D.BIIB.CASH.IP,Biogen Idec Inc (24 Hours),N/A,TRADEABLE,-,SHARES,ID
6652JT,AJ.D.6652JT.CASH.IP,IDEC Corporation,N/A,EDITS_ONLY,-,SHARES,ID
IDT,AF.D.IDT.CASH.IP,IDT Australia Ltd,N/A,EDITS_ONLY,-,SHARES,ID
IDTUS,SD.D.IDTUS.CASH.IP,IDT Corporation,N/A,TRADEABLE,-,SHARES,ID
IPWRUS,UB.D.IPWRUS.CASH.IP,Ideal Power Inc,N/A,TRADEABLE,-,SHARES,ID
SSCUS,UD.D.SSCUS.CASH.IP,Ideanomics Inc,N/A,CLOSED,-,SHARES,ID
IDEXNO,EL.D.IDEXNO.CASH.IP,Idex Biometrics ASA,N/A,TRADEABLE,-,SHARES,ID
IDUNBSS,EH.D.IDUNBSS.CASH.IP,Idun Industrier AB,N/A,TRADEABLE,-,SHARES,ID
ID8AU,AB.D.ID8AU.CASH.IP,identitii Limited,N/A,EDITS_ONLY,-,SHARES,ID
IDLFP,EC.D.IDLFP.CASH.IP,ID Logistics Group SA,N/A,TRADEABLE,-,SHARES,ID
9768JT,AJ.D.9768JT.CASH.IP,IDEA Consultants Inc,N/A,EDITS_ONLY,-,SHARES,ID
IDXX,UB.D.IDXX.CASH.IP,IDEXX Laboratories Inc (24 Hours),N/A,TRADEABLE,-,SHARES,ID
IDMAU,AB.D.IDMAU.CASH.IP,IDM International Ltd,N/A,CLOSED,-,SHARES,ID
IDYAUS,UB.D.IDYAUS.CASH.IP,Ideaya Biosciences Inc,N/A,TRADEABLE,-,SHARES,ID
5019JT,AJ.D.5019JT.CASH.IP,Idemitsu Kosan Co Ltd,N/A,EDITS_ONLY,-,SHARES,ID
IDRUS,SI.D.IDRUS.CASH.IP,Idaho Strategic Resources Inc,N/A,TRADEABLE,-,SHARES,ID
PINGUS,SE.D.PINGUS.CASH.IP,Ping Identity Holding Corporation,N/A,CLOSED,-,SHARES,ID
IDBTLN,KA.D.IDBTLN.CASH.IP,iShares $ Treasury Bond 1-3yr UCITS ETF - IDBT,N/A,TRADEABLE,-,SHARES,ID
IDPELN,KA.D.IDPELN.CASH.IP,iShares Listed Private Equity UCITS ETF - IDPE,N/A,TRADEABLE,-,SHARES,ID
IDNALN,KA.D.IDNALN.CASH.IP,iShares MSCI North America UCITS ETF - IDNA,N/A,TRADEABLE,-,SHARES,ID
IDUPLN,KA.D.IDUPLN.CASH.IP,iShares US Property Yield UCITS ETF - IDUP,N/A,TRADEABLE,-,SHARES,ID
1119HK,AC.D.1119HK.CASH.IP,iDreamSky Technology Holdings Limited,N/A,EDITS_ONLY,-,SHARES,ID
XD3ELN,KA.D.XD3ELN.CASH.IP,Xtrackers Euro Stoxx Quality Dividend UCITS ETF ID,N/A,TRADEABLE,-,SHARES,ID
XD3EGY,ED.D.XD3EGY.CASH.IP,Xtrackers Euro Stoxx Quality Dividend UCITS ETF ID,N/A,TRADEABLE,-,SHARES,ID
IDWPLN,KA.D.IDWPLN.CASH.IP,iShares Developed Markets Property Yield UCITS ETF - IDWP,N/A,TRADEABLE,-,SHARES,ID
IDEELN,KA.D.IDEELN.CASH.IP,iShares MSCI Eastern Europe Capped UCITS ETF - IDEE,N/A,CLOSED,-,SHARES,ID
ID8OAU,AB.D.ID8OAU.CASH.IP,identitii Limited Options @ AUD 0.08 EXP 13/12/2024,N/A,CLOSED,-,SHARES,ID
IEUS,SI.D.IEUS.CASH.IP,Ivanhoe Electric Inc / US,N/A,TRADEABLE,-,SHARES,IE
IEXNA,EG.D.IEXNA.CASH.IP,IEX Group NV,N/A,OFFLINE,-,SHARES,IE
IESCUS,UB.D.IESCUS.CASH.IP,IES Holdings Inc,N/A,TRADEABLE,-,SHARES,IE
IBPOLN,KC.D.IBPOLN.CASH.IP,iEnergizer Limited,N/A,CLOSED,-,SHARES,IE
IEMALN,KA.D.IEMALN.CASH.IP,iShares MSCI Emerging Markets UCITS ETF (Acc) - IEMA,N/A,TRADEABLE,-,SHARES,IE
IESULN,KA.D.IESULN.CASH.IP,iShares S&P 500 Energy Sector UCITS ETF - IESU,N/A,TRADEABLE,-,SHARES,IE
IEACLN,KA.D.IEACLN.CASH.IP,iShares Core Euro Corporate Bond UCITS ETF - IEAC,N/A,TRADEABLE,-,SHARES,IE
IEBCLN,KA.D.IEBCLN.CASH.IP,iShares Core Euro Corporate Bond UCITS ETF - IEBC,N/A,TRADEABLE,-,SHARES,IE
IEGALN,KA.D.IEGALN.CASH.IP,iShares Core Euro Government Bond UCITS ETF - IEGA,N/A,OFFLINE,-,SHARES,IE
IEQUIM,EF.D.IEQUIM.CASH.IP,iShares Edge MSCI Europe Quality Factor UCITS ETF [IEQU IM],N/A,TRADEABLE,-,SHARES,IE
IEFSLN,KA.D.IEFSLN.CASH.IP,iShares Edge MSCI Europe Size Factor UCITS ETF - IEFS,N/A,TRADEABLE,-,SHARES,IE
IEFVLN,KA.D.IEFVLN.CASH.IP,iShares Edge MSCI Europe Value Factor UCITS ETF - IEFV,N/A,TRADEABLE,-,SHARES,IE
IE15LN,KA.D.IE15LN.CASH.IP,iShares Euro Corporate Bond 1-5yr UCITS ETF - IE15,N/A,TRADEABLE,-,SHARES,IE
IEMBLN,KA.D.IEMBLN.CASH.IP,iShares J.P. Morgan $ Emerging Markets Bond UCITS ETF - IEMB,N/A,TRADEABLE,-,SHARES,IE
IEERLN,KA.D.IEERLN.CASH.IP,iShares MSCI Eastern Europe Capped UCITS ETF - IEER,N/A,CLOSED,-,SHARES,IE
IESGLN,KA.D.IESGLN.CASH.IP,iShares Dow Jones Europe Sustainability Screened UCITS ETF - IESG,N/A,TRADEABLE,-,SHARES,IE
IGUS,SI.D.IGUS.CASH.IP,Principal Investment Grade Corporate Active ETF,N/A,TRADEABLE,-,SHARES,IG
IGIM,EF.D.IGIM.CASH.IP,Italgas SpA,N/A,TRADEABLE,-,SHARES,IG
8002HK,AC.D.8002HK.CASH.IP,IGG Inc,N/A,EDITS_ONLY,-,SHARES,IG
IGCUS,SI.D.IGCUS.CASH.IP,IGC Pharma Inc,N/A,TRADEABLE,-,SHARES,IG
IGO,AA.D.IGO.CASH.IP,IGO Limited,N/A,EDITS_ONLY,-,SHARES,IG
KINGPZ,KC.D.KINGPZ.CASH.IP,Igraine PLC,N/A,TRADEABLE,-,SHARES,IG
IGRLN,KC.D.IGRLN.CASH.IP,IG Design Group Plc,N/A,TRADEABLE,-,SHARES,IG
IGMSUS,UB.D.IGMSUS.CASH.IP,IGM Biosciences Inc,N/A,CLOSED,-,SHARES,IG
IGMCN,KN.D.IGMCN.CASH.IP,IGM Financial Inc,N/A,TRADEABLE,-,SHARES,IG
CND,AF.D.CND.CASH.IP,Ignite Limited,N/A,EDITS_ONLY,-,SHARES,IG
IGACUS,UB.D.IGACUS.CASH.IP,IG Acquisition Corporation,N/A,CLOSED,-,SHARES,IG
IGG,KA.D.IGG.CASH.IP,IG Group Holdings PLC,N/A,TRADEABLE,-,SHARES,IG
FLTRUS,SI.D.FLTRUS.CASH.IP,VanEck IG Floating Rate ETF,N/A,TRADEABLE,-,SHARES,IG
BETPLN,KA.D.BETPLN.CASH.IP,Fischer Sports Betting & iGaming UCITS ETF - GBP,N/A,OFFLINE,-,SHARES,IG
BETSLN,KA.D.BETSLN.CASH.IP,Fischer Sports Betting & iGaming UCITS ETF - USD,N/A,OFFLINE,-,SHARES,IG
BILZCN,KN.D.BILZCN.CASH.IP,Ignite International Brands Limited,N/A,OFFLINE,-,SHARES,IG
PUIPLN,KA.D.PUIPLN.CASH.IP,Invesco USD IG Corporate Bond ESG UCITS ETF,N/A,TRADEABLE,-,SHARES,IG
BETZUS,SI.D.BETZUS.CASH.IP,Roundhill Sports Betting & iGaming ETF,N/A,TRADEABLE,-,SHARES,IG
TTRXLN,KA.D.TTRXLN.CASH.IP,Tabula iTraxx IG Bond UCITS ETF EUR,N/A,OFFLINE,-,SHARES,IG
IGLOLN,KA.D.IGLOLN.CASH.IP,iShares Global Government Bond UCITS ETF - IGLO,N/A,TRADEABLE,-,SHARES,IG
IGLHLN,KA.D.IGLHLN.CASH.IP,iShares Global Govt Bond UCITS ETF - IGLH,N/A,TRADEABLE,-,SHARES,IG
IGLNLN,KA.D.IGLNLN.CASH.IP,iShares Physical Gold ETC - IGLN,N/A,TRADEABLE,-,SHARES,IG
RRNLN,KA.D.RRNLN.CASH.IP,Rolls-Royce Holdings PLC Rights Issue - IG Deadline 6th Nov 20,N/A,OFFLINE,-,SHARES,IG
IGSDLN,KA.D.IGSDLN.CASH.IP,iShares $ Short Duration Corporate Bond UCITS ETF - IGSD,N/A,TRADEABLE,-,SHARES,IG
IGEALN,KA.D.IGEALN.CASH.IP,iShares Emerging Asia Local Government Bond UCITS ETF - IGEA,N/A,TRADEABLE,-,SHARES,IG
IGHYLN,KA.D.IGHYLN.CASH.IP,iShares Global High Yield Corp Bond UCITS ETF - IGHY,N/A,TRADEABLE,-,SHARES,IG
PSFEGY,ED.D.PSFEGY.CASH.IP,Invesco EUR IG Corporate Bond ESG Climate Transition UCITS ETF,N/A,TRADEABLE,-,SHARES,IG
IGSGLN,KA.D.IGSGLN.CASH.IP,iShares Dow Jones Global Sustainability Screened UCITS ETF - IGSG,N/A,TRADEABLE,-,SHARES,IG
IGSULN,KA.D.IGSULN.CASH.IP,iShares Dow Jones Global Sustainability Screened UCITS ETF - IGSU,N/A,TRADEABLE,-,SHARES,IG
IGILLN,KA.D.IGILLN.CASH.IP,iShares Global Inflation Linked Government Bond UCITS ETF - IGIL,N/A,TRADEABLE,-,SHARES,IG
IHUS,SD.D.IHUS.CASH.IP,iHuman Inc,N/A,TRADEABLE,-,SHARES,IH
7013JT,AJ.D.7013JT.CASH.IP,IHI Corp,N/A,EDITS_ONLY,-,SHARES,IH
IHSUS,SD.D.IHSUS.CASH.IP,IHS Holding Limited,N/A,TRADEABLE,-,SHARES,IH
IHRTUS,UB.D.IHRTUS.CASH.IP,iHeartMedia Inc,N/A,TRADEABLE,-,SHARES,IH
IHYGIM,EF.D.IHYGIM.CASH.IP,iShares EUR High Yield Corp Bond UCITS ETF - IHYG (IT),N/A,TRADEABLE,-,SHARES,IH
IHYGLN,KA.D.IHYGLN.CASH.IP,iShares Euro High Yield Corporate Bond UCITS ETF - IHYG (LSE),N/A,TRADEABLE,-,SHARES,IH
IHCULN,KA.D.IHCULN.CASH.IP,iShares S&P 500 Health Care Sector UCITS ETF - IHCU,N/A,TRADEABLE,-,SHARES,IH
STPCUUS,SG.D.STPCUUS.CASH.IP,Star Peak Corp II,N/A,CLOSED,-,SHARES,II
AMCIUUS,UA.D.AMCIUUS.CASH.IP,AMCI Acquisition Corp II,N/A,TRADEABLE,-,SHARES,II
ATMRUUS,SA.D.ATMRUUS.CASH.IP,Altimar Acquisition Corp. II,N/A,CLOSED,-,SHARES,II
AACIUUS,UA.D.AACIUUS.CASH.IP,Armada Acquisition Corp II,N/A,TRADEABLE,-,SHARES,II
FIIIUUS,UB.D.FIIIUUS.CASH.IP,Forum Merger III Corporation (Unit),N/A,CLOSED,-,SHARES,II
GIIIUS,UB.D.GIIIUS.CASH.IP,G-III Apparel Group Ltd,N/A,TRADEABLE,-,SHARES,II
GMIIUUS,UB.D.GMIIUUS.CASH.IP,Gores Metropoulos II Inc,N/A,CLOSED,-,SHARES,II
IIIIUUS,UB.D.IIIIUUS.CASH.IP,INSU Acquisition Corp. III,N/A,CLOSED,-,SHARES,II
9119JT,AJ.D.9119JT.CASH.IP,Iino Kaiun Kaisha Limited,N/A,EDITS_ONLY,-,SHARES,II
LOKBUUS,SD.D.LOKBUUS.CASH.IP,Live Oak Acquisition Corp. II,N/A,CLOSED,-,SHARES,II
NHICIIUS,UC.D.NHICIIUS.CASH.IP,NewHold Investment Corp. II,N/A,CLOSED,-,SHARES,II
NXUUUS,SE.D.NXUUUS.CASH.IP,Novus Capital Corporation II (Unit),N/A,CLOSED,-,SHARES,II
PFNUS,SE.D.PFNUS.CASH.IP,PIMCO Income Strategy Fund II,N/A,TRADEABLE,-,SHARES,II
RMGBUUS,UC.D.RMGBUUS.CASH.IP,RMG Acquisition Corp. II,N/A,CLOSED,-,SHARES,II
RMGCUUS,UC.D.RMGCUUS.CASH.IP,RMG Acquisition Corp. III,N/A,CLOSED,-,SHARES,II
SPRQUUS,SG.D.SPRQUUS.CASH.IP,Spartan Acquisition Corp. II (Unit),N/A,CLOSED,-,SHARES,II
SWBKUUS,SG.D.SWBKUUS.CASH.IP,Switchback II Corporation (unit),N/A,CLOSED,-,SHARES,II
SNPRUUS,SG.D.SNPRUUS.CASH.IP,Tortoise Acquisition Corp. II (Unit),N/A,CLOSED,-,SHARES,II
THCAUS,UD.D.THCAUS.CASH.IP,Tuscan Holdings Corp. II,N/A,CLOSED,-,SHARES,II
VTIQUUS,UD.D.VTIQUUS.CASH.IP,VectoIQ Acquisition Corp. II,N/A,CLOSED,-,SHARES,II
MTXXLN,KA.D.MTXXLN.CASH.IP,Amundi Euro Government Bond II UCITS ETF,N/A,TRADEABLE,-,SHARES,II
ACIIUUS,SA.D.ACIIUUS.CASH.IP,Atlas Crest Investment Corp. II,N/A,CLOSED,-,SHARES,II
BLEUS,SA.D.BLEUS.CASH.IP,BlackRock Municipal Income Trust II,N/A,CLOSED,-,SHARES,II
CAEPUS,UA.D.CAEPUS.CASH.IP,Cantor Equity Partners III Inc,N/A,TRADEABLE,-,SHARES,II
CTAQUUS,UA.D.CTAQUUS.CASH.IP,Carney Technology Acquisition Corp. II (Unit),N/A,CLOSED,-,SHARES,II
CPAAUUS,UA.D.CPAAUUS.CASH.IP,Conyers Park II Acquisition Corporation,N/A,CLOSED,-,SHARES,II
CD2AU,AB.D.CD2AU.CASH.IP,Cordish Dixon Private Equity Fund II,N/A,EDITS_ONLY,-,SHARES,II
CD3AU,AB.D.CD3AU.CASH.IP,Cordish Dixon Private Equity Fund III,N/A,EDITS_ONLY,-,SHARES,II
DGNUUS,UB.D.DGNUUS.CASH.IP,Dragoneer Growth Opportunities Corp. III,N/A,CLOSED,-,SHARES,II
BFTUUS,SA.D.BFTUUS.CASH.IP,Foley Trasimene Acquisition Corp. II (Unit),N/A,CLOSED,-,SHARES,II
FVTUUS,SC.D.FVTUUS.CASH.IP,Fortress Value Acquisition Corp. III (Unit),N/A,CLOSED,-,SHARES,II
GPACUS,UB.D.GPACUS.CASH.IP,Global Partner Acquisition Corp II,N/A,TRADEABLE,-,SHARES,II
GPACUUS,UB.D.GPACUUS.CASH.IP,Global Partner Acquisition Corp. II,N/A,CLOSED,-,SHARES,II
HZONUS,SC.D.HZONUS.CASH.IP,Horizon Acquisition Corporation II (Ord),N/A,CLOSED,-,SHARES,II
HZONUUS,SC.D.HZONUUS.CASH.IP,Horizon Acquisition Corporation II (Unit),N/A,CLOSED,-,SHARES,II
3291JT,AJ.D.3291JT.CASH.IP,Iida Group Holdings Company Limited,N/A,EDITS_ONLY,-,SHARES,II
KVSCUS,UB.D.KVSCUS.CASH.IP,Khosla Ventures Acquisition Co III,N/A,CLOSED,-,SHARES,II
MUDSUUS,UC.D.MUDSUUS.CASH.IP,Mudrick Capital Acquisition Corp. II (unit),N/A,CLOSED,-,SHARES,II
MUDSUS,UC.D.MUDSUS.CASH.IP,Mudrick Capital Acquisition Corporation II,N/A,CLOSED,-,SHARES,II
NGABUUS,SE.D.NGABUUS.CASH.IP,Northern Genesis Acquisition Corp II (Unit),N/A,CLOSED,-,SHARES,II
NSTBUS,SE.D.NSTBUS.CASH.IP,Northern Star Investment Corp. II,N/A,CLOSED,-,SHARES,II
PZCUS,SE.D.PZCUS.CASH.IP,PIMCO California Municipal Income Fund III,N/A,CLOSED,-,SHARES,II
IJSS,EH.D.IJSS.CASH.IP,Intrum AB (publ),N/A,TRADEABLE,-,SHARES,IJ
7315JT,AJ.D.7315JT.CASH.IP,IJTT Company Limited,N/A,CLOSED,-,SHARES,IJ
IJPALN,KA.D.IJPALN.CASH.IP,iShares Core MSCI Japan IMI UCITS ETF - IJPA,N/A,TRADEABLE,-,SHARES,IJ
IKNAUS,UB.D.IKNAUS.CASH.IP,Ikena Oncology Inc,N/A,TRADEABLE,-,SHARES,IK
IKWAU,AB.D.IKWAU.CASH.IP,Ikwezi Mining Ltd,N/A,CLOSED,-,SHARES,IK
IKNXUS,UB.D.IKNXUS.CASH.IP,IKONICS Corporation,N/A,CLOSED,-,SHARES,IK
9266JT,AJ.D.9266JT.CASH.IP,Ikka Dining Project. Limited,N/A,EDITS_ONLY,-,SHARES,IK
8714JT,AJ.D.8714JT.CASH.IP,Senshu Ikeda Holdings Inc,N/A,EDITS_ONLY,-,SHARES,IK
IKEAU,AB.D.IKEAU.CASH.IP,ikeGPS Group Limited,N/A,EDITS_ONLY,-,SHARES,IK
4541JT,AJ.D.4541JT.CASH.IP,Nichi-Iko Pharmaceutical Company Limited,N/A,CLOSED,-,SHARES,IK
ILDFP,EC.D.ILDFP.CASH.IP,Iliad SA,N/A,OFFLINE,-,SHARES,IL
IKALN,KC.D.IKALN.CASH.IP,Ilika PLC,N/A,TRADEABLE,-,SHARES,IL
ILKKA2FH,EB.D.ILKKA2FH.CASH.IP,Ilkka Oyj,N/A,TRADEABLE,-,SHARES,IL
ILMNUS,UB.D.ILMNUS.CASH.IP,Illumina Inc,N/A,TRADEABLE,-,SHARES,IL
S24IM,EF.D.S24IM.CASH.IP,Il Sole 24 Ore SpA,N/A,OFFLINE,-,SHARES,IL
ILU,AA.D.ILU.CASH.IP,Iluka Resources Ltd,N/A,EDITS_ONLY,-,SHARES,IL
NFILBISJ,AR.D.NFILBISJ.CASH.IP,NewFunds ILBI ETF,N/A,OFFLINE,-,SHARES,IL
ILTYIM,EF.D.ILTYIM.CASH.IP,illimity Bank SpA,N/A,OFFLINE,-,SHARES,IL
ITW,SD.D.ITW.CASH.IP,Illinois Tool Works Inc (24 Hours),N/A,TRADEABLE,-,SHARES,IL
ILTAU,AB.D.ILTAU.CASH.IP,Iltani Resources Ltd,N/A,EDITS_ONLY,-,SHARES,IL
STXILBSJ,AR.D.STXILBSJ.CASH.IP,Satrix ILBI Portfolio,N/A,TRADEABLE,-,SHARES,IL
AILEUS,UA.D.AILEUS.CASH.IP,iLearningEngines Inc,N/A,OFFLINE,-,SHARES,IL
OJMIM,EF.D.OJMIM.CASH.IP,Openjobmetis Spa agenzia per il lavoro,N/A,OFFLINE,-,SHARES,IL
9903HK,AC.D.9903HK.CASH.IP,Shanghai Iluvatar CoreX Semiconductor Co Ltd,N/A,EDITS_ONLY,-,SHARES,IL
TKC,SG.D.TKC.CASH.IP,Turkcell Iletisim Hizmetleri AS - ADR,N/A,TRADEABLE,-,SHARES,IL
IMNA,EG.D.IMNA.CASH.IP,Imtech NV,N/A,CLOSED,-,SHARES,IM
IMI,KA.D.IMI.CASH.IP,IMI PLC,N/A,TRADEABLE,-,SHARES,IM
IMVUS,UB.D.IMVUS.CASH.IP,IMV Inc,N/A,OFFLINE,-,SHARES,IM
IMSIM,EF.D.IMSIM.CASH.IP,IMMSI SpA,N/A,TRADEABLE,-,SHARES,IM
OMTAU,AB.D.OMTAU.CASH.IP,ImExHS Ltd,N/A,EDITS_ONLY,-,SHARES,IM
IMAX,SD.D.IMAX.CASH.IP,Imax Corp,N/A,TRADEABLE,-,SHARES,IM
IMDAU,AF.D.IMDAU.CASH.IP,Imdex Ltd,N/A,EDITS_ONLY,-,SHARES,IM
NKFP,EC.D.NKFP.CASH.IP,Imerys SA,N/A,TRADEABLE,-,SHARES,IM
PIUS,UC.D.PIUS.CASH.IP,Impinj Inc,N/A,TRADEABLE,-,SHARES,IM
CLSNUS,UA.D.CLSNUS.CASH.IP,Imunon Inc,N/A,TRADEABLE,-,SHARES,IM
SPIAV,EK.D.SPIAV.CASH.IP,S IMMO AG,N/A,CLOSED,-,SHARES,IM
B2HNO,EL.D.B2HNO.CASH.IP,B2 Impact ASA,N/A,TRADEABLE,-,SHARES,IM
IMCDNA,EG.D.IMCDNA.CASH.IP,IMCD Group NV,N/A,TRADEABLE,-,SHARES,IM
IMTXUS,UB.D.IMTXUS.CASH.IP,Immatics NV,N/A,TRADEABLE,-,SHARES,IM
VTLUS,UD.D.VTLUS.CASH.IP,Immunic Inc,N/A,TRADEABLE,-,SHARES,IM
IMGN,UB.D.IMGN.CASH.IP,ImmunoGen Inc,N/A,CLOSED,-,SHARES,IM
IMNMUS,UB.D.IMNMUS.CASH.IP,Immunome Inc,N/A,TRADEABLE,-,SHARES,IM
IMMNOVSS,EH.D.IMMNOVSS.CASH.IP,Immunovia AB (publ),N/A,TRADEABLE,-,SHARES,IM
PBMDUS,UC.D.PBMDUS.CASH.IP,Immutep Ltd,N/A,TRADEABLE,-,SHARES,IM
IPDAU,AB.D.IPDAU.CASH.IP,ImpediMed Ltd,N/A,EDITS_ONLY,-,SHARES,IM
IMPASDBSS,EH.D.IMPASDBSS.CASH.IP,Implantica AG,N/A,TRADEABLE,-,SHARES,IM
IMPNSW,EJ.D.IMPNSW.CASH.IP,Implenia AG,N/A,TRADEABLE,-,SHARES,IM
AIMUS,SA.D.AIMUS.CASH.IP,AIM ImmunoTech Inc,N/A,TRADEABLE,-,SHARES,IM
BMRUS,UA.D.BMRUS.CASH.IP,Beamr Imaging Ltd,N/A,TRADEABLE,-,SHARES,IM
IMCCUS,UB.D.IMCCUS.CASH.IP,IM Cannabis Corp,N/A,TRADEABLE,-,SHARES,IM
IMACUS,UB.D.IMACUS.CASH.IP,IMAC Holdings Inc,N/A,OFFLINE,-,SHARES,IM
IMAAU,AF.D.IMAAU.CASH.IP,Image Resources NL,N/A,EDITS_ONLY,-,SHARES,IM
IMMRUS,UB.D.IMMRUS.CASH.IP,Immersion Corp,N/A,TRADEABLE,-,SHARES,IM
IMMXUS,UB.D.IMMXUS.CASH.IP,Immix Biopharma Inc,N/A,TRADEABLE,-,SHARES,IM
IMRXUS,UB.D.IMRXUS.CASH.IP,Immuneering Corp,N/A,TRADEABLE,-,SHARES,IM
NKUS,UC.D.NKUS.CASH.IP,ImmunityBio Inc,N/A,TRADEABLE,-,SHARES,IM
HSACUS,UB.D.HSACUS.CASH.IP,Immunovant Inc,N/A,TRADEABLE,-,SHARES,IM
IMM,KC.D.IMM.CASH.IP,Immupharma PLC,N/A,TRADEABLE,-,SHARES,IM
IMCAU,AB.D.IMCAU.CASH.IP,Immuron Limited,N/A,EDITS_ONLY,-,SHARES,IM
IMRNUS,UB.D.IMRNUS.CASH.IP,Immuron Limited - US,N/A,TRADEABLE,-,SHARES,IM
PRRAU,AF.D.PRRAU.CASH.IP,Immutep Ltd,N/A,EDITS_ONLY,-,SHARES,IM
IMPCSS,EH.D.IMPCSS.CASH.IP,Impact Coatings AB,N/A,TRADEABLE,-,SHARES,IM
IPEL,KC.D.IPEL.CASH.IP,Impellam Group PLC,N/A,OFFLINE,-,SHARES,IM
MBEAU,AB.D.MBEAU.CASH.IP,Impelus Limited,N/A,CLOSED,-,SHARES,IM
IMT,KA.D.IMT.CASH.IP,Imperial Brands PLC,N/A,TRADEABLE,-,SHARES,IM
IMOCT,KN.D.IMOCT.CASH.IP,Imperial Oil Ltd,N/A,TRADEABLE,-,SHARES,IM
IPRPL,PO.D.IPRPL.CASH.IP,Impresa SGPS SA,N/A,TRADEABLE,-,SHARES,IM
IMUAU,AB.D.IMUAU.CASH.IP,Imugene Limited,N/A,EDITS_ONLY,-,SHARES,IM
LEGGY,ED.D.LEGGY.CASH.IP,LEG Immobilien SE,N/A,TRADEABLE,-,SHARES,IM
IOUS,SD.D.IOUS.CASH.IP,ION Geophysical Corp,N/A,CLOSED,-,SHARES,IO
IODAU,AB.D.IODAU.CASH.IP,IODM Ltd,N/A,EDITS_ONLY,-,SHARES,IO
IOFI,KA.D.IOFI.CASH.IP,Iofina PLC,N/A,TRADEABLE,-,SHARES,IO
DMYIUS,SB.D.DMYIUS.CASH.IP,IonQ Inc (24 Hours),N/A,TRADEABLE,-,SHARES,IO
IOSGY,ED.D.IOSGY.CASH.IP,Ionos SE,N/A,TRADEABLE,-,SHARES,IO
GSCAU,AB.D.GSCAU.CASH.IP,ioneer Ltd,N/A,EDITS_ONLY,-,SHARES,IO
IOBTUS,UB.D.IOBTUS.CASH.IP,IO Biotech Inc,N/A,OFFLINE,-,SHARES,IO
LNUAU,AB.D.LNUAU.CASH.IP,Ion Video Ltd,N/A,EDITS_ONLY,-,SHARES,IO
EOHSJ,AR.D.EOHSJ.CASH.IP,iOCO Limited,N/A,TRADEABLE,-,SHARES,IO
IOTRUS,UB.D.IOTRUS.CASH.IP,iOthree Ltd,N/A,TRADEABLE,-,SHARES,IO
ARBBUS,UA.D.ARBBUS.CASH.IP,ARB IOT Group Ltd,N/A,TRADEABLE,-,SHARES,IO
IOTAU,AB.D.IOTAU.CASH.IP,IOT Group Limited,N/A,CLOSED,-,SHARES,IO
IONQWSUS,SD.D.IONQWSUS.CASH.IP,IonQ Inc - Warrants,N/A,TRADEABLE,-,SHARES,IO
SAUAU,AB.D.SAUAU.CASH.IP,Iondrive Limited,N/A,EDITS_ONLY,-,SHARES,IO
IOM,KA.D.IOM.CASH.IP,iomart Group PLC,N/A,TRADEABLE,-,SHARES,IO
IBABBB,EA.D.IBABBB.CASH.IP,Ion Beam Applications SA,N/A,TRADEABLE,-,SHARES,IO
OVLAU,AB.D.OVLAU.CASH.IP,Ionic Rare Earths Limited,N/A,EDITS_ONLY,-,SHARES,IO
ISIS,UB.D.ISIS.CASH.IP,Ionis Pharmaceuticals Inc,N/A,TRADEABLE,-,SHARES,IO
IOVAUS,UB.D.IOVAUS.CASH.IP,Iovance Biotherapeutics Inc,N/A,TRADEABLE,-,SHARES,IO
IOO,SI.D.IOO.CASH.IP,iShares Global 100 ETF - IOO (US),N/A,TRADEABLE,-,SHARES,IO
IONXUS,UB.D.IONXUS.CASH.IP,Defiance Daily Target 2X Long IONQ ETF,N/A,TRADEABLE,-,SHARES,IO
IONZUS,UB.D.IONZUS.CASH.IP,Defiance Daily Target 2X Short IONQ ETF,N/A,TRADEABLE,-,SHARES,IO
ION3LN,KA.D.ION3LN.CASH.IP,Leverage Shares 3x Long IONQ ETP - GBp,N/A,TRADEABLE,-,SHARES,IO
IONQLN,KA.D.IONQLN.CASH.IP,Leverage Shares 3x Long IONQ ETP - USD,N/A,OFFLINE,-,SHARES,IO
STARLN,KC.D.STARLN.CASH.IP,T42 IoT Tracking Solutions PLC,N/A,TRADEABLE,-,SHARES,IO
IXROAU,AB.D.IXROAU.CASH.IP,Ionic Rare Earths Ltd Options @ AUD 0.75 EXP 29/09/2028,N/A,EDITS_ONLY,-,SHARES,IO
IPUS,SD.D.IPUS.CASH.IP,International Paper Company (24 Hours),N/A,TRADEABLE,-,SHARES,IP
IPIM,EF.D.IPIM.CASH.IP,Interpump Group SpA,N/A,TRADEABLE,-,SHARES,IP
IPHAU,AB.D.IPHAU.CASH.IP,IPH Ltd,N/A,EDITS_ONLY,-,SHARES,IP
IPSFP,EC.D.IPSFP.CASH.IP,IPSOS,N/A,TRADEABLE,-,SHARES,IP
IPNFP,EC.D.IPNFP.CASH.IP,Ipsen SA,N/A,TRADEABLE,-,SHARES,IP
IPWUS,UB.D.IPWUS.CASH.IP,iPower Inc,N/A,TRADEABLE,-,SHARES,IP
IPO,KA.D.IPO.CASH.IP,IP Group PLC,N/A,TRADEABLE,-,SHARES,IP
IPXUS,UB.D.IPXUS.CASH.IP,IperionX Ltd,N/A,TRADEABLE,-,SHARES,IP
IPGAU,AB.D.IPGAU.CASH.IP,IPD Group Limited,N/A,EDITS_ONLY,-,SHARES,IP
IPGPUS,UB.D.IPGPUS.CASH.IP,IPG Photonics Corp,N/A,TRADEABLE,-,SHARES,IP
TAOAU,AB.D.TAOAU.CASH.IP,Iperionx Limited,N/A,EDITS_ONLY,-,SHARES,IP
IPOUS,SI.D.IPOUS.CASH.IP,Renaissance IPO ETF,N/A,TRADEABLE,-,SHARES,IP
AWELN,KA.D.AWELN.CASH.IP,Alphawave IP Group PLC,N/A,OFFLINE,-,SHARES,IP
FPXUS,SI.D.FPXUS.CASH.IP,First Trust US IPO Index Fund,N/A,TRADEABLE,-,SHARES,IP
FIPPLN,KC.D.FIPPLN.CASH.IP,Frontier IP Group PLC,N/A,TRADEABLE,-,SHARES,IP
ADMIEGA,ER.D.ADMIEGA.CASH.IP,Holding Co ADMIE IPTO SA,N/A,TRADEABLE,-,SHARES,IP
CASKUS,UA.D.CASKUS.CASH.IP,IP Strategy Holdings Inc,N/A,TRADEABLE,-,SHARES,IP
IMPLUS,UB.D.IMPLUS.CASH.IP,IPI Legacy Liquidation Co,N/A,CLOSED,-,SHARES,IP
OMIPLN,KC.D.OMIPLN.CASH.IP,One Media iP Group PLC,N/A,TRADEABLE,-,SHARES,IP
GRNUS,SI.D.GRNUS.CASH.IP,iPath Global Carbon ETN,N/A,CLOSED,-,SHARES,IP
IPICUS,UB.D.IPICUS.CASH.IP,iPic Entertainment Inc,N/A,OFFLINE,-,SHARES,IP
FPXIUS,UB.D.FPXIUS.CASH.IP,First Trust International IPO ETF,N/A,TRADEABLE,-,SHARES,IP
GBBUS,SI.D.GBBUS.CASH.IP,iPath GBP USD Exchange Rate ETN,N/A,CLOSED,-,SHARES,IP
VXZUS,SI.D.VXZUS.CASH.IP,iPath S&P 500 VIX Mid-Term Futures ETN,N/A,TRADEABLE,-,SHARES,IP
VXXBUS,SI.D.VXXBUS.CASH.IP,iPath S&P 500 VIX Short-Term Futures ETN,N/A,TRADEABLE,-,SHARES,IP
IPRVLN,KA.D.IPRVLN.CASH.IP,iShares Listed Private Equity UCITS ETF - IPRV,N/A,TRADEABLE,-,SHARES,IP
IPXJLN,KA.D.IPXJLN.CASH.IP,iShares MSCI Pacific ex-Japan UCITS ETF (Dist) - IPXJ,N/A,TRADEABLE,-,SHARES,IP
IPOLLN,KA.D.IPOLLN.CASH.IP,iShares MSCI Poland UCITS ETF - IPOL,N/A,TRADEABLE,-,SHARES,IP
IPDMLN,KA.D.IPDMLN.CASH.IP,iShares Physical Palladium ETC - IPDM,N/A,TRADEABLE,-,SHARES,IP
IPLTLN,KA.D.IPLTLN.CASH.IP,iShares Physical Platinum ETC - IPLT,N/A,TRADEABLE,-,SHARES,IP
JJAUS,SI.D.JJAUS.CASH.IP,iPath Bloomberg Agriculture Subindex Total Return ETN,N/A,CLOSED,-,SHARES,IP
NIBUS,SI.D.NIBUS.CASH.IP,iPath Bloomberg Cocoa Subindex Total Return ETN,N/A,CLOSED,-,SHARES,IP
JOUS,SI.D.JOUS.CASH.IP,iPath Bloomberg Coffee Subindex Total Return ETN,N/A,CLOSED,-,SHARES,IP
DJPUS,SI.D.DJPUS.CASH.IP,iPath Bloomberg Commodity Index Total Return ETN,N/A,TRADEABLE,-,SHARES,IP
JJCUS,SI.D.JJCUS.CASH.IP,iPath Bloomberg Copper Subindex Total Return ETN,N/A,CLOSED,-,SHARES,IP
BALUS,SI.D.BALUS.CASH.IP,iPath Bloomberg Cotton Subindex Total Return ETN,N/A,OFFLINE,-,SHARES,IP
COWUS,SI.D.COWUS.CASH.IP,iPath Bloomberg Livestock Subindex Total Return ETN,N/A,CLOSED,-,SHARES,IP
GAZUS,SI.D.GAZUS.CASH.IP,iPath Bloomberg Natural Gas Subindex Total Return ETN,N/A,CLOSED,-,SHARES,IP
JJSUS,SI.D.JJSUS.CASH.IP,iPath Bloomberg Softs Subindex Total Return ETN,N/A,OFFLINE,-,SHARES,IP
IQUS,UB.D.IQUS.CASH.IP,iQIYI Inc - ADR,N/A,TRADEABLE,-,SHARES,IQ
IQE,KA.D.IQE.CASH.IP,IQE PLC,N/A,TRADEABLE,-,SHARES,IQ
IQSTUS,UB.D.IQSTUS.CASH.IP,iQSTEL Inc,N/A,TRADEABLE,-,SHARES,IQ
UBILN,KC.D.UBILN.CASH.IP,IQGEO Group PLC,N/A,OFFLINE,-,SHARES,IQ
QUS,SG.D.QUS.CASH.IP,IQVIA Holdings Inc (24 Hours),N/A,TRADEABLE,-,SHARES,IQ
IQ3AU,AB.D.IQ3AU.CASH.IP,iQ3 Corporation Limited,N/A,CLOSED,-,SHARES,IQ
IQQW,ED.D.IQQW.CASH.IP,iShares MSCI World ETF Inc - IQQW,N/A,TRADEABLE,-,SHARES,IQ
IR,SD.D.IR.CASH.IP,Trane Technologies plc (24 Hours),N/A,TRADEABLE,-,SHARES,IR
IRRASSS,EH.D.IRRASSS.CASH.IP,IRRAS AB,N/A,CLOSED,-,SHARES,IR
IRDIM,EF.D.IRDIM.CASH.IP,Iren SpA,N/A,TRADEABLE,-,SHARES,IR
IRE,AA.D.IRE.CASH.IP,Iress Ltd,N/A,EDITS_ONLY,-,SHARES,IR
IRISSS,EH.D.IRISSS.CASH.IP,Irisity AB,N/A,TRADEABLE,-,SHARES,IR
BKIRLN,KA.D.BKIRLN.CASH.IP,Bank of Ireland,N/A,TRADEABLE,-,SHARES,IR
BKIR,EE.D.BKIR.CASH.IP,Bank of Ireland (Euronext Dublin),N/A,TRADEABLE,-,SHARES,IR
IRENUS,UB.D.IRENUS.CASH.IP,IREN Limited (24 Hours),N/A,TRADEABLE,-,SHARES,IR
IRIXUS,UB.D.IRIXUS.CASH.IP,IRIDEX Corp,N/A,TRADEABLE,-,SHARES,IR
DFNSUS,SB.D.DFNSUS.CASH.IP,IronNet Inc,N/A,CLOSED,-,SHARES,IR
MRG,KC.D.MRG.CASH.IP,Ironveld PLC,N/A,TRADEABLE,-,SHARES,IR
MIRL,KC.D.MIRL.CASH.IP,Minera IRL Ltd,N/A,ON_AUCTION,-,SHARES,IR
IRBTUS,UB.D.IRBTUS.CASH.IP,iRobot Corp,N/A,CLOSED,-,SHARES,IR
CIACN,KN.D.CIACN.CASH.IP,Champion Iron Ltd (CA),N/A,TRADEABLE,-,SHARES,IR
CIAAU,AB.D.CIAAU.CASH.IP,Champion Iron Ltd - (AU),N/A,EDITS_ONLY,-,SHARES,IR
IR1AU,AB.D.IR1AU.CASH.IP,IRIS Metals Limited,N/A,EDITS_ONLY,-,SHARES,IR
IRM,SD.D.IRM.CASH.IP,Iron Mountain Inc - US (24 Hours),N/A,TRADEABLE,-,SHARES,IR
IRDAU,AB.D.IRDAU.CASH.IP,Iron Road Limited,N/A,EDITS_ONLY,-,SHARES,IR
IAPAU,AB.D.IAPAU.CASH.IP,Irongate Group,N/A,CLOSED,-,SHARES,IR
KIOSJ,AR.D.KIOSJ.CASH.IP,Kumba Iron Ore Ltd,N/A,TRADEABLE,-,SHARES,IR
WHILN,KC.D.WHILN.CASH.IP,WH Ireland Group,N/A,OFFLINE,-,SHARES,IR
ZMIAU,AB.D.ZMIAU.CASH.IP,Zinc of Ireland NL,N/A,EDITS_ONLY,-,SHARES,IR
TBAUS,SG.D.TBAUS.CASH.IP,ironSource Ltd - A,N/A,CLOSED,-,SHARES,IR
323HK,AC.D.323HK.CASH.IP,Maanshan Iron & Steel,N/A,EDITS_ONLY,-,SHARES,IR
CAPAU,AB.D.CAPAU.CASH.IP,Hawsons Iron Limited,N/A,EDITS_ONLY,-,SHARES,IR
6035JT,AJ.D.6035JT.CASH.IP,IR Japan Holdings Limited,N/A,EDITS_ONLY,-,SHARES,IR
IRLABASS,EH.D.IRLABASS.CASH.IP,IRLAB Therapeutics AB (publ),N/A,TRADEABLE,-,SHARES,IR
IRMDUS,UB.D.IRMDUS.CASH.IP,IRadimed Corporation,N/A,TRADEABLE,-,SHARES,IR
IRDMUS,UB.D.IRDMUS.CASH.IP,Iridium Communications Inc,N/A,TRADEABLE,-,SHARES,IR
ICG,EE.D.ICG.CASH.IP,Irish Continental Group PLC (Euronext Dublin),N/A,TRADEABLE,-,SHARES,IR
CFE,AF.D.CFE.CASH.IP,Iron Bear Resources Ltd,N/A,EDITS_ONLY,-,SHARES,IR
LCYAU,AB.D.LCYAU.CASH.IP,Legacy Iron Ore Limited,N/A,EDITS_ONLY,-,SHARES,IR
MIRLCN,KN.D.MIRLCN.CASH.IP,Minera IRL Limited- Canada,N/A,SUSPENDED,-,SHARES,IR
ZIOC,KA.D.ZIOC.CASH.IP,Zanaga Iron Ore Co Ltd,N/A,TRADEABLE,-,SHARES,IR
IRTCUS,UB.D.IRTCUS.CASH.IP,iRhythm Holdings Inc,N/A,TRADEABLE,-,SHARES,IR
1053HK,AC.D.1053HK.CASH.IP,Chongqing Iron & Steel Company Limited,N/A,EDITS_ONLY,-,SHARES,IR
IREUS,SI.D.IREUS.CASH.IP,Defiance Daily Target 2X Long IREN ETF,N/A,TRADEABLE,-,SHARES,IR
HIOOAU,AB.D.HIOOAU.CASH.IP,Hawsons Iron Ltd Options @ AUD 0.05 EXP 30/05/2026,N/A,CLOSED,-,SHARES,IR
IRCPUS,UB.D.IRCPUS.CASH.IP,IRSA Propiedades Comerciales SA,N/A,CLOSED,-,SHARES,IR
YIRELN,KA.D.YIRELN.CASH.IP,IncomeShares IREN Options ETP,N/A,TRADEABLE,-,SHARES,IR
ICGLN,KA.D.ICGLN.CASH.IP,Irish Continental Group PLC - LSE,N/A,TRADEABLE,-,SHARES,IR
IRESID,EE.D.IRESID.CASH.IP,Irish Residential Properties REIT Plc,N/A,TRADEABLE,-,SHARES,IR
6908JT,AJ.D.6908JT.CASH.IP,Iriso Electronics Company Limited,N/A,EDITS_ONLY,-,SHARES,IR
IBC,AF.D.IBC.CASH.IP,Ironbark Balanced Income Limited,N/A,EDITS_ONLY,-,SHARES,IR
IRWDUS,UB.D.IRWDUS.CASH.IP,Ironwood Pharmaceuticals Inc,N/A,TRADEABLE,-,SHARES,IR
KFEOAAU,AB.D.KFEOAAU.CASH.IP,Kogi Iron Ltd Options @ AUD 0.10 EXP 31/12/2021,N/A,CLOSED,-,SHARES,IR
LIFCN,KN.D.LIFCN.CASH.IP,Labrador Iron Ore Royalty Corporation,N/A,TRADEABLE,-,SHARES,IR
IUESLN,KA.D.IUESLN.CASH.IP,iShares S&P 500 Energy Sector UCITS ETF - IUES,N/A,TRADEABLE,-,SHARES,IU
IUAELN,KA.D.IUAELN.CASH.IP,iShares US Aggregate Bond UCITS ETF - IUAE,N/A,TRADEABLE,-,SHARES,IU
IUGALN,KA.D.IUGALN.CASH.IP,iShares US Aggregate Bond UCITS ETF - IUGA,N/A,TRADEABLE,-,SHARES,IU
IUSPLN,KA.D.IUSPLN.CASH.IP,iShares US Property Yield UCITS ETF - IUSP,N/A,TRADEABLE,-,SHARES,IU
IUITLN,KA.D.IUITLN.CASH.IP,iShares S&P 500 Information Technology Sector UCITS ETF - IUIT,N/A,TRADEABLE,-,SHARES,IU
IVSIM,EF.D.IVSIM.CASH.IP,IVS Group SA,N/A,OFFLINE,-,SHARES,IV
IVGIM,EF.D.IVGIM.CASH.IP,Iveco Group NV,N/A,TRADEABLE,-,SHARES,IV
OPHTUS,UC.D.OPHTUS.CASH.IP,Iveric Bio Inc,N/A,CLOSED,-,SHARES,IV
IGLAU,AB.D.IGLAU.CASH.IP,IVE Group Limited,N/A,EDITS_ONLY,-,SHARES,IV
IVAN,UB.D.IVAN.CASH.IP,Ivanhoe Energy Inc,N/A,CLOSED,-,SHARES,IV
IVPCN,KN.D.IVPCN.CASH.IP,Ivanhoe Mines Ltd,N/A,TRADEABLE,-,SHARES,IV
IVDAUS,UB.D.IVDAUS.CASH.IP,Iveda Solutions Inc,N/A,TRADEABLE,-,SHARES,IV
MVFAU,AA.D.MVFAU.CASH.IP,Monash IVF Group Ltd,N/A,EDITS_ONLY,-,SHARES,IV
VBSNSW,EJ.D.VBSNSW.CASH.IP,IVF Hartmann Holding AG,N/A,TRADEABLE,-,SHARES,IV
IVUGY,ED.D.IVUGY.CASH.IP,IVU Traffic Technologie SA,N/A,TRADEABLE,-,SHARES,IV
CCIVUUS,SB.D.CCIVUUS.CASH.IP,Churchill Capital Corp IV - Unit,N/A,CLOSED,-,SHARES,IV
IVESUS,SI.D.IVESUS.CASH.IP,DAN Ives Wedbush AI Revolution ETF,N/A,TRADEABLE,-,SHARES,IV
IVPH,KC.D.IVPH.CASH.IP,IVPB - Invesco Perpetual Select Trust PLC,N/A,OFFLINE,-,SHARES,IV
IVANUUS,SD.D.IVANUUS.CASH.IP,Ivanhoe Capital Acquisition Corp,N/A,CLOSED,-,SHARES,IV
IPODUS,SD.D.IPODUS.CASH.IP,Social Capital Hedosophia Holdings Corp. IV (Ord),N/A,CLOSED,-,SHARES,IV
IPODUUS,SD.D.IPODUUS.CASH.IP,Social Capital Hedosophia Holdings Corp. IV (Unit),N/A,CLOSED,-,SHARES,IV
DNADUS,UB.D.DNADUS.CASH.IP,Social Capital Suvretta Holdings Corp. IV,N/A,CLOSED,-,SHARES,IV
2B78GY,ED.D.2B78GY.CASH.IP,iShares IV PLC-iShares Healthcare Innovation UCITS ETF,N/A,TRADEABLE,-,SHARES,IV
FCVTUS,UB.D.FCVTUS.CASH.IP,First Trust Exchange Traded Fund IV - SSI Strategic Convertible Securities ETF,N/A,TRADEABLE,-,SHARES,IV
HYLSUS,UB.D.HYLSUS.CASH.IP,First Trust Exchange-Traded Fund IV First Trust Tactical High Yield ETF,N/A,TRADEABLE,-,SHARES,IV
EMVLLN,KA.D.EMVLLN.CASH.IP,IShares IV Public Limited Company - iShares Edge MSCI EM Value Factor UCITS ETF,N/A,OFFLINE,-,SHARES,IV
JPSGLN,KA.D.JPSGLN.CASH.IP,iShares IV Public Limited Company - iShares MSCI Japan SRI UCITS ETF USD,N/A,TRADEABLE,-,SHARES,IV
8345JT,AJ.D.8345JT.CASH.IP,The Bank of Iwate Limited,N/A,EDITS_ONLY,-,SHARES,IW
8707JT,AJ.D.8707JT.CASH.IP,IwaiCosmo Holdings Inc,N/A,EDITS_ONLY,-,SHARES,IW
6237JT,AJ.D.6237JT.CASH.IP,Iwaki Company Limited,N/A,EDITS_ONLY,-,SHARES,IW
8088JT,AJ.D.8088JT.CASH.IP,Iwatani Corporation,N/A,EDITS_ONLY,-,SHARES,IW
6924JT,AJ.D.6924JT.CASH.IP,Iwasaki Electric Company Limited,N/A,CLOSED,-,SHARES,IW
IWDALN,KA.D.IWDALN.CASH.IP,iShares Core MSCI World UCITS ETF - IWDA,N/A,TRADEABLE,-,SHARES,IW
IWRD,KA.D.IWRD.CASH.IP,iShares MSCI World ETF Inc - IWRD,N/A,TRADEABLE,-,SHARES,IW
IWDELN,KA.D.IWDELN.CASH.IP,iShares MSCI World EUR Hedged UCITS ETF - IWDE (LSE),N/A,TRADEABLE,-,SHARES,IW
IWDENA,EG.D.IWDENA.CASH.IP,iShares MSCI World EUR Hedged UCITS ETF - IWDE (NL),N/A,TRADEABLE,-,SHARES,IW
IWDPLN,KA.D.IWDPLN.CASH.IP,iShares Developed Markets Property Yield UCITS ETF - IWDP,N/A,TRADEABLE,-,SHARES,IW
IWFMLN,KA.D.IWFMLN.CASH.IP,iShares Edge MSCI World Momentum Factor UCITS ETF - IWFM,N/A,TRADEABLE,-,SHARES,IW
IWFSLN,KA.D.IWFSLN.CASH.IP,iShares Edge MSCI World Size Factor UCITS ETF - IWFS,N/A,TRADEABLE,-,SHARES,IW
IWFVLN,KA.D.IWFVLN.CASH.IP,iShares Edge MSCI World Value Factor UCITS ETF - IWFV,N/A,TRADEABLE,-,SHARES,IW
IXLN,KC.D.IXLN.CASH.IP,I(X) Net Zero PLC,N/A,CLOSED,-,SHARES,IX
IXUS,SD.D.IXUS.CASH.IP,ORIX Corp - ADR,N/A,TRADEABLE,-,SHARES,IX
PYM,KC.D.PYM.CASH.IP,Ixico Plc,N/A,TRADEABLE,-,SHARES,IX
IXBIOSP,AG.D.IXBIOSP.CASH.IP,iX Biopharma Limited,N/A,EDITS_ONLY,-,SHARES,IX
IXJUS,SI.D.IXJUS.CASH.IP,iShares Global Healthcare ETF - IXJ (US),N/A,TRADEABLE,-,SHARES,IX
8385JT,AJ.D.8385JT.CASH.IP,Iyogin Holdings Inc,N/A,EDITS_ONLY,-,SHARES,IY
IZERSM,EI.D.IZERSM.CASH.IP,Izertis SA,N/A,TRADEABLE,-,SHARES,IZ
IZAFEBSS,EH.D.IZAFEBSS.CASH.IP,iZafe Group AB,N/A,TRADEABLE,-,SHARES,IZ
IZEAUS,UB.D.IZEAUS.CASH.IP,IZEA Worldwide Inc,N/A,TRADEABLE,-,SHARES,IZ
8273JT,AJ.D.8273JT.CASH.IP,Izumi Company Limited,N/A,EDITS_ONLY,-,SHARES,IZ
3558JT,AJ.D.3558JT.CASH.IP,JADE GROUP Inc,N/A,EDITS_ONLY,-,SHARES,JA
JBX,UB.D.JBX.CASH.IP,Jack in the Box Inc,N/A,TRADEABLE,-,SHARES,JA
JAPSP,AG.D.JAPSP.CASH.IP,Japfa Limited,N/A,CLOSED,-,SHARES,JA
DIGI,KC.D.DIGI.CASH.IP,Jaywing PLC,N/A,OFFLINE,-,SHARES,JA
6255JT,AJ.D.6255JT.CASH.IP,NPC Inc/Japan,N/A,EDITS_ONLY,-,SHARES,JA
4849JT,AJ.D.4849JT.CASH.IP,en-japan Inc,N/A,EDITS_ONLY,-,SHARES,JA
DIJPDC,EP.D.DIJPDC.CASH.IP,Danske Invest Japan,N/A,TRADEABLE,-,SHARES,JA
9348JT,AJ.D.9348JT.CASH.IP,Ispace Inc/Japan,N/A,EDITS_ONLY,-,SHARES,JA
JAKKUS,UB.D.JAKKUS.CASH.IP,JAKKS Pacific Inc,N/A,TRADEABLE,-,SHARES,JA
6445JT,AJ.D.6445JT.CASH.IP,JANOME Corporation,N/A,EDITS_ONLY,-,SHARES,JA
JFWDUS,SI.D.JFWDUS.CASH.IP,Jacob Forward ETF,N/A,OFFLINE,-,SHARES,JA
JAGXUS,UB.D.JAGXUS.CASH.IP,Jaguar Health Inc,N/A,TRADEABLE,-,SHARES,JA
JAGCN,KN.D.JAGCN.CASH.IP,Jaguar Mining Inc,N/A,TRADEABLE,-,SHARES,JA
CRPRLN,KC.D.CRPRLN.CASH.IP,James Cropper PLC,N/A,TRADEABLE,-,SHARES,JA
JHD,KA.D.JHD.CASH.IP,James Halstead PLC,N/A,TRADEABLE,-,SHARES,JA
LTHMLN,KC.D.LTHMLN.CASH.IP,James Latham PLC,N/A,TRADEABLE,-,SHARES,JA
JANLN,KC.D.JANLN.CASH.IP,Jangada Mines PLC,N/A,TRADEABLE,-,SHARES,JA
6740JT,AJ.D.6740JT.CASH.IP,Japan Display Inc,N/A,EDITS_ONLY,-,SHARES,JA
6016JT,AJ.D.6016JT.CASH.IP,Japan Engine Corp,N/A,EDITS_ONLY,-,SHARES,JA
2914JT,AJ.D.2914JT.CASH.IP,Japan Tobacco Inc,N/A,EDITS_ONLY,-,SHARES,JA
JATAU,AB.D.JATAU.CASH.IP,Jatcorp Limited,N/A,EDITS_ONLY,-,SHARES,JA
UB0CLN,KA.D.UB0CLN.CASH.IP,MSCI Japan UCITS ETF,N/A,OFFLINE,-,SHARES,JA
UB02LN,KA.D.UB02LN.CASH.IP,MSCI Japan UCITS ETF,N/A,TRADEABLE,-,SHARES,JA
STJ,KA.D.STJ.CASH.IP,St James's Place PLC,N/A,TRADEABLE,-,SHARES,JA
3666JT,AJ.D.3666JT.CASH.IP,Tecnos Japan Inc,N/A,CLOSED,-,SHARES,JA
UJOLN,KC.D.UJOLN.CASH.IP,Union Jack Oil PLC,N/A,TRADEABLE,-,SHARES,JA
2815JT,AJ.D.2815JT.CASH.IP,ARIAKE JAPAN Company Limited,N/A,EDITS_ONLY,-,SHARES,JA
6291JT,AJ.D.6291JT.CASH.IP,Airtech Japan Limited,N/A,EDITS_ONLY,-,SHARES,JA
LCJGLN,KA.D.LCJGLN.CASH.IP,Amundi MSCI Japan UCITS ETF,N/A,TRADEABLE,-,SHARES,JA
LCJPLN,KA.D.LCJPLN.CASH.IP,Amundi MSCI Japan UCITS ETF (GBP),N/A,TRADEABLE,-,SHARES,JA
3548JT,AJ.D.3548JT.CASH.IP,Baroque Japan Limited,N/A,EDITS_ONLY,-,SHARES,JA
8060JT,AJ.D.8060JT.CASH.IP,Canon Marketing Japan Inc,N/A,EDITS_ONLY,-,SHARES,JA
9022JT,AJ.D.9022JT.CASH.IP,Central Japan Railway Co,N/A,EDITS_ONLY,-,SHARES,JA
FJV,KA.D.FJV.CASH.IP,Fidelity Japan Trust PLC,N/A,OFFLINE,-,SHARES,JA
3491JT,AJ.D.3491JT.CASH.IP,GA Technologies Co Ltd/Japan,N/A,EDITS_ONLY,-,SHARES,JA
JASO,UB.D.JASO.CASH.IP,JA Solar Holdings Co Ltd - ADR,N/A,CLOSED,-,SHARES,JA
JBSUS,SD.D.JBSUS.CASH.IP,JBS NV,N/A,TRADEABLE,-,SHARES,JB
9889JT,AJ.D.9889JT.CASH.IP,JBCC Holdings Inc,N/A,EDITS_ONLY,-,SHARES,JB
JBDIUS,UB.D.JBDIUS.CASH.IP,Jbdi Holdings Ltd,N/A,TRADEABLE,-,SHARES,JB
JBGSUS,SD.D.JBGSUS.CASH.IP,JBG Smith Properties,N/A,TRADEABLE,-,SHARES,JB
JBTUS,SD.D.JBTUS.CASH.IP,JBT Marel Corporation,N/A,TRADEABLE,-,SHARES,JB
JBHT,UB.D.JBHT.CASH.IP,JB Hunt Transport Services Inc (24 Hours),N/A,TRADEABLE,-,SHARES,JB
DECFP,EC.D.DECFP.CASH.IP,JC Decaux SE,N/A,TRADEABLE,-,SHARES,JC
4975JT,AJ.D.4975JT.CASH.IP,JCU Corporation,N/A,EDITS_ONLY,-,SHARES,JC
JCSAU,AB.D.JCSAU.CASH.IP,JCurve Solutions Limited,N/A,EDITS_ONLY,-,SHARES,JC
JCIAU,AB.D.JCIAU.CASH.IP,JC International Group Limited,N/A,CLOSED,-,SHARES,JC
4552JT,AJ.D.4552JT.CASH.IP,JCR Pharmaceuticals Company Limited,N/A,EDITS_ONLY,-,SHARES,JC
JD,KA.D.JD.CASH.IP,JD Sports Fashion PLC,N/A,TRADEABLE,-,SHARES,JD
JDUS,UB.D.JDUS.CASH.IP,JD.com Inc (24 Hours),N/A,TRADEABLE,-,SHARES,JD
JDW,KA.D.JDW.CASH.IP,JD Wetherspoon PLC,N/A,TRADEABLE,-,SHARES,JD
013CGR,ED.D.013CGR.CASH.IP,JD.com Inc (Frankfurt),N/A,OFFLINE,-,SHARES,JD
9618HK,AC.D.9618HK.CASH.IP,JD.com Inc,N/A,EDITS_ONLY,-,SHARES,JD
2618HK,AC.D.2618HK.CASH.IP,JD Logistics Inc,N/A,EDITS_ONLY,-,SHARES,JD
JD3LN,KA.D.JD3LN.CASH.IP,Leverage Shares 3x JD.Com ETP,N/A,TRADEABLE,-,SHARES,JD
6618HK,AC.D.6618HK.CASH.IP,JD Health International Inc,N/A,EDITS_ONLY,-,SHARES,JD
JDTLN,KC.D.JDTLN.CASH.IP,JDT - Jupiter Dividend & Growth Trust PLC,N/A,OFFLINE,-,SHARES,JD
JDTCLN,KC.D.JDTCLN.CASH.IP,JDTC - Jupiter Dividend & Growth Trust PLC,N/A,OFFLINE,-,SHARES,JD
JDTZLN,KC.D.JDTZLN.CASH.IP,JDTZ - Jupiter Dividend & Growth Trust PLC,N/A,OFFLINE,-,SHARES,JD
3JDELN,KA.D.3JDELN.CASH.IP,Leverage Shares 3x JD.Com ETP - EUR,N/A,TRADEABLE,-,SHARES,JD
3JDLN,KA.D.3JDLN.CASH.IP,Leverage Shares 3x JD.Com ETP - GBp,N/A,TRADEABLE,-,SHARES,JD
JEUS,SD.D.JEUS.CASH.IP,Just Energy Group Inc,N/A,CLOSED,-,SHARES,JE
JDANDC,EP.D.JDANDC.CASH.IP,Jeudan AS,N/A,TRADEABLE,-,SHARES,JE
JTAIUS,UB.D.JTAIUS.CASH.IP,Jet.AI Inc,N/A,TRADEABLE,-,SHARES,JE
DTG,KA.D.DTG.CASH.IP,Jet2 PLC,N/A,TRADEABLE,-,SHARES,JE
6951JT,AJ.D.6951JT.CASH.IP,JEOL Limited,N/A,EDITS_ONLY,-,SHARES,JE
JEN,ED.D.JEN.CASH.IP,Jenoptik AG,N/A,TRADEABLE,-,SHARES,JE
JELDUS,SD.D.JELDUS.CASH.IP,JELD-WEN Holding Inc,N/A,TRADEABLE,-,SHARES,JE
JENBB,EA.D.JENBB.CASH.IP,Jensen-Group NV,N/A,TRADEABLE,-,SHARES,JE
TRAPLN,KC.D.TRAPLN.CASH.IP,Jersey Oil and Gas PLC,N/A,TRADEABLE,-,SHARES,JE
KGJIUS,UB.D.KGJIUS.CASH.IP,Kingold Jewelry Inc,N/A,OFFLINE,-,SHARES,JE
SIGUS,SG.D.SIGUS.CASH.IP,Signet Jewelers Ltd (US),N/A,TRADEABLE,-,SHARES,JE
JETSUS,SI.D.JETSUS.CASH.IP,US Global Jets ETF,N/A,TRADEABLE,-,SHARES,JE
BBLNWSUS,SA.D.BBLNWSUS.CASH.IP,Babylon Holdings Ltd/Jersey (Warrants),N/A,CLOSED,-,SHARES,JE
JMARPL,PO.D.JMARPL.CASH.IP,Jeronimo Martins SGPS SA,N/A,TRADEABLE,-,SHARES,JE
JELLN,KC.D.JELLN.CASH.IP,Jersey Electricity PLC,N/A,TRADEABLE,-,SHARES,JE
JRVAU,AB.D.JRVAU.CASH.IP,Jervois Global Limited,N/A,CLOSED,-,SHARES,JE
JBLU,UB.D.JBLU.CASH.IP,JetBlue Airways Corp,N/A,TRADEABLE,-,SHARES,JE
NJR,SE.D.NJR.CASH.IP,New Jersey Resources Corp,N/A,TRADEABLE,-,SHARES,JE
SJI,SG.D.SJI.CASH.IP,South Jersey Industries Inc,N/A,CLOSED,-,SHARES,JE
JETSLN,KA.D.JETSLN.CASH.IP,U.S. Global Jets UCITS ETF,N/A,OFFLINE,-,SHARES,JE
JETPLN,KA.D.JETPLN.CASH.IP,US Global Jets UCITS ETF,N/A,OFFLINE,-,SHARES,JE
1929HK,AC.D.1929HK.CASH.IP,Chow Tai Fook Jewellery Group Ltd,N/A,EDITS_ONLY,-,SHARES,JE
2589HK,AC.D.2589HK.CASH.IP,Auntea Jenny Shanghai Industrial Co Ltd,N/A,EDITS_ONLY,-,SHARES,JE
LUK,SD.D.LUK.CASH.IP,Jefferies Financial Group Inc,N/A,TRADEABLE,-,SHARES,JE
JCTCFUS,UB.D.JCTCFUS.CASH.IP,Jewett-Cameron Trading Company Limited,N/A,TRADEABLE,-,SHARES,JE
256HK,AC.D.256HK.CASH.IP,Citychamp Watch & Jewellery Group Limited,N/A,EDITS_ONLY,-,SHARES,JE
JEIPLN,KA.D.JEIPLN.CASH.IP,JPMorgan US Equity Premium Income Active UCITS ETF [JEIP],N/A,TRADEABLE,-,SHARES,JE
PTUS,UC.D.PTUS.CASH.IP,J and Friends Holdings Limited,N/A,TRADEABLE,-,SHARES,JF
FROGUS,UB.D.FROGUS.CASH.IP,JFrog Limited,N/A,TRADEABLE,-,SHARES,JF
5411JT,AJ.D.5411JT.CASH.IP,JFE Holdings Inc,N/A,EDITS_ONLY,-,SHARES,JF
9636HK,AC.D.9636HK.CASH.IP,JF SmartInvest Holdings Ltd,N/A,EDITS_ONLY,-,SHARES,JF
JGUS,UB.D.JGUS.CASH.IP,Aurora Mobile Limited,N/A,TRADEABLE,-,SHARES,JG
1963JT,AJ.D.1963JT.CASH.IP,JGC Holdings Corporation,N/A,EDITS_ONLY,-,SHARES,JG
3914JT,AJ.D.3914JT.CASH.IP,JIG-SAW Inc,N/A,EDITS_ONLY,-,SHARES,JI
3252JT,AJ.D.3252JT.CASH.IP,JINUSHI Co Ltd,N/A,EDITS_ONLY,-,SHARES,JI
CHOOLN,KA.D.CHOOLN.CASH.IP,Jimmy Choo PLC,N/A,OFFLINE,-,SHARES,JI
3046JT,AJ.D.3046JT.CASH.IP,JINS HOLDINGS Inc,N/A,EDITS_ONLY,-,SHARES,JI
JFINUS,UB.D.JFINUS.CASH.IP,Jiayin Group Inc,N/A,TRADEABLE,-,SHARES,JI
JZXNUS,UB.D.JZXNUS.CASH.IP,Jiuzi Holdings Inc,N/A,TRADEABLE,-,SHARES,JI
358HK,AC.D.358HK.CASH.IP,Jiangxi Copper Co Ltd,N/A,EDITS_ONLY,-,SHARES,JI
1916HK,AC.D.1916HK.CASH.IP,Jiangxi Bank Company Limited,N/A,EDITS_ONLY,-,SHARES,JI
JTUS,SD.D.JTUS.CASH.IP,Jianpu Technology Inc,N/A,OFFLINE,-,SHARES,JI
JRLAU,AB.D.JRLAU.CASH.IP,Jindalee Lithium Limited,N/A,EDITS_ONLY,-,SHARES,JI
JKSUS,SD.D.JKSUS.CASH.IP,JinkoSolar Holding Co Ltd - ADR,N/A,TRADEABLE,-,SHARES,JI
JIUCSP,AG.D.JIUCSP.CASH.IP,Jiutian Chemical Group Ltd,N/A,EDITS_ONLY,-,SHARES,JI
177HK,AC.D.177HK.CASH.IP,Jiangsu Expressway Co Ltd,N/A,EDITS_ONLY,-,SHARES,JI
6122HK,AC.D.6122HK.CASH.IP,Jilin Jiutai Rural Commercial Bank Corporation Limited,N/A,CLOSED,-,SHARES,JI
1027HK,AC.D.1027HK.CASH.IP,China Jicheng Holdings Limited,N/A,EDITS_ONLY,-,SHARES,JI
817HK,AC.D.817HK.CASH.IP,China Jinmao Holdings Group Limited,N/A,EDITS_ONLY,-,SHARES,JI
2768HK,AC.D.2768HK.CASH.IP,Jiayuan International Group Limited,N/A,CLOSED,-,SHARES,JI
1951HK,AC.D.1951HK.CASH.IP,Jinxin Fertility Group Limited,N/A,EDITS_ONLY,-,SHARES,JI
8059JT,AJ.D.8059JT.CASH.IP,Daiichi Jitsugyo Company Limited,N/A,EDITS_ONLY,-,SHARES,JI
JJFAU,AB.D.JJFAU.CASH.IP,Jiajiafu Modern Agriculture Limited,N/A,CLOSED,-,SHARES,JI
1276HK,AC.D.1276HK.CASH.IP,Jiangsu Hengrui Pharmaceuticals Co Ltd,N/A,EDITS_ONLY,-,SHARES,JI
JSILN,KC.D.JSILN.CASH.IP,Jiasen International Holdings Ltd,N/A,OFFLINE,-,SHARES,JI
ZJYLUS,UD.D.ZJYLUS.CASH.IP,Jin Medical International Ltd,N/A,TRADEABLE,-,SHARES,JI
2225HK,AC.D.2225HK.CASH.IP,Jinhai Medical Technology Ltd,N/A,EDITS_ONLY,-,SHARES,JI
JINNO,EL.D.JINNO.CASH.IP,Jinhui Shipping & Transportation Ltd,N/A,TRADEABLE,-,SHARES,JI
187HK,AC.D.187HK.CASH.IP,Beijing Jingcheng Machinery Electric Co Ltd,N/A,EDITS_ONLY,-,SHARES,JI
579HK,AC.D.579HK.CASH.IP,Beijing Jingneng Clean Energy Company Limited,N/A,EDITS_ONLY,-,SHARES,JI
9666HK,AC.D.9666HK.CASH.IP,Jinke Smart Services Group Company Limited,N/A,CLOSED,-,SHARES,JI
816HK,AC.D.816HK.CASH.IP,Jinmao Property Services Company Limited,N/A,EDITS_ONLY,-,SHARES,JI
9922HK,AC.D.9922HK.CASH.IP,Jiumaojiu International Holdings Limited,N/A,EDITS_ONLY,-,SHARES,JI
JZUS,UB.D.JZUS.CASH.IP,Jianzhi Education Technology Group Company Limited,N/A,TRADEABLE,-,SHARES,JI
3858HK,AC.D.3858HK.CASH.IP,Jiaxin International Resources Investment Ltd,N/A,EDITS_ONLY,-,SHARES,JI
JLLOAAU,AB.D.JLLOAAU.CASH.IP,Jindalee Lithium Ltd Options @ AUD 0.60 EXP 30/06/2027,N/A,EDITS_ONLY,-,SHARES,JI
JLLOAU,AB.D.JLLOAU.CASH.IP,Jindalee Lithium Ltd Options @ AUD 0.825 EXP 30/11 2028,N/A,CLOSED,-,SHARES,JI
2362HK,AC.D.2362HK.CASH.IP,Jinchuan Group International Resources Company Limited,N/A,SUSPENDED,-,SHARES,JI
9896JT,AJ.D.9896JT.CASH.IP,JK Holdings Company Limited,N/A,EDITS_ONLY,-,SHARES,JK
6680HK,AC.D.6680HK.CASH.IP,JL Mag Rare-Earth Company Limited,N/A,EDITS_ONLY,-,SHARES,JL
4483JT,AJ.D.4483JT.CASH.IP,JMDC Inc,N/A,EDITS_ONLY,-,SHARES,JM
CJMBUS,UA.D.CJMBUS.CASH.IP,Callan Jmb Inc,N/A,TRADEABLE,-,SHARES,JM
JMGUS,SI.D.JMGUS.CASH.IP,JM Group Ltd,N/A,OFFLINE,-,SHARES,JM
SJM,SG.D.SJM.CASH.IP,JM Smucker Co (24 Hours),N/A,TRADEABLE,-,SHARES,JM
3539JT,AJ.D.3539JT.CASH.IP,JM Holdings Company Limited,N/A,EDITS_ONLY,-,SHARES,JM
3306HK,AC.D.3306HK.CASH.IP,JNBY Design Limited,N/A,EDITS_ONLY,-,SHARES,JN
JNJ,SD.D.JNJ.CASH.IP,Johnson & Johnson (24 Hours),N/A,TRADEABLE,-,SHARES,JO
JOANUS,UB.D.JOANUS.CASH.IP,JOANN Inc,N/A,CLOSED,-,SHARES,JO
JOE,SD.D.JOE.CASH.IP,St Joe Co,N/A,TRADEABLE,-,SHARES,JO
JSTGY,ED.D.JSTGY.CASH.IP,JOST Werke AG,N/A,TRADEABLE,-,SHARES,JO
C21LN,KC.D.C21LN.CASH.IP,Journeo PLC,N/A,TRADEABLE,-,SHARES,JO
AOJPDC,EP.D.AOJPDC.CASH.IP,Brodrene A & O Johansen AS,N/A,TRADEABLE,-,SHARES,JO
RTP,SG.D.RTP.CASH.IP,Joby Aviation Inc (24 Hours),N/A,TRADEABLE,-,SHARES,JO
JLGLN,KA.D.JLGLN.CASH.IP,John Laing Group PLC,N/A,OFFLINE,-,SHARES,JO
MNZS,KA.D.MNZS.CASH.IP,John Menzies PLC,N/A,OFFLINE,-,SHARES,JO
JWA,SD.D.JWA.CASH.IP,John Wiley & Sons Inc,N/A,TRADEABLE,-,SHARES,JO
WG,KA.D.WG.CASH.IP,John Wood Group PLC,N/A,OFFLINE,-,SHARES,JO
JMAT,KA.D.JMAT.CASH.IP,Johnson Matthey PLC,N/A,TRADEABLE,-,SHARES,JO
JPR,KA.D.JPR.CASH.IP,Johnston Press PLC,N/A,ON_AUCTION,-,SHARES,JO
MANAV,EK.D.MANAV.CASH.IP,Josef Manner & Co AG,N/A,OFFLINE,-,SHARES,JO
JOULLN,KC.D.JOULLN.CASH.IP,Joules Limited,N/A,CLOSED,-,SHARES,JO
JOYCN,KN.D.JOYCN.CASH.IP,Journey Energy Inc,N/A,TRADEABLE,-,SHARES,JO
SJCN,KN.D.SJCN.CASH.IP,Stella-Jones Inc,N/A,TRADEABLE,-,SHARES,JO
JYNTUS,UB.D.JYNTUS.CASH.IP,The Joint Corporation,N/A,TRADEABLE,-,SHARES,JO
WJGLN,KC.D.WJGLN.CASH.IP,Watkin Jones PLC,N/A,TRADEABLE,-,SHARES,JO
DJCOUS,UB.D.DJCOUS.CASH.IP,Daily Journal Corporation,N/A,TRADEABLE,-,SHARES,JO
GSJSM,EI.D.GSJSM.CASH.IP,Grupo Empresarial San Jose SA,N/A,TRADEABLE,-,SHARES,JO
GFRM,KA.D.GFRM.CASH.IP,Howden Joinery Group PLC,N/A,TRADEABLE,-,SHARES,JO
JOBYWSUS,SD.D.JOBYWSUS.CASH.IP,Joby Aviation Inc - Warrants,N/A,TRADEABLE,-,SHARES,JO
JBSSUS,UB.D.JBSSUS.CASH.IP,John B Sanfilippo & Son Inc,N/A,TRADEABLE,-,SHARES,JO
JLHLN,KC.D.JLHLN.CASH.IP,John Lewis of Hungerford PLC,N/A,CLOSED,-,SHARES,JO
JLGAU,AB.D.JLGAU.CASH.IP,Johns Lyng Group Limited,N/A,CLOSED,-,SHARES,JO
JOUTUS,UB.D.JOUTUS.CASH.IP,Johnson Outdoors Inc,N/A,TRADEABLE,-,SHARES,JO
JSG,KA.D.JSG.CASH.IP,Johnson Service Group PLC,N/A,TRADEABLE,-,SHARES,JO
JDTSS,EH.D.JDTSS.CASH.IP,JonDeTech Sensors AB (publ),N/A,OFFLINE,-,SHARES,JO
JLL,SD.D.JLL.CASH.IP,Jones Lang LaSalle Inc,N/A,TRADEABLE,-,SHARES,JO
NGQCT,KN.D.NGQCT.CASH.IP,Josemaria Resources,N/A,OFFLINE,-,SHARES,JO
JOSESS,EH.D.JOSESS.CASH.IP,Josemaria Resources Inc,N/A,OFFLINE,-,SHARES,JO
8173JT,AJ.D.8173JT.CASH.IP,Joshin Denki Company Limited,N/A,EDITS_ONLY,-,SHARES,JO
JNCEUS,UB.D.JNCEUS.CASH.IP,Jounce Therapeutics Inc,N/A,CLOSED,-,SHARES,JO
DERMUS,UB.D.DERMUS.CASH.IP,Journey Medical Corp,N/A,TRADEABLE,-,SHARES,JO
JWELUS,UB.D.JWELUS.CASH.IP,Jowell Global Limited,N/A,TRADEABLE,-,SHARES,JO
JYCAU,AB.D.JYCAU.CASH.IP,Joyce Corporation Limited,N/A,EDITS_ONLY,-,SHARES,JO
3191JT,AJ.D.3191JT.CASH.IP,Joyful Honda Company Limited,N/A,EDITS_ONLY,-,SHARES,JO
LJPCUS,UB.D.LJPCUS.CASH.IP,La Jolla Pharmaceutical Co,N/A,CLOSED,-,SHARES,JO
NTCSM,EI.D.NTCSM.CASH.IP,Laboratorio Reig Jofre SA,N/A,TRADEABLE,-,SHARES,JO
PZZA,UC.D.PZZA.CASH.IP,Papa John's International Inc,N/A,TRADEABLE,-,SHARES,JO
JPUS,SD.D.JPUS.CASH.IP,Jupai Holdings Limited,N/A,OFFLINE,-,SHARES,JP
2749JT,AJ.D.2749JT.CASH.IP,Jp-Holdings Inc,N/A,EDITS_ONLY,-,SHARES,JP
JPNYLN,KA.D.JPNYLN.CASH.IP,Amundi JPX-Nikkei 400 UCITS ETF-C JPY,N/A,CLOSED,-,SHARES,JP
JPECLN,KC.D.JPECLN.CASH.IP,JPEC - JPMorgan Elect Managed Growth,N/A,OFFLINE,-,SHARES,JP
JPEILN,KC.D.JPEILN.CASH.IP,JPEI - JPMorgan Elect Managed Growth,N/A,OFFLINE,-,SHARES,JP
SJP3LN,KA.D.SJP3LN.CASH.IP,ETFS 3x Short JPY Long USD,N/A,TRADEABLE,-,SHARES,JP
SJPYLN,KA.D.SJPYLN.CASH.IP,ETFS Short JPY Long USD,N/A,TRADEABLE,-,SHARES,JP
JPELLN,KC.D.JPELLN.CASH.IP,JP Morgan Private Equity Ltd,N/A,TRADEABLE,-,SHARES,JP
JGROUS,SI.D.JGROUS.CASH.IP,JPMorgan Active Growth ETF,N/A,TRADEABLE,-,SHARES,JP
JAVAUS,SI.D.JAVAUS.CASH.IP,JPMorgan Active Value ETF,N/A,TRADEABLE,-,SHARES,JP
JPM,SD.D.JPM.CASH.IP,JPMorgan Chase & Co (24 Hours),N/A,TRADEABLE,-,SHARES,JP
JFF,KA.D.JFF.CASH.IP,JPMorgan European Discovery,N/A,TRADEABLE,-,SHARES,JP
1593JT,AJ.D.1593JT.CASH.IP,MAXIS JPX-Nikkei Index 400 ETF,N/A,EDITS_ONLY,-,SHARES,JP
GBJPLN,KA.D.GBJPLN.CASH.IP,WisdomTree Long JPY Short GBP,N/A,TRADEABLE,-,SHARES,JP
LJPYLN,KA.D.LJPYLN.CASH.IP,WisdomTree Long JPY Short USD,N/A,TRADEABLE,-,SHARES,JP
JPYPLN,KA.D.JPYPLN.CASH.IP,WisdomTree Long JPY Short USD,N/A,OFFLINE,-,SHARES,JP
LJP3LN,KA.D.LJP3LN.CASH.IP,WisdomTree Long JPY Short USD,N/A,TRADEABLE,-,SHARES,JP
JPGBLN,KA.D.JPGBLN.CASH.IP,WisdomTree Short JPY Long GBP,N/A,TRADEABLE,-,SHARES,JP
JPSSLN,KA.D.JPSSLN.CASH.IP,JPSS - JPMorgan Japan Smaller Companies Trust PLC,N/A,OFFLINE,-,SHARES,JP
JQWLN,KC.D.JQWLN.CASH.IP,JQW Plc,N/A,OFFLINE,-,SHARES,JQ
JRJRUS,SI.D.JRJRUS.CASH.IP,JRjr33 Inc,N/A,CLOSED,-,SHARES,JR
8954JT,AJ.D.8954JT.CASH.IP,ORIX JREIT Inc,N/A,EDITS_ONLY,-,SHARES,JR
JREULN,KA.D.JREULN.CASH.IP,JPMorgan US Research Enhanced Index Equity ESG UCITS ETF - JREU,N/A,TRADEABLE,-,SHARES,JR
JSESJ,AR.D.JSESJ.CASH.IP,JSE Ltd,N/A,TRADEABLE,-,SHARES,JS
4185JT,AJ.D.4185JT.CASH.IP,JSR Corp,N/A,CLOSED,-,SHARES,JS
AIRALI,PK.D.AIRALI.CASH.IP,Air Astana JSC,N/A,TRADEABLE,-,SHARES,JS
TBCGLN,KA.D.TBCGLN.CASH.IP,JSC TBC Bank,N/A,TRADEABLE,-,SHARES,JS
KSPILI,PK.D.KSPILI.CASH.IP,Kaspi.KZ JSC,N/A,CLOSED,-,SHARES,JS
HMNSJ,AR.D.HMNSJ.CASH.IP,Hammerson PLC - JSE,N/A,TRADEABLE,-,SHARES,JS
7942JT,AJ.D.7942JT.CASH.IP,JSP Corporation,N/A,EDITS_ONLY,-,SHARES,JS
KSPIUS,UB.D.KSPIUS.CASH.IP,Kaspi.KZ JSC - US,N/A,TRADEABLE,-,SHARES,JS
KAPLI,PK.D.KAPLI.CASH.IP,NAC Kazatomprom JSC,N/A,TRADEABLE,-,SHARES,JS
9412JT,AJ.D.9412JT.CASH.IP,SKY Perfect JSAT Holdings Inc,N/A,EDITS_ONLY,-,SHARES,JS
1691HK,AC.D.1691HK.CASH.IP,JS Global Lifestyle Company Limited,N/A,EDITS_ONLY,-,SHARES,JS
2513HK,AC.D.2513HK.CASH.IP,Knowledge Atlas Technology JSC Ltd,N/A,EDITS_ONLY,-,SHARES,JS
JTCLN,KC.D.JTCLN.CASH.IP,JTC PLC,N/A,TRADEABLE,-,SHARES,JT
6473JT,AJ.D.6473JT.CASH.IP,JTEKT Corp,N/A,EDITS_ONLY,-,SHARES,JT
4485JP,AJ.D.4485JP.CASH.IP,JTOWER Inc,N/A,CLOSED,-,SHARES,JT
BABYGA,ER.D.BABYGA.CASH.IP,JUMBO SA,N/A,TRADEABLE,-,SHARES,JU
JRGLN,KA.D.JRGLN.CASH.IP,Just Group PLC,N/A,OFFLINE,-,SHARES,JU
JUMBOSP,AG.D.JUMBOSP.CASH.IP,Jumbo Group Limited,N/A,EDITS_ONLY,-,SHARES,JU
JUN3GY,ED.D.JUN3GY.CASH.IP,Jungheinrich AG - Pfd,N/A,TRADEABLE,-,SHARES,JU
8356JT,AJ.D.8356JT.CASH.IP,The Juroku Bank Limited,N/A,EDITS_ONLY,-,SHARES,JU
JLP,KC.D.JLP.CASH.IP,Jubilee Metals Group PLC,N/A,TRADEABLE,-,SHARES,JU
JDGLN,KC.D.JDGLN.CASH.IP,Judges Scientific PLC,N/A,TRADEABLE,-,SHARES,JU
BAER,EJ.D.BAER.CASH.IP,Julius Baer Gruppe AG,N/A,TRADEABLE,-,SHARES,JU
JINAU,AB.D.JINAU.CASH.IP,Jumbo Interactive Ltd,N/A,EDITS_ONLY,-,SHARES,JU
JMIAUS,SD.D.JMIAUS.CASH.IP,Jumia Technologies AG - ADR,N/A,TRADEABLE,-,SHARES,JU
JNPR,SD.D.JNPR.CASH.IP,Juniper Networks Inc,N/A,CLOSED,-,SHARES,JU
JNOAU,AB.D.JNOAU.CASH.IP,Juno Minerals Limited,N/A,EDITS_ONLY,-,SHARES,JU
JPRLLN,KC.D.JPRLLN.CASH.IP,Jupiter Energy Limited (LSE),N/A,OFFLINE,-,SHARES,JU
JPRAU,AB.D.JPRAU.CASH.IP,Jupiter Energy Limited - (AU),N/A,EDITS_ONLY,-,SHARES,JU
JUP,KA.D.JUP.CASH.IP,Jupiter Fund Management PLC,N/A,TRADEABLE,-,SHARES,JU
JMSAU,AB.D.JMSAU.CASH.IP,Jupiter Mines Limited,N/A,EDITS_ONLY,-,SHARES,JU
JUNSUS,UB.D.JUNSUS.CASH.IP,Jupiter Neurosciences Inc,N/A,TRADEABLE,-,SHARES,JU
JILLN,KC.D.JILLN.CASH.IP,Juridica Investments Ltd,N/A,ON_AUCTION,-,SHARES,JU
JETLN,KA.D.JETLN.CASH.IP,Just Eat Takeaway.com NV,N/A,CLOSED,-,SHARES,JU
TKWYNA,EG.D.TKWYNA.CASH.IP,Just Eat Takeaway.com NV,N/A,CLOSED,-,SHARES,JU
GRUBUS,UB.D.GRUBUS.CASH.IP,Just Eat Takeaway.com NV - ADR,N/A,OFFLINE,-,SHARES,JU
4686JT,AJ.D.4686JT.CASH.IP,JustSystems Corporation,N/A,EDITS_ONLY,-,SHARES,JU
JUVEIM,EF.D.JUVEIM.CASH.IP,Juventus Football Club SpA,N/A,TRADEABLE,-,SHARES,JU
SJTUS,SG.D.SJTUS.CASH.IP,San Juan Basin Royalty Trust,N/A,TRADEABLE,-,SHARES,JU
4212JT,AJ.D.4212JT.CASH.IP,Sekisui Jushi Corporation,N/A,EDITS_ONLY,-,SHARES,JU
SHJAU,AB.D.SHJAU.CASH.IP,Shine Justice Limited,N/A,EDITS_ONLY,-,SHARES,JU
SGDJUS,SI.D.SGDJUS.CASH.IP,Alps ETF Trust - Sprott Junior Gold Miners ETF,N/A,TRADEABLE,-,SHARES,JU
SILJUS,SI.D.SILJUS.CASH.IP,Amplify Junior Silver Miners ETF,N/A,TRADEABLE,-,SHARES,JU
SILXUS,SI.D.SILXUS.CASH.IP,ETFMG Prime 2x Daily Junior Silver Miners ETF,N/A,OFFLINE,-,SHARES,JU
JURPLN,KA.D.JURPLN.CASH.IP,JURY Global High Dividend UCITS ETF,N/A,TRADEABLE,-,SHARES,JU
JDOAU,AB.D.JDOAU.CASH.IP,Judo Capital Holdings Limited,N/A,EDITS_ONLY,-,SHARES,JU
6632JT,AJ.D.6632JT.CASH.IP,JVCKENWOOD Corporation,N/A,EDITS_ONLY,-,SHARES,JV
2126HK,AC.D.2126HK.CASH.IP,JW (Cayman) Therapeutics Company Limited,N/A,EDITS_ONLY,-,SHARES,JW
5016JT,AJ.D.5016JT.CASH.IP,JX Advanced Metals Corp,N/A,EDITS_ONLY,-,SHARES,JX
KBSFUS,UB.D.KBSFUS.CASH.IP,JX Luxventure Limited,N/A,TRADEABLE,-,SHARES,JX
JYIHDC,EP.D.JYIHDC.CASH.IP,Jyske Invest Danske Aktier KL,N/A,OFFLINE,-,SHARES,JY
JYIUSADC,EP.D.JYIUSADC.CASH.IP,Jyske Invest USA Aktier KL,N/A,OFFLINE,-,SHARES,JY
JYIIDC,EP.D.JYIIDC.CASH.IP,Jyske Invest - Europaeiske Aktier KL,N/A,OFFLINE,-,SHARES,JY
JYIBDADC,EP.D.JYIBDADC.CASH.IP,Jyske Invest Aktier Ansvarlig Udvikling KL,N/A,TRADEABLE,-,SHARES,JY
JIALVINDC,EP.D.JIALVINDC.CASH.IP,Jyske Invest Aktier Lav Volatilitet KL,N/A,TRADEABLE,-,SHARES,JY
JYIFAVDC,EP.D.JYIFAVDC.CASH.IP,Jyske Invest Favorit Aktier KL,N/A,OFFLINE,-,SHARES,JY
JYIEDC,EP.D.JYIEDC.CASH.IP,Jyske Invest Globale Aktier KL,N/A,OFFLINE,-,SHARES,JY
JYIINADC,EP.D.JYIINADC.CASH.IP,Jyske Invest Indiske Aktier KL,N/A,OFFLINE,-,SHARES,JY
JYIKIDC,EP.D.JYIKIDC.CASH.IP,Jyske Invest Kinesiske Aktier KL,N/A,OFFLINE,-,SHARES,JY
JYIGDC,EP.D.JYIGDC.CASH.IP,Jyske Invest Nye Aktiemarkeder KL,N/A,TRADEABLE,-,SHARES,JY
9928JT,AJ.D.9928JT.CASH.IP,Miroku Jyoho Service Company Limited,N/A,EDITS_ONLY,-,SHARES,JY
JZCZLN,KC.D.JZCZLN.CASH.IP,JZCZ - JZ Capital Partners Limited,N/A,OFFLINE,-,SHARES,JZ
JZCP,KC.D.JZCP.CASH.IP,JZ Capital Partners Ltd,N/A,TRADEABLE,-,SHARES,JZ
KTEKGY,ED.D.KTEKGY.CASH.IP,KATEK SE,N/A,OFFLINE,-,SHARES,KA
KAIUS,SD.D.KAIUS.CASH.IP,Kadant Inc,N/A,TRADEABLE,-,SHARES,KA
KAKULN,KC.D.KAKULN.CASH.IP,Kakuzi PLC,N/A,OFFLINE,-,SHARES,KA
KALMARFH,EB.D.KALMARFH.CASH.IP,Kalmar Oyj,N/A,TRADEABLE,-,SHARES,KA
ALKALFP,EC.D.ALKALFP.CASH.IP,Kalray SA,N/A,TRADEABLE,-,SHARES,KA
KAMNUS,SD.D.KAMNUS.CASH.IP,Kaman Corp,N/A,CLOSED,-,SHARES,KA
KAMUXFH,EB.D.KAMUXFH.CASH.IP,Kamux Oyj,N/A,TRADEABLE,-,SHARES,KA
4452JT,AJ.D.4452JT.CASH.IP,Kao Corp,N/A,EDITS_ONLY,-,SHARES,KA
KARD,EG.D.KARD.CASH.IP,Kardan NV,N/A,CLOSED,-,SHARES,KA
KARNSW,EJ.D.KARNSW.CASH.IP,Kardex AG,N/A,TRADEABLE,-,SHARES,KA
9107JT,AJ.D.9107JT.CASH.IP,Kawasaki Kisen Kaisha Ltd,N/A,EDITS_ONLY,-,SHARES,KA
KABEBSS,EH.D.KABEBSS.CASH.IP,KABE Group AB (publ.),N/A,TRADEABLE,-,SHARES,KA
KAPSJ,AR.D.KAPSJ.CASH.IP,KAP Limited,N/A,TRADEABLE,-,SHARES,KA
DW8AU,AB.D.DW8AU.CASH.IP,Kaddy Limited,N/A,CLOSED,-,SHARES,KA
1812JT,AJ.D.1812JT.CASH.IP,Kajima Corp,N/A,EDITS_ONLY,-,SHARES,KA
KLRUS,SD.D.KLRUS.CASH.IP,Kaleyra Inc,N/A,CLOSED,-,SHARES,KA
KLTRUS,UB.D.KLTRUS.CASH.IP,Kaltura Inc,N/A,TRADEABLE,-,SHARES,KA
KAROSS,EH.D.KAROSS.CASH.IP,Karo Pharma AB,N/A,OFFLINE,-,SHARES,KA
3133JT,AJ.D.3133JT.CASH.IP,kaihan Co Ltd,N/A,EDITS_ONLY,-,SHARES,KA
4435JT,AJ.D.4435JT.CASH.IP,kaonavi Inc,N/A,CLOSED,-,SHARES,KA
KAYLN,KC.D.KAYLN.CASH.IP,Albion KAY VCT PLC,N/A,ON_AUCTION,-,SHARES,KA
3407JT,AJ.D.3407JT.CASH.IP,Asahi Kasei Corp,N/A,EDITS_ONLY,-,SHARES,KA
9336JT,AJ.D.9336JT.CASH.IP,Daiei Kankyo Co Ltd,N/A,EDITS_ONLY,-,SHARES,KA
KALSJ,AR.D.KALSJ.CASH.IP,KAL Group Limited,N/A,TRADEABLE,-,SHARES,KA
KAZ,KA.D.KAZ.CASH.IP,KAZ Minerals PLC,N/A,OFFLINE,-,SHARES,KA
KDMNUS,SD.D.KDMNUS.CASH.IP,Kadmon Holdings Inc,N/A,CLOSED,-,SHARES,KA
KAHOTNO,EL.D.KAHOTNO.CASH.IP,Kahoot! ASA - Oslo,N/A,OFFLINE,-,SHARES,KA
KNOSLN,KA.D.KNOSLN.CASH.IP,Kainos Group PLC,N/A,TRADEABLE,-,SHARES,KA
KAPAUS,SI.D.KAPAUS.CASH.IP,Kairos Pharma Ltd,N/A,TRADEABLE,-,SHARES,KA
KAUAU,AB.D.KAUAU.CASH.IP,Kaiser Reef Limited,N/A,EDITS_ONLY,-,SHARES,KA
KXINUS,UB.D.KXINUS.CASH.IP,Kaixin Holdings,N/A,TRADEABLE,-,SHARES,KA
2371JT,AJ.D.2371JT.CASH.IP,Kakaku.com Inc,N/A,EDITS_ONLY,-,SHARES,KA
KM1AU,AB.D.KM1AU.CASH.IP,Kali Metals Ltd,N/A,EDITS_ONLY,-,SHARES,KA
KBUS,SD.D.KBUS.CASH.IP,KB Financial Group Inc - ADR,N/A,TRADEABLE,-,SHARES,KB
KBRUS,SD.D.KBRUS.CASH.IP,KBR Inc,N/A,TRADEABLE,-,SHARES,KB
KBCA,EA.D.KBCA.CASH.IP,KBC Ancora,N/A,TRADEABLE,-,SHARES,KB
KBCBB,EA.D.KBCBB.CASH.IP,KBC Groep NV,N/A,TRADEABLE,-,SHARES,KB
KBCSS,EH.D.KBCSS.CASH.IP,KB Components AB,N/A,OFFLINE,-,SHARES,KB
KBWBUS,SI.D.KBWBUS.CASH.IP,Invesco KBW Bank Portfolio,N/A,TRADEABLE,-,SHARES,KB
FTEKLN,KA.D.FTEKLN.CASH.IP,Invesco KBW NASDAQ Fintech UCITS ETF,N/A,TRADEABLE,-,SHARES,KB
KBWPUS,UB.D.KBWPUS.CASH.IP,Invesco KBW Property & Casualty ETF,N/A,TRADEABLE,-,SHARES,KB
KBWDUS,SI.D.KBWDUS.CASH.IP,Invesco KBW High Dividend Yield Financial Portfolio,N/A,TRADEABLE,-,SHARES,KB
KBWYUS,SI.D.KBWYUS.CASH.IP,Invesco KBW Premium Yield Equity REIT Portfolio,N/A,TRADEABLE,-,SHARES,KB
KCUS,UB.D.KCUS.CASH.IP,Kingsoft Cloud Holdings Limited,N/A,TRADEABLE,-,SHARES,KC
KCOM,KA.D.KCOM.CASH.IP,Kcom Group PLC,N/A,OFFLINE,-,SHARES,KC
KCRLN,KC.D.KCRLN.CASH.IP,KCR Residential REIT PLC,N/A,TRADEABLE,-,SHARES,KC
KDUS,SD.D.KDUS.CASH.IP,Kyndryl Holdings Inc,N/A,TRADEABLE,-,SHARES,KD
9433JT,AJ.D.9433JT.CASH.IP,KDDI Corp,N/A,EDITS_ONLY,-,SHARES,KD
OKDBV,EB.D.OKDBV.CASH.IP,Oriola-KD OYJ,N/A,TRADEABLE,-,SHARES,KD
8972JT,AJ.D.8972JT.CASH.IP,KDX Realty Investment Corporation,N/A,EDITS_ONLY,-,SHARES,KD
KEUS,UB.D.KEUS.CASH.IP,Kimball Electronics Inc,N/A,TRADEABLE,-,SHARES,KE
PP,EC.D.PP.CASH.IP,Kering,N/A,TRADEABLE,-,SHARES,KE
4251JT,AJ.D.4251JT.CASH.IP,KEIWA Inc,N/A,EDITS_ONLY,-,SHARES,KE
KEBNIBSS,EH.D.KEBNIBSS.CASH.IP,KebNi AB,N/A,TRADEABLE,-,SHARES,KE
3650HK,AC.D.3650HK.CASH.IP,Keep Inc,N/A,EDITS_ONLY,-,SHARES,KE
9008JT,AJ.D.9008JT.CASH.IP,Keio Corp,N/A,EDITS_ONLY,-,SHARES,KE
K,SD.D.K.CASH.IP,Kellanova,N/A,CLOSED,-,SHARES,KE
IBSULN,KC.D.IBSULN.CASH.IP,Kelso PLC,N/A,TRADEABLE,-,SHARES,KE
KRA1V,EB.D.KRA1V.CASH.IP,Kemira OYJ,N/A,TRADEABLE,-,SHARES,KE
KVUEUS,SD.D.KVUEUS.CASH.IP,Kenvue Inc (24 Hours),N/A,TRADEABLE,-,SHARES,KE
KEPSP,AG.D.KEPSP.CASH.IP,Keppel Ltd,N/A,EDITS_ONLY,-,SHARES,KE
FRXLN,KC.D.FRXLN.CASH.IP,Keras PLC,N/A,TRADEABLE,-,SHARES,KE
KESBV,EB.D.KESBV.CASH.IP,Kesko OYJ,N/A,TRADEABLE,-,SHARES,KE
KESKOAFH,EB.D.KESKOAFH.CASH.IP,Kesko Oyj,N/A,TRADEABLE,-,SHARES,KE
KEY,SD.D.KEY.CASH.IP,KeyCorp (24 Hours),N/A,TRADEABLE,-,SHARES,KE
8168JT,AJ.D.8168JT.CASH.IP,Keiyo Co Ltd,N/A,CLOSED,-,SHARES,KE
KEMPOWRFH,EB.D.KEMPOWRFH.CASH.IP,Kempower Oyj,N/A,TRADEABLE,-,SHARES,KE
KENDRNA,EG.D.KENDRNA.CASH.IP,Kendrion NV,N/A,TRADEABLE,-,SHARES,KE
KREIT,AG.D.KREIT.CASH.IP,Keppel REIT,N/A,EDITS_ONLY,-,SHARES,KE
2594JT,AJ.D.2594JT.CASH.IP,Key Coffee Inc,N/A,EDITS_ONLY,-,SHARES,KE
6861JT,AJ.D.6861JT.CASH.IP,Keyence Corp,N/A,EDITS_ONLY,-,SHARES,KE
KLGWUS,SD.D.KLGWUS.CASH.IP,WK Kellogg Co,N/A,CLOSED,-,SHARES,KE
BEKEUS,SA.D.BEKEUS.CASH.IP,KE Holdings Inc,N/A,TRADEABLE,-,SHARES,KE
KEFILN,KC.D.KEFILN.CASH.IP,KEFI Minerals PLC,N/A,TRADEABLE,-,SHARES,KE
9006JT,AJ.D.9006JT.CASH.IP,Keikyu Corporation,N/A,EDITS_ONLY,-,SHARES,KE
KLNLN,KC.D.KLNLN.CASH.IP,Kellan Group PLC,N/A,OFFLINE,-,SHARES,KE
KLR,KA.D.KLR.CASH.IP,Keller Group PLC,N/A,TRADEABLE,-,SHARES,KE
KELYAUS,UB.D.KELYAUS.CASH.IP,Kelly Services Inc,N/A,TRADEABLE,-,SHARES,KE
KMPRUS,SD.D.KMPRUS.CASH.IP,Kemper Corporation,N/A,TRADEABLE,-,SHARES,KE
KMTUS,SD.D.KMTUS.CASH.IP,Kennametal Inc,N/A,TRADEABLE,-,SHARES,KE
PPXGY,ED.D.PPXGY.CASH.IP,Kering SA - Xetra,N/A,TRADEABLE,-,SHARES,KE
KYG,EE.D.KYG.CASH.IP,Kerry Group PLC (Euronext Dublin),N/A,TRADEABLE,-,SHARES,KE
KYGLN,KA.D.KYGLN.CASH.IP,Kerry Group PLC (LSE),N/A,TRADEABLE,-,SHARES,KE
2809JT,AJ.D.2809JT.CASH.IP,Kewpie Corporation,N/A,EDITS_ONLY,-,SHARES,KE
KEYCN,KN.D.KEYCN.CASH.IP,Keyera Corporation,N/A,TRADEABLE,-,SHARES,KE
8544JT,AJ.D.8544JT.CASH.IP,The Keiyo Bank Limited,N/A,EDITS_ONLY,-,SHARES,KE
7721JT,AJ.D.7721JT.CASH.IP,Tokyo Keiki Inc,N/A,EDITS_ONLY,-,SHARES,KE
2423HK,AC.D.2423HK.CASH.IP,KE Holdings Inc,N/A,EDITS_ONLY,-,SHARES,KE
683HK,AC.D.683HK.CASH.IP,Kerry Properties Ltd,N/A,EDITS_ONLY,-,SHARES,KE
BKYIUS,UA.D.BKYIUS.CASH.IP,BIO-key International Inc,N/A,OFFLINE,-,SHARES,KE
BKCCUS,UA.D.BKCCUS.CASH.IP,BlackRock Kelso Capital Corp,N/A,CLOSED,-,SHARES,KE
BMR,KC.D.BMR.CASH.IP,KENDRICK RESOURCES PLC,N/A,ON_AUCTION,-,SHARES,KE
KRNY,UB.D.KRNY.CASH.IP,Kearny Financial Corp,N/A,TRADEABLE,-,SHARES,KE
BITFCN,KN.D.BITFCN.CASH.IP,Keel Infrastructure Corp,N/A,TRADEABLE,-,SHARES,KE
BITFUS,UA.D.BITFUS.CASH.IP,Keel Infrastructure Corp (24 Hours),N/A,TRADEABLE,-,SHARES,KE
SLKAU,AB.D.SLKAU.CASH.IP,Kelsian Group Limited,N/A,EDITS_ONLY,-,SHARES,KE
KIQUS,SI.D.KIQUS.CASH.IP,Kelso Technologies Inc,N/A,OFFLINE,-,SHARES,KE
KFRCUS,UB.D.KFRCUS.CASH.IP,Kforce Inc,N/A,TRADEABLE,-,SHARES,KF
9873JT,AJ.D.9873JT.CASH.IP,KFC Holdings Japan Limited,N/A,CLOSED,-,SHARES,KF
KSB3GY,ED.D.KSB3GY.CASH.IP,KSB SE & Co. KGaA,N/A,TRADEABLE,-,SHARES,KG
KSBGY,ED.D.KSBGY.CASH.IP,KSB SE & Co. KGaA,N/A,TRADEABLE,-,SHARES,KG
STO3GY,ED.D.STO3GY.CASH.IP,Sto SE & Co. KGaA,N/A,TRADEABLE,-,SHARES,KG
TKMSGY,ED.D.TKMSGY.CASH.IP,Tkms AG& Co KGaA,N/A,TRADEABLE,-,SHARES,KG
FREGY,ED.D.FREGY.CASH.IP,Fresenius SE & Co KGaA,N/A,TRADEABLE,-,SHARES,KG
HENGY,ED.D.HENGY.CASH.IP,Henkel AG & Co KGaA,N/A,TRADEABLE,-,SHARES,KG
HEN3,ED.D.HEN3.CASH.IP,Henkel AG & Co KGaA - Pfd,N/A,TRADEABLE,-,SHARES,KG
KGL,AB.D.KGL.CASH.IP,KGL Resources Ltd,N/A,EDITS_ONLY,-,SHARES,KG
1SXPGY,ED.D.1SXPGY.CASH.IP,Schott Pharma AG & Co KGaA,N/A,TRADEABLE,-,SHARES,KG
SPGGR,ED.D.SPGGR.CASH.IP,Springer Nature AG & Co KGaA,N/A,TRADEABLE,-,SHARES,KG
FME,ED.D.FME.CASH.IP,Fresenius Medical Care AG & Co. KGaA,N/A,TRADEABLE,-,SHARES,KG
FSNTGY,ED.D.FSNTGY.CASH.IP,Platform Group SE & Co KgaA,N/A,TRADEABLE,-,SHARES,KG
NCH2GR,ED.D.NCH2GR.CASH.IP,Thyssenkrupp Nucera AG & Co KGaa,N/A,TRADEABLE,-,SHARES,KG
SIEVIFH,EB.D.SIEVIFH.CASH.IP,KH Group Plc,N/A,TRADEABLE,-,SHARES,KH
4189JT,AJ.D.4189JT.CASH.IP,KH Neochem Company Limited,N/A,EDITS_ONLY,-,SHARES,KH
KWGGY,ED.D.KWGGY.CASH.IP,KHD Humboldt Wedag International AG,N/A,TRADEABLE,-,SHARES,KH
KHRNCN,KN.D.KHRNCN.CASH.IP,Khiron Life Sciences Corporation,N/A,OFFLINE,-,SHARES,KH
KVSAUS,UB.D.KVSAUS.CASH.IP,Khosla Ventures Acquisition Company (Ord),N/A,CLOSED,-,SHARES,KH
KIDNO,EL.D.KIDNO.CASH.IP,Kid ASA,N/A,TRADEABLE,-,SHARES,KI
PTIUS,UC.D.PTIUS.CASH.IP,Kineta Inc,N/A,CLOSED,-,SHARES,KI
BILBLN,KC.D.BILBLN.CASH.IP,Kinovo Plc,N/A,OFFLINE,-,SHARES,KI
KEX,SD.D.KEX.CASH.IP,Kirby Corp,N/A,TRADEABLE,-,SHARES,KI
KITNO,EL.D.KITNO.CASH.IP,Kitron ASA,N/A,TRADEABLE,-,SHARES,KI
KGXGY,ED.D.KGXGY.CASH.IP,KION Group AG,N/A,TRADEABLE,-,SHARES,KI
KIE,KA.D.KIE.CASH.IP,Kier Group PLC,N/A,TRADEABLE,-,SHARES,KI
2801JT,AJ.D.2801JT.CASH.IP,Kikkoman Corp,N/A,EDITS_ONLY,-,SHARES,KI
SIV,KA.D.SIV.CASH.IP,Kin and Carta Plc,N/A,CLOSED,-,SHARES,KI
CV1AU,AB.D.CV1AU.CASH.IP,Kinatico Ltd,N/A,EDITS_ONLY,-,SHARES,KI
KXSCN,KN.D.KXSCN.CASH.IP,Kinaxis Inc,N/A,TRADEABLE,-,SHARES,KI
KDLYUS,UB.D.KDLYUS.CASH.IP,Kindly MD Inc,N/A,TRADEABLE,-,SHARES,KI
KFSUS,SD.D.KFSUS.CASH.IP,Kingsway Corp,N/A,TRADEABLE,-,SHARES,KI
KINVASS,EH.D.KINVASS.CASH.IP,Kinnevik AB,N/A,TRADEABLE,-,SHARES,KI
9041JT,AJ.D.9041JT.CASH.IP,Kintetsu Corp,N/A,EDITS_ONLY,-,SHARES,KI
ASKAU,AB.D.ASKAU.CASH.IP,Abacus Storage King,N/A,EDITS_ONLY,-,SHARES,KI
DAIKINADC,EP.D.DAIKINADC.CASH.IP,Danske Invest Kina,N/A,OFFLINE,-,SHARES,KI
6409JT,AJ.D.6409JT.CASH.IP,KITO Corporation,N/A,CLOSED,-,SHARES,KI
6498JT,AJ.D.6498JT.CASH.IP,KITZ Corporation,N/A,EDITS_ONLY,-,SHARES,KI
KDSNA,EG.D.KDSNA.CASH.IP,Kiadis Pharma NV,N/A,CLOSED,-,SHARES,KI
KIBOLN,KC.D.KIBOLN.CASH.IP,Kibo Energy PLC,N/A,SUSPENDED,-,SHARES,KI
KPTAU,AB.D.KPTAU.CASH.IP,Kiland Limited,N/A,CLOSED,-,SHARES,KI
KRC,SD.D.KRC.CASH.IP,Kilroy Realty Corp,N/A,TRADEABLE,-,SHARES,KI
KMB,SD.D.KMB.CASH.IP,Kimberly-Clark Corp (24 Hours),N/A,TRADEABLE,-,SHARES,KI
KIM,SD.D.KIM.CASH.IP,Kimco Realty Corp (24 Hours),N/A,TRADEABLE,-,SHARES,KI
1944JT,AJ.D.1944JT.CASH.IP,Kinden Corporation,N/A,EDITS_ONLY,-,SHARES,KI
KMIUS,SD.D.KMIUS.CASH.IP,Kinder Morgan Inc (24 Hours),N/A,TRADEABLE,-,SHARES,KI
UNIB,EH.D.UNIB.CASH.IP,Kindred Group PLC,N/A,OFFLINE,-,SHARES,KI
KINBB,EA.D.KINBB.CASH.IP,Kinepolis Group NV,N/A,TRADEABLE,-,SHARES,KI
KGF,KA.D.KGF.CASH.IP,Kingfisher PLC,N/A,TRADEABLE,-,SHARES,KI
KJELLSS,EH.D.KJELLSS.CASH.IP,Kjell Group AB,N/A,TRADEABLE,-,SHARES,KJ
KKRUS,SD.D.KKRUS.CASH.IP,KKR & Co. Inc (24 Hours),N/A,TRADEABLE,-,SHARES,KK
4004JT,AJ.D.4004JT.CASH.IP,Showa Denko KK,N/A,EDITS_ONLY,-,SHARES,KK
9101JT,AJ.D.9101JT.CASH.IP,Nippon Yusen KK,N/A,EDITS_ONLY,-,SHARES,KK
KKCAU,AB.D.KKCAU.CASH.IP,KKR Credit Income Fund,N/A,EDITS_ONLY,-,SHARES,KK
2321JT,AJ.D.2321JT.CASH.IP,Softfront Holdings KK,N/A,EDITS_ONLY,-,SHARES,KK
KIOUS,SD.D.KIOUS.CASH.IP,KKR Income Opportunities Fund,N/A,TRADEABLE,-,SHARES,KK
KREFUS,SD.D.KREFUS.CASH.IP,KKR Real Estate Finance Trust Inc,N/A,TRADEABLE,-,SHARES,KK
KLUS,SD.D.KLUS.CASH.IP,Kirkland Lake Gold Limited,N/A,CLOSED,-,SHARES,KL
LIFP,EC.D.LIFP.CASH.IP,Klepierre,N/A,TRADEABLE,-,SHARES,KL
KLOVBSS,EH.D.KLOVBSS.CASH.IP,Klovern AB,N/A,OFFLINE,-,SHARES,KL
KLOVPREFS,EH.D.KLOVPREFS.CASH.IP,Klovern AB (publ),N/A,OFFLINE,-,SHARES,KL
KLOVSS,EH.D.KLOVSS.CASH.IP,Klovern AB - A,N/A,OFFLINE,-,SHARES,KL
KVYOUS,SD.D.KVYOUS.CASH.IP,Klaviyo Inc,N/A,TRADEABLE,-,SHARES,KL
KSSAU,AB.D.KSSAU.CASH.IP,Kleos Space SA,N/A,CLOSED,-,SHARES,KL
M12GY,ED.D.M12GY.CASH.IP,M1 Kliniken AG,N/A,TRADEABLE,-,SHARES,KL
CAWWASIDC,EP.D.CAWWASIDC.CASH.IP,C WorldWide Asien KL,N/A,OFFLINE,-,SHARES,KL
FPLSAFEDC,EP.D.FPLSAFEDC.CASH.IP,Formuepleje - Safe KL,N/A,TRADEABLE,-,SHARES,KL
KLAC,UB.D.KLAC.CASH.IP,KLA-Tencor Corp (24 Hours),N/A,TRADEABLE,-,SHARES,KL
KLARABSS,EH.D.KLARABSS.CASH.IP,KlaraBo Sverige AB,N/A,TRADEABLE,-,SHARES,KL
KLARUS,SD.D.KLARUS.CASH.IP,Klarna Group PLC (24 Hours),N/A,TRADEABLE,-,SHARES,KL
KA8GY,ED.D.KA8GY.CASH.IP,Klassik Radio AG,N/A,TRADEABLE,-,SHARES,KL
ALKLHFP,EC.D.ALKLHFP.CASH.IP,Klea Holding SACA,N/A,ON_AUCTION,-,SHARES,KL
KCOGY,ED.D.KCOGY.CASH.IP,Kloeckner & Co SE,N/A,TRADEABLE,-,SHARES,KL
SYIBRIDC,EP.D.SYIBRIDC.CASH.IP,Sydinvest BRIK KL,N/A,CLOSED,-,SHARES,KL
WLSNC,EG.D.WLSNC.CASH.IP,Wolters Kluwer NV,N/A,TRADEABLE,-,SHARES,KL
IUSASCADC,EP.D.IUSASCADC.CASH.IP,Bankinvest - USA Small Cap KL,N/A,OFFLINE,-,SHARES,KL
CARWWDADC,EP.D.CARWWDADC.CASH.IP,C WorldWide Danmark KL,N/A,OFFLINE,-,SHARES,KL
FPLPENTDC,EP.D.FPLPENTDC.CASH.IP,Formuepleje - Penta KL,N/A,TRADEABLE,-,SHARES,KL
KLMGA,ER.D.KLMGA.CASH.IP,I Kloukinas-I Lappas SA,N/A,OFFLINE,-,SHARES,KL
KLARSS,EH.D.KLARSS.CASH.IP,Klaria Pharma Holding AB,N/A,TRADEABLE,-,SHARES,KL
MRIAU,AB.D.MRIAU.CASH.IP,Klevo Rewards Limited,N/A,EDITS_ONLY,-,SHARES,KL
MAKGY,ED.D.MAKGY.CASH.IP,Maternus-Kliniken AG,N/A,OFFLINE,-,SHARES,KL
SPIOMXCDC,EP.D.SPIOMXCDC.CASH.IP,Sparindex INDEX OMX C25 KL,N/A,TRADEABLE,-,SHARES,KL
SPIUSGDC,EP.D.SPIUSGDC.CASH.IP,Sparindex INDEX USA Growth KL,N/A,TRADEABLE,-,SHARES,KL
SPIUSVDC,EP.D.SPIUSVDC.CASH.IP,Sparindex INDEX USA Value KL,N/A,TRADEABLE,-,SHARES,KL
SPIKFXDC,EP.D.SPIKFXDC.CASH.IP,Sparinvest Danske Aktier KL,N/A,TRADEABLE,-,SHARES,KL
SPIVADC,EP.D.SPIVADC.CASH.IP,Sparinvest Value Aktier KL,N/A,TRADEABLE,-,SHARES,KL
EGNTYSKDC,EP.D.EGNTYSKDC.CASH.IP,Sparinvest Value Europa KL,N/A,TRADEABLE,-,SHARES,KL
SYDEDC,EP.D.SYDEDC.CASH.IP,Sydinvest Danmark KL,N/A,OFFLINE,-,SHARES,KL
SYDGDC,EP.D.SYDGDC.CASH.IP,Sydinvest Latinamerika KL,N/A,OFFLINE,-,SHARES,KL
SITYSKLDC,EP.D.SITYSKLDC.CASH.IP,Sydinvest Tyskland KL,N/A,OFFLINE,-,SHARES,KL
VAIGAKADC,EP.D.VAIGAKADC.CASH.IP,ValueInvest Global Akk KL,N/A,TRADEABLE,-,SHARES,KL
VAIGLOADC,EP.D.VAIGLOADC.CASH.IP,ValueInvest Global KL,N/A,TRADEABLE,-,SHARES,KL
VAIJAPADC,EP.D.VAIJAPADC.CASH.IP,ValueInvest Japan KL,N/A,OFFLINE,-,SHARES,KL
WOSBGY,ED.D.WOSBGY.CASH.IP,Wolters Kluwer NV -Xetra,N/A,TRADEABLE,-,SHARES,KL
DSIUS,SI.D.DSIUS.CASH.IP,iShares ESG MSCI KLD 400 ETF,N/A,TRADEABLE,-,SHARES,KL
BANKHUADC,EP.D.BANKHUADC.CASH.IP,BankInvest - Hojt Udbytte Aktier KL,N/A,TRADEABLE,-,SHARES,KL
BAIUSALCD,EP.D.BAIUSALCD.CASH.IP,BankInvest - Value Globale Aktier KL,N/A,OFFLINE,-,SHARES,KL
KMCPNO,EL.D.KMCPNO.CASH.IP,KMC Properties ASA,N/A,OFFLINE,-,SHARES,KM
KMDAU,AB.D.KMDAU.CASH.IP,KMD Brands Limited,N/A,EDITS_ONLY,-,SHARES,KM
WIKG24IM,EF.D.WIKG24IM.CASH.IP,KME Group S.p.A. 2021 - 2024,N/A,OFFLINE,-,SHARES,KM
KUWPLN,KA.D.KUWPLN.CASH.IP,Kmefic Kuwait Equity Ucits ETF (GBp),N/A,OFFLINE,-,SHARES,KM
KUW8LN,KA.D.KUW8LN.CASH.IP,Kmefic Kuwait Equity Ucits ETF (USD),N/A,OFFLINE,-,SHARES,KM
KNUS,SD.D.KNUS.CASH.IP,Knowles Corp,N/A,TRADEABLE,-,SHARES,KN
KNFP,EC.D.KNFP.CASH.IP,Natixis,N/A,OFFLINE,-,SHARES,KN
KNLUS,SD.D.KNLUS.CASH.IP,Knoll Inc,N/A,CLOSED,-,SHARES,KN
KNOWSS,EH.D.KNOWSS.CASH.IP,Knowit AB (publ),N/A,TRADEABLE,-,SHARES,KN
KNBEUS,UB.D.KNBEUS.CASH.IP,KnowBe4 Inc,N/A,CLOSED,-,SHARES,KN
KNMAU,AB.D.KNMAU.CASH.IP,KNeoMedia Limited,N/A,CLOSED,-,SHARES,KN
KNFUS,SD.D.KNFUS.CASH.IP,Knife River Corp,N/A,TRADEABLE,-,SHARES,KN
KSCPUS,UB.D.KSCPUS.CASH.IP,Knightscope Inc,N/A,TRADEABLE,-,SHARES,KN
KBXGY,ED.D.KBXGY.CASH.IP,Knorr-Bremse AG,N/A,TRADEABLE,-,SHARES,KN
KNOAU,AB.D.KNOAU.CASH.IP,Knosys Limited,N/A,EDITS_ONLY,-,SHARES,KN
KNOPUS,SD.D.KNOPUS.CASH.IP,KNOT Offshore Partners LP,N/A,TRADEABLE,-,SHARES,KN
KNXUS,SD.D.KNXUS.CASH.IP,Knight Transportation Inc,N/A,TRADEABLE,-,SHARES,KN
KGHLN,KA.D.KGHLN.CASH.IP,Knights Group Holdings PLC,N/A,TRADEABLE,-,SHARES,KN
BKFSUS,SA.D.BKFSUS.CASH.IP,Black Knight Financial Services Inc,N/A,CLOSED,-,SHARES,KN
K2APREFSS,EH.D.K2APREFSS.CASH.IP,K2A Knaust & Andersson Fastigheter AB (publ),N/A,TRADEABLE,-,SHARES,KN
K2ABSS,EH.D.K2ABSS.CASH.IP,K2A Knaust & Andersson Fastigheter AB (publ),N/A,TRADEABLE,-,SHARES,KN
KLEMUS,SI.D.KLEMUS.CASH.IP,Gavekal Knowledge Leaders Emerging Markets ETF,N/A,OFFLINE,-,SHARES,KN
6524JT,AJ.D.6524JT.CASH.IP,Kohoku Kogyo Co Ltd,N/A,EDITS_ONLY,-,SHARES,KO
KSS,SD.D.KSS.CASH.IP,Kohl's Corp,N/A,TRADEABLE,-,SHARES,KO
KNEBV,EB.D.KNEBV.CASH.IP,Kone OYJ,N/A,TRADEABLE,-,SHARES,KO
SANTGY,ED.D.SANTGY.CASH.IP,Kontron AG,N/A,TRADEABLE,-,SHARES,KO
KOOLN,KC.D.KOOLN.CASH.IP,Kooth Plc,N/A,TRADEABLE,-,SHARES,KO
KOOVLN,KC.D.KOOVLN.CASH.IP,Koovs PLC,N/A,CLOSED,-,SHARES,KO
KOAAU,AB.D.KOAAU.CASH.IP,Koala Co Ltd/The,N/A,EDITS_ONLY,-,SHARES,KO
5406JT,AJ.D.5406JT.CASH.IP,Kobe Steel Ltd,N/A,EDITS_ONLY,-,SHARES,KO
KDKUS,UB.D.KDKUS.CASH.IP,Kodiak AI Inc,N/A,TRADEABLE,-,SHARES,KO
4167JT,AJ.D.4167JT.CASH.IP,Kokopelli Inc,N/A,EDITS_ONLY,-,SHARES,KO
6301JT,AJ.D.6301JT.CASH.IP,Komatsu Ltd,N/A,EDITS_ONLY,-,SHARES,KO
KONAUS,UB.D.KONAUS.CASH.IP,Kona Grill Inc,N/A,CLOSED,-,SHARES,KO
FREQUS,UB.D.FREQUS.CASH.IP,Korro Bio Inc,N/A,TRADEABLE,-,SHARES,KO
KOVAU,AB.D.KOVAU.CASH.IP,Korvest Ltd,N/A,EDITS_ONLY,-,SHARES,KO
KOJAMOFH,EB.D.KOJAMOFH.CASH.IP,Lumo Kodit Oyj,N/A,TRADEABLE,-,SHARES,KO
8928JT,AJ.D.8928JT.CASH.IP,Anabuki Kosan Inc,N/A,EDITS_ONLY,-,SHARES,KO
6999JT,AJ.D.6999JT.CASH.IP,KOA Corporation,N/A,EDITS_ONLY,-,SHARES,KO
4922JT,AJ.D.4922JT.CASH.IP,KOSE Corporation,N/A,EDITS_ONLY,-,SHARES,KO
KOBAU,AB.D.KOBAU.CASH.IP,Koba Resources Ltd,N/A,EDITS_ONLY,-,SHARES,KO
KODLN,KC.D.KODLN.CASH.IP,Kodal Minerals PLC,N/A,TRADEABLE,-,SHARES,KO
KODUS,UB.D.KODUS.CASH.IP,Kodiak Sciences Inc,N/A,TRADEABLE,-,SHARES,KO
SKBGY,ED.D.SKBGY.CASH.IP,Koenig & Bauer AG,N/A,TRADEABLE,-,SHARES,KO
KOMNSW,EJ.D.KOMNSW.CASH.IP,Komax Holding AG - Reg,N/A,TRADEABLE,-,SHARES,KO
6349JT,AJ.D.6349JT.CASH.IP,Komori Corporation,N/A,EDITS_ONLY,-,SHARES,KO
KCR1V,EB.D.KCR1V.CASH.IP,Konecranes OYJ,N/A,TRADEABLE,-,SHARES,KO
KOGNO,EL.D.KOGNO.CASH.IP,Kongsberg Gruppen AS,N/A,TRADEABLE,-,SHARES,KO
KMARNO,EL.D.KMARNO.CASH.IP,Kongsberg Maritime AS,N/A,TRADEABLE,-,SHARES,KO
4902JT,AJ.D.4902JT.CASH.IP,Konica Minolta Inc,N/A,EDITS_ONLY,-,SHARES,KO
KPN,EG.D.KPN.CASH.IP,Koninklijke KPN NV,N/A,TRADEABLE,-,SHARES,KP
9274JT,AJ.D.9274JT.CASH.IP,"KPP GROUP HOLDINGS CO.,LTD",N/A,EDITS_ONLY,-,SHARES,KP
KR,SD.D.KR.CASH.IP,Kroger Co (24 Hours),N/A,TRADEABLE,-,SHARES,KR
KR1PZ,KC.D.KR1PZ.CASH.IP,KR1 PLC,N/A,TRADEABLE,-,SHARES,KR
DNUTUS,UB.D.DNUTUS.CASH.IP,Krispy Kreme Inc,N/A,TRADEABLE,-,SHARES,KR
KRMLN,KC.D.KRMLN.CASH.IP,KRM22 PLC,N/A,TRADEABLE,-,SHARES,KR
KRN,ED.D.KRN.CASH.IP,Krones AG,N/A,TRADEABLE,-,SHARES,KR
KRPZLN,KC.D.KRPZLN.CASH.IP,Kropz PLC,N/A,TRADEABLE,-,SHARES,KR
KRIGA,ER.D.KRIGA.CASH.IP,Kri-Kri Milk Industry SA,N/A,TRADEABLE,-,SHARES,KR
KREDC,EP.D.KREDC.CASH.IP,Kreditbanken,N/A,TRADEABLE,-,SHARES,KR
KRONUS,UB.D.KRONUS.CASH.IP,Kronos Bio Inc,N/A,CLOSED,-,SHARES,KR
9687JT,AJ.D.9687JT.CASH.IP,KSK Company Limited,N/A,EDITS_ONLY,-,SHARES,KS
KSK,KA.D.KSK.CASH.IP,KSK Power Ventur PLC,N/A,CLOSED,-,SHARES,KS
KTUS,SD.D.KTUS.CASH.IP,KT Corporation,N/A,TRADEABLE,-,SHARES,KT
7KTGY,ED.D.7KTGY.CASH.IP,KTG Agrar SE,N/A,CLOSED,-,SHARES,KT
KTKAU,AB.D.KTKAU.CASH.IP,KTEK Aerosystems Ltd,N/A,EDITS_ONLY,-,SHARES,KT
KBNTUS,UB.D.KBNTUS.CASH.IP,Kubient Inc,N/A,ON_AUCTION,-,SHARES,KU
6326JT,AJ.D.6326JT.CASH.IP,Kubota Corp,N/A,EDITS_ONLY,-,SHARES,KU
KUD,EJ.D.KUD.CASH.IP,Kudelski SA,N/A,TRADEABLE,-,SHARES,KU
KLEDSS,EH.D.KLEDSS.CASH.IP,Kungsleden AB,N/A,OFFLINE,-,SHARES,KU
2695JT,AJ.D.2695JT.CASH.IP,Kura Sushi Inc,N/A,EDITS_ONLY,-,SHARES,KU
3405JT,AJ.D.3405JT.CASH.IP,Kuraray Co Ltd,N/A,EDITS_ONLY,-,SHARES,KU
KGDAU,AB.D.KGDAU.CASH.IP,Kula Gold Limited,N/A,CLOSED,-,SHARES,KU
KNIAU,AB.D.KNIAU.CASH.IP,Kuniko Limited,N/A,EDITS_ONLY,-,SHARES,KU
KURAUS,UB.D.KURAUS.CASH.IP,Kura Oncology Inc,N/A,TRADEABLE,-,SHARES,KU
KRUSUS,UB.D.KRUSUS.CASH.IP,Kura Sushi USA Inc,N/A,TRADEABLE,-,SHARES,KU
5216JT,AJ.D.5216JT.CASH.IP,Kuramoto Co Ltd,N/A,EDITS_ONLY,-,SHARES,KU
4023JT,AJ.D.4023JT.CASH.IP,Kureha Corporation,N/A,EDITS_ONLY,-,SHARES,KU
5602JT,AJ.D.5602JT.CASH.IP,Kurimoto Limited,N/A,EDITS_ONLY,-,SHARES,KU
135HK,AC.D.135HK.CASH.IP,Kunlun Energy Co Ltd,N/A,EDITS_ONLY,-,SHARES,KU
KULRUS,SI.D.KULRUS.CASH.IP,KULR Technology Group Inc,N/A,TRADEABLE,-,SHARES,KU
9856JT,AJ.D.9856JT.CASH.IP,Ku Holdings Company Limited,N/A,EDITS_ONLY,-,SHARES,KU
KUKEUS,SD.D.KUKEUS.CASH.IP,Kuke Music Holding Limited,N/A,OFFLINE,-,SHARES,KU
KLICUS,UB.D.KLICUS.CASH.IP,Kulicke & Soffa Industries Inc,N/A,TRADEABLE,-,SHARES,KU
6370JT,AJ.D.6370JT.CASH.IP,Kurita Water Industries Ltd,N/A,EDITS_ONLY,-,SHARES,KU
KURNSW,EJ.D.KURNSW.CASH.IP,Kuros Biosciences AG,N/A,TRADEABLE,-,SHARES,KU
DGLYUS,UB.D.DGLYUS.CASH.IP,Kustom Entertainment Inc,N/A,ON_AUCTION,-,SHARES,KU
LKUULN,KA.D.LKUULN.CASH.IP,Lyxor UCITS ETF Kuwait (FTSE Coast Kuwait 40) - LKUU,N/A,OFFLINE,-,SHARES,KU
LKUWLN,KA.D.LKUWLN.CASH.IP,Lyxor UCITS ETF Kuwait (FTSE Coast Kuwait 40) - LKUW,N/A,OFFLINE,-,SHARES,KU
1024HK,AC.D.1024HK.CASH.IP,Kuaishou Technology,N/A,EDITS_ONLY,-,SHARES,KU
KNINSW,EJ.D.KNINSW.CASH.IP,Kuehne + Nagel International AG,N/A,TRADEABLE,-,SHARES,KU
4996JT,AJ.D.4996JT.CASH.IP,Kumiai Chemical Industry Company Limited,N/A,EDITS_ONLY,-,SHARES,KU
KQQQUS,UB.D.KQQQUS.CASH.IP,Kurv Technology Titans Select ETF,N/A,TRADEABLE,-,SHARES,KU
KVHIUS,UB.D.KVHIUS.CASH.IP,KVH Industries Inc,N/A,TRADEABLE,-,SHARES,KV
KWUS,SD.D.KWUS.CASH.IP,Kennedy-Wilson Holdings Inc,N/A,TRADEABLE,-,SHARES,KW
KWSGY,ED.D.KWSGY.CASH.IP,KWS Saat AG,N/A,TRADEABLE,-,SHARES,KW
1813HK,AC.D.1813HK.CASH.IP,KWG Group Holdings Limited,N/A,EDITS_ONLY,-,SHARES,KW
3913HK,AC.D.3913HK.CASH.IP,KWG Living Group Holdings Limited,N/A,EDITS_ONLY,-,SHARES,KW
KLIPUS,SI.D.KLIPUS.CASH.IP,KraneShares KWEB Covered Call Strategy ETF,N/A,TRADEABLE,-,SHARES,KW
7242JT,AJ.D.7242JT.CASH.IP,KYB Corp,N/A,EDITS_ONLY,-,SHARES,KY
KYKAU,AB.D.KYKAU.CASH.IP,Kyckr Limited,N/A,CLOSED,-,SHARES,KY
FGENUS,UB.D.FGENUS.CASH.IP,Kyntra Bio Inc,N/A,TRADEABLE,-,SHARES,KY
6971JT,AJ.D.6971JT.CASH.IP,Kyocera Corp,N/A,EDITS_ONLY,-,SHARES,KY
KYIVUS,UB.D.KYIVUS.CASH.IP,Kyivstar Group Ltd,N/A,TRADEABLE,-,SHARES,KY
KYOUS,SD.D.KYOUS.CASH.IP,Kyocera Corp - ADR,N/A,ON_AUCTION,-,SHARES,KY
5440JT,AJ.D.5440JT.CASH.IP,Kyoei Steel Limited,N/A,EDITS_ONLY,-,SHARES,KY
8369JT,AJ.D.8369JT.CASH.IP,The Bank of Kyoto Limited,N/A,CLOSED,-,SHARES,KY
UPM1V,EB.D.UPM1V.CASH.IP,UPM-Kymmene OYJ,N/A,TRADEABLE,-,SHARES,KY
9010JT,AJ.D.9010JT.CASH.IP,Fuji Kyuko Company Limited,N/A,EDITS_ONLY,-,SHARES,KY
KYMRUS,UB.D.KYMRUS.CASH.IP,Kymera Therapeutics Inc,N/A,TRADEABLE,-,SHARES,KY
9130JT,AJ.D.9130JT.CASH.IP,Kyoei Tanker Company Limited,N/A,EDITS_ONLY,-,SHARES,KY
1301JT,AJ.D.1301JT.CASH.IP,Kyokuyo Company Limited,N/A,EDITS_ONLY,-,SHARES,KY
5844JT,AJ.D.5844JT.CASH.IP,Kyoto Financial Group Inc,N/A,EDITS_ONLY,-,SHARES,KY
4151JT,AJ.D.4151JT.CASH.IP,Kyowa Kirin Company Limited,N/A,EDITS_ONLY,-,SHARES,KY
1959JT,AJ.D.1959JT.CASH.IP,Kyudenko Corporation,N/A,EDITS_ONLY,-,SHARES,KY
9508JT,AJ.D.9508JT.CASH.IP,Kyushu Electric Power Co Inc,N/A,EDITS_ONLY,-,SHARES,KY
7180JT,AJ.D.7180JT.CASH.IP,Kyushu Financial Group Inc,N/A,EDITS_ONLY,-,SHARES,KY
9142JT,AJ.D.9142JT.CASH.IP,Kyushu Railway Company,N/A,EDITS_ONLY,-,SHARES,KY
KYTXUS,UB.D.KYTXUS.CASH.IP,Kyverna Therapeutics Inc,N/A,TRADEABLE,-,SHARES,KY
4714JT,AJ.D.4714JT.CASH.IP,Riso Kyoiku Company Limited,N/A,EDITS_ONLY,-,SHARES,KY
8361JT,AJ.D.8361JT.CASH.IP,The Ogaki Kyoritsu Bank Limited,N/A,EDITS_ONLY,-,SHARES,KY
4569JT,AJ.D.4569JT.CASH.IP,KYORIN Pharmaceutical Company Limited,N/A,EDITS_ONLY,-,SHARES,KY
9685JT,AJ.D.9685JT.CASH.IP,Kycom Holdings Company Limited,N/A,EDITS_ONLY,-,SHARES,KY
7914JT,AJ.D.7914JT.CASH.IP,Kyodo Printing Company Limited,N/A,EDITS_ONLY,-,SHARES,KY
7226JT,AJ.D.7226JT.CASH.IP,Kyokuto Kaihatsu Kogyo Company Limited,N/A,EDITS_ONLY,-,SHARES,KY
8706JT,AJ.D.8706JT.CASH.IP,Kyokuto Securities Company Limited,N/A,EDITS_ONLY,-,SHARES,KY
9616JT,AJ.D.9616JT.CASH.IP,Kyoritsu Maintenance Company Limited,N/A,EDITS_ONLY,-,SHARES,KY
6485JT,AJ.D.6485JT.CASH.IP,Maezawa Kyuso Industries Company Limited,N/A,EDITS_ONLY,-,SHARES,KY
6742JT,AJ.D.6742JT.CASH.IP,Kyosan Electric Manufacturing Company Limited,N/A,EDITS_ONLY,-,SHARES,KY
LAIXUS,SD.D.LAIXUS.CASH.IP,LAIX Inc,N/A,CLOSED,-,SHARES,LA
LXS,ED.D.LXS.CASH.IP,LANXESS AG,N/A,TRADEABLE,-,SHARES,LA
LDIM,EF.D.LDIM.CASH.IP,La Dori ASA,N/A,OFFLINE,-,SHARES,LA
LZBUS,SD.D.LZBUS.CASH.IP,La-Z-Boy Inc,N/A,TRADEABLE,-,SHARES,LA
2105HK,AC.D.2105HK.CASH.IP,Laekna Inc,N/A,EDITS_ONLY,-,SHARES,LA
LGOCN,KN.D.LGOCN.CASH.IP,Largo Inc,N/A,TRADEABLE,-,SHARES,LA
LGOUS,UB.D.LGOUS.CASH.IP,Largo Inc,N/A,TRADEABLE,-,SHARES,LA
TSIAUS,UD.D.TSIAUS.CASH.IP,Latch Inc,N/A,OFFLINE,-,SHARES,LA
2651JT,AJ.D.2651JT.CASH.IP,Lawson Inc,N/A,CLOSED,-,SHARES,LA
LAZUS,SD.D.LAZUS.CASH.IP,Lazard Inc,N/A,TRADEABLE,-,SHARES,LA
272HK,AC.D.272HK.CASH.IP,Shui On Land Ltd,N/A,EDITS_ONLY,-,SHARES,LA
ALFA,EH.D.ALFA.CASH.IP,Alfa Laval AB,N/A,TRADEABLE,-,SHARES,LA
MMB,EC.D.MMB.CASH.IP,Lagardere SCA,N/A,TRADEABLE,-,SHARES,LA
LAM,KA.D.LAM.CASH.IP,Lamprell PLC,N/A,CLOSED,-,SHARES,LA
LASPDC,EP.D.LASPDC.CASH.IP,Lan & Spar Bank,N/A,TRADEABLE,-,SHARES,LA
LMRTSP,AG.D.LMRTSP.CASH.IP,Landmark REIT,N/A,CLOSED,-,SHARES,LA
LEUS,UB.D.LEUS.CASH.IP,Lands' End Inc,N/A,TRADEABLE,-,SHARES,LA
LCIUS,SD.D.LCIUS.CASH.IP,Lannett Co Inc,N/A,OFFLINE,-,SHARES,LA
LTRXUS,UB.D.LTRXUS.CASH.IP,Lantronix Inc,N/A,TRADEABLE,-,SHARES,LA
LATFP,EC.D.LATFP.CASH.IP,Latecoere SA,N/A,TRADEABLE,-,SHARES,LA
LAVIGA,ER.D.LAVIGA.CASH.IP,Lavipharm SA,N/A,TRADEABLE,-,SHARES,LA
MOBXUS,UC.D.MOBXUS.CASH.IP,Mobix Labs Inc,N/A,TRADEABLE,-,SHARES,LA
NAUS,UC.D.NAUS.CASH.IP,Nano Labs Ltd,N/A,TRADEABLE,-,SHARES,LA
PRLBUS,SE.D.PRLBUS.CASH.IP,Proto Labs Inc,N/A,TRADEABLE,-,SHARES,LA
6613JT,AJ.D.6613JT.CASH.IP,QD Laser Inc,N/A,EDITS_ONLY,-,SHARES,LA
LTODLI,PK.D.LTODLI.CASH.IP,Larsen & Toubro Ltd,N/A,TRADEABLE,-,SHARES,LA
ALABUS,UA.D.ALABUS.CASH.IP,Astera Labs Inc (24 Hours),N/A,TRADEABLE,-,SHARES,LA
A3DAU,AB.D.A3DAU.CASH.IP,Aurora Labs Limited,N/A,EDITS_ONLY,-,SHARES,LA
GOVXUS,UB.D.GOVXUS.CASH.IP,GeoVax Labs Inc,N/A,TRADEABLE,-,SHARES,LA
HLNEUS,UB.D.HLNEUS.CASH.IP,Hamilton Lane Inc,N/A,TRADEABLE,-,SHARES,LA
3857JT,AJ.D.3857JT.CASH.IP,LAC Company Limited,N/A,CLOSED,-,SHARES,LA
ADVAU,AB.D.ADVAU.CASH.IP,Lac Gold Limited,N/A,EDITS_ONLY,-,SHARES,LA
LGUS,SD.D.LGUS.CASH.IP,Laclede Group Inc,N/A,TRADEABLE,-,SHARES,LA
CYTRUS,UA.D.CYTRUS.CASH.IP,LadRx Corporation,N/A,OFFLINE,-,SHARES,LA
LSFUS,SI.D.LSFUS.CASH.IP,Laird Superfood Inc,N/A,TRADEABLE,-,SHARES,LA
LKEAU,AB.D.LKEAU.CASH.IP,Lake Resources NL,N/A,EDITS_ONLY,-,SHARES,LA
LRCX,UB.D.LRCX.CASH.IP,Lam Research Corp (24 Hours),N/A,TRADEABLE,-,SHARES,LA
LBUS,SD.D.LBUS.CASH.IP,Landbridge Co LLC,N/A,TRADEABLE,-,SHARES,LA
LBCT,KN.D.LBCT.CASH.IP,Laurentian Bank of Canada,N/A,TRADEABLE,-,SHARES,LB
IEHLN,KA.D.IEHLN.CASH.IP,Lb-shell,N/A,CLOSED,-,SHARES,LB
FSTRUS,UB.D.FSTRUS.CASH.IP,LB Foster Co,N/A,TRADEABLE,-,SHARES,LB
LBGLN,KC.D.LBGLN.CASH.IP,LBG Media PLC,N/A,TRADEABLE,-,SHARES,LB
LBTOAU,AB.D.LBTOAU.CASH.IP,LBT Innovations Ltd Options @ AUD 0.005 EXP 13/09/2024,N/A,CLOSED,-,SHARES,LB
LCUS,SD.D.LCUS.CASH.IP,LendingClub Corp,N/A,TRADEABLE,-,SHARES,LC
LCNBUS,UB.D.LCNBUS.CASH.IP,LCNB Corporation,N/A,TRADEABLE,-,SHARES,LC
MNCAU,AF.D.MNCAU.CASH.IP,LCL Resources Limited,N/A,EDITS_ONLY,-,SHARES,LC
LDLFP,EC.D.LDLFP.CASH.IP,Groupe LDLC,N/A,TRADEABLE,-,SHARES,LD
LDRHUS,UB.D.LDRHUS.CASH.IP,LDR Holding Corp,N/A,CLOSED,-,SHARES,LD
ECFAU,AB.D.ECFAU.CASH.IP,LDR Capital Property Fund,N/A,EDITS_ONLY,-,SHARES,LD
7874JT,AJ.D.7874JT.CASH.IP,LEC Inc,N/A,EDITS_ONLY,-,SHARES,LE
LSSFP,EC.D.LSSFP.CASH.IP,Lectra,N/A,TRADEABLE,-,SHARES,LE
LLC,AA.D.LLC.CASH.IP,Lend Lease Group,N/A,EDITS_ONLY,-,SHARES,LE
LNSRUS,UB.D.LNSRUS.CASH.IP,LENSAR Inc,N/A,TRADEABLE,-,SHARES,LE
LEAUS,SD.D.LEAUS.CASH.IP,Lear Corp,N/A,TRADEABLE,-,SHARES,LE
LRFP,EC.D.LRFP.CASH.IP,Legrand SA,N/A,TRADEABLE,-,SHARES,LE
LNTALI,PK.D.LNTALI.CASH.IP,Lenta Ltd,N/A,CLOSED,-,SHARES,LE
LNZAV,EK.D.LNZAV.CASH.IP,Lenzing AG,N/A,TRADEABLE,-,SHARES,LE
LEO,ED.D.LEO.CASH.IP,Leoni AG,N/A,CLOSED,-,SHARES,LE
LEONSW,EJ.D.LEONSW.CASH.IP,Leonteq AG,N/A,TRADEABLE,-,SHARES,LE
LESLUS,UB.D.LESLUS.CASH.IP,Leslie's Inc,N/A,TRADEABLE,-,SHARES,LE
AIRLUS,SA.D.AIRLUS.CASH.IP,Air Lease Corp,N/A,CLOSED,-,SHARES,LE
LEANO,EL.D.LEANO.CASH.IP,Lea Bank ASA,N/A,OFFLINE,-,SHARES,LE
LEADDFH,EB.D.LEADDFH.CASH.IP,LeadDesk Oy,N/A,TRADEABLE,-,SHARES,LE
LECNSW,EJ.D.LECNSW.CASH.IP,Leclanche SA,N/A,SUSPENDED,-,SHARES,LE
LGNUS,UB.D.LGNUS.CASH.IP,Legence Corp,N/A,TRADEABLE,-,SHARES,LE
LEIGY,ED.D.LEIGY.CASH.IP,Leifheit AG,N/A,TRADEABLE,-,SHARES,LE
LMNDUS,SD.D.LMNDUS.CASH.IP,Lemonade Inc (24 Hours),N/A,TRADEABLE,-,SHARES,LE
LEMONFH,EB.D.LEMONFH.CASH.IP,Lemonsoft Oyj,N/A,TRADEABLE,-,SHARES,LE
LEN,SD.D.LEN.CASH.IP,Lennar Corp (24 Hours),N/A,TRADEABLE,-,SHARES,LE
LEOSS,EH.D.LEOSS.CASH.IP,LeoVegas AB,N/A,OFFLINE,-,SHARES,LE
ATHAUS,UA.D.ATHAUS.CASH.IP,LeonaBio Inc,N/A,TRADEABLE,-,SHARES,LE
PLPAU,AB.D.PLPAU.CASH.IP,Lepidico Ltd,N/A,CLOSED,-,SHARES,LE
3PLAU,AB.D.3PLAU.CASH.IP,3P Learning Limited,N/A,EDITS_ONLY,-,SHARES,LE
ALGGY,ED.D.ALGGY.CASH.IP,Albis Leasing AG,N/A,OFFLINE,-,SHARES,LE
GNLUS,SC.D.GNLUS.CASH.IP,Global Net Lease Inc,N/A,TRADEABLE,-,SHARES,LE
HLASP,AG.D.HLASP.CASH.IP,Hong Leong Asia Ltd,N/A,EDITS_ONLY,-,SHARES,LE
MCMJUS,UC.D.MCMJUS.CASH.IP,Leafly Holdings Inc,N/A,OFFLINE,-,SHARES,LE
LEEUS,SD.D.LEEUS.CASH.IP,Lee Enterprises Inc,N/A,TRADEABLE,-,SHARES,LE
LDSGLN,KC.D.LDSGLN.CASH.IP,Leeds Group PLC,N/A,CLOSED,-,SHARES,LE
LM1AU,AB.D.LM1AU.CASH.IP,Leeuwin Metals Ltd,N/A,EDITS_ONLY,-,SHARES,LE
EVLVUS,UB.D.EVLVUS.CASH.IP,Legacy IMBDS Inc,N/A,CLOSED,-,SHARES,LE
LGCYUS,UB.D.LGCYUS.CASH.IP,Legacy Reserves LP,N/A,CLOSED,-,SHARES,LE
LZUS,UB.D.LZUS.CASH.IP,LegalZoom.com Inc,N/A,TRADEABLE,-,SHARES,LE
LEGAU,AB.D.LEGAU.CASH.IP,Legend Mining Ltd,N/A,EDITS_ONLY,-,SHARES,LE
LGIHUS,UB.D.LGIHUS.CASH.IP,LGI Homes Inc,N/A,TRADEABLE,-,SHARES,LG
LGIAU,AB.D.LGIAU.CASH.IP,LGI Limited,N/A,EDITS_ONLY,-,SHARES,LG
LGLUS,SI.D.LGLUS.CASH.IP,The LGL Group Inc,N/A,TRADEABLE,-,SHARES,LG
LPL,SD.D.LPL.CASH.IP,LG Display Co Ltd - ADR,N/A,TRADEABLE,-,SHARES,LG
LGBPLN,KA.D.LGBPLN.CASH.IP,ETFS Long GBP Short USD - LGBP,N/A,TRADEABLE,-,SHARES,LG
LGLWSUS,SD.D.LGLWSUS.CASH.IP,The LGL Group Inc - Warrants,N/A,CLOSED,-,SHARES,LG
LGCFLN,KA.D.LGCFLN.CASH.IP,Invesco LGIM Commodity Composite UCITS ETF,N/A,CLOSED,-,SHARES,LG
LGCULN,KA.D.LGCULN.CASH.IP,Invesco LGIM Commodity Composite UCITS ETF,N/A,CLOSED,-,SHARES,LG
LH,SD.D.LH.CASH.IP,Labcorp Holdings Inc (24 Hours),N/A,TRADEABLE,-,SHARES,LH
LHCGUS,UB.D.LHCGUS.CASH.IP,LHC Group Inc,N/A,CLOSED,-,SHARES,LH
FIIFP,EC.D.FIIFP.CASH.IP,LISI,N/A,TRADEABLE,-,SHARES,LI
LJGRBSS,EH.D.LJGRBSS.CASH.IP,Atrium Ljungberg AB,N/A,TRADEABLE,-,SHARES,LJ
LKUS,UB.D.LKUS.CASH.IP,Luckin Coffee Inc - ADR,N/A,OFFLINE,-,SHARES,LK
LKQXUS,UB.D.LKQXUS.CASH.IP,LKQ Corp (24 Hours),N/A,TRADEABLE,-,SHARES,LK
LLUS,SD.D.LLUS.CASH.IP,LL Flooring Holdings PLC,N/A,CLOSED,-,SHARES,LL
LNCOUS,UB.D.LNCOUS.CASH.IP,LinnCo LLC,N/A,CLOSED,-,SHARES,LL
TGPUS,SG.D.TGPUS.CASH.IP,Seapeak LLC,N/A,CLOSED,-,SHARES,LL
TBLDLN,KA.D.TBLDLN.CASH.IP,tinyBuild LLC,N/A,TRADEABLE,-,SHARES,LL
EFSHUS,SI.D.EFSHUS.CASH.IP,1847 Holdings LLC,N/A,CLOSED,-,SHARES,LL
LPROUS,UB.D.LPROUS.CASH.IP,Open Lending LLC,N/A,TRADEABLE,-,SHARES,LL
RVLVUS,SG.D.RVLVUS.CASH.IP,Revolve Group LLC,N/A,TRADEABLE,-,SHARES,LL
UFPI,UD.D.UFPI.CASH.IP,UFP Packaging LLC,N/A,TRADEABLE,-,SHARES,LL
SEATUS,UD.D.SEATUS.CASH.IP,Vivid Seats LLC,N/A,TRADEABLE,-,SHARES,LL
VIRIUS,UD.D.VIRIUS.CASH.IP,Dogwood Therapeutics LLC,N/A,TRADEABLE,-,SHARES,LL
EFCUS,SB.D.EFCUS.CASH.IP,Ellington Financial LLC,N/A,TRADEABLE,-,SHARES,LL
ENLCUS,SB.D.ENLCUS.CASH.IP,EnLink Midstream LLC,N/A,CLOSED,-,SHARES,LL
FPHUS,SC.D.FPHUS.CASH.IP,Five Point Holdings LLC,N/A,TRADEABLE,-,SHARES,LL
GBLIUS,UB.D.GBLIUS.CASH.IP,Global Indemnity Group LLC - A,N/A,TRADEABLE,-,SHARES,LL
GEPLN,KA.D.GEPLN.CASH.IP,Lloyd Growth Equity UCITS ETF,N/A,TRADEABLE,-,SHARES,LL
LYGUS,SD.D.LYGUS.CASH.IP,Lloyds Banking Group PLC - ADR,N/A,TRADEABLE,-,SHARES,LL
MGPUS,SE.D.MGPUS.CASH.IP,MGM Growth Properties LLC,N/A,CLOSED,-,SHARES,LL
NFEUS,UC.D.NFEUS.CASH.IP,New Fortress Energy LLC (24 Hours),N/A,TRADEABLE,-,SHARES,LL
SDLPUS,SG.D.SDLPUS.CASH.IP,Seadrill Partners LLC,N/A,CLOSED,-,SHARES,LL
TAUS,SG.D.TAUS.CASH.IP,TravelCenters of America LLC,N/A,CLOSED,-,SHARES,LL
WESTUS,UD.D.WESTUS.CASH.IP,Westrock Coffee Company LLC,N/A,TRADEABLE,-,SHARES,LL
BLPHUS,UA.D.BLPHUS.CASH.IP,Bellerophon Therapeutics LLC,N/A,CLOSED,-,SHARES,LL
CODIUS,SB.D.CODIUS.CASH.IP,Compass Diversified Holdings LLC,N/A,TRADEABLE,-,SHARES,LL
LLNSM,EI.D.LLNSM.CASH.IP,Lleidanetworks Serveis Telematics SA,N/A,TRADEABLE,-,SHARES,LL
FEPLN,KA.D.FEPLN.CASH.IP,Lloyd Focused Equity UCITS ETF,N/A,TRADEABLE,-,SHARES,LL
LLPDLN,KC.D.LLPDLN.CASH.IP,Lloyds Banking Group PLC (LLPD) 9.75 PERP,N/A,TRADEABLE,-,SHARES,LL
LLOYPB,KC.D.LLOYPB.CASH.IP,Lloyds Banking Group PLC 6.475% Pfd,N/A,ON_AUCTION,-,SHARES,LL
LLOYPF,KC.D.LLOYPF.CASH.IP,Lloyds Banking Group PLC 9.25% Pfd,N/A,TRADEABLE,-,SHARES,LL
MIC,SE.D.MIC.CASH.IP,Macquarie Infrastructure Co LLC,N/A,CLOSED,-,SHARES,LL
IPDNUS,UB.D.IPDNUS.CASH.IP,Professional Diversity Network LLC,N/A,TRADEABLE,-,SHARES,LL
WBIUS,SH.D.WBIUS.CASH.IP,WaterBridge Infrastructure LLC,N/A,TRADEABLE,-,SHARES,LL
ZNTLUS,UD.D.ZNTLUS.CASH.IP,Zentalis Pharmaceuticals LLC,N/A,TRADEABLE,-,SHARES,LL
EP055296E,SB.D.EP055296E.CASH.IP,Brookfield Oaktree Holdings LLC Preferred Shares Series A,N/A,TRADEABLE,-,SHARES,LL
FTAIUS,SC.D.FTAIUS.CASH.IP,Fortress Transportation and Infrastructure Investors LLC,N/A,TRADEABLE,-,SHARES,LL
3LLLLN,KA.D.3LLLLN.CASH.IP,GraniteShares 3x Long Lloyds Banking Group Daily ETP,N/A,TRADEABLE,-,SHARES,LL
3SLLLN,KA.D.3SLLLN.CASH.IP,GraniteShares 3x Short Lloyds Banking Group Daily ETP,N/A,TRADEABLE,-,SHARES,LL
LMSLN,KA.D.LMSLN.CASH.IP,LMS Capital PLC,N/A,TRADEABLE,-,SHARES,LM
LMFAUS,UB.D.LMFAUS.CASH.IP,LM Funding America Inc,N/A,TRADEABLE,-,SHARES,LM
LMPXUS,UB.D.LMPXUS.CASH.IP,LMP Automotive Holdings Inc,N/A,OFFLINE,-,SHARES,LM
SCD,SG.D.SCD.CASH.IP,LMP Capital and Income Fund Inc,N/A,TRADEABLE,-,SHARES,LM
LNAFP,EC.D.LNAFP.CASH.IP,LNA Sante SA,N/A,TRADEABLE,-,SHARES,LN
SLLN,KA.D.SLLN.CASH.IP,Abrdn PLC,N/A,TRADEABLE,-,SHARES,LN
HMLPUS,SC.D.HMLPUS.CASH.IP,Hoegh LNG Partners LP,N/A,CLOSED,-,SHARES,LN
SWRDLN,KA.D.SWRDLN.CASH.IP,SPDR MSCI World UCITS ETF - SWRD LN,N/A,TRADEABLE,-,SHARES,LN
VECALN,KA.D.VECALN.CASH.IP,Vanguard EUR Corporate Bond UCITS ETF [VECA LN],N/A,TRADEABLE,-,SHARES,LN
LCFYUS,UB.D.LCFYUS.CASH.IP,Locafy Ltd,N/A,TRADEABLE,-,SHARES,LO
LTR,SD.D.LTR.CASH.IP,Loews Corp (24 Hours),N/A,TRADEABLE,-,SHARES,LO
TGHNGY,ED.D.TGHNGY.CASH.IP,Logwin AG,N/A,TRADEABLE,-,SHARES,LO
LMI,KA.D.LMI.CASH.IP,Lonmin PLC,N/A,ON_AUCTION,-,SHARES,LO
LOOMB,EH.D.LOOMB.CASH.IP,Loomis AB - B,N/A,TRADEABLE,-,SHARES,LO
LO24,ED.D.LO24.CASH.IP,Lotto24,N/A,OFFLINE,-,SHARES,LO
CACHE,AG.D.CACHE.CASH.IP,ARA LOGOS Logistics Trust,N/A,CLOSED,-,SHARES,LO
LCT,KN.D.LCT.CASH.IP,Loblaw Cos Ltd,N/A,TRADEABLE,-,SHARES,LO
NXTDUS,UC.D.NXTDUS.CASH.IP,LogicMark Inc,N/A,OFFLINE,-,SHARES,LO
LOGIASS,EH.D.LOGIASS.CASH.IP,Logistea AB (publ) - A,N/A,OFFLINE,-,SHARES,LO
LOGIBSS,EH.D.LOGIBSS.CASH.IP,Logistea AB (publ) - B,N/A,TRADEABLE,-,SHARES,LO
L4LSJ,AR.D.L4LSJ.CASH.IP,Long4Life Ltd,N/A,CLOSED,-,SHARES,LO
LONN,EJ.D.LONN.CASH.IP,Lonza Group AG,N/A,TRADEABLE,-,SHARES,LO
LOOK,KA.D.LOOK.CASH.IP,Lookers PLC,N/A,OFFLINE,-,SHARES,LO
LPTVUS,SI.D.LPTVUS.CASH.IP,Loop Media Inc,N/A,OFFLINE,-,SHARES,LO
TDACUS,UD.D.TDACUS.CASH.IP,Lottery.com,N/A,TRADEABLE,-,SHARES,LO
LGRSLN,KC.D.LGRSLN.CASH.IP,Loungers PLC,N/A,OFFLINE,-,SHARES,LO
LOW,SD.D.LOW.CASH.IP,Lowe's Cos Inc (24 Hours),N/A,TRADEABLE,-,SHARES,LO
SUMOUS,UD.D.SUMOUS.CASH.IP,Sumo Logic Inc,N/A,CLOSED,-,SHARES,LO
3984JT,AJ.D.3984JT.CASH.IP,User Local Inc,N/A,EDITS_ONLY,-,SHARES,LO
LDIUS,SD.D.LDIUS.CASH.IP,loanDepot Inc (24 Hours),N/A,TRADEABLE,-,SHARES,LO
MPLXUS,SE.D.MPLXUS.CASH.IP,MPLX LP,N/A,TRADEABLE,-,SHARES,LP
SUSPUS,SG.D.SUSPUS.CASH.IP,Sunoco LP,N/A,TRADEABLE,-,SHARES,LP
LPGUS,SD.D.LPGUS.CASH.IP,Dorian LPG Ltd,N/A,TRADEABLE,-,SHARES,LP
LPALN,KC.D.LPALN.CASH.IP,LPA Group PLC,N/A,TRADEABLE,-,SHARES,LP
SGUUS,SG.D.SGUUS.CASH.IP,Star Group LP,N/A,TRADEABLE,-,SHARES,LP
ARESUS,SA.D.ARESUS.CASH.IP,Ares Management LP,N/A,TRADEABLE,-,SHARES,LP
AHDUS,SA.D.AHDUS.CASH.IP,Atlas Energy LP,N/A,CLOSED,-,SHARES,LP
GLOPUS,SC.D.GLOPUS.CASH.IP,GasLog Partners LP,N/A,CLOSED,-,SHARES,LP
GELUS,SC.D.GELUS.CASH.IP,Genesis Energy LP,N/A,TRADEABLE,-,SHARES,LP
NSUS,SE.D.NSUS.CASH.IP,NuStar Energy LP,N/A,CLOSED,-,SHARES,LP
PBFXUS,SE.D.PBFXUS.CASH.IP,PBF Logistics LP,N/A,CLOSED,-,SHARES,LP
USDPUS,SH.D.USDPUS.CASH.IP,USD Partners LP,N/A,OFFLINE,-,SHARES,LP
BSMUS,SA.D.BSMUS.CASH.IP,Black Stone Minerals LP,N/A,TRADEABLE,-,SHARES,LP
CQPUS,SI.D.CQPUS.CASH.IP,Cheniere Energy Partners LP,N/A,TRADEABLE,-,SHARES,LP
CAPLUS,SB.D.CAPLUS.CASH.IP,CrossAmerica Partners LP,N/A,TRADEABLE,-,SHARES,LP
DKLUS,SB.D.DKLUS.CASH.IP,Delek Logistics Partners LP,N/A,TRADEABLE,-,SHARES,LP
DMLPUS,UB.D.DMLPUS.CASH.IP,Dorchester Minerals LP,N/A,TRADEABLE,-,SHARES,LP
ENBLUS,SB.D.ENBLUS.CASH.IP,Enable Midstream Partners LP,N/A,CLOSED,-,SHARES,LP
GLPUS,SC.D.GLPUS.CASH.IP,Global Partners LP/MA,N/A,TRADEABLE,-,SHARES,LP
GPPUS,UB.D.GPPUS.CASH.IP,Green Plains Partners LP,N/A,CLOSED,-,SHARES,LP
HESMUS,SC.D.HESMUS.CASH.IP,Hess Midstream Partners LP,N/A,TRADEABLE,-,SHARES,LP
HEPUS,SC.D.HEPUS.CASH.IP,Holly Energy Partners LP,N/A,CLOSED,-,SHARES,LP
KRPUS,SD.D.KRPUS.CASH.IP,Kimbell Royalty Partners LP,N/A,TRADEABLE,-,SHARES,LP
LPKGY,ED.D.LPKGY.CASH.IP,LPKF Laser & Electronics AG,N/A,TRADEABLE,-,SHARES,LP
LPLAUS,UB.D.LPLAUS.CASH.IP,LPL Financial Holdings Inc,N/A,TRADEABLE,-,SHARES,LP
MMLPUS,UC.D.MMLPUS.CASH.IP,Martin Midstream Partners LP,N/A,TRADEABLE,-,SHARES,LP
NGLUS,SE.D.NGLUS.CASH.IP,NGL Energy Partners LP,N/A,TRADEABLE,-,SHARES,LP
NRPUS,SE.D.NRPUS.CASH.IP,Natural Resource Partners LP,N/A,TRADEABLE,-,SHARES,LP
NMMUS,SE.D.NMMUS.CASH.IP,Navios Maritime Partners LP,N/A,TRADEABLE,-,SHARES,LP
OMPUS,SE.D.OMPUS.CASH.IP,Oasis Midstream Partners LP,N/A,CLOSED,-,SHARES,LP
PSXPUS,SE.D.PSXPUS.CASH.IP,Phillips 66 Partners LP,N/A,CLOSED,-,SHARES,LP
RTLRUS,UC.D.RTLRUS.CASH.IP,Rattler Midstream LP,N/A,CLOSED,-,SHARES,LP
YHCUS,UD.D.YHCUS.CASH.IP,LQR House Inc,N/A,TRADEABLE,-,SHARES,LQ
LQDGLN,KA.D.LQDGLN.CASH.IP,iShares $ Corporate Bond Interest Rate Hedged UCITS ETF - LQDG,N/A,OFFLINE,-,SHARES,LQ
LQDHLN,KA.D.LQDHLN.CASH.IP,iShares $ Corporate Bond Interest Rate Hedged UCITS ETF - LQDH,N/A,TRADEABLE,-,SHARES,LQ
LQGHLN,KA.D.LQGHLN.CASH.IP,iShares Public Limited Company - iShares $ Corp Bond UCITS ETF - LQGH,N/A,TRADEABLE,-,SHARES,LQ
YLRCLN,KA.D.YLRCLN.CASH.IP,IncomeShares Lam Research LRCX Options ETP,N/A,TRADEABLE,-,SHARES,LR
SSPYLN,KA.D.SSPYLN.CASH.IP,LS -5X Short SPY ETP,N/A,TRADEABLE,-,SHARES,LS
LXU,SD.D.LXU.CASH.IP,LSB Industries Inc,N/A,TRADEABLE,-,SHARES,LS
LYTSUS,UB.D.LYTSUS.CASH.IP,LSI Industries Inc,N/A,TRADEABLE,-,SHARES,LS
N91LN,KA.D.N91LN.CASH.IP,Ninety One Group - LSE,N/A,TRADEABLE,-,SHARES,LS
0I1BLN,KA.D.0I1BLN.CASH.IP,Colfax Corporation - LSE,N/A,OFFLINE,-,SHARES,LS
HBRNLN,KA.D.HBRNLN.CASH.IP,Hibernia REIT PLC - LSE,N/A,OFFLINE,-,SHARES,LS
IPCLN,KC.D.IPCLN.CASH.IP,International Paper Co [LSE],N/A,TRADEABLE,-,SHARES,LS
SPYSLN,KA.D.SPYSLN.CASH.IP,LS -5X Short SPY ETP - USD,N/A,TRADEABLE,-,SHARES,LS
1AMZLN,KA.D.1AMZLN.CASH.IP,LS 1x Amazon Tracker ETP,N/A,TRADEABLE,-,SHARES,LS
AMZNLN,KA.D.AMZNLN.CASH.IP,LS 1x Amazon Tracker ETP (GBP),N/A,TRADEABLE,-,SHARES,LS
ARKALN,KA.D.ARKALN.CASH.IP,LS ARK Innovation Tracker ETP,N/A,TRADEABLE,-,SHARES,LS
LSL,KA.D.LSL.CASH.IP,LSL Property Services PLC,N/A,TRADEABLE,-,SHARES,LS
LSPNA,EG.D.LSPNA.CASH.IP,LSP Life Sciences Fund NV,N/A,OFFLINE,-,SHARES,LS
LSXMAUS,UB.D.LSXMAUS.CASH.IP,LSXMA - Liberty SiriusXM Group,N/A,CLOSED,-,SHARES,LS
NASLLN,KA.D.NASLLN.CASH.IP,Lyxor Nasdaq-100 UCITS ETF - LSE,N/A,TRADEABLE,-,SHARES,LS
EGYLN,KC.D.EGYLN.CASH.IP,VAALCO Energy Inc - LSE,N/A,TRADEABLE,-,SHARES,LS
AXLLN,KC.D.AXLLN.CASH.IP,Arrow Exploration Corporation - LSE,N/A,TRADEABLE,-,SHARES,LS
JARLN,KA.D.JARLN.CASH.IP,Jardine Matheson Holdings Limited - LSE,N/A,OFFLINE,-,SHARES,LS
1ARWLN,KA.D.1ARWLN.CASH.IP,LS ARK NextGen Internet Tracker ETP,N/A,TRADEABLE,-,SHARES,LS
LTSVLN,KA.D.LTSVLN.CASH.IP,LS Short Volatility Long Tech ETP,N/A,TRADEABLE,-,SHARES,LS
PGD,KC.D.PGD.CASH.IP,Patagonia Gold Corporation - LSE,N/A,OFFLINE,-,SHARES,LS
WDSLN,KC.D.WDSLN.CASH.IP,Woodside Energy Group Limited - LSE,N/A,CLOSED,-,SHARES,LS
XSERLN,KA.D.XSERLN.CASH.IP,Xtrackers MSCI Europe Energy ESG Screened UCITS ETF - LSE,N/A,OFFLINE,-,SHARES,LS
ASX,AA.D.ASX.CASH.IP,ASX Ltd,N/A,EDITS_ONLY,-,SHARES,LT
6560JT,AJ.D.6560JT.CASH.IP,LTS Inc,N/A,EDITS_ONLY,-,SHARES,LT
6471JT,AJ.D.6471JT.CASH.IP,NSK Ltd,N/A,EDITS_ONLY,-,SHARES,LT
PPCSJ,AR.D.PPCSJ.CASH.IP,PPC Ltd,N/A,TRADEABLE,-,SHARES,LT
PTLEUS,UC.D.PTLEUS.CASH.IP,PTL Ltd,N/A,TRADEABLE,-,SHARES,LT
SDI,AF.D.SDI.CASH.IP,SDI Ltd,N/A,EDITS_ONLY,-,SHARES,LT
SLBFP,EC.D.SLBFP.CASH.IP,SLB Ltd,N/A,CLOSED,-,SHARES,LT
SLB,SG.D.SLB.CASH.IP,SLB Ltd (24 Hours),N/A,TRADEABLE,-,SHARES,LT
UTLLN,KC.D.UTLLN.CASH.IP,UIL Ltd,N/A,TRADEABLE,-,SHARES,LT
VBXAU,AB.D.VBXAU.CASH.IP,VBX Ltd,N/A,EDITS_ONLY,-,SHARES,LT
VEMFSDBSS,EH.D.VEMFSDBSS.CASH.IP,VEF Ltd,N/A,TRADEABLE,-,SHARES,LT
LTPAU,AB.D.LTPAU.CASH.IP,LTR Pharma Ltd,N/A,EDITS_ONLY,-,SHARES,LT
1208HK,AC.D.1208HK.CASH.IP,MMG Ltd,N/A,EDITS_ONLY,-,SHARES,LT
8HK,AC.D.8HK.CASH.IP,PCCW Ltd,N/A,EDITS_ONLY,-,SHARES,LT
LUUS,SD.D.LUUS.CASH.IP,Lufax Holding Limited,N/A,TRADEABLE,-,SHARES,LU
LUND,EP.D.LUND.CASH.IP,H Lundbeck AS,N/A,TRADEABLE,-,SHARES,LU
HLUNADC,EP.D.HLUNADC.CASH.IP,H. Lundbeck AS - A,N/A,TRADEABLE,-,SHARES,LU
LUVEIM,EF.D.LUVEIM.CASH.IP,LU-VE SpA,N/A,TRADEABLE,-,SHARES,LU
LUBUS,SD.D.LUBUS.CASH.IP,Luby's Inc,N/A,CLOSED,-,SHARES,LU
LUCELN,KA.D.LUCELN.CASH.IP,Luceco PLC,N/A,TRADEABLE,-,SHARES,LU
ALUCIFP,EC.D.ALUCIFP.CASH.IP,Lucibel SA,N/A,SUSPENDED,-,SHARES,LU
LAT1VFH,EB.D.LAT1VFH.CASH.IP,Luotea Oyj,N/A,OFFLINE,-,SHARES,LU
LASTIKFH,EB.D.LASTIKFH.CASH.IP,Luotea Plc,N/A,TRADEABLE,-,SHARES,LU
VOLABSS,EH.D.VOLABSS.CASH.IP,VEG of Lund AB,N/A,OFFLINE,-,SHARES,LU
LUMENSS,EH.D.LUMENSS.CASH.IP,LumenRadio AB,N/A,TRADEABLE,-,SHARES,LU
LBIRDFP,EC.D.LBIRDFP.CASH.IP,Lumibird SA,N/A,TRADEABLE,-,SHARES,LU
LMNXUS,UB.D.LMNXUS.CASH.IP,Luminex Corp,N/A,CLOSED,-,SHARES,LU
BSTGY,ED.D.BSTGY.CASH.IP,Bastei Lubbe AG,N/A,TRADEABLE,-,SHARES,LU
LUCACN,KN.D.LUCACN.CASH.IP,Luca Mining Corp,N/A,TRADEABLE,-,SHARES,LU
LUCCN,KN.D.LUCCN.CASH.IP,Lucara Diamond Corp (CA),N/A,TRADEABLE,-,SHARES,LU
LUCSS,EH.D.LUCSS.CASH.IP,Lucara Diamond Corp (SE),N/A,TRADEABLE,-,SHARES,LU
CCIVUS,SB.D.CCIVUS.CASH.IP,Lucid Group Inc (24 Hours),N/A,TRADEABLE,-,SHARES,LU
LHDXUS,UB.D.LHDXUS.CASH.IP,Lucira Health Inc,N/A,CLOSED,-,SHARES,LU
6623HK,AC.D.6623HK.CASH.IP,Lufax Holding Ltd,N/A,SUSPENDED,-,SHARES,LU
LMNCN,KN.D.LMNCN.CASH.IP,Lumine Group Inc,N/A,TRADEABLE,-,SHARES,LU
LMDXUS,UB.D.LMDXUS.CASH.IP,LumiraDx Limited,N/A,CLOSED,-,SHARES,LU
NLNKUS,UC.D.NLNKUS.CASH.IP,Lumos Pharma Inc,N/A,CLOSED,-,SHARES,LU
LUNRCN,KN.D.LUNRCN.CASH.IP,LunR Royalties Corp,N/A,TRADEABLE,-,SHARES,LU
ENOBUS,UB.D.ENOBUS.CASH.IP,Lunai Bioworks Inc,N/A,TRADEABLE,-,SHARES,LU
LUGCN,KN.D.LUGCN.CASH.IP,Lundin Gold Inc (CA),N/A,TRADEABLE,-,SHARES,LU
LUGSS,EH.D.LUGSS.CASH.IP,Lundin Gold Inc (SE),N/A,TRADEABLE,-,SHARES,LU
LUMI,EH.D.LUMI.CASH.IP,Lundin Mining Corp,N/A,TRADEABLE,-,SHARES,LU
LUNCT,KN.D.LUNCT.CASH.IP,Lundin Mining Corp (CA),N/A,TRADEABLE,-,SHARES,LU
LLAILN,KA.D.LLAILN.CASH.IP,LungLife AI Inc,N/A,OFFLINE,-,SHARES,LU
MYTEUS,SE.D.MYTEUS.CASH.IP,LuxExperience B.V.,N/A,TRADEABLE,-,SHARES,LU
CHGUS,UA.D.CHGUS.CASH.IP,LuxUrban Hotels Inc,N/A,OFFLINE,-,SHARES,LU
LXFRUS,SD.D.LXFRUS.CASH.IP,Luxfer Holdings PLC,N/A,TRADEABLE,-,SHARES,LU
10HK,AC.D.10HK.CASH.IP,Hang Lung Group Ltd,N/A,EDITS_ONLY,-,SHARES,LU
CDROUS,UA.D.CDROUS.CASH.IP,Codere Online Luxembourg SA,N/A,TRADEABLE,-,SHARES,LU
LHAG,ED.D.LHAG.CASH.IP,Deutsche Lufthansa AG,N/A,TRADEABLE,-,SHARES,LU
KBHLDC,EP.D.KBHLDC.CASH.IP,Kobenhavns Lufthavne,N/A,TRADEABLE,-,SHARES,LU
LOMAU,AB.D.LOMAU.CASH.IP,Lucapa Diamond Co Ltd,N/A,CLOSED,-,SHARES,LU
LUCDUS,UB.D.LUCDUS.CASH.IP,Lucid Diagnostics Inc,N/A,TRADEABLE,-,SHARES,LU
LCIDWUS,UB.D.LCIDWUS.CASH.IP,Lucid Group Inc - Warrants,N/A,CLOSED,-,SHARES,LU
95HK,AC.D.95HK.CASH.IP,LVGEM (China) Real Estate Investment Company Limited,N/A,EDITS_ONLY,-,SHARES,LV
MCA,EC.D.MCA.CASH.IP,LVMH Moet Hennessy Louis Vuitton SA,N/A,TRADEABLE,-,SHARES,LV
1MCIM,EF.D.1MCIM.CASH.IP,LVMH Moet Hennessy Louis Vuitton SE,N/A,TRADEABLE,-,SHARES,LV
PAALN,KC.D.PAALN.CASH.IP,Live Company Group PLC,N/A,CLOSED,-,SHARES,LV
GHHFAU,AB.D.GHHFAU.CASH.IP,Betashares Wealth Builder Diversified All Growth Geared 30-40% LVR Complex ETF,N/A,EDITS_ONLY,-,SHARES,LV
GNDQAU,AB.D.GNDQAU.CASH.IP,Betashares Wealth Builder Nasdaq 100 Geared 30-40% LVR Complex ETF,N/A,EDITS_ONLY,-,SHARES,LV
LXUS,UB.D.LXUS.CASH.IP,LexinFintech Holdings Limited,N/A,TRADEABLE,-,SHARES,LX
LXILN,KA.D.LXILN.CASH.IP,LXI REIT PLC,N/A,OFFLINE,-,SHARES,LX
LXBLN,KA.D.LXBLN.CASH.IP,LXB Retail Properties PLC,N/A,OFFLINE,-,SHARES,LX
LXP,SD.D.LXP.CASH.IP,LXP Industrial Trust,N/A,TRADEABLE,-,SHARES,LX
LYXGREGY,ED.D.LYXGREGY.CASH.IP,Lxyor MSCI Greece UCITS ETF,N/A,TRADEABLE,-,SHARES,LX
LDLUS,SD.D.LDLUS.CASH.IP,Lydall Inc,N/A,CLOSED,-,SHARES,LY
LYFTUS,UB.D.LYFTUS.CASH.IP,Lyft Inc (24 Hours),N/A,TRADEABLE,-,SHARES,LY
LYKOASS,EH.D.LYKOASS.CASH.IP,Lyko Group AB (publ),N/A,TRADEABLE,-,SHARES,LY
TATE,KA.D.TATE.CASH.IP,Tate & Lyle PLC,N/A,TRADEABLE,-,SHARES,LY
BWINBUS,UA.D.BWINBUS.CASH.IP,Baldwin & Lyons Inc,N/A,CLOSED,-,SHARES,LY
4689JT,AJ.D.4689JT.CASH.IP,LY Corporation,N/A,EDITS_ONLY,-,SHARES,LY
LYLAU,AB.D.LYLAU.CASH.IP,Lycopodium Ltd,N/A,EDITS_ONLY,-,SHARES,LY
KRWFP,EC.D.KRWFP.CASH.IP,Lyxor ETF MSCI Korea,N/A,TRADEABLE,-,SHARES,LY
MSEDLN,KA.D.MSEDLN.CASH.IP,Lyxor Euro Stoxx 50 (DR),N/A,TRADEABLE,-,SHARES,LY
LYXINRGY,ED.D.LYXINRGY.CASH.IP,Lyxor UCITS ETF MSCI India C-EUR - LYXINR,N/A,TRADEABLE,-,SHARES,LY
EM710IM,EF.D.EM710IM.CASH.IP,LYXOR UCITS ETF EUROMTS 7-10Y,N/A,TRADEABLE,-,SHARES,LY
LYELUS,UB.D.LYELUS.CASH.IP,Lyell Immunopharma Inc,N/A,TRADEABLE,-,SHARES,LY
LYC,AF.D.LYC.CASH.IP,Lynas Rare Earths Limited,N/A,EDITS_ONLY,-,SHARES,LY
LGLAU,AB.D.LGLAU.CASH.IP,Lynch Group Holdings Limited,N/A,CLOSED,-,SHARES,LY
LYRAUS,UB.D.LYRAUS.CASH.IP,Lyra Therapeutics Inc,N/A,OFFLINE,-,SHARES,LY
E909GY,ED.D.E909GY.CASH.IP,Lyxor 1 DAX 50 ESG DR UCITS ETF,N/A,TRADEABLE,-,SHARES,LY
BELBB,EA.D.BELBB.CASH.IP,Lyxor BEL 20 TR DR UCITS ETF,N/A,TRADEABLE,-,SHARES,LY
LBRZFP,EC.D.LBRZFP.CASH.IP,Lyxor Brazil (Ibovespa) UCITS ETF Acc,N/A,TRADEABLE,-,SHARES,LY
RIOULN,KA.D.RIOULN.CASH.IP,Lyxor Brazil (Ibovespa) UCITS ETF Acc,N/A,TRADEABLE,-,SHARES,LY
TIPALN,KA.D.TIPALN.CASH.IP,Lyxor Core US TIPS DR UCITS ETF,N/A,TRADEABLE,-,SHARES,LY
DAXXLN,KA.D.DAXXLN.CASH.IP,Lyxor DAX (DR) UCITS ETF - Acc,N/A,TRADEABLE,-,SHARES,LY
DAXFP,EC.D.DAXFP.CASH.IP,Lyxor DAX (DR) UCITS ETF - Acc,N/A,OFFLINE,-,SHARES,LY
LVCFP,EC.D.LVCFP.CASH.IP,Lyxor ETF Leverage CAC 40,N/A,TRADEABLE,-,SHARES,LY
CBSXDRGY,ED.D.CBSXDRGY.CASH.IP,Lyxor EURSTX600 Healthcare,N/A,TRADEABLE,-,SHARES,LY
CSHDLN,KA.D.CSHDLN.CASH.IP,Lyxor Euro Cash UCITS ETF Acc,N/A,TRADEABLE,-,SHARES,LY
XCO2LN,KA.D.XCO2LN.CASH.IP,Lyxor Global Green Bond 1-10Y,N/A,TRADEABLE,-,SHARES,LY
KLMGLN,KA.D.KLMGLN.CASH.IP,Lyxor Green Bond DR UCITS ETF,N/A,TRADEABLE,-,SHARES,LY
HSIFP,EC.D.HSIFP.CASH.IP,Lyxor Hong Kong (HSI) UCITS ETF Dist,N/A,CLOSED,-,SHARES,LY
JPNFP,EC.D.JPNFP.CASH.IP,Lyxor Japan (Topix) (DR) UCITS ETF D-EUR,N/A,TRADEABLE,-,SHARES,LY
JPNLLN,KA.D.JPNLLN.CASH.IP,Lyxor Japan (Topix) (DR) UCITS ETF D-EUR,N/A,TRADEABLE,-,SHARES,LY
MFEGLN,KA.D.MFEGLN.CASH.IP,Lyxor MSCI EMU ESG DR UCITS ETF,N/A,OFFLINE,-,SHARES,LY
TWNFP,EC.D.TWNFP.CASH.IP,Lyxor MSCI Taiwan UCITS ETF,N/A,TRADEABLE,-,SHARES,LY
USAULN,KA.D.USAULN.CASH.IP,Lyxor MSCI USA UCITS ETF Dist,N/A,OFFLINE,-,SHARES,LY
USALLN,KA.D.USALLN.CASH.IP,Lyxor MSCI USA UCITS ETF Dist,N/A,OFFLINE,-,SHARES,LY
LCCNLN,KA.D.LCCNLN.CASH.IP,Lyxor Msci China Ucits Etf,N/A,TRADEABLE,-,SHARES,LY
NADQGY,ED.D.NADQGY.CASH.IP,Lyxor Nasdaq-100 UCITS ETF,N/A,TRADEABLE,-,SHARES,LY
LSPULN,KA.D.LSPULN.CASH.IP,Lyxor S&P 500 UCITS ETF,N/A,TRADEABLE,-,SHARES,LY
TURLLN,KA.D.TURLLN.CASH.IP,Lyxor Turkey (DJ Turkey Titans 20) UCITS ETF Acc,N/A,CLOSED,-,SHARES,LY
CACFP,EC.D.CACFP.CASH.IP,Lyxor UCITS ETF CAC 40,N/A,TRADEABLE,-,SHARES,LY
CACXLN,KA.D.CACXLN.CASH.IP,Lyxor UCITS ETF CAC 40 (DR),N/A,TRADEABLE,-,SHARES,LY
MALLLN,KA.D.MALLLN.CASH.IP,Lyxor UCITS ETF MSCI Mal ASA,N/A,OFFLINE,-,SHARES,LY
LZMHUS,UB.D.LZMHUS.CASH.IP,LZ Technology Holdings Ltd,N/A,TRADEABLE,-,SHARES,LZ
MAUS,SE.D.MAUS.CASH.IP,Mastercard Inc (24 Hours),N/A,TRADEABLE,-,SHARES,MA
MANG,ED.D.MANG.CASH.IP,MAN SE,N/A,OFFLINE,-,SHARES,MA
MMC,SE.D.MMC.CASH.IP,Marsh (24 Hours),N/A,TRADEABLE,-,SHARES,MA
MATASDC,EP.D.MATASDC.CASH.IP,Mata SA,N/A,TRADEABLE,-,SHARES,MA
WMT,SH.D.WMT.CASH.IP,Walmart Inc (24 Hours),N/A,TRADEABLE,-,SHARES,MA
MAJMAKDC,EP.D.MAJMAKDC.CASH.IP,Maj Invest - Makro,N/A,OFFLINE,-,SHARES,MA
MLD,AF.D.MLD.CASH.IP,MACA Ltd,N/A,CLOSED,-,SHARES,MA
MAN3GY,ED.D.MAN3GY.CASH.IP,MAN SE - Pfd,N/A,OFFLINE,-,SHARES,MA
MARRIM,EF.D.MARRIM.CASH.IP,MARR SpA,N/A,TRADEABLE,-,SHARES,MA
FD,SC.D.FD.CASH.IP,Macy's Inc,N/A,TRADEABLE,-,SHARES,MA
MTIM,EF.D.MTIM.CASH.IP,Maire SpA,N/A,TRADEABLE,-,SHARES,MA
7730JT,AJ.D.7730JT.CASH.IP,Mani Inc,N/A,EDITS_ONLY,-,SHARES,MA
MANTEXSS,EH.D.MANTEXSS.CASH.IP,Mantex AB,N/A,TRADEABLE,-,SHARES,MA
MAP,EI.D.MAP.CASH.IP,Mapfre SA,N/A,TRADEABLE,-,SHARES,MA
MRKTUS,UC.D.MRKTUS.CASH.IP,Markit Ltd,N/A,CLOSED,-,SHARES,MA
MRAIUS,UC.D.MRAIUS.CASH.IP,Marpai Inc,N/A,OFFLINE,-,SHARES,MA
MTZ,SE.D.MTZ.CASH.IP,MasTec Inc,N/A,TRADEABLE,-,SHARES,MA
MASUS,SE.D.MASUS.CASH.IP,Masco Corp (24 Hours),N/A,TRADEABLE,-,SHARES,MA
MATXUS,SE.D.MATXUS.CASH.IP,Matson Inc,N/A,TRADEABLE,-,SHARES,MA
MAT,UC.D.MAT.CASH.IP,Mattel Inc,N/A,TRADEABLE,-,SHARES,MA
SCLCN,KN.D.SCLCN.CASH.IP,Mattr Corp,N/A,OFFLINE,-,SHARES,MA
6454JT,AJ.D.6454JT.CASH.IP,Max Co Ltd,N/A,EDITS_ONLY,-,SHARES,MA
2670JT,AJ.D.2670JT.CASH.IP,ABC-Mart Inc,N/A,EDITS_ONLY,-,SHARES,MA
MDBI,EF.D.MDBI.CASH.IP,Mediobanca SpA,N/A,TRADEABLE,-,SHARES,MB
MBBGY,ED.D.MBBGY.CASH.IP,MBB SE,N/A,TRADEABLE,-,SHARES,MB
MBI,SE.D.MBI.CASH.IP,MBIA Inc,N/A,TRADEABLE,-,SHARES,MB
M8HPZ,KC.D.M8HPZ.CASH.IP,MBH Corp PLC,N/A,CLOSED,-,SHARES,MB
MBXUS,UC.D.MBXUS.CASH.IP,MBX Biosciences Inc,N/A,TRADEABLE,-,SHARES,MB
MBBUS,SI.D.MBBUS.CASH.IP,iShares MBS ETF,N/A,TRADEABLE,-,SHARES,MB
MBRFYUS,SE.D.MBRFYUS.CASH.IP,MBRF Global Foods Company SA,N/A,OFFLINE,-,SHARES,MB
MCUS,SE.D.MCUS.CASH.IP,Moelis & Co,N/A,TRADEABLE,-,SHARES,MC
CZA,AB.D.CZA.CASH.IP,MC Mining,N/A,EDITS_ONLY,-,SHARES,MC
MUXUS,SE.D.MUXUS.CASH.IP,McEwen Inc,N/A,TRADEABLE,-,SHARES,MC
MCB,KA.D.MCB.CASH.IP,McBride PLC,N/A,TRADEABLE,-,SHARES,MC
MNIUS,SE.D.MNIUS.CASH.IP,McClatchy Co,N/A,CLOSED,-,SHARES,MC
MCD,SE.D.MCD.CASH.IP,McDonald's Corp (24 Hours),N/A,TRADEABLE,-,SHARES,MC
MCK,SE.D.MCK.CASH.IP,McKesson Corp (24 Hours),N/A,TRADEABLE,-,SHARES,MC
MCP,AA.D.MCP.CASH.IP,McPherson's Ltd,N/A,EDITS_ONLY,-,SHARES,MC
GVM,KA.D.GVM.CASH.IP,MC Mining Limited (LSE),N/A,OFFLINE,-,SHARES,MC
CZASJ,AR.D.CZASJ.CASH.IP,MC Mining Limited (SA),N/A,OFFLINE,-,SHARES,MC
6670JT,AJ.D.6670JT.CASH.IP,MCJ Company Limited,N/A,EDITS_ONLY,-,SHARES,MC
MCFEUS,UC.D.MCFEUS.CASH.IP,McAfee Corporation,N/A,CLOSED,-,SHARES,MC
MCSLN,KA.D.MCSLN.CASH.IP,McCarthy & Stone PLC,N/A,OFFLINE,-,SHARES,MC
MKC,SE.D.MKC.CASH.IP,McCormick & Co Inc (24 Hours),N/A,TRADEABLE,-,SHARES,MC
MKCVUS,SE.D.MKCVUS.CASH.IP,McCormick & Co Inc (Voting),N/A,TRADEABLE,-,SHARES,MC
MEAAU,AB.D.MEAAU.CASH.IP,McGrath Limited,N/A,CLOSED,-,SHARES,MC
CLSGY,ED.D.CLSGY.CASH.IP,McKesson Europe AG,N/A,CLOSED,-,SHARES,MC
MCPHYFP,EC.D.MCPHYFP.CASH.IP,McPhy Energy SA,N/A,OFFLINE,-,SHARES,MC
CMCOUS,UA.D.CMCOUS.CASH.IP,Columbus McKinnon Corp,N/A,TRADEABLE,-,SHARES,MC
GBXAU,AB.D.GBXAU.CASH.IP,MCB Resources Limited,N/A,CLOSED,-,SHARES,MC
MSGAU,AB.D.MSGAU.CASH.IP,MCS Services Limited,N/A,EDITS_ONLY,-,SHARES,MC
MCLSLN,KA.D.MCLSLN.CASH.IP,McColl's Retail Group Ltd,N/A,ON_AUCTION,-,SHARES,MC
MDR,SE.D.MDR.CASH.IP,McDermott International Inc,N/A,CLOSED,-,SHARES,MC
MGRCUS,UC.D.MGRCUS.CASH.IP,McGrath Rent Corporation,N/A,TRADEABLE,-,SHARES,MC
MCKS,KA.D.MCKS.CASH.IP,McKay Securities PLC,N/A,OFFLINE,-,SHARES,MC
APSAU,AB.D.APSAU.CASH.IP,McLaren Minerals Limited,N/A,EDITS_ONLY,-,SHARES,MC
MMS,AF.D.MMS.CASH.IP,McMillan Shakespeare Ltd,N/A,EDITS_ONLY,-,SHARES,MC
FCX,SC.D.FCX.CASH.IP,Freeport-McMoRan Copper & Gold Inc (24 Hours),N/A,TRADEABLE,-,SHARES,MC
KMEAU,AB.D.KMEAU.CASH.IP,Kip McGrath Education Centres Limited,N/A,EDITS_ONLY,-,SHARES,MC
2702JT,AJ.D.2702JT.CASH.IP,McDonald's Holdings Co Japan Ltd,N/A,EDITS_ONLY,-,SHARES,MC
MMLOAU,AB.D.MMLOAU.CASH.IP,McLaren Minerals Ltd Options @ AUD 0.035 EXP 04/02/2028,N/A,EDITS_ONLY,-,SHARES,MC
MDUS,SE.D.MDUS.CASH.IP,"Pediatrix Medical Group, Inc",N/A,TRADEABLE,-,SHARES,MD
MDXHBB,EA.D.MDXHBB.CASH.IP,MDxHealth,N/A,CLOSED,-,SHARES,MD
TSSIUS,UD.D.TSSIUS.CASH.IP,TSS Inc/MD,N/A,TRADEABLE,-,SHARES,MD
MDAUS,SE.D.MDAUS.CASH.IP,MDA Space Ltd,N/A,TRADEABLE,-,SHARES,MD
MDXHUS,UC.D.MDXHUS.CASH.IP,MDxHealth SA,N/A,TRADEABLE,-,SHARES,MD
MDC,SE.D.MDC.CASH.IP,MDC Holdings Inc,N/A,CLOSED,-,SHARES,MD
MDCAUS,UC.D.MDCAUS.CASH.IP,MDC Partners Inc,N/A,CLOSED,-,SHARES,MD
MDAXEX,ED.D.MDAXEX.CASH.IP,iShares MDAX DE,N/A,TRADEABLE,-,SHARES,MD
MDFCN,KN.D.MDFCN.CASH.IP,mdf commerce Inc,N/A,OFFLINE,-,SHARES,MD
MDHUUS,SE.D.MDHUUS.CASH.IP,MDH Acquisition Corporation,N/A,CLOSED,-,SHARES,MD
MDU,SE.D.MDU.CASH.IP,MDU Resources Group Inc,N/A,TRADEABLE,-,SHARES,MD
SMDLN,KC.D.SMDLN.CASH.IP,Spectral MD Holdings Limited,N/A,OFFLINE,-,SHARES,MD
MDMGLI,PK.D.MDMGLI.CASH.IP,MD Medical Group Investments PLC,N/A,OFFLINE,-,SHARES,MD
CRLFP,EC.D.CRLFP.CASH.IP,Mersen,N/A,TRADEABLE,-,SHARES,ME
MCAPSS,EH.D.MCAPSS.CASH.IP,MedCap AB (publ),N/A,TRADEABLE,-,SHARES,ME
ILM1GY,ED.D.ILM1GY.CASH.IP,Medio SA,N/A,TRADEABLE,-,SHARES,ME
MDNGY,ED.D.MDNGY.CASH.IP,Medion AG,N/A,OFFLINE,-,SHARES,ME
MVIRBSS,EH.D.MVIRBSS.CASH.IP,Medivir AB,N/A,OFFLINE,-,SHARES,ME
4480JT,AJ.D.4480JT.CASH.IP,Medley Inc,N/A,EDITS_ONLY,-,SHARES,ME
MEDXSW,EJ.D.MEDXSW.CASH.IP,Medmix AG,N/A,TRADEABLE,-,SHARES,ME
MELEBB,EA.D.MELEBB.CASH.IP,Melexis NV,N/A,TRADEABLE,-,SHARES,ME
IMMUSS,EH.D.IMMUSS.CASH.IP,Mendus AB,N/A,TRADEABLE,-,SHARES,ME
MNTCSS,EH.D.MNTCSS.CASH.IP,Mentice AB,N/A,TRADEABLE,-,SHARES,ME
MERYFP,EC.D.MERYFP.CASH.IP,Mercialys,N/A,TRADEABLE,-,SHARES,ME
MRLNUS,UC.D.MRLNUS.CASH.IP,Merlin Inc,N/A,TRADEABLE,-,SHARES,ME
MRUSUS,UC.D.MRUSUS.CASH.IP,Merus NV,N/A,CLOSED,-,SHARES,ME
6172JT,AJ.D.6172JT.CASH.IP,Metaps Inc,N/A,CLOSED,-,SHARES,ME
MSYSLN,KC.D.MSYSLN.CASH.IP,Metir Plc,N/A,TRADEABLE,-,SHARES,ME
B4B3GY,ED.D.B4B3GY.CASH.IP,Metro AG,N/A,OFFLINE,-,SHARES,ME
MRUCT,KN.D.MRUCT.CASH.IP,Metro Inc,N/A,TRADEABLE,-,SHARES,ME
M3VGY,ED.D.M3VGY.CASH.IP,MeVis Medical Solution SA,N/A,OFFLINE,-,SHARES,ME
MM8AU,AB.D.MM8AU.CASH.IP,Medallion Metals Limited,N/A,EDITS_ONLY,-,SHARES,ME
LCDAU,AB.D.LCDAU.CASH.IP,Meeka Metals Limited,N/A,EDITS_ONLY,-,SHARES,ME
1357HK,AC.D.1357HK.CASH.IP,Meitu Inc,N/A,EDITS_ONLY,-,SHARES,ME
3690HK,AC.D.3690HK.CASH.IP,Meituan,N/A,EDITS_ONLY,-,SHARES,ME
MFUS,UC.D.MFUS.CASH.IP,Missfresh Limited,N/A,OFFLINE,-,SHARES,MF
MF,EC.D.MF.CASH.IP,Wendel SA,N/A,TRADEABLE,-,SHARES,MF
VIRCUS,UD.D.VIRCUS.CASH.IP,Virco Mfg. Corp,N/A,TRADEABLE,-,SHARES,MF
MFA,SE.D.MFA.CASH.IP,MFA Financial Inc,N/A,TRADEABLE,-,SHARES,MF
ESPUS,SI.D.ESPUS.CASH.IP,Espey Mfg. & Electronics Corp,N/A,TRADEABLE,-,SHARES,MF
6292JT,AJ.D.6292JT.CASH.IP,Kawata Mfg. Company Limited,N/A,EDITS_ONLY,-,SHARES,MF
T0J2GR,ED.D.T0J2GR.CASH.IP,MFE-MediaForEurope N.V. (Frankfurt),N/A,OFFLINE,-,SHARES,MF
MS,EF.D.MS.CASH.IP,MFE-MediaForEurope NV,N/A,TRADEABLE,-,SHARES,MF
MFEAIM,EF.D.MFEAIM.CASH.IP,MFE-MediaForEurope NV - A,N/A,TRADEABLE,-,SHARES,MF
6222JT,AJ.D.6222JT.CASH.IP,Shima Seiki Mfg. Limited,N/A,EDITS_ONLY,-,SHARES,MF
6432JT,AJ.D.6432JT.CASH.IP,Takeuchi Mfg. Company Limited,N/A,EDITS_ONLY,-,SHARES,MF
6023JT,AJ.D.6023JT.CASH.IP,DAIHATSU INFINEARTH MFG CO LTD,N/A,EDITS_ONLY,-,SHARES,MF
MFFAU,AF.D.MFFAU.CASH.IP,MFF Capital Investments Limited,N/A,EDITS_ONLY,-,SHARES,MF
SYGUS,SI.D.SYGUS.CASH.IP,SPDR MFS Systematic Growth Equity ETF,N/A,CLOSED,-,SHARES,MF
6333JT,AJ.D.6333JT.CASH.IP,Teikoku Electric Mfg.Co. Limited,N/A,EDITS_ONLY,-,SHARES,MF
4116JT,AJ.D.4116JT.CASH.IP,Dainichiseika Color & Chemicals Mfg. Company Limited,N/A,EDITS_ONLY,-,SHARES,MF
MFFOAAU,AB.D.MFFOAAU.CASH.IP,MFF Capital Investments Limited Option @2.60 EXP 31.10.2022,N/A,CLOSED,-,SHARES,MF
MGACT,KN.D.MGACT.CASH.IP,Magna International Inc (CA),N/A,TRADEABLE,-,SHARES,MG
MGUS,SE.D.MGUS.CASH.IP,Mistras Group Inc,N/A,TRADEABLE,-,SHARES,MG
MGCAU,AB.D.MGCAU.CASH.IP,MG Unit Trust,N/A,CLOSED,-,SHARES,MG
MGEEUS,UC.D.MGEEUS.CASH.IP,MGE Energy Inc,N/A,TRADEABLE,-,SHARES,MG
MGG,SE.D.MGG.CASH.IP,MGM Resorts - SP (24 Hours),N/A,TRADEABLE,-,SHARES,MG
MGPIUS,UC.D.MGPIUS.CASH.IP,MGP Ingredients Inc,N/A,TRADEABLE,-,SHARES,MG
ALMDGFP,EC.D.ALMDGFP.CASH.IP,MGI Digital Technology SA,N/A,TRADEABLE,-,SHARES,MG
MTG,SE.D.MTG.CASH.IP,MGIC Investment Corp,N/A,TRADEABLE,-,SHARES,MG
MGTUS,SI.D.MGTUS.CASH.IP,MGT Capital Investments Inc,N/A,OFFLINE,-,SHARES,MG
MGX,AA.D.MGX.CASH.IP,MGX Resources Limited,N/A,EDITS_ONLY,-,SHARES,MG
2282HK,AC.D.2282HK.CASH.IP,MGM China Holdings Ltd,N/A,EDITS_ONLY,-,SHARES,MG
MHALN,KC.D.MHALN.CASH.IP,MHA PLC,N/A,TRADEABLE,-,SHARES,MH
FRILN,KC.D.FRILN.CASH.IP,Fortis Frontier PLC,N/A,SUSPENDED,-,SHARES,MH
MKSI,UC.D.MKSI.CASH.IP,MKS Inc,N/A,TRADEABLE,-,SHARES,MK
NEDSENA,EG.D.NEDSENA.CASH.IP,MKB Nedsense NV,N/A,TRADEABLE,-,SHARES,MK
MKALN,KC.D.MKALN.CASH.IP,Mkango Resources Limited,N/A,TRADEABLE,-,SHARES,MK
1681JT,AJ.D.1681JT.CASH.IP,Nikko Listed Index Fund International Emerging Countries Equity MSCI Emerg Mkt,N/A,EDITS_ONLY,-,SHARES,MK
ML,EC.D.ML.CASH.IP,Cie Generale des Etablissements Michelin,N/A,TRADEABLE,-,SHARES,ML
MLP,ED.D.MLP.CASH.IP,MLP SE,N/A,TRADEABLE,-,SHARES,ML
MLGAU,AB.D.MLGAU.CASH.IP,MLG Oz Limited,N/A,EDITS_ONLY,-,SHARES,ML
MLPAUS,SI.D.MLPAUS.CASH.IP,Global X MLP ETF,N/A,TRADEABLE,-,SHARES,ML
AMZAUS,SI.D.AMZAUS.CASH.IP,InfraCap MLP ETF,N/A,TRADEABLE,-,SHARES,ML
CTRUSA,SB.D.CTRUSA.CASH.IP,ClearBridge Energy MLP Total Return Fund Inc,N/A,CLOSED,-,SHARES,ML
FMOUS,SC.D.FMOUS.CASH.IP,Fiduciary Claymore MLP Opportunity Fund,N/A,CLOSED,-,SHARES,ML
MLPXUS,SI.D.MLPXUS.CASH.IP,Global X MLP & Energy Infrastructure ETF,N/A,OFFLINE,-,SHARES,ML
MLPILN,KA.D.MLPILN.CASH.IP,L&G US Energy Infrastructure MLP UCITS ETF,N/A,CLOSED,-,SHARES,ML
MLPXLN,KA.D.MLPXLN.CASH.IP,L&G US Energy Infrastructure MLP UCITS ETF,N/A,CLOSED,-,SHARES,ML
CENUS,SB.D.CENUS.CASH.IP,Center Coast Brookfield MLP & Energy Infrastructure Fund,N/A,CLOSED,-,SHARES,ML
MIEUS,SE.D.MIEUS.CASH.IP,Cohen & Steers MLP Income and Energy Opportunity Fund Inc,N/A,CLOSED,-,SHARES,ML
KYNUS,SD.D.KYNUS.CASH.IP,Kayne Anderson MLP Midstream Investment Company,N/A,TRADEABLE,-,SHARES,ML
SMLPGY,ED.D.SMLPGY.CASH.IP,Invesco Morningstar US Energy Infrastructure MLP UCITS ETF (Acc) - EUR,N/A,TRADEABLE,-,SHARES,ML
MLPQLN,KA.D.MLPQLN.CASH.IP,Invesco Morningstar US Energy Infrastructure MLP UCITS ETF (Acc) - GBP,N/A,TRADEABLE,-,SHARES,ML
MLPSLN,KA.D.MLPSLN.CASH.IP,Invesco Morningstar US Energy Infrastructure MLP UCITS ETF (Acc) - USD,N/A,TRADEABLE,-,SHARES,ML
SMLDGY,ED.D.SMLDGY.CASH.IP,Invesco Morningstar US Energy Infrastructure MLP UCITS ETF (Dist) - EUR,N/A,TRADEABLE,-,SHARES,ML
MLPPLN,KA.D.MLPPLN.CASH.IP,Invesco Morningstar US Energy Infrastructure MLP UCITS ETF (Dist) - GBP,N/A,TRADEABLE,-,SHARES,ML
MLPDLN,KA.D.MLPDLN.CASH.IP,Invesco Morningstar US Energy Infrastructure MLP UCITS ETF (Dist) - USD,N/A,TRADEABLE,-,SHARES,ML
MTCUS,UC.D.MTCUS.CASH.IP,Mmtec Inc,N/A,TRADEABLE,-,SHARES,MM
MM2SP,AG.D.MM2SP.CASH.IP,mm2 Asia Ltd,N/A,SUSPENDED,-,SHARES,MM
MRMAU,AF.D.MRMAU.CASH.IP,MMA Offshore Ltd,N/A,CLOSED,-,SHARES,MM
MNIM,EF.D.MNIM.CASH.IP,Arnoldo Mondadori Editore SpA,N/A,TRADEABLE,-,SHARES,MN
MNUS,SE.D.MNUS.CASH.IP,Manning & Napier Inc,N/A,CLOSED,-,SHARES,MN
MNTNUS,SE.D.MNTNUS.CASH.IP,MNTN Inc,N/A,TRADEABLE,-,SHARES,MN
MIHAU,AB.D.MIHAU.CASH.IP,MNC Media Investment Ltd,N/A,CLOSED,-,SHARES,MN
MO,SE.D.MO.CASH.IP,Altria Group Inc (24 Hours),N/A,TRADEABLE,-,SHARES,MO
6269JT,AJ.D.6269JT.CASH.IP,MODEC Inc,N/A,EDITS_ONLY,-,SHARES,MO
MBQGY,ED.D.MBQGY.CASH.IP,Mobotix AG,N/A,TRADEABLE,-,SHARES,MO
MODNUS,SE.D.MODNUS.CASH.IP,Model N Inc,N/A,CLOSED,-,SHARES,MO
MGNGY,ED.D.MGNGY.CASH.IP,Mologen AG,N/A,OFFLINE,-,SHARES,MO
MNDI,KA.D.MNDI.CASH.IP,Mondi PLC,N/A,TRADEABLE,-,SHARES,MO
MNPSJ,AR.D.MNPSJ.CASH.IP,Mondi PLC,N/A,TRADEABLE,-,SHARES,MO
MNROUS,UC.D.MNROUS.CASH.IP,Monro Inc,N/A,TRADEABLE,-,SHARES,MO
MCOUS,SE.D.MCOUS.CASH.IP,Moody's Corp (24 Hours),N/A,TRADEABLE,-,SHARES,MO
MOGUS,SE.D.MOGUS.CASH.IP,Moog Inc,N/A,TRADEABLE,-,SHARES,MO
3653JT,AJ.D.3653JT.CASH.IP,Morpho Inc,N/A,EDITS_ONLY,-,SHARES,MO
MOS,SE.D.MOS.CASH.IP,Mosaic Co (24 Hours),N/A,TRADEABLE,-,SHARES,MO
XTDAU,AB.D.XTDAU.CASH.IP,Motio Ltd,N/A,EDITS_ONLY,-,SHARES,MO
MOVEUS,UC.D.MOVEUS.CASH.IP,Movano Inc,N/A,TRADEABLE,-,SHARES,MO
MHGUS,SE.D.MHGUS.CASH.IP,Mowi ASA,N/A,ON_AUCTION,-,SHARES,MO
MHGNO,EL.D.MHGNO.CASH.IP,Mowi ASA,N/A,TRADEABLE,-,SHARES,MO
BMOCT,KN.D.BMOCT.CASH.IP,Bank of Montreal (CA),N/A,TRADEABLE,-,SHARES,MO
BMOUS,SA.D.BMOUS.CASH.IP,Bank of Montreal (US),N/A,TRADEABLE,-,SHARES,MO
SRACUS,UD.D.SRACUS.CASH.IP,MOMENTUS INC,N/A,TRADEABLE,-,SHARES,MO
MONY,KA.D.MONY.CASH.IP,MONY Group plc,N/A,TRADEABLE,-,SHARES,MO
MOQAU,AB.D.MOQAU.CASH.IP,MOQ Limited,N/A,CLOSED,-,SHARES,MO
RENN,SG.D.RENN.CASH.IP,Moatable Inc,N/A,OFFLINE,-,SHARES,MO
MBLYUS,SE.D.MBLYUS.CASH.IP,Mobileye NV,N/A,CLOSED,-,SHARES,MO
MRNAUS,UC.D.MRNAUS.CASH.IP,Moderna Inc (24 Hours),N/A,TRADEABLE,-,SHARES,MO
0QFGY,ED.D.0QFGY.CASH.IP,Moderna Inc (DE),N/A,TRADEABLE,-,SHARES,MO
PRSCUS,UC.D.PRSCUS.CASH.IP,ModivCare Inc,N/A,CLOSED,-,SHARES,MO
MODUFH,EB.D.MODUFH.CASH.IP,Modulight Oyj,N/A,TRADEABLE,-,SHARES,MO
MOL,AF.D.MOL.CASH.IP,Moly Mines Ltd,N/A,CLOSED,-,SHARES,MO
MONCIM,EF.D.MONCIM.CASH.IP,Moncler SpA,N/A,TRADEABLE,-,SHARES,MO
MTVIM,EF.D.MTVIM.CASH.IP,Mondo TV SpA,N/A,TRADEABLE,-,SHARES,MO
MNYWWUS,UC.D.MNYWWUS.CASH.IP,MoneyHero Ltd,N/A,TRADEABLE,-,SHARES,MO
FUSEUS,SC.D.FUSEUS.CASH.IP,MoneyLion Inc,N/A,CLOSED,-,SHARES,MO
MPTSJ,AR.D.MPTSJ.CASH.IP,Mpact Ltd,N/A,TRADEABLE,-,SHARES,MP
MLINLN,KC.D.MLINLN.CASH.IP,Mpac Group PLC,N/A,TRADEABLE,-,SHARES,MP
FVACUS,SC.D.FVACUS.CASH.IP,MP Materials Corp (24 Hours),N/A,TRADEABLE,-,SHARES,MP
MPOWLN,KC.D.MPOWLN.CASH.IP,Mporium Group plc,N/A,CLOSED,-,SHARES,MP
MPCCNO,EL.D.MPCCNO.CASH.IP,MPC Container Ships ASA,N/A,TRADEABLE,-,SHARES,MP
TAGAU,AB.D.TAGAU.CASH.IP,MPower Austraila Limited,N/A,EDITS_ONLY,-,SHARES,MP
MPCGY,ED.D.MPCGY.CASH.IP,MPC Muenchmeyer Petersen Capital AG,N/A,TRADEABLE,-,SHARES,MP
MQUS,UC.D.MQUS.CASH.IP,Marqeta Inc,N/A,TRADEABLE,-,SHARES,MQ
MPCSJ,AR.D.MPCSJ.CASH.IP,Mr Price Group Ltd,N/A,TRADEABLE,-,SHARES,MR
MRBFP,EC.D.MRBFP.CASH.IP,MR Bricolage SA,N/A,TRADEABLE,-,SHARES,MR
MRQAU,AB.D.MRQAU.CASH.IP,MRG Metals Limited,N/A,EDITS_ONLY,-,SHARES,MR
WMIHUS,UD.D.WMIHUS.CASH.IP,Mr Cooper Group Inc,N/A,CLOSED,-,SHARES,MR
SMRNLN,KA.D.SMRNLN.CASH.IP,Leverage Shares -3x Short Moderna MRNA ETP - GBp,N/A,CLOSED,-,SHARES,MR
MRNSLN,KA.D.MRNSLN.CASH.IP,Leverage Shares -3x Short Moderna MRNA ETP - USD,N/A,OFFLINE,-,SHARES,MR
MRQODAU,AB.D.MRQODAU.CASH.IP,MRG Metals Ltd Options @ AUD 0.004 EXP 19/08/2027,N/A,EDITS_ONLY,-,SHARES,MR
YMRVLN,KA.D.YMRVLN.CASH.IP,IncomeShares Marvell Technology MRVL Options ETP - GBp,N/A,TRADEABLE,-,SHARES,MR
MRN3LN,KA.D.MRN3LN.CASH.IP,Leverage Shares 3x Long Moderna MRNA ETP Securities,N/A,TRADEABLE,-,SHARES,MR
MRQOAU,AB.D.MRQOAU.CASH.IP,MRG Metals Limited Options @ AUD 0.008 EXP 31/12/2025,N/A,CLOSED,-,SHARES,MR
MSUS,SE.D.MSUS.CASH.IP,Morgan Stanley (24 Hours),N/A,TRADEABLE,-,SHARES,MS
MXBUS,SE.D.MXBUS.CASH.IP,MSCI Inc (24 Hours),N/A,TRADEABLE,-,SHARES,MS
FJHGY,ED.D.FJHGY.CASH.IP,MSG Life AG,N/A,OFFLINE,-,SHARES,MS
9040HK,AC.D.9040HK.CASH.IP,Global X MSCI China (HK),N/A,EDITS_ONLY,-,SHARES,MS
MSAGGY,ED.D.MSAGGY.CASH.IP,MS Industrie AG,N/A,TRADEABLE,-,SHARES,MS
MSGNUS,SE.D.MSGNUS.CASH.IP,MSG Networks Inc,N/A,CLOSED,-,SHARES,MS
MSPRUS,UC.D.MSPRUS.CASH.IP,MSP Recovery Inc,N/A,OFFLINE,-,SHARES,MS
LCRAU,AB.D.LCRAU.CASH.IP,Zeotech Limited,N/A,EDITS_ONLY,-,SHARES,MS
BKFUS,SI.D.BKFUS.CASH.IP,iShares MSCI BIC ETF,N/A,TRADEABLE,-,SHARES,MS
EZUUS,SI.D.EZUUS.CASH.IP,iShares MSCI EMU ETF,N/A,TRADEABLE,-,SHARES,MS
ITWN,KA.D.ITWN.CASH.IP,iShares MSCI Taiwan,N/A,TRADEABLE,-,SHARES,MS
CNALLN,KA.D.CNALLN.CASH.IP,Amundi MSCI China A UCITS ETF,N/A,TRADEABLE,-,SHARES,MS
LKORGY,ED.D.LKORGY.CASH.IP,Amundi MSCI Korea UCITS ETF,N/A,TRADEABLE,-,SHARES,MS
AASIIM,EF.D.AASIIM.CASH.IP,Amundi Msci EM Asia UCITS ETF,N/A,TRADEABLE,-,SHARES,MS
AASIFP,EC.D.AASIFP.CASH.IP,Amundi Msci EM Asia UCITS ETF (FP),N/A,TRADEABLE,-,SHARES,MS
CW8FP,EC.D.CW8FP.CASH.IP,Amundi Msci World UCITS ETF,N/A,TRADEABLE,-,SHARES,MS
ARGTUS,SI.D.ARGTUS.CASH.IP,Global X MSCI Argentina ETF,N/A,TRADEABLE,-,SHARES,MS
GXGUS,SI.D.GXGUS.CASH.IP,Global X MSCI Colombia ETF,N/A,TRADEABLE,-,SHARES,MS
NGEUS,SI.D.NGEUS.CASH.IP,Global X MSCI Nigeria ETF,N/A,CLOSED,-,SHARES,MS
GXFUS,SI.D.GXFUS.CASH.IP,Global X MSCI Norway ETF,N/A,TRADEABLE,-,SHARES,MS
NORWUS,SI.D.NORWUS.CASH.IP,Global X MSCI Norway ETF,N/A,TRADEABLE,-,SHARES,MS
PAKUS,SI.D.PAKUS.CASH.IP,Global X MSCI Pakistan ETF,N/A,CLOSED,-,SHARES,MS
MXEULN,KA.D.MXEULN.CASH.IP,Invesco MSCI Europe UCITS ETF,N/A,TRADEABLE,-,SHARES,MS
MXUSLN,KA.D.MXUSLN.CASH.IP,Invesco MSCI USA UCITS ETF,N/A,TRADEABLE,-,SHARES,MS
MTNA,EG.D.MTNA.CASH.IP,ArcelorMittal (NL),N/A,TRADEABLE,-,SHARES,MT
MTUS,SE.D.MTUS.CASH.IP,ArcelorMittal - ADR,N/A,TRADEABLE,-,SHARES,MT
66HK,AC.D.66HK.CASH.IP,MTR Corp Ltd,N/A,EDITS_ONLY,-,SHARES,MT
9438JT,AJ.D.9438JT.CASH.IP,MTI Limited,N/A,EDITS_ONLY,-,SHARES,MT
MTYCT,KN.D.MTYCT.CASH.IP,MTY Food Group Inc,N/A,TRADEABLE,-,SHARES,MT
M2MAU,AB.D.M2MAU.CASH.IP,Mt Malcolm Mines NL,N/A,EDITS_ONLY,-,SHARES,MT
MTGB,EH.D.MTGB.CASH.IP,Modern Times Group AB - B,N/A,TRADEABLE,-,SHARES,MT
MTGPUS,UC.D.MTGPUS.CASH.IP,MTGE Investment Corporation Pfd 8.125% 12/31/49,N/A,CLOSED,-,SHARES,MT
MTECUS,UC.D.MTECUS.CASH.IP,MTech Acquisition Corporation,N/A,CLOSED,-,SHARES,MT
MTMOAU,AB.D.MTMOAU.CASH.IP,MTM Critical Metals Limited Options @ AUD 0.25 EXP 26/11/2024,N/A,CLOSED,-,SHARES,MT
M2MOAAU,AB.D.M2MOAAU.CASH.IP,Mt Malcolm Mines NL Options @ AUD 0.03 EXP 24/11/2028,N/A,EDITS_ONLY,-,SHARES,MT
MU,UC.D.MU.CASH.IP,Micron Technology Inc (24 Hours),N/A,TRADEABLE,-,SHARES,MU
MTEGY,ED.D.MTEGY.CASH.IP,Micron Technology Inc (DE),N/A,TRADEABLE,-,SHARES,MU
MUXGY,ED.D.MUXGY.CASH.IP,mutares SA,N/A,TRADEABLE,-,SHARES,MU
M4NGY,ED.D.M4NGY.CASH.IP,Muehlhan AG,N/A,OFFLINE,-,SHARES,MU
FRUGY,ED.D.FRUGY.CASH.IP,Multitude PLC,N/A,TRADEABLE,-,SHARES,MU
MUSAUS,SE.D.MUSAUS.CASH.IP,Murphy USA Inc,N/A,TRADEABLE,-,SHARES,MU
MUL,KA.D.MUL.CASH.IP,Mulberry Group PLC,N/A,TRADEABLE,-,SHARES,MU
MTRSSS,EH.D.MTRSSS.CASH.IP,Munters Group AB (publ),N/A,TRADEABLE,-,SHARES,MU
MURAUS,UC.D.MURAUS.CASH.IP,Mural Oncology PLC,N/A,CLOSED,-,SHARES,MU
MUR,SE.D.MUR.CASH.IP,Murphy Oil Corp,N/A,TRADEABLE,-,SHARES,MU
MBIOUS,UC.D.MBIOUS.CASH.IP,Mustang Bio Inc,N/A,TRADEABLE,-,SHARES,MU
MUSTIFH,EB.D.MUSTIFH.CASH.IP,Musti Group Oyj,N/A,TRADEABLE,-,SHARES,MU
OMUSJ,AR.D.OMUSJ.CASH.IP,Old Mutual Limited,N/A,TRADEABLE,-,SHARES,MU
OMULN,KA.D.OMULN.CASH.IP,Old Mutual Limited,N/A,TRADEABLE,-,SHARES,MU
MMAGLN,KC.D.MMAGLN.CASH.IP,musicMagpie PLC,N/A,OFFLINE,-,SHARES,MU
MUV2,ED.D.MUV2.CASH.IP,Muenchener Rueckversicherungs AG,N/A,TRADEABLE,-,SHARES,MU
MLI,SE.D.MLI.CASH.IP,Mueller Industries Inc,N/A,TRADEABLE,-,SHARES,MU
MWA,SE.D.MWA.CASH.IP,Mueller Water Products Inc,N/A,TRADEABLE,-,SHARES,MU
MUBGY,ED.D.MUBGY.CASH.IP,Muhlbauer Holding AG,N/A,OFFLINE,-,SHARES,MU
MTLCN,KN.D.MTLCN.CASH.IP,Mullen Group Limited,N/A,TRADEABLE,-,SHARES,MU
MLLGY,ED.D.MLLGY.CASH.IP,Muller - Die lila Logistik AG,N/A,OFFLINE,-,SHARES,MU
MCGSJ,AR.D.MCGSJ.CASH.IP,MultiChoice Group Ltd,N/A,CLOSED,-,SHARES,MU
MULQSS,EH.D.MULQSS.CASH.IP,MultiQ International AB (publ),N/A,OFFLINE,-,SHARES,MU
MSAIUS,UC.D.MSAIUS.CASH.IP,MultiSensor AI Holdings Inc,N/A,TRADEABLE,-,SHARES,MU
6981JT,AJ.D.6981JT.CASH.IP,Murata Manufacturing Co Ltd,N/A,EDITS_ONLY,-,SHARES,MU
MURSJ,AR.D.MURSJ.CASH.IP,Murray & Roberts Holdings Ltd,N/A,CLOSED,-,SHARES,MU
MCAAU,AB.D.MCAAU.CASH.IP,Murray Cod Australia Limited,N/A,EDITS_ONLY,-,SHARES,MU
MUT,KA.D.MUT.CASH.IP,Murray Income Trust PLC,N/A,TRADEABLE,-,SHARES,MU
MGVAU,AB.D.MGVAU.CASH.IP,Musgrave Minerals Ltd,N/A,CLOSED,-,SHARES,MU
NCSMUS,UC.D.NCSMUS.CASH.IP,NCS Multistage Holdings Inc,N/A,TRADEABLE,-,SHARES,MU
9899HK,AC.D.9899HK.CASH.IP,NetEase Cloud Music Inc,N/A,EDITS_ONLY,-,SHARES,MU
THX,AB.D.THX.CASH.IP,New Murchison Gold Limited,N/A,EDITS_ONLY,-,SHARES,MU
8336JT,AJ.D.8336JT.CASH.IP,The Musashino Bank Limited,N/A,EDITS_ONLY,-,SHARES,MU
UMGNA,EG.D.UMGNA.CASH.IP,Universal Music Group NV,N/A,TRADEABLE,-,SHARES,MU
NYFUS,SI.D.NYFUS.CASH.IP,iShares New York Muni Bond ETF,N/A,TRADEABLE,-,SHARES,MU
1817HK,AC.D.1817HK.CASH.IP,Mulsanne Group Holding Limited,N/A,EDITS_ONLY,-,SHARES,MU
BITUS,SA.D.BITUS.CASH.IP,BlackRock Multi-Sector Income Trust,N/A,TRADEABLE,-,SHARES,MU
MUAUS,SE.D.MUAUS.CASH.IP,BlackRock MuniAssets Fund Inc,N/A,TRADEABLE,-,SHARES,MU
MHDUS,SE.D.MHDUS.CASH.IP,BlackRock MuniHoldings Fund Inc,N/A,TRADEABLE,-,SHARES,MU
BKKUS,SA.D.BKKUS.CASH.IP,BlackRock Municipal 2020 Term Trust,N/A,CLOSED,-,SHARES,MU
BSDUS,SA.D.BSDUS.CASH.IP,BlackRock Strategic Municipal Trust,N/A,CLOSED,-,SHARES,MU
TFPNUS,SI.D.TFPNUS.CASH.IP,Blueprint Chesapeake Multi-Asset Trend ETF,N/A,TRADEABLE,-,SHARES,MU
FMBUS,UB.D.FMBUS.CASH.IP,First Trust Managed Municipal ETF,N/A,TRADEABLE,-,SHARES,MU
MULLUS,UC.D.MULLUS.CASH.IP,GraniteShares 2x Long MU Daily ETF,N/A,TRADEABLE,-,SHARES,MU
MVOUS,SE.D.MVOUS.CASH.IP,MV Oil Trust,N/A,TRADEABLE,-,SHARES,MV
MVV1GY,ED.D.MVV1GY.CASH.IP,MVV Energie AG,N/A,TRADEABLE,-,SHARES,MV
MVBFUS,UC.D.MVBFUS.CASH.IP,MVB Financial Corporation,N/A,TRADEABLE,-,SHARES,MV
MVUSLN,KA.D.MVUSLN.CASH.IP,iShares S&P 500 Minimum Volatility UCITS ETF - MVUS,N/A,TRADEABLE,-,SHARES,MV
MWOZLN,KA.D.MWOZLN.CASH.IP,Amundi Prime Global UCITS ETF [MWOZ],N/A,TRADEABLE,-,SHARES,MW
MWBGY,ED.D.MWBGY.CASH.IP,mwb fairtrade Wertpapierhandelsbank AG,N/A,OFFLINE,-,SHARES,MW
MXUS,SE.D.MXUS.CASH.IP,Magnachip Semiconductor Corp,N/A,TRADEABLE,-,SHARES,MX
MXCT,KN.D.MXCT.CASH.IP,Methanex Corp (CA),N/A,TRADEABLE,-,SHARES,MX
MYSZUS,UC.D.MYSZUS.CASH.IP,My Size Inc,N/A,TRADEABLE,-,SHARES,MY
MBCGY,ED.D.MBCGY.CASH.IP,MyBucks SA,N/A,ON_AUCTION,-,SHARES,MY
M0YGY,ED.D.M0YGY.CASH.IP,Mynaric AG,N/A,OFFLINE,-,SHARES,MY
MYOUS,SI.D.MYOUS.CASH.IP,Myomo Inc,N/A,TRADEABLE,-,SHARES,MY
DATSUS,UB.D.DATSUS.CASH.IP,Myseum Inc,N/A,TRADEABLE,-,SHARES,MY
MYRGUS,UC.D.MYRGUS.CASH.IP,MYR Group Inc,N/A,TRADEABLE,-,SHARES,MY
MYS,AF.D.MYS.CASH.IP,MyState Ltd,N/A,EDITS_ONLY,-,SHARES,MY
MYCRSS,EH.D.MYCRSS.CASH.IP,Mycronic AB (publ),N/A,TRADEABLE,-,SHARES,MY
RYBUS,SG.D.RYBUS.CASH.IP,Mynd.ai Inc,N/A,TRADEABLE,-,SHARES,MY
MYRXV,UC.D.MYRXV.CASH.IP,Myrexis Inc,N/A,OFFLINE,-,SHARES,MY
MYRKGY,ED.D.MYRKGY.CASH.IP,MYHAMMER HOLDING AG,N/A,OFFLINE,-,SHARES,MY
MYSLLN,KA.D.MYSLLN.CASH.IP,MySale Group PLC,N/A,CLOSED,-,SHARES,MY
SESAU,AB.D.SESAU.CASH.IP,Myeco Group Ltd,N/A,EDITS_ONLY,-,SHARES,MY
MYR,AA.D.MYR.CASH.IP,Myer Holdings Ltd,N/A,EDITS_ONLY,-,SHARES,MY
MYGN,UC.D.MYGN.CASH.IP,Myriad Genetics Inc,N/A,TRADEABLE,-,SHARES,MY
MYRN,EJ.D.MYRN.CASH.IP,Myriad Group AG,N/A,OFFLINE,-,SHARES,MY
SAFETYBSS,EH.D.SAFETYBSS.CASH.IP,Mysafety Group AB,N/A,TRADEABLE,-,SHARES,MY
MYTLN,KA.D.MYTLN.CASH.IP,Mytrah Energy Ltd,N/A,OFFLINE,-,SHARES,MY
MYFCSS,EH.D.MYFCSS.CASH.IP,myFC Holding AB,N/A,OFFLINE,-,SHARES,MY
FXXGY,ED.D.FXXGY.CASH.IP,mybet Holding SE,N/A,CLOSED,-,SHARES,MY
BMYUS,SA.D.BMYUS.CASH.IP,Bristol-Myers Squibb Co (24 Hours),N/A,TRADEABLE,-,SHARES,MY
BMYRUS,SA.D.BMYRUS.CASH.IP,Bristol-Myers Squibb Company (Rights),N/A,CLOSED,-,SHARES,MY
MFBAU,AB.D.MFBAU.CASH.IP,My Food Bag Group Limited,N/A,CLOSED,-,SHARES,MY
MYDAU,AB.D.MYDAU.CASH.IP,MyDeal.com.au Limited,N/A,CLOSED,-,SHARES,MY
MYEUS,SE.D.MYEUS.CASH.IP,Myers Industries Inc,N/A,TRADEABLE,-,SHARES,MY
MYOVUS,SE.D.MYOVUS.CASH.IP,Myovant Sciences Limited,N/A,CLOSED,-,SHARES,MY
MYXLN,KC.D.MYXLN.CASH.IP,MYCELX Technologies Corporation,N/A,TRADEABLE,-,SHARES,MY
MYI,KA.D.MYI.CASH.IP,MYI - Murray International Trust PLC,N/A,TRADEABLE,-,SHARES,MY
MILLN,KC.D.MILLN.CASH.IP,Myanmar Investments International Limited,N/A,CLOSED,-,SHARES,MY
MYIGPZ,KC.D.MYIGPZ.CASH.IP,Mydecine Innovations Group Inc,N/A,OFFLINE,-,SHARES,MY
MZIAU,AB.D.MZIAU.CASH.IP,MZI Resources Limited,N/A,CLOSED,-,SHARES,MZ
NACT,KN.D.NACT.CASH.IP,National Bank of Canada,N/A,TRADEABLE,-,SHARES,NA
NACONFP,EC.D.NACONFP.CASH.IP,Nacon SA,N/A,TRADEABLE,-,SHARES,NA
NA9GY,ED.D.NA9GY.CASH.IP,Nagarro SE,N/A,TRADEABLE,-,SHARES,NA
WDLGY,ED.D.WDLGY.CASH.IP,Nakiki Se,N/A,OFFLINE,-,SHARES,NA
NPKSJ,AR.D.NPKSJ.CASH.IP,Nampak Ltd,N/A,TRADEABLE,-,SHARES,NA
NANEXASS,EH.D.NANEXASS.CASH.IP,Nanexa AB,N/A,TRADEABLE,-,SHARES,NA
NAPANO,EL.D.NAPANO.CASH.IP,Napatech AS,N/A,TRADEABLE,-,SHARES,NA
NTRAUS,UC.D.NTRAUS.CASH.IP,Natera Inc,N/A,TRADEABLE,-,SHARES,NA
NAVNUS,UC.D.NAVNUS.CASH.IP,Navan Inc,N/A,TRADEABLE,-,SHARES,NA
NAVYAFP,EC.D.NAVYAFP.CASH.IP,Navya SA,N/A,CLOSED,-,SHARES,NA
NFE,AF.D.NFE.CASH.IP,Dotz Nano Ltd,N/A,EDITS_ONLY,-,SHARES,NA
NAHLN,KA.D.NAHLN.CASH.IP,NAHL Group Ltd,N/A,TRADEABLE,-,SHARES,NA
NTGGY,ED.D.NTGGY.CASH.IP,Nabaltec AG,N/A,TRADEABLE,-,SHARES,NA
6268JT,AJ.D.6268JT.CASH.IP,Nabtesco Corp,N/A,EDITS_ONLY,-,SHARES,NA
2790JT,AJ.D.2790JT.CASH.IP,Nafco Co Ltd,N/A,EDITS_ONLY,-,SHARES,NA
N4GGY,ED.D.N4GGY.CASH.IP,Naga Group AG/The,N/A,OFFLINE,-,SHARES,NA
7716JT,AJ.D.7716JT.CASH.IP,Nakanishi Inc,N/A,EDITS_ONLY,-,SHARES,NA
NCLSP,AG.D.NCLSP.CASH.IP,Nam Cheong Ltd,N/A,EDITS_ONLY,-,SHARES,NA
NN6GY,ED.D.NN6GY.CASH.IP,NanoRepro AG,N/A,TRADEABLE,-,SHARES,NA
NANOFP,EC.D.NANOFP.CASH.IP,Nanobiotix,N/A,TRADEABLE,-,SHARES,NA
N7GGY,ED.D.N7GGY.CASH.IP,Nanogate AG,N/A,CLOSED,-,SHARES,NA
NPNSJ,AR.D.NPNSJ.CASH.IP,Naspers Ltd,N/A,TRADEABLE,-,SHARES,NA
2922JT,AJ.D.2922JT.CASH.IP,Natori Co Ltd,N/A,EDITS_ONLY,-,SHARES,NA
NAVIUS,UC.D.NAVIUS.CASH.IP,Navient Corp,N/A,TRADEABLE,-,SHARES,NA
I7NGY,ED.D.I7NGY.CASH.IP,ItN Nanovation AG,N/A,CLOSED,-,SHARES,NA
CYBALN,KC.D.CYBALN.CASH.IP,NARF INDUSTRIES PLC,N/A,TRADEABLE,-,SHARES,NA
NBUS,UC.D.NBUS.CASH.IP,NioCorp Developments Ltd,N/A,TRADEABLE,-,SHARES,NB
NBTBUS,UC.D.NBTBUS.CASH.IP,NBT Bancorp Inc,N/A,TRADEABLE,-,SHARES,NB
NETLINKSP,AG.D.NETLINKSP.CASH.IP,NetLink NBN Trust,N/A,EDITS_ONLY,-,SHARES,NB
NBCBUS,UC.D.NBCBUS.CASH.IP,First NBC Bank Holding Co,N/A,CLOSED,-,SHARES,NB
NEBXUS,SI.D.NEBXUS.CASH.IP,Tradr 2X Long NBIS Daily ETF,N/A,TRADEABLE,-,SHARES,NB
NBDDLN,KC.D.NBDDLN.CASH.IP,NBDD - NB Distressed Debt Investment Fund Limited,N/A,SUSPENDED,-,SHARES,NB
NBDGLN,KC.D.NBDGLN.CASH.IP,NBDG - NB Distressed Debt Investment Fund Limited,N/A,SUSPENDED,-,SHARES,NB
NBDXLN,KC.D.NBDXLN.CASH.IP,NBDX - NB Distressed Debt Investment Fund Limited,N/A,SUSPENDED,-,SHARES,NB
3NBILN,KA.D.3NBILN.CASH.IP,Leverage Shares 3x Long Nebius NBIS ETP - GBp,N/A,TRADEABLE,-,SHARES,NB
NBLSLN,KA.D.NBLSLN.CASH.IP,NB Global Monthly Income Fund Limited,N/A,CLOSED,-,SHARES,NB
NBPELN,KA.D.NBPELN.CASH.IP,NB Private Equity Partners Limited,N/A,TRADEABLE,-,SHARES,NB
NBPPLN,KC.D.NBPPLN.CASH.IP,NB Private Equity Partners Limited - Pref,N/A,OFFLINE,-,SHARES,NB
NBIAU,AB.D.NBIAU.CASH.IP,Nb Global Corporate Income Trust,N/A,CLOSED,-,SHARES,NB
NBPSLN,KC.D.NBPSLN.CASH.IP,NB Private Equity Partners Limited ZDP 2024 - Pref,N/A,CLOSED,-,SHARES,NB
NCUS,SE.D.NCUS.CASH.IP,Nacco Industries Inc,N/A,TRADEABLE,-,SHARES,NC
NCNOUS,UC.D.NCNOUS.CASH.IP,nCino Inc,N/A,TRADEABLE,-,SHARES,NC
NCABSS,EH.D.NCABSS.CASH.IP,NCAB Group AB (publ),N/A,TRADEABLE,-,SHARES,NC
NCCLN,KA.D.NCCLN.CASH.IP,NCC Group PLC,N/A,TRADEABLE,-,SHARES,NC
NATLUS,SE.D.NATLUS.CASH.IP,NCR Atleos Corp,N/A,TRADEABLE,-,SHARES,NC
9709JT,AJ.D.9709JT.CASH.IP,NCS&A Company Limited,N/A,EDITS_ONLY,-,SHARES,NC
AYAAU,AB.D.AYAAU.CASH.IP,New Century Resources Limited,N/A,CLOSED,-,SHARES,NC
NCRAU,AF.D.NCRAU.CASH.IP,NCR Resources Limited,N/A,CLOSED,-,SHARES,NC
NCR,SE.D.NCR.CASH.IP,NCR Voyix Corporation,N/A,TRADEABLE,-,SHARES,NC
NEUS,SE.D.NEUS.CASH.IP,Noble Corporation,N/A,TRADEABLE,-,SHARES,NE
NELNO,EL.D.NELNO.CASH.IP,Nel ASA,N/A,TRADEABLE,-,SHARES,NE
NXUGY,ED.D.NXUGY.CASH.IP,Nexu SA,N/A,OFFLINE,-,SHARES,NE
6701JT,AJ.D.6701JT.CASH.IP,NEC Corp,N/A,EDITS_ONLY,-,SHARES,NE
NXGLUS,UC.D.NXGLUS.CASH.IP,NEXGEL Inc,N/A,TRADEABLE,-,SHARES,NE
NXT,AB.D.NXT.CASH.IP,NEXTDC Ltd,N/A,EDITS_ONLY,-,SHARES,NE
MEO1V,EB.D.MEO1V.CASH.IP,Neles Oyj,N/A,OFFLINE,-,SHARES,NE
NNI,SE.D.NNI.CASH.IP,Nelnet Inc,N/A,TRADEABLE,-,SHARES,NE
NEOENFP,EC.D.NEOENFP.CASH.IP,Neoen SA,N/A,OFFLINE,-,SHARES,NE
PACEUS,SE.D.PACEUS.CASH.IP,Nerdy Inc,N/A,TRADEABLE,-,SHARES,NE
NESN,EJ.D.NESN.CASH.IP,Nestle SA,N/A,TRADEABLE,-,SHARES,NE
NESRGY,ED.D.NESRGY.CASH.IP,Nestle SA (DE),N/A,EDITS_ONLY,-,SHARES,NE
NTAP,UC.D.NTAP.CASH.IP,NetApp Inc (24 Hours),N/A,TRADEABLE,-,SHARES,NE
NETBSS,EH.D.NETBSS.CASH.IP,NetEnt AB,N/A,OFFLINE,-,SHARES,NE
NETILBSS,EH.D.NETILBSS.CASH.IP,NetEnt AB (publ),N/A,OFFLINE,-,SHARES,NE
NTGFP,EC.D.NTGFP.CASH.IP,NetGem SA,N/A,OFFLINE,-,SHARES,NE
O1BC,ED.D.O1BC.CASH.IP,New Work SE,N/A,OFFLINE,-,SHARES,NE
NWSAU,AB.D.NWSAU.CASH.IP,News Corp,N/A,EDITS_ONLY,-,SHARES,NE
NWSA,UC.D.NWSA.CASH.IP,News Corp - A (24 Hours),N/A,TRADEABLE,-,SHARES,NE
NWS,UC.D.NWS.CASH.IP,News Corp - B (24 Hours),N/A,TRADEABLE,-,SHARES,NE
NEXFP,EC.D.NEXFP.CASH.IP,Nexans SA,N/A,TRADEABLE,-,SHARES,NE
NEXIIM,EF.D.NEXIIM.CASH.IP,Nexi SpA,N/A,TRADEABLE,-,SHARES,NE
NXIFP,EC.D.NXIFP.CASH.IP,Nexity SA,N/A,TRADEABLE,-,SHARES,NE
NXNAU,AB.D.NXNAU.CASH.IP,Nexsen Ltd,N/A,EDITS_ONLY,-,SHARES,NE
NXT,KA.D.NXT.CASH.IP,Next PLC,N/A,TRADEABLE,-,SHARES,NE
QXTLN,KC.D.QXTLN.CASH.IP,Nexteq plc,N/A,TRADEABLE,-,SHARES,NE
1868HK,AC.D.1868HK.CASH.IP,Neo-Neon Holdings Ltd,N/A,EDITS_ONLY,-,SHARES,NE
9999HK,AC.D.9999HK.CASH.IP,NetEase Inc,N/A,EDITS_ONLY,-,SHARES,NE
NTGR,UC.D.NTGR.CASH.IP,NETGEAR Inc,N/A,TRADEABLE,-,SHARES,NE
KSMTUS,UB.D.KSMTUS.CASH.IP,NEXTERS INC,N/A,TRADEABLE,-,SHARES,NE
NEAAU,AB.D.NEAAU.CASH.IP,Nearmap Ltd,N/A,CLOSED,-,SHARES,NE
NEMGY,ED.D.NEMGY.CASH.IP,Nemetschek AG,N/A,TRADEABLE,-,SHARES,NE
NGMSUS,UC.D.NGMSUS.CASH.IP,NeoGames SA,N/A,CLOSED,-,SHARES,NE
NEOVUS,UC.D.NEOVUS.CASH.IP,NeoVolta Inc,N/A,TRADEABLE,-,SHARES,NE
NMTAU,AB.D.NMTAU.CASH.IP,Neometals Ltd,N/A,EDITS_ONLY,-,SHARES,NE
NEONUS,UC.D.NEONUS.CASH.IP,Neonode Inc,N/A,TRADEABLE,-,SHARES,NE
NVCNUS,UC.D.NVCNUS.CASH.IP,Neovasc Inc,N/A,CLOSED,-,SHARES,NE
NES1V,EB.D.NES1V.CASH.IP,Neste Oil OYJ,N/A,TRADEABLE,-,SHARES,NE
NETIBSS,EH.D.NETIBSS.CASH.IP,Net Insight AB (publ),N/A,TRADEABLE,-,SHARES,NE
NPWRUS,SE.D.NPWRUS.CASH.IP,Net Power Inc,N/A,TRADEABLE,-,SHARES,NE
NFICN,KN.D.NFICN.CASH.IP,NFI Group Inc,N/A,TRADEABLE,-,SHARES,NF
TKATUS,SI.D.TKATUS.CASH.IP,NFT Limited,N/A,TRADEABLE,-,SHARES,NF
NFLX,UC.D.NFLX.CASH.IP,Netflix Inc (24 Hours),N/A,TRADEABLE,-,SHARES,NF
NFLYLN,KA.D.NFLYLN.CASH.IP,IncomeShares Netflix NFLX Options ETP,N/A,TRADEABLE,-,SHARES,NF
NFLYUS,SI.D.NFLYUS.CASH.IP,YieldMax NFLX Option Income Strategy ETF,N/A,TRADEABLE,-,SHARES,NF
NFJUS,SE.D.NFJUS.CASH.IP,AllianzGI NFJ Dividend Interest & Premium Strategy Fund,N/A,TRADEABLE,-,SHARES,NF
NGT,KA.D.NGT.CASH.IP,National Grid PLC,N/A,TRADEABLE,-,SHARES,NG
NGCN,KN.D.NGCN.CASH.IP,NovaGold Resources Inc (Can),N/A,TRADEABLE,-,SHARES,NG
NGUS,SI.D.NGUS.CASH.IP,Novagold Resources Inc (US),N/A,TRADEABLE,-,SHARES,NG
NGXAU,AB.D.NGXAU.CASH.IP,NGX Limited,N/A,EDITS_ONLY,-,SHARES,NG
NGEAU,AB.D.NGEAU.CASH.IP,NGE Capital Limited,N/A,EDITS_ONLY,-,SHARES,NG
NGEXCN,KN.D.NGEXCN.CASH.IP,NGEx Minerals Ltd,N/A,TRADEABLE,-,SHARES,NG
5333JT,AJ.D.5333JT.CASH.IP,NGK Insulators Ltd,N/A,EDITS_ONLY,-,SHARES,NG
NGMUS,UC.D.NGMUS.CASH.IP,NGM Biopharmaceuticals Inc,N/A,CLOSED,-,SHARES,NG
NGSPLN,KA.D.NGSPLN.CASH.IP,WisdomTree Natural Gas [NGSP],N/A,TRADEABLE,-,SHARES,NG
EPSFP,EC.D.EPSFP.CASH.IP,NHOA,N/A,CLOSED,-,SHARES,NH
LMBAU,AB.D.LMBAU.CASH.IP,NH3 Clean Energy Limited,N/A,EDITS_ONLY,-,SHARES,NH
5991JT,AJ.D.5991JT.CASH.IP,NHK Spring Company Limited,N/A,EDITS_ONLY,-,SHARES,NH
NI,SE.D.NI.CASH.IP,NiSource Inc (24 Hours),N/A,TRADEABLE,-,SHARES,NI
9866HK,AC.D.9866HK.CASH.IP,NIO Inc (HK),N/A,EDITS_ONLY,-,SHARES,NI
NIOSP,AG.D.NIOSP.CASH.IP,NIO Inc (SGX),N/A,EDITS_ONLY,-,SHARES,NI
NKE,SE.D.NKE.CASH.IP,NIKE Inc (24 Hours),N/A,TRADEABLE,-,SHARES,NI
COXFP,EC.D.COXFP.CASH.IP,NicOx SA,N/A,TRADEABLE,-,SHARES,NI
6594JT,AJ.D.6594JT.CASH.IP,Nidec Corp  (JP),N/A,EDITS_ONLY,-,SHARES,NI
7988JT,AJ.D.7988JT.CASH.IP,Nifco Inc,N/A,EDITS_ONLY,-,SHARES,NI
7731JT,AJ.D.7731JT.CASH.IP,Nikon Corp,N/A,EDITS_ONLY,-,SHARES,NI
8086JT,AJ.D.8086JT.CASH.IP,Nipro Corp,N/A,EDITS_ONLY,-,SHARES,NI
NIXUFH,EB.D.NIXUFH.CASH.IP,Nixu Oyj,N/A,CLOSED,-,SHARES,NI
RCRTUS,UC.D.RCRTUS.CASH.IP,Nixxy Inc,N/A,TRADEABLE,-,SHARES,NI
NIPGUS,UC.D.NIPGUS.CASH.IP,NIP Group Inc,N/A,TRADEABLE,-,SHARES,NI
NICL,KA.D.NICL.CASH.IP,Nichols PLC,N/A,TRADEABLE,-,SHARES,NI
NCKAU,AF.D.NCKAU.CASH.IP,Nick Scali Ltd,N/A,EDITS_ONLY,-,SHARES,NI
NGHTLN,KA.D.NGHTLN.CASH.IP,Nightcap PLC,N/A,CLOSED,-,SHARES,NI
CIRLN,KA.D.CIRLN.CASH.IP,Niox Group plc,N/A,TRADEABLE,-,SHARES,NI
6145JT,AJ.D.6145JT.CASH.IP,Nittoku Co Ltd,N/A,EDITS_ONLY,-,SHARES,NI
CNCCN,KN.D.CNCCN.CASH.IP,Canada Nickel Co Inc,N/A,TRADEABLE,-,SHARES,NI
1346JT,AJ.D.1346JT.CASH.IP,MAXIS Nikkei 225 ETF,N/A,EDITS_ONLY,-,SHARES,NI
NIBCNA,EG.D.NIBCNA.CASH.IP,NIBC Holding NV,N/A,CLOSED,-,SHARES,NI
NICEUS,UC.D.NICEUS.CASH.IP,NICE Systems Ltd - ADR,N/A,TRADEABLE,-,SHARES,NI
NIBEB,EH.D.NIBEB.CASH.IP,Nibe Industrier AB,N/A,TRADEABLE,-,SHARES,NI
NLSNUS,SE.D.NLSNUS.CASH.IP,Nielsen Holdings NV,N/A,CLOSED,-,SHARES,NI
NSPYUS,SI.D.NSPYUS.CASH.IP,Nightshares 500 ETF,N/A,CLOSED,-,SHARES,NI
NKOCT,KN.D.NKOCT.CASH.IP,Niko Resources Ltd,N/A,CLOSED,-,SHARES,NI
NLFSKDC,EP.D.NLFSKDC.CASH.IP,Nilfisk Holding AS,N/A,OFFLINE,-,SHARES,NI
NILBSS,EH.D.NILBSS.CASH.IP,Nilorngruppen AB,N/A,TRADEABLE,-,SHARES,NI
BOATSS,EH.D.BOATSS.CASH.IP,Nimbus Group AB,N/A,TRADEABLE,-,SHARES,NI
NY1SJ,AR.D.NY1SJ.CASH.IP,Ninety One Group,N/A,TRADEABLE,-,SHARES,NI
N91SJ,AR.D.N91SJ.CASH.IP,Ninety One Group,N/A,TRADEABLE,-,SHARES,NI
4669JT,AJ.D.4669JT.CASH.IP,Nippan Rental Co Ltd,N/A,CLOSED,-,SHARES,NI
5759JT,AJ.D.5759JT.CASH.IP,Nippon Denkai Ltd,N/A,CLOSED,-,SHARES,NI
3891JT,AJ.D.3891JT.CASH.IP,Nippon Kodoshi Corp,N/A,EDITS_ONLY,-,SHARES,NI
7201JT,AJ.D.7201JT.CASH.IP,Nissan Motor Co Ltd,N/A,EDITS_ONLY,-,SHARES,NI
9066JT,AJ.D.9066JT.CASH.IP,Nissin Corporation,N/A,CLOSED,-,SHARES,NI
6569JT,AJ.D.6569JT.CASH.IP,Nisso Corporation,N/A,CLOSED,-,SHARES,NI
NITROSS,EH.D.NITROSS.CASH.IP,Nitro Games Oyj,N/A,TRADEABLE,-,SHARES,NI
5186JT,AJ.D.5186JT.CASH.IP,Nitta Corporation,N/A,EDITS_ONLY,-,SHARES,NI
6988JT,AJ.D.6988JT.CASH.IP,Nitto Denko Corp,N/A,EDITS_ONLY,-,SHARES,NI
RCHRCN,KN.D.RCHRCN.CASH.IP,NorthX Nickel Corp,N/A,OFFLINE,-,SHARES,NI
9421JT,AJ.D.9421JT.CASH.IP,NJ Holdings Inc,N/A,EDITS_ONLY,-,SHARES,NJ
NKTXUS,UC.D.NKTXUS.CASH.IP,Nkarta Inc,N/A,TRADEABLE,-,SHARES,NK
NKTDC,EP.D.NKTDC.CASH.IP,NKT Holding AS,N/A,TRADEABLE,-,SHARES,NK
8630JT,AJ.D.8630JT.CASH.IP,NKSJ Holdings Inc,N/A,EDITS_ONLY,-,SHARES,NK
VTIQUS,UD.D.VTIQUS.CASH.IP,Nikola Corporation,N/A,CLOSED,-,SHARES,NK
NLUS,SE.D.NLUS.CASH.IP,NL Industries Inc,N/A,TRADEABLE,-,SHARES,NL
LASRUS,UB.D.LASRUS.CASH.IP,nLIGHT Inc,N/A,TRADEABLE,-,SHARES,NL
AARAU,AB.D.AARAU.CASH.IP,Astral Resources NL,N/A,EDITS_ONLY,-,SHARES,NL
BUYAU,AB.D.BUYAU.CASH.IP,Bounty Oil & Gas NL,N/A,EDITS_ONLY,-,SHARES,NL
CHRCAAU,AB.D.CHRCAAU.CASH.IP,Charger Metals NL,N/A,CLOSED,-,SHARES,NL
CHRAU,AB.D.CHRAU.CASH.IP,Charger Metals NL,N/A,EDITS_ONLY,-,SHARES,NL
CGMAU,AB.D.CGMAU.CASH.IP,Cougar Metals NL,N/A,CLOSED,-,SHARES,NL
EGOAU,AB.D.EGOAU.CASH.IP,Empire Oil & Gas NL,N/A,CLOSED,-,SHARES,NL
RMP,KA.D.RMP.CASH.IP,Future Metals NL,N/A,OFFLINE,-,SHARES,NL
RMP,AB.D.RMP.CASH.IP,Future Metals NL,N/A,EDITS_ONLY,-,SHARES,NL
MCR,AA.D.MCR.CASH.IP,Mincor Resources NL,N/A,CLOSED,-,SHARES,NL
NWEAU,AB.D.NWEAU.CASH.IP,Norwest Energy NL,N/A,CLOSED,-,SHARES,NL
OMXAU,AB.D.OMXAU.CASH.IP,Orange Minerals NL,N/A,EDITS_ONLY,-,SHARES,NL
ABUAU,AF.D.ABUAU.CASH.IP,Prodigy Gold NL,N/A,EDITS_ONLY,-,SHARES,NL
TGNAU,AB.D.TGNAU.CASH.IP,Tungsten Mining NL,N/A,EDITS_ONLY,-,SHARES,NL
AROAU,AB.D.AROAU.CASH.IP,Venari Minerals NL,N/A,EDITS_ONLY,-,SHARES,NL
BMOAU,AB.D.BMOAU.CASH.IP,Vita Resources NL,N/A,EDITS_ONLY,-,SHARES,NL
IRMAU,AB.D.IRMAU.CASH.IP,Western Yilgarn NL,N/A,EDITS_ONLY,-,SHARES,NL
ADY,AF.D.ADY.CASH.IP,Admiralty Resources NL,N/A,EDITS_ONLY,-,SHARES,NL
APGAU,AB.D.APGAU.CASH.IP,Austpac Resources NL,N/A,CLOSED,-,SHARES,NL
BRBAU,AB.D.BRBAU.CASH.IP,Breaker Resources NL,N/A,CLOSED,-,SHARES,NL
EMRAU,AB.D.EMRAU.CASH.IP,Emerald Resources NL,N/A,EDITS_ONLY,-,SHARES,NL
HHMAU,AB.D.HHMAU.CASH.IP,Hampton Hill Mining NL,N/A,CLOSED,-,SHARES,NL
PVDAU,AB.D.PVDAU.CASH.IP,Hartshead Resources NL,N/A,EDITS_ONLY,-,SHARES,NL
HAV,AF.D.HAV.CASH.IP,Havilah Resources NL,N/A,EDITS_ONLY,-,SHARES,NL
LKEOBAU,AB.D.LKEOBAU.CASH.IP,Lake Resources NL OPTIONS,N/A,CLOSED,-,SHARES,NL
MAUAU,AB.D.MAUAU.CASH.IP,Magnetic Resources NL,N/A,EDITS_ONLY,-,SHARES,NL
MEIAU,AB.D.MEIAU.CASH.IP,Meteoric Resources NL,N/A,EDITS_ONLY,-,SHARES,NL
PCLAU,AF.D.PCLAU.CASH.IP,Pancontinental Energy NL,N/A,EDITS_ONLY,-,SHARES,NL
R8RAU,AB.D.R8RAU.CASH.IP,Regener8 Resources NL,N/A,EDITS_ONLY,-,SHARES,NL
BRDAU,AB.D.BRDAU.CASH.IP,Surefire Resources NL,N/A,EDITS_ONLY,-,SHARES,NL
DTMOCAU,AB.D.DTMOCAU.CASH.IP,Dart Mining NL Options @AUD 0.051 EXP 31/10/2028,N/A,EDITS_ONLY,-,SHARES,NL
FMEOAU,AB.D.FMEOAU.CASH.IP,Future Metals NL Options @ AUD 0.10 EXP 11/06/2024,N/A,CLOSED,-,SHARES,NL
SXXAU,AB.D.SXXAU.CASH.IP,Southern Cross Exploration NL,N/A,CLOSED,-,SHARES,NL
AAROAU,AB.D.AAROAU.CASH.IP,Astral Resources NL Options @ AUD 0.14 Exp 24/10/2025,N/A,CLOSED,-,SHARES,NL
BUYOAU,AB.D.BUYOAU.CASH.IP,Bounty Oil & Gas NL Options @ AUD 0.025 EXP 30/11/2025,N/A,CLOSED,-,SHARES,NL
LKEOAU,AB.D.LKEOAU.CASH.IP,Lake Resources NL Options @ AUD 0.05 EXP 14/10/2028,N/A,EDITS_ONLY,-,SHARES,NL
RIMOCAU,AB.D.RIMOCAU.CASH.IP,Rimfire Pacific Mining NL Option @0.01 EXP01.05.2020,N/A,CLOSED,-,SHARES,NL
SRNOCAU,AB.D.SRNOCAU.CASH.IP,Surefire Resources NL Option @ AUD0.006 EXP 30.06.2020,N/A,CLOSED,-,SHARES,NL
NMUS,SE.D.NMUS.CASH.IP,Navios Maritime Holdings Inc,N/A,CLOSED,-,SHARES,NM
NMIHUS,UC.D.NMIHUS.CASH.IP,NMI Holdings Inc,N/A,TRADEABLE,-,SHARES,NM
NNUS,UC.D.NNUS.CASH.IP,NextNav Inc,N/A,TRADEABLE,-,SHARES,NN
NNBRUS,UC.D.NNBRUS.CASH.IP,NN Inc,N/A,TRADEABLE,-,SHARES,NN
NNITDC,EP.D.NNITDC.CASH.IP,NNIT A/S,N/A,TRADEABLE,-,SHARES,NN
NNN,SE.D.NNN.CASH.IP,NNN REIT Inc,N/A,TRADEABLE,-,SHARES,NN
NPUS,SE.D.NPUS.CASH.IP,Neptune Insurance Holdings Inc,N/A,OFFLINE,-,SHARES,NP
RWEG,ED.D.RWEG.CASH.IP,RWE AG,N/A,TRADEABLE,-,SHARES,NP
6209JT,AJ.D.6209JT.CASH.IP,NPR-RIKEN CORP,N/A,EDITS_ONLY,-,SHARES,NP
NP3SS,EH.D.NP3SS.CASH.IP,NP3 Fastigheter AB (publ),N/A,TRADEABLE,-,SHARES,NP
NP3PREFSS,EH.D.NP3PREFSS.CASH.IP,NP3 Fastigheter AB (publ),N/A,OFFLINE,-,SHARES,NP
NRUS,SE.D.NRUS.CASH.IP,NPK International Inc,N/A,TRADEABLE,-,SHARES,NP
WFEAU,AB.D.WFEAU.CASH.IP,Pathfinder Resources Ltd - NPV,N/A,CLOSED,-,SHARES,NP
NRCNO,EL.D.NRCNO.CASH.IP,NRC Group ASA,N/A,TRADEABLE,-,SHARES,NR
NRG,SE.D.NRG.CASH.IP,NRG Energy Inc (24 Hours),N/A,TRADEABLE,-,SHARES,NR
NWHAU,AB.D.NWHAU.CASH.IP,NRW Holdings Ltd,N/A,EDITS_ONLY,-,SHARES,NR
BRPAUS,UA.D.BRPAUS.CASH.IP,NRX Pharmaceuticals Inc,N/A,TRADEABLE,-,SHARES,NR
OSX4GY,ED.D.OSX4GY.CASH.IP,OSSIAM ETF EUROPE MINIMUM VARIANCE NR,N/A,TRADEABLE,-,SHARES,NR
OSX2GY,ED.D.OSX2GY.CASH.IP,OSSIAM US MINIMUM VARIANCE ESG NR UCITS ETF,N/A,OFFLINE,-,SHARES,NR
9739JT,AJ.D.9739JT.CASH.IP,NSW Inc,N/A,EDITS_ONLY,-,SHARES,NS
NSXAU,AB.D.NSXAU.CASH.IP,NSX Limited,N/A,CLOSED,-,SHARES,NS
9759JT,AJ.D.9759JT.CASH.IP,NSD Company Limited,N/A,EDITS_ONLY,-,SHARES,NS
2327JT,AJ.D.2327JT.CASH.IP,NS Solutions Corporation,N/A,EDITS_ONLY,-,SHARES,NS
6157JT,AJ.D.6157JT.CASH.IP,NS Tool Company Limited,N/A,EDITS_ONLY,-,SHARES,NS
9110JT,AJ.D.9110JT.CASH.IP,NS United Kaiun Kaisha Limited,N/A,EDITS_ONLY,-,SHARES,NS
NTT,SE.D.NTT.CASH.IP,NTT Inc,N/A,OFFLINE,-,SHARES,NT
9432JT,AJ.D.9432JT.CASH.IP,Ntt Inc,N/A,EDITS_ONLY,-,SHARES,NT
6472JT,AJ.D.6472JT.CASH.IP,NTN Corp,N/A,EDITS_ONLY,-,SHARES,NT
RCPAU,AB.D.RCPAU.CASH.IP,NT Minerals Limited,N/A,EDITS_ONLY,-,SHARES,NT
NTDAU,AB.D.NTDAU.CASH.IP,NTAW Holdings Limited,N/A,EDITS_ONLY,-,SHARES,NT
NEURDC,EP.D.NEURDC.CASH.IP,NTG Nordic Transport Group AS,N/A,TRADEABLE,-,SHARES,NT
9613JT,AJ.D.9613JT.CASH.IP,NTT Data Group Corporation,N/A,CLOSED,-,SHARES,NT
LCUKLN,KA.D.LCUKLN.CASH.IP,Lyxor Core Morningstar UK NT DR UCITS ETF,N/A,TRADEABLE,-,SHARES,NT
SGQGLN,KA.D.SGQGLN.CASH.IP,Lyxor SG European Quality Income NTR UCITS ETF,N/A,OFFLINE,-,SHARES,NT
7974JT,AJ.D.7974JT.CASH.IP,Nintendo Co Ltd,N/A,EDITS_ONLY,-,SHARES,NT
SGQLLN,KA.D.SGQLLN.CASH.IP,Lyxor SG Global Quality Income NTR UCITS ETF - C-GBP - SGQL,N/A,TRADEABLE,-,SHARES,NT
SGQXLN,KA.D.SGQXLN.CASH.IP,Lyxor SG Global Quality Income NTR UCITS ETF - Monthly Hedged C-GBP - SGQX,N/A,TRADEABLE,-,SHARES,NT
NUUS,SE.D.NUUS.CASH.IP,Nu Holdings Limited (24 Hours),N/A,TRADEABLE,-,SHARES,NU
DPHCUS,UB.D.DPHCUS.CASH.IP,Nu Ride Inc,N/A,OFFLINE,-,SHARES,NU
NCNAUS,UC.D.NCNAUS.CASH.IP,NuCana PLC,N/A,TRADEABLE,-,SHARES,NU
TWNDUS,SG.D.TWNDUS.CASH.IP,Nuburu Inc,N/A,TRADEABLE,-,SHARES,NU
NUE,SE.D.NUE.CASH.IP,Nucor Corp (24 Hours),N/A,TRADEABLE,-,SHARES,NU
NUF,AA.D.NUF.CASH.IP,Nufarm Ltd,N/A,EDITS_ONLY,-,SHARES,NU
NUVAUS,UC.D.NUVAUS.CASH.IP,NuVasive Inc,N/A,CLOSED,-,SHARES,NU
LVRTLN,KC.D.LVRTLN.CASH.IP,Nuformix PLC,N/A,TRADEABLE,-,SHARES,NU
NXLAU,AB.D.NXLAU.CASH.IP,Nuix Limited,N/A,EDITS_ONLY,-,SHARES,NU
NUM,KA.D.NUM.CASH.IP,Numis Corp PLC,N/A,OFFLINE,-,SHARES,NU
NUTRUS,UC.D.NUTRUS.CASH.IP,Nusatrip Inc,N/A,SUSPENDED,-,SHARES,NU
NTNXUS,UC.D.NTNXUS.CASH.IP,Nutanix Inc,N/A,TRADEABLE,-,SHARES,NU
NTRBUS,UC.D.NTRBUS.CASH.IP,Nutriband Inc,N/A,TRADEABLE,-,SHARES,NU
NUVLUS,UC.D.NUVLUS.CASH.IP,Nuvalent Inc,N/A,TRADEABLE,-,SHARES,NU
NVEIUS,UC.D.NVEIUS.CASH.IP,Nuvei Corp - US,N/A,CLOSED,-,SHARES,NU
CHFSUS,UA.D.CHFSUS.CASH.IP,Nuwellis Inc,N/A,TRADEABLE,-,SHARES,NU
NUCAU,AB.D.NUCAU.CASH.IP,Nuchev Limited,N/A,EDITS_ONLY,-,SHARES,NU
NUHAU,AB.D.NUHAU.CASH.IP,Nuheara Limited,N/A,CLOSED,-,SHARES,NU
NUTXUS,UC.D.NUTXUS.CASH.IP,Nutex Health Inc,N/A,TRADEABLE,-,SHARES,NU
NTRUS,SE.D.NTRUS.CASH.IP,Nutrien Limited,N/A,TRADEABLE,-,SHARES,NU
NTRCN,KN.D.NTRCN.CASH.IP,Nutrien Limited,N/A,TRADEABLE,-,SHARES,NU
PANAUS,SE.D.PANAUS.CASH.IP,Nuvation Bio Inc,N/A,TRADEABLE,-,SHARES,NU
NVCTUS,UC.D.NVCTUS.CASH.IP,Nuvectis Pharma Inc,N/A,TRADEABLE,-,SHARES,NU
NVEICN,KN.D.NVEICN.CASH.IP,Nuvei Corporation,N/A,OFFLINE,-,SHARES,NU
NBACUS,UC.D.NBACUS.CASH.IP,Nuvve Holding Corp,N/A,TRADEABLE,-,SHARES,NU
SCSS,UD.D.SCSS.CASH.IP,Sleep Number Corp,N/A,TRADEABLE,-,SHARES,NU
APNLN,KC.D.APNLN.CASH.IP,Applied Nutrition PLC,N/A,TRADEABLE,-,SHARES,NU
LCAUS,UB.D.LCAUS.CASH.IP,Golden Nugget Online Gaming,N/A,CLOSED,-,SHARES,NU
ENEGLN,KC.D.ENEGLN.CASH.IP,Halo Minerals PLC - NUOG,N/A,ON_AUCTION,-,SHARES,NU
NNEUS,UC.D.NNEUS.CASH.IP,NANO Nuclear Energy Inc (24 Hours),N/A,TRADEABLE,-,SHARES,NU
NUSUS,SE.D.NUSUS.CASH.IP,Nu Skin Enterprises Inc,N/A,TRADEABLE,-,SHARES,NU
NGYAU,AB.D.NGYAU.CASH.IP,NuEnergy Gas Limited,N/A,EDITS_ONLY,-,SHARES,NU
SVUS,UD.D.SVUS.CASH.IP,NuScale Power Corporation (24 Hours),N/A,TRADEABLE,-,SHARES,NU
NVACN,KN.D.NVACN.CASH.IP,NuVista Energy Limited,N/A,OFFLINE,-,SHARES,NU
NUAN,UC.D.NUAN.CASH.IP,Nuance Communications Inc,N/A,CLOSED,-,SHARES,NU
DGISM,EI.D.DGISM.CASH.IP,Nueva Expresion Textil SA,N/A,TRADEABLE,-,SHARES,NU
NRIXUS,UC.D.NRIXUS.CASH.IP,Nurix Therapeutics Inc,N/A,TRADEABLE,-,SHARES,NU
NLG1VFH,EB.D.NLG1VFH.CASH.IP,Nurminen Logistics Oyj,N/A,TRADEABLE,-,SHARES,NU
NUSAU,AB.D.NUSAU.CASH.IP,Nusantara Resources Limited,N/A,CLOSED,-,SHARES,NU
TCPSJ,AR.D.TCPSJ.CASH.IP,Nutun Investments Limited,N/A,TRADEABLE,-,SHARES,NU
JCEUS,SD.D.JCEUS.CASH.IP,Nuveen Core Equity Alpha Fund,N/A,TRADEABLE,-,SHARES,NU
NSLUS,SE.D.NSLUS.CASH.IP,Nuveen Senior Income Fund,N/A,CLOSED,-,SHARES,NU
NLRUS,SI.D.NLRUS.CASH.IP,VanEck Uranium and Nuclear ETF,N/A,TRADEABLE,-,SHARES,NU
AHFAU,AB.D.AHFAU.CASH.IP,Australian Dairy Nutritionals Group,N/A,EDITS_ONLY,-,SHARES,NU
ODX,KC.D.ODX.CASH.IP,Cambridge Nutritional Sciences PLC,N/A,TRADEABLE,-,SHARES,NU
LITMUS,UB.D.LITMUS.CASH.IP,Frontier Nuclear and Minerals Inc,N/A,TRADEABLE,-,SHARES,NU
F,EF.D.F.CASH.IP,Stellantis NV (Italy),N/A,TRADEABLE,-,SHARES,NV
NVRUS,SE.D.NVRUS.CASH.IP,NVR Inc (24 Hours),N/A,TRADEABLE,-,SHARES,NV
OCI,EG.D.OCI.CASH.IP,OCI NV,N/A,TRADEABLE,-,SHARES,NV
RENNA,EG.D.RENNA.CASH.IP,Relx NV,N/A,TRADEABLE,-,SHARES,NV
VGPBB,EA.D.VGPBB.CASH.IP,VGP NV,N/A,TRADEABLE,-,SHARES,NV
CSMNC,EG.D.CSMNC.CASH.IP,Corbion NV,N/A,TRADEABLE,-,SHARES,NV
IFRXUS,UB.D.IFRXUS.CASH.IP,InflaRx NV,N/A,TRADEABLE,-,SHARES,NV
OPTIBB,EA.D.OPTIBB.CASH.IP,Option NV,N/A,TRADEABLE,-,SHARES,NV
ORDINA,EG.D.ORDINA.CASH.IP,Ordina NV,N/A,CLOSED,-,SHARES,NV
THRBB,EA.D.THRBB.CASH.IP,Oxurion NV,N/A,TRADEABLE,-,SHARES,NV
TNT,EG.D.TNT.CASH.IP,PostNL NV,N/A,TRADEABLE,-,SHARES,NV
PRXSJ,AR.D.PRXSJ.CASH.IP,Prosus NV (JSE),N/A,TRADEABLE,-,SHARES,NV
PRXNA,EG.D.PRXNA.CASH.IP,Prosus NV (NL),N/A,TRADEABLE,-,SHARES,NV
QIA,ED.D.QIA.CASH.IP,QIAGEN NV (DE),N/A,TRADEABLE,-,SHARES,NV
QGENUS,UC.D.QGENUS.CASH.IP,QIAGEN NV (US),N/A,TRADEABLE,-,SHARES,NV
RESBB,EA.D.RESBB.CASH.IP,Resilux NV,N/A,OFFLINE,-,SHARES,NV
SIPBB,EA.D.SIPBB.CASH.IP,SIPEF NV,N/A,TRADEABLE,-,SHARES,NV
STMIM,EF.D.STMIM.CASH.IP,STMicroelectronics NV (IT),N/A,TRADEABLE,-,SHARES,NV
LIGHTNA,EG.D.LIGHTNA.CASH.IP,Signify NV,N/A,TRADEABLE,-,SHARES,NV
TOM2,EG.D.TOM2.CASH.IP,TomTom NV,N/A,TRADEABLE,-,SHARES,NV
TRVGUS,UD.D.TRVGUS.CASH.IP,Trivago NV,N/A,TRADEABLE,-,SHARES,NV
NWF,KC.D.NWF.CASH.IP,NWF Group PLC,N/A,TRADEABLE,-,SHARES,NW
NWPXUS,UC.D.NWPXUS.CASH.IP,NWPX Infrastructure Inc,N/A,TRADEABLE,-,SHARES,NW
NX,SE.D.NX.CASH.IP,Quanex Building Products Corp,N/A,TRADEABLE,-,SHARES,NX
AMVUS,UA.D.AMVUS.CASH.IP,Nxu Inc,N/A,OFFLINE,-,SHARES,NX
NXFILNA,EG.D.NXFILNA.CASH.IP,NX Filtration NV,N/A,TRADEABLE,-,SHARES,NX
4565JT,AJ.D.4565JT.CASH.IP,Nxera Pharma Co Ltd,N/A,EDITS_ONLY,-,SHARES,NX
NXPI,UC.D.NXPI.CASH.IP,NXP Semiconductor NV (24 Hours),N/A,TRADEABLE,-,SHARES,NX
SRVUS,SG.D.SRVUS.CASH.IP,NXG Cushing Midstream Energy Fund,N/A,TRADEABLE,-,SHARES,NX
SKARTAFH,EB.D.SKARTAFH.CASH.IP,NYAB Plc,N/A,CLOSED,-,SHARES,NY
M7UGY,ED.D.M7UGY.CASH.IP,Nynomic AG,N/A,TRADEABLE,-,SHARES,NY
NYRAU,AB.D.NYRAU.CASH.IP,Nyrada Inc,N/A,EDITS_ONLY,-,SHARES,NY
NYRBB,EA.D.NYRBB.CASH.IP,Nyrstar,N/A,TRADEABLE,-,SHARES,NY
NYXHBB,EA.D.NYXHBB.CASH.IP,Nyxoah SA,N/A,TRADEABLE,-,SHARES,NY
NYXHUS,UC.D.NYXHUS.CASH.IP,Nyxoah SA - US,N/A,TRADEABLE,-,SHARES,NY
TRST,UD.D.TRST.CASH.IP,TrustCo Bank Corp NY,N/A,TRADEABLE,-,SHARES,NY
DANINYEDC,EP.D.DANINYEDC.CASH.IP,Danske Invest Nye Markeder,N/A,TRADEABLE,-,SHARES,NY
CXSPZ,KC.D.CXSPZ.CASH.IP,NYCE International PLC,N/A,TRADEABLE,-,SHARES,NY
NYKDNO,EL.D.NYKDNO.CASH.IP,Nykode Therapeutics ASA,N/A,TRADEABLE,-,SHARES,NY
SBNYUS,UD.D.SBNYUS.CASH.IP,Signature Bank/New York NY,N/A,OFFLINE,-,SHARES,NY
XPERUS,SH.D.XPERUS.CASH.IP,Xperi Inc - NYSE spin off,N/A,TRADEABLE,-,SHARES,NY
DAINYMKDC,EP.D.DAINYMKDC.CASH.IP,Danske Invest - Nye Markeder - Akkumulerende,N/A,TRADEABLE,-,SHARES,NY
HNUCT,KN.D.HNUCT.CASH.IP,Horizons BetaPro NYMEX Nat Gas Bull Plus ETF,N/A,TRADEABLE,-,SHARES,NY
MMNYEAKDC,EP.D.MMNYEAKDC.CASH.IP,Multi Manager Invest - Nye Aktiemarkeder,N/A,TRADEABLE,-,SHARES,NY
PFNYIDFDC,EP.D.PFNYIDFDC.CASH.IP,Nykredit Invest - Danske Fokusaktier,N/A,OFFLINE,-,SHARES,NY
NYIDADC,EP.D.NYIDADC.CASH.IP,Nykredit Invest Danske Aktier,N/A,TRADEABLE,-,SHARES,NY
NYKGSRIDC,EP.D.NYKGSRIDC.CASH.IP,Nykredit Invest Globale Aktier SRI,N/A,OFFLINE,-,SHARES,NY
NZMAU,AB.D.NZMAU.CASH.IP,NZME Limited,N/A,EDITS_ONLY,-,SHARES,NZ
MYTAU,AB.D.MYTAU.CASH.IP,Mercury NZ Limited (AU),N/A,EDITS_ONLY,-,SHARES,NZ
1595JT,AJ.D.1595JT.CASH.IP,NZAM ETF J-REIT Index,N/A,EDITS_ONLY,-,SHARES,NZ
OTLYUS,UC.D.OTLYUS.CASH.IP,Oatly Group AB,N/A,TRADEABLE,-,SHARES,OA
FA17LN,KC.D.FA17LN.CASH.IP,Fair Oaks Income Limited - 2071,N/A,TRADEABLE,-,SHARES,OA
KORESP,AG.D.KORESP.CASH.IP,Keppel Pacific Oak US REIT,N/A,CLOSED,-,SHARES,OA
LOBUS,UB.D.LOBUS.CASH.IP,Live Oak Bancshares Inc,N/A,TRADEABLE,-,SHARES,OA
OSHUS,SE.D.OSHUS.CASH.IP,Oak Street Health Inc,N/A,CLOSED,-,SHARES,OA
OKJAU,AB.D.OKJAU.CASH.IP,Oakajee Corporation Limited,N/A,EDITS_ONLY,-,SHARES,OA
OAKMUS,SI.D.OAKMUS.CASH.IP,Oakmark US Large Cap ETF,N/A,TRADEABLE,-,SHARES,OA
FSCUS,SC.D.FSCUS.CASH.IP,Oaktree Specialty Lending Co,N/A,TRADEABLE,-,SHARES,OA
OASUS,UC.D.OASUS.CASH.IP,Oasis Petroleum Inc - New,N/A,TRADEABLE,-,SHARES,OA
OASMUS,UC.D.OASMUS.CASH.IP,Oasmia Pharmaceutical AB (publ) - US,N/A,OFFLINE,-,SHARES,OA
1161HK,AC.D.1161HK.CASH.IP,Water Oasis Group Limited,N/A,EDITS_ONLY,-,SHARES,OA
FAIRLN,KC.D.FAIRLN.CASH.IP,Fair Oaks Income Fund Limited - 2021,N/A,TRADEABLE,-,SHARES,OA
OCLLN,KC.D.OCLLN.CASH.IP,Oakley Capital Investments Ltd,N/A,TRADEABLE,-,SHARES,OA
XPEAU,AB.D.XPEAU.CASH.IP,Oakridge International Limited,N/A,EDITS_ONLY,-,SHARES,OA
SVOKUUS,UD.D.SVOKUUS.CASH.IP,Seven Oaks Acquisition Corporation (unit),N/A,CLOSED,-,SHARES,OA
OAROAU,AB.D.OAROAU.CASH.IP,Oar Resources Ltd Options @ AUD 0.04 EXP 31/12/2021,N/A,CLOSED,-,SHARES,OA
OBSVUS,UC.D.OBSVUS.CASH.IP,ObsEva SA,N/A,CLOSED,-,SHARES,OB
1802JT,AJ.D.1802JT.CASH.IP,Obayashi Corp,N/A,EDITS_ONLY,-,SHARES,OB
OBSAV,EK.D.OBSAV.CASH.IP,Oberbank AG,N/A,OFFLINE,-,SHARES,OB
OWLSUS,UC.D.OWLSUS.CASH.IP,OBOOK Holdings Inc,N/A,TRADEABLE,-,SHARES,OB
6877JT,AJ.D.6877JT.CASH.IP,Obara Group Inc,N/A,EDITS_ONLY,-,SHARES,OB
4684JT,AJ.D.4684JT.CASH.IP,OBIC Company Limited,N/A,EDITS_ONLY,-,SHARES,OB
BASKLN,KC.D.BASKLN.CASH.IP,Oberon Investments Group Plc,N/A,TRADEABLE,-,SHARES,OB
OHLSM,EI.D.OHLSM.CASH.IP,Obrascon Huarte Lain SA,N/A,TRADEABLE,-,SHARES,OB
PWEUS,SE.D.PWEUS.CASH.IP,Obsidian Energy Limited,N/A,TRADEABLE,-,SHARES,OB
PWTUCT,KN.D.PWTUCT.CASH.IP,Obsidian Energy Limited (CA),N/A,TRADEABLE,-,SHARES,OB
XACTBONDS,EH.D.XACTBONDS.CASH.IP,XACT Obligation UCITS ETF,N/A,TRADEABLE,-,SHARES,OB
MAJLODC,EP.D.MAJLODC.CASH.IP,Maj Invest UCITS ETF Lifestyle & Obesity,N/A,TRADEABLE,-,SHARES,OB
4733JT,AJ.D.4733JT.CASH.IP,OBIC Business Consultants Company Limited,N/A,EDITS_ONLY,-,SHARES,OB
OCLAU,AB.D.OCLAU.CASH.IP,Objective Corporation Limited,N/A,EDITS_ONLY,-,SHARES,OB
PWO,ED.D.PWO.CASH.IP,Progress-Werk Oberkirch Aktiengesellschaft,N/A,TRADEABLE,-,SHARES,OB
SPADOV5DC,EP.D.SPADOV5DC.CASH.IP,Sparindex INDEX Stabile Obligationer KL A,N/A,TRADEABLE,-,SHARES,OB
SPKOPERDC,EP.D.SPKOPERDC.CASH.IP,Sydinvest Korte Obligationer KL,N/A,TRADEABLE,-,SHARES,OB
HRTSUS,UB.D.HRTSUS.CASH.IP,Tema Obesity & Cardiometabolic ETF,N/A,TRADEABLE,-,SHARES,OB
OCUS,SE.D.OCUS.CASH.IP,Owens Corning,N/A,TRADEABLE,-,SHARES,OC
HSGXUS,UB.D.HSGXUS.CASH.IP,Ocugen Inc (24 Hours),N/A,TRADEABLE,-,SHARES,OC
OPUS,UC.D.OPUS.CASH.IP,OceanPal Inc,N/A,TRADEABLE,-,SHARES,OC
OCTLN,KC.D.OCTLN.CASH.IP,Octagonal PLC,N/A,CLOSED,-,SHARES,OC
OXXAU,AB.D.OXXAU.CASH.IP,Octanex N.L.,N/A,CLOSED,-,SHARES,OC
UNAX,EJ.D.UNAX.CASH.IP,OC Oerlikon Corp AG,N/A,TRADEABLE,-,SHARES,OC
OCDO,KA.D.OCDO.CASH.IP,Ocado Group PLC,N/A,TRADEABLE,-,SHARES,OC
OBCIUS,UC.D.OBCIUS.CASH.IP,Ocean Bio-Chem Inc,N/A,CLOSED,-,SHARES,OC
OCYNO,EL.D.OCYNO.CASH.IP,Ocean Yield ASA,N/A,OFFLINE,-,SHARES,OC
OCESJ,AR.D.OCESJ.CASH.IP,Oceana Group Ltd,N/A,TRADEABLE,-,SHARES,OC
OGC,AA.D.OGC.CASH.IP,OceanaGold Corp,N/A,CLOSED,-,SHARES,OC
OCNUSS,AG.D.OCNUSS.CASH.IP,Oceanus Group Ltd,N/A,EDITS_ONLY,-,SHARES,OC
OSECLN,KC.D.OSECLN.CASH.IP,Octopus AIM VCT 2 PLC,N/A,TRADEABLE,-,SHARES,OC
OOALN,KC.D.OOALN.CASH.IP,Octopus AIM VCT PLC,N/A,TRADEABLE,-,SHARES,OC
OCV3LN,KC.D.OCV3LN.CASH.IP,Octopus VCT 3 PLC,N/A,OFFLINE,-,SHARES,OC
CODAUS,UA.D.CODAUS.CASH.IP,Coda Octopus Group Inc,N/A,TRADEABLE,-,SHARES,OC
GOGLNO,EL.D.GOGLNO.CASH.IP,Golden Ocean Group Ltd (NO),N/A,OFFLINE,-,SHARES,OC
VLCCF,UD.D.VLCCF.CASH.IP,Golden Ocean Group Ltd (US),N/A,CLOSED,-,SHARES,OC
GCOSM,EI.D.GCOSM.CASH.IP,Grupo Catalana Occidente SA,N/A,OFFLINE,-,SHARES,OC
NOLNO,EL.D.NOLNO.CASH.IP,Northern Ocean Limited,N/A,TRADEABLE,-,SHARES,OC
OCAXUUS,UC.D.OCAXUUS.CASH.IP,OCA Acquisition Corporation,N/A,CLOSED,-,SHARES,OC
OXY,SE.D.OXY.CASH.IP,Occidental Petroleum Corp (24 Hours),N/A,TRADEABLE,-,SHARES,OC
OCEAUS,UC.D.OCEAUS.CASH.IP,Ocean Biomedical Inc,N/A,OFFLINE,-,SHARES,OC
OLOTLN,KA.D.OLOTLN.CASH.IP,Ocean Outdoor Limited,N/A,OFFLINE,-,SHARES,OC
OPTTUS,UC.D.OPTTUS.CASH.IP,Ocean Power Technologies Inc,N/A,TRADEABLE,-,SHARES,OC
OCN,KC.D.OCN.CASH.IP,Ocean Wilsons Holdings Ltd,N/A,OFFLINE,-,SHARES,OC
OCNAU,AB.D.OCNAU.CASH.IP,Oceana Metals Limited,N/A,EDITS_ONLY,-,SHARES,OC
OGCCN,KN.D.OGCCN.CASH.IP,OceanaGold Corporation,N/A,TRADEABLE,-,SHARES,OC
OCAAU,AB.D.OCAAU.CASH.IP,Oceania Healthcare Limited,N/A,EDITS_ONLY,-,SHARES,OC
OCTAU,AB.D.OCTAU.CASH.IP,Octava Minerals Limited,N/A,EDITS_ONLY,-,SHARES,OC
OCTVSDBSS,EH.D.OCTVSDBSS.CASH.IP,Octave Intelligence PLC,N/A,TRADEABLE,-,SHARES,OC
OCTVUS,UC.D.OCTVUS.CASH.IP,Octave Intelligence PLC (US),N/A,TRADEABLE,-,SHARES,OC
AMBCUS,UA.D.AMBCUS.CASH.IP,Octave Specialty Group Inc,N/A,TRADEABLE,-,SHARES,OC
OCTSJ,AR.D.OCTSJ.CASH.IP,Octodec Investments Limited,N/A,TRADEABLE,-,SHARES,OC
OAP3LN,KC.D.OAP3LN.CASH.IP,Octopus Apollo VCT PLC,N/A,TRADEABLE,-,SHARES,OC
OTV2LN,KC.D.OTV2LN.CASH.IP,Octopus Titan VCT PLC,N/A,TRADEABLE,-,SHARES,OC
OCULUS,UC.D.OCULUS.CASH.IP,Ocular Therapeutix Inc,N/A,TRADEABLE,-,SHARES,OC
T3KAU,AB.D.T3KAU.CASH.IP,TEK-Ocean Group Limited,N/A,CLOSED,-,SHARES,OC
2255HK,AC.D.2255HK.CASH.IP,Haichang Ocean Park Holdings Limited,N/A,EDITS_ONLY,-,SHARES,OC
3377HK,AC.D.3377HK.CASH.IP,Sino-Ocean Land Holdings Ltd,N/A,EDITS_ONLY,-,SHARES,OC
YYYSP,AG.D.YYYSP.CASH.IP,Lion-OCBC Securities China Leaders ETF,N/A,EDITS_ONLY,-,SHARES,OC
OHTLN,KC.D.OHTLN.CASH.IP,Ocean Harvest Technology Group PLC,N/A,OFFLINE,-,SHARES,OC
OCFCUS,UC.D.OCFCUS.CASH.IP,OceanFirst Financial Corporation,N/A,TRADEABLE,-,SHARES,OC
OII,SE.D.OII.CASH.IP,Oceaneering International Inc,N/A,TRADEABLE,-,SHARES,OC
OFGLN,KA.D.OFGLN.CASH.IP,Octopus Future Generations Vct PLC,N/A,TRADEABLE,-,SHARES,OC
ORITLN,KA.D.ORITLN.CASH.IP,Octopus Renewables Infrastructure Trust PLC,N/A,TRADEABLE,-,SHARES,OC
1893JT,AJ.D.1893JT.CASH.IP,Penta-Ocean Construction Company Limited,N/A,EDITS_ONLY,-,SHARES,OC
ODTUS,UC.D.ODTUS.CASH.IP,Odonate Inc,N/A,OFFLINE,-,SHARES,OD
OD6AU,AB.D.OD6AU.CASH.IP,OD6 Metals Limited,N/A,EDITS_ONLY,-,SHARES,OD
ODDUS,UC.D.ODDUS.CASH.IP,Oddity Tech Ltd,N/A,TRADEABLE,-,SHARES,OD
ODNAU,AB.D.ODNAU.CASH.IP,Odin Energy Ltd,N/A,CLOSED,-,SHARES,OD
ODDSS,EH.D.ODDSS.CASH.IP,Odd Molly International AB (publ),N/A,OFFLINE,-,SHARES,OD
CR8AU,AB.D.CR8AU.CASH.IP,Odessa Minerals Limited,N/A,EDITS_ONLY,-,SHARES,OD
ODLNO,EL.D.ODLNO.CASH.IP,Odfjell Drilling Limited,N/A,TRADEABLE,-,SHARES,OD
OTLNO,EL.D.OTLNO.CASH.IP,Odfjell Technology Ltd,N/A,TRADEABLE,-,SHARES,OD
ODYSYNA,EG.D.ODYSYNA.CASH.IP,Odyssey Acquisition SA,N/A,OFFLINE,-,SHARES,OD
ODYAU,AB.D.ODYAU.CASH.IP,Odyssey Gold Limited,N/A,EDITS_ONLY,-,SHARES,OD
9007JT,AJ.D.9007JT.CASH.IP,Odakyu Electric Railway Co Ltd,N/A,EDITS_ONLY,-,SHARES,OD
OITLN,KA.D.OITLN.CASH.IP,Odyssean Investment Trust PLC,N/A,TRADEABLE,-,SHARES,OD
OMEX,UC.D.OMEX.CASH.IP,Odyssey Marine Exploration Inc,N/A,TRADEABLE,-,SHARES,OD
SBTFP,EC.D.SBTFP.CASH.IP,Oeneo SA,N/A,TRADEABLE,-,SHARES,OE
2533JT,AJ.D.2533JT.CASH.IP,Oenon Holdings Inc,N/A,EDITS_ONLY,-,SHARES,OE
OEMBSS,EH.D.OEMBSS.CASH.IP,OEM International AB (publ),N/A,TRADEABLE,-,SHARES,OE
POSTAV,EK.D.POSTAV.CASH.IP,Oesterreichische Post AG,N/A,TRADEABLE,-,SHARES,OE
OGUNBSS,EH.D.OGUNBSS.CASH.IP,Ogunsen AB (publ),N/A,TRADEABLE,-,SHARES,OG
OGE,SE.D.OGE.CASH.IP,OGE Energy Corp,N/A,TRADEABLE,-,SHARES,OG
OHB0GY,ED.D.OHB0GY.CASH.IP,OHB SE,N/A,CLOSED,-,SHARES,OH
OMHUS,UC.D.OMHUS.CASH.IP,Ohmyhome LTD,N/A,TRADEABLE,-,SHARES,OH
PKOHUS,UC.D.PKOHUS.CASH.IP,Park-Ohio Holdings Corp,N/A,TRADEABLE,-,SHARES,OH
9936JT,AJ.D.9936JT.CASH.IP,Ohsho Food Service Corporation,N/A,EDITS_ONLY,-,SHARES,OH
4186JT,AJ.D.4186JT.CASH.IP,Tokyo Ohka Kogyo Company Limited,N/A,EDITS_ONLY,-,SHARES,OH
O2CGY,ED.D.O2CGY.CASH.IP,CAT Oil AG,N/A,CLOSED,-,SHARES,OI
TAP,AA.D.TAP.CASH.IP,Tap Oil Ltd,N/A,CLOSED,-,SHARES,OI
2613JT,AJ.D.2613JT.CASH.IP,J-Oil Mills Inc,N/A,EDITS_ONLY,-,SHARES,OI
OSH,AA.D.OSH.CASH.IP,Oil Search Ltd,N/A,CLOSED,-,SHARES,OI
TETYSS,EH.D.TETYSS.CASH.IP,Tethys Oil AB (publ),N/A,OFFLINE,-,SHARES,OI
TLW,KA.D.TLW.CASH.IP,Tullow Oil PLC,N/A,TRADEABLE,-,SHARES,OI
TLWID,EE.D.TLWID.CASH.IP,Tullow Oil PLC (Euronext Dublin),N/A,CLOSED,-,SHARES,OI
BASAU,AB.D.BASAU.CASH.IP,Bass Oil Limited,N/A,EDITS_ONLY,-,SHARES,OI
CAZALN,KC.D.CAZALN.CASH.IP,Caza Oil & Gas Inc,N/A,OFFLINE,-,SHARES,OI
MCFUS,SI.D.MCFUS.CASH.IP,Contango Oil & Gas Co,N/A,CLOSED,-,SHARES,OI
ENOGLN,KA.D.ENOGLN.CASH.IP,Energean Oil & Gas PLC,N/A,TRADEABLE,-,SHARES,OI
MAD,AB.D.MAD.CASH.IP,Freedom Oil and Gas Ltd,N/A,CLOSED,-,SHARES,OI
HDY,KA.D.HDY.CASH.IP,Hardy Oil & Gas PLC,N/A,OFFLINE,-,SHARES,OI
3861JT,AJ.D.3861JT.CASH.IP,Oji Holdings Corp,N/A,EDITS_ONLY,-,SHARES,OJ
MBT,SE.D.MBT.CASH.IP,Mobile Telesystems OJSC - ADR,N/A,CLOSED,-,SHARES,OJ
OKEANO,EL.D.OKEANO.CASH.IP,OKEA AS,N/A,TRADEABLE,-,SHARES,OK
ALCCUS,SA.D.ALCCUS.CASH.IP,Oklo Inc (24 Hours),N/A,TRADEABLE,-,SHARES,OK
OKTAUS,UC.D.OKTAUS.CASH.IP,Okta Inc (24 Hours),N/A,TRADEABLE,-,SHARES,OK
VVV3GY,ED.D.VVV3GY.CASH.IP,Okoworld AG,N/A,TRADEABLE,-,SHARES,OK
EML,KC.D.EML.CASH.IP,OKYO Pharma Limited,N/A,CLOSED,-,SHARES,OK
OKYOUS,UC.D.OKYOUS.CASH.IP,OKYO Pharma Ltd,N/A,TRADEABLE,-,SHARES,OK
6103JT,AJ.D.6103JT.CASH.IP,Okuma Corporation,N/A,EDITS_ONLY,-,SHARES,OK
5959JT,AJ.D.5959JT.CASH.IP,Okabe Company Limited,N/A,EDITS_ONLY,-,SHARES,OK
6294JT,AJ.D.6294JT.CASH.IP,Okada Aiyon Corporation,N/A,EDITS_ONLY,-,SHARES,OK
5122JT,AJ.D.5122JT.CASH.IP,Okamoto Industries Inc,N/A,EDITS_ONLY,-,SHARES,OK
7994JT,AJ.D.7994JT.CASH.IP,Okamura Corporation,N/A,EDITS_ONLY,-,SHARES,OK
8609JT,AJ.D.8609JT.CASH.IP,Okasan Securities Group Inc,N/A,EDITS_ONLY,-,SHARES,OK
OKUAU,AB.D.OKUAU.CASH.IP,Oklo Resources Limited,N/A,CLOSED,-,SHARES,OK
1833JT,AJ.D.1833JT.CASH.IP,Okumura Corporation,N/A,EDITS_ONLY,-,SHARES,OK
8217JT,AJ.D.8217JT.CASH.IP,Okuwa Company Limited,N/A,EDITS_ONLY,-,SHARES,OK
8397JT,AJ.D.8397JT.CASH.IP,The Bank of Okinawa Limited,N/A,EDITS_ONLY,-,SHARES,OK
3OKLLN,KA.D.3OKLLN.CASH.IP,Leverage Shares 3x Long Oklo ETP - GBp,N/A,TRADEABLE,-,SHARES,OK
6125JT,AJ.D.6125JT.CASH.IP,Okamoto Machine Tool Works Limited,N/A,EDITS_ONLY,-,SHARES,OK
OETMENO,EL.D.OETMENO.CASH.IP,Okeanis Eco Tankers Corporation,N/A,TRADEABLE,-,SHARES,OK
6703JT,AJ.D.6703JT.CASH.IP,Oki Electric Industry Company Limited,N/A,EDITS_ONLY,-,SHARES,OK
9436JT,AJ.D.9436JT.CASH.IP,Okinawa Cellular Telephone Co,N/A,EDITS_ONLY,-,SHARES,OK
4221JT,AJ.D.4221JT.CASH.IP,Okura Industrial Company Limited,N/A,EDITS_ONLY,-,SHARES,OK
9511JT,AJ.D.9511JT.CASH.IP,The Okinawa Electric Power Company Inc,N/A,EDITS_ONLY,-,SHARES,OK
9063JT,AJ.D.9063JT.CASH.IP,Okayamaken Freight Transportation Company Limited,N/A,EDITS_ONLY,-,SHARES,OK
OLOUS,SE.D.OLOUS.CASH.IP,Olo Inc,N/A,CLOSED,-,SHARES,OL
WORLN,KC.D.WORLN.CASH.IP,Oleeo PLC,N/A,OFFLINE,-,SHARES,OL
OLN,SE.D.OLN.CASH.IP,Olin Corp,N/A,TRADEABLE,-,SHARES,OL
OLVASFH,EB.D.OLVASFH.CASH.IP,Olvi Oyj,N/A,TRADEABLE,-,SHARES,OL
7733JT,AJ.D.7733JT.CASH.IP,Olympus Corp,N/A,EDITS_ONLY,-,SHARES,OL
OLBUS,UC.D.OLBUS.CASH.IP,The OLB Group Inc,N/A,TRADEABLE,-,SHARES,OL
OLAMSP,AG.D.OLAMSP.CASH.IP,Olam Group Limited,N/A,EDITS_ONLY,-,SHARES,OL
OLKUS,UC.D.OLKUS.CASH.IP,Olink Holding AB (publ),N/A,CLOSED,-,SHARES,OL
ZEUSUS,UD.D.ZEUSUS.CASH.IP,Olympic Steel Inc,N/A,CLOSED,-,SHARES,OL
OLPXUS,UC.D.OLPXUS.CASH.IP,Olaplex Holdings Inc,N/A,TRADEABLE,-,SHARES,OL
ODFL,UC.D.ODFL.CASH.IP,Old Dominion Freight Line Inc (24 Hours),N/A,TRADEABLE,-,SHARES,OL
ONBUS,UC.D.ONBUS.CASH.IP,Old National Ban Corporation,N/A,TRADEABLE,-,SHARES,OL
OSBCUS,UC.D.OSBCUS.CASH.IP,Old Second Bancorp Inc,N/A,TRADEABLE,-,SHARES,OL
OLHAU,AB.D.OLHAU.CASH.IP,Oldfields Holdings Limited,N/A,EDITS_ONLY,-,SHARES,OL
OLMAUS,UC.D.OLMAUS.CASH.IP,Olema Pharmaceuticals Inc,N/A,TRADEABLE,-,SHARES,OL
SGBXUS,UD.D.SGBXUS.CASH.IP,Olenox Industries Inc,N/A,TRADEABLE,-,SHARES,OL
OLIAU,AB.D.OLIAU.CASH.IP,Oliver's Real Food Limited,N/A,EDITS_ONLY,-,SHARES,OL
CLIAU,AB.D.CLIAU.CASH.IP,Olympio Metals Limited,N/A,EDITS_ONLY,-,SHARES,OL
SKGLN,KA.D.SKGLN.CASH.IP,Smurfit Kappa Group PLC (LSE) Old,N/A,OFFLINE,-,SHARES,OL
CBRL,UA.D.CBRL.CASH.IP,Cracker Barrel Old Country Store Inc,N/A,TRADEABLE,-,SHARES,OL
NICKUS,UC.D.NICKUS.CASH.IP,Old Market Capital Corporation,N/A,OFFLINE,-,SHARES,OL
ORI,SE.D.ORI.CASH.IP,Old Republic International Corp,N/A,TRADEABLE,-,SHARES,OL
OLLIUS,UC.D.OLLIUS.CASH.IP,Ollie's Bargain Outlet Holdings Inc,N/A,TRADEABLE,-,SHARES,OL
OMUS,UC.D.OMUS.CASH.IP,Outset Medical Inc,N/A,TRADEABLE,-,SHARES,OM
OABIUS,UC.D.OABIUS.CASH.IP,OmniAb Inc,N/A,TRADEABLE,-,SHARES,OM
OFLXUS,UC.D.OFLXUS.CASH.IP,OmegaFlex Inc,N/A,TRADEABLE,-,SHARES,OM
OMERUS,UC.D.OMERUS.CASH.IP,Omeros Corp,N/A,TRADEABLE,-,SHARES,OM
OMCLUS,UC.D.OMCLUS.CASH.IP,Omnicell Inc,N/A,TRADEABLE,-,SHARES,OM
NDAQ,UC.D.NDAQ.CASH.IP,NASDAQ OMX Group Inc (24 Hours),N/A,TRADEABLE,-,SHARES,OM
OMHAU,AB.D.OMHAU.CASH.IP,OM Holdings Ltd,N/A,EDITS_ONLY,-,SHARES,OM
FFFAU,AB.D.FFFAU.CASH.IP,OMG Group Limited,N/A,EDITS_ONLY,-,SHARES,OM
6645JT,AJ.D.6645JT.CASH.IP,OMRON Corporation,N/A,EDITS_ONLY,-,SHARES,OM
OMDAUS,UC.D.OMDAUS.CASH.IP,Omada Health Inc,N/A,TRADEABLE,-,SHARES,OM
OMGCN,KN.D.OMGCN.CASH.IP,Omai Gold Mines Corp,N/A,TRADEABLE,-,SHARES,OM
OMNSJ,AR.D.OMNSJ.CASH.IP,Omnia Holdings Ltd,N/A,TRADEABLE,-,SHARES,OM
OMC,SE.D.OMC.CASH.IP,Omnicom Group Inc (24 Hours),N/A,TRADEABLE,-,SHARES,OM
BOMNUS,UA.D.BOMNUS.CASH.IP,Boston Omaha Corporation,N/A,TRADEABLE,-,SHARES,OM
OMSEUS,UC.D.OMSEUS.CASH.IP,OMS Energy Technologies Inc,N/A,TRADEABLE,-,SHARES,OM
OMASPFH,EB.D.OMASPFH.CASH.IP,Oma Saastopankki Oyj,N/A,TRADEABLE,-,SHARES,OM
OMAAU,AB.D.OMAAU.CASH.IP,Omega Oil & Gas Limited,N/A,EDITS_ONLY,-,SHARES,OM
OMGAUS,UC.D.OMGAUS.CASH.IP,Omega Therapeutics Inc,N/A,CLOSED,-,SHARES,OM
IMFAU,AB.D.IMFAU.CASH.IP,Omni Bridgeway Limited,N/A,EDITS_ONLY,-,SHARES,OM
OM1AU,AB.D.OM1AU.CASH.IP,Omnia Metals Group Limited,N/A,EDITS_ONLY,-,SHARES,OM
XACTC25DC,EP.D.XACTC25DC.CASH.IP,XACT OMXC25 UCITS ETF,N/A,TRADEABLE,-,SHARES,OM
AOSLUS,UA.D.AOSLUS.CASH.IP,Alpha & Omega Semiconductor Limited,N/A,TRADEABLE,-,SHARES,OM
OHI,SE.D.OHI.CASH.IP,Omega Healthcare Investors Inc,N/A,TRADEABLE,-,SHARES,OM
OCAUUS,SE.D.OCAUUS.CASH.IP,Omnichannel Acquisition Corporation,N/A,CLOSED,-,SHARES,OM
OMXSLN,KA.D.OMXSLN.CASH.IP,iShares OMX Stockholm Capped UCITS ETF,N/A,TRADEABLE,-,SHARES,OM
H25ETFFH,EB.D.H25ETFFH.CASH.IP,Seligson & Co OMX Helsinki 25 Exchange Traded Fund,N/A,OFFLINE,-,SHARES,OM
OODASS,EH.D.OODASS.CASH.IP,OODA AI AB,N/A,TRADEABLE,-,SHARES,OO
OOMAUS,SE.D.OOMAUS.CASH.IP,Ooma Inc,N/A,TRADEABLE,-,SHARES,OO
OMLAU,AB.D.OMLAU.CASH.IP,oOh!media Ltd,N/A,EDITS_ONLY,-,SHARES,OO
OPSS,EH.D.OPSS.CASH.IP,Oscar Properties Holding AB (publ),N/A,CLOSED,-,SHARES,OP
FGNAUS,SC.D.FGNAUS.CASH.IP,OppFi Inc,N/A,TRADEABLE,-,SHARES,OP
OPELN,KC.D.OPELN.CASH.IP,Optare PLC,N/A,OFFLINE,-,SHARES,OP
OPTERSS,EH.D.OPTERSS.CASH.IP,Opter AB,N/A,TRADEABLE,-,SHARES,OP
OPN,EC.D.OPN.CASH.IP,Groupe Open,N/A,OFFLINE,-,SHARES,OP
KARUS,SD.D.KARUS.CASH.IP,OPENLANE Inc,N/A,TRADEABLE,-,SHARES,OP
POMFP,EC.D.POMFP.CASH.IP,OPmobility,N/A,TRADEABLE,-,SHARES,OP
OTEX,UC.D.OTEX.CASH.IP,Open Text Corp,N/A,TRADEABLE,-,SHARES,OP
3926JT,AJ.D.3926JT.CASH.IP,OpenDoor Inc,N/A,EDITS_ONLY,-,SHARES,OP
OPRAUS,UC.D.OPRAUS.CASH.IP,Opera Limited,N/A,TRADEABLE,-,SHARES,OP
OPTNUS,UC.D.OPTNUS.CASH.IP,OptiNose Inc,N/A,CLOSED,-,SHARES,OP
OPTOMEDFH,EB.D.OPTOMEDFH.CASH.IP,Optomed Oyj,N/A,TRADEABLE,-,SHARES,OP
OPUSSS,EH.D.OPUSSS.CASH.IP,Opus Group AB (publ),N/A,ON_AUCTION,-,SHARES,OP
OPKUS,SE.D.OPKUS.CASH.IP,OPKO Health Inc,N/A,TRADEABLE,-,SHARES,OP
3694JT,AJ.D.3694JT.CASH.IP,OPTiM Corporation,N/A,EDITS_ONLY,-,SHARES,OP
2154JT,AJ.D.2154JT.CASH.IP,Open Up Group Inc,N/A,EDITS_ONLY,-,SHARES,OP
6914JT,AJ.D.6914JT.CASH.IP,Optex Group Co Ltd,N/A,EDITS_ONLY,-,SHARES,OP
OPTAU,AB.D.OPTAU.CASH.IP,Opthea Limited,N/A,EDITS_ONLY,-,SHARES,OP
OCUPUS,UC.D.OCUPUS.CASH.IP,Opus Genetics Inc,N/A,TRADEABLE,-,SHARES,OP
OPTOAAU,AB.D.OPTOAAU.CASH.IP,Opthea Ltd Options @ AUD 0.80 EXP 31/08/2025,N/A,CLOSED,-,SHARES,OP
OPTOBAU,AB.D.OPTOBAU.CASH.IP,Opthea Ltd Options @ AUD 1.00 EXP 30/06/2026,N/A,EDITS_ONLY,-,SHARES,OP
AAOIUS,UA.D.AAOIUS.CASH.IP,Applied Optoelectronics Inc,N/A,TRADEABLE,-,SHARES,OP
ELIBB,EA.D.ELIBB.CASH.IP,Elia System Operator SA,N/A,TRADEABLE,-,SHARES,OP
AMDILN,KA.D.AMDILN.CASH.IP,IncomeShares AMD Options ETP,N/A,TRADEABLE,-,SHARES,OP
YARMLN,KA.D.YARMLN.CASH.IP,IncomeShares ARM Options ETP,N/A,TRADEABLE,-,SHARES,OP
MSAIOPILX,EJ.D.MSAIOPILX.CASH.IP,MS INVF Asia Opportunity (USD),N/A,OFFLINE,-,SHARES,OP
CTN,AF.D.CTN.CASH.IP,NAOS Small Cap Opportunities,N/A,EDITS_ONLY,-,SHARES,OP
OPG,KC.D.OPG.CASH.IP,OPG Power Ventures PLC,N/A,OFFLINE,-,SHARES,OP
ONWDLN,KA.D.ONWDLN.CASH.IP,Onward Opportunities Ltd,N/A,TRADEABLE,-,SHARES,OP
OPDESM,EI.D.OPDESM.CASH.IP,Opdenergy Holdings SA,N/A,OFFLINE,-,SHARES,OP
IPOBUS,SD.D.IPOBUS.CASH.IP,Open Door Technologies Inc (24 Hours),N/A,TRADEABLE,-,SHARES,OP
3288JT,AJ.D.3288JT.CASH.IP,Open House Company Limited,N/A,EDITS_ONLY,-,SHARES,OP
OTEXCN,KN.D.OTEXCN.CASH.IP,Open Text Corporation,N/A,TRADEABLE,-,SHARES,OP
OLLAU,AB.D.OLLAU.CASH.IP,OpenLearning Limited,N/A,EDITS_ONLY,-,SHARES,OP
O5HGY,ED.D.O5HGY.CASH.IP,OpenLimit Holding AG,N/A,CLOSED,-,SHARES,OP
OPN1A,AB.D.OPN1A.CASH.IP,Openn Negotiation Limited,N/A,CLOSED,-,SHARES,OP
OPYAU,AB.D.OPYAU.CASH.IP,Openpay Group Limited,N/A,CLOSED,-,SHARES,OP
OPNTUS,UC.D.OPNTUS.CASH.IP,Opiant Pharmaceuticals Inc,N/A,CLOSED,-,SHARES,OP
OPYUS,SE.D.OPYUS.CASH.IP,Oppenheimer Holdings Inc,N/A,TRADEABLE,-,SHARES,OP
OPTILN,KC.D.OPTILN.CASH.IP,OptiBiotix Health PLC,N/A,TRADEABLE,-,SHARES,OP
OPTISS,EH.D.OPTISS.CASH.IP,OptiCept Technologies AB,N/A,TRADEABLE,-,SHARES,OP
OPTLN,KC.D.OPTLN.CASH.IP,Optima Health Group Ltd,N/A,TRADEABLE,-,SHARES,OP
OPRXUS,UC.D.OPRXUS.CASH.IP,OptimizeRx Corporation,N/A,TRADEABLE,-,SHARES,OP
ATUSUS,SA.D.ATUSUS.CASH.IP,Optimum Communications Inc,N/A,TRADEABLE,-,SHARES,OP
OSUS,UC.D.OSUS.CASH.IP,Onestream Inc,N/A,CLOSED,-,SHARES,OS
OSK,SE.D.OSK.CASH.IP,Oshkosh Corp,N/A,TRADEABLE,-,SHARES,OS
OSRGR,ED.D.OSRGR.CASH.IP,Osram Licht AG,N/A,OFFLINE,-,SHARES,OS
OSSDSS,EH.D.OSSDSS.CASH.IP,OssDsign AB,N/A,TRADEABLE,-,SHARES,OS
9104JT,AJ.D.9104JT.CASH.IP,Mitsui OSK Lines Ltd,N/A,EDITS_ONLY,-,SHARES,OS
OSTXUS,SI.D.OSTXUS.CASH.IP,OS Therapies Inc,N/A,TRADEABLE,-,SHARES,OS
6136JT,AJ.D.6136JT.CASH.IP,OSG Corporation,N/A,EDITS_ONLY,-,SHARES,OS
OSISUS,UC.D.OSISUS.CASH.IP,OSI Systems Inc,N/A,TRADEABLE,-,SHARES,OS
9532JT,AJ.D.9532JT.CASH.IP,Osaka Gas Co Ltd,N/A,EDITS_ONLY,-,SHARES,OS
OSCRUS,SE.D.OSCRUS.CASH.IP,Oscar Health Inc (24 Hours),N/A,TRADEABLE,-,SHARES,OS
OSKCN,KN.D.OSKCN.CASH.IP,Osisko Mining Inc,N/A,OFFLINE,-,SHARES,OS
OSPAU,AB.D.OSPAU.CASH.IP,Osprey Medical Inc,N/A,CLOSED,-,SHARES,OS
OSXAU,AB.D.OSXAU.CASH.IP,Osteopore Limited,N/A,EDITS_ONLY,-,SHARES,OS
DANIOSTDC,EP.D.DANIOSTDC.CASH.IP,Danske Invest Osteuropa,N/A,OFFLINE,-,SHARES,OS
EAC,EP.D.EAC.CASH.IP,Det Ostasiatiske Kompagni A/S,N/A,TRADEABLE,-,SHARES,OS
OSEFP,EC.D.OSEFP.CASH.IP,OSE Immunotherapeutics SA,N/A,TRADEABLE,-,SHARES,OS
4046JT,AJ.D.4046JT.CASH.IP,Osaka Soda Company Limited,N/A,EDITS_ONLY,-,SHARES,OS
OPPREFSS,EH.D.OPPREFSS.CASH.IP,Oscar Properties Holding AB (publ),N/A,CLOSED,-,SHARES,OS
OSMAU,AB.D.OSMAU.CASH.IP,Osmond Resources Limited,N/A,EDITS_ONLY,-,SHARES,OS
OSTUS,UC.D.OSTUS.CASH.IP,Ostin Technology Group Co Ltd,N/A,SUSPENDED,-,SHARES,OS
SSKUS,SI.D.SSKUS.CASH.IP,REX-OSPREY SOL + Staking ETF,N/A,TRADEABLE,-,SHARES,OS
5726JT,AJ.D.5726JT.CASH.IP,OSAKA Titanium technologies Company Limited,N/A,EDITS_ONLY,-,SHARES,OS
OSGUS,SE.D.OSGUS.CASH.IP,OSG - Overseas Shipholding Group Inc,N/A,CLOSED,-,SHARES,OS
UKMVLN,KA.D.UKMVLN.CASH.IP,OSSIAM ETF FTSE 100 MINIMUM VARIANCE,N/A,OFFLINE,-,SHARES,OS
4187JT,AJ.D.4187JT.CASH.IP,Osaka Organic Chemical Industry Limited,N/A,EDITS_ONLY,-,SHARES,OS
6644JT,AJ.D.6644JT.CASH.IP,Osaki Electric Company Limited,N/A,EDITS_ONLY,-,SHARES,OS
OPPREFBSS,EH.D.OPPREFBSS.CASH.IP,Oscar Properties Holding AB (publ) - Pref,N/A,OFFLINE,-,SHARES,OS
OSIO,KC.D.OSIO.CASH.IP,Osirium Technologies Limited,N/A,OFFLINE,-,SHARES,OS
ODVCN,KN.D.ODVCN.CASH.IP,Osisko Development Corporation,N/A,TRADEABLE,-,SHARES,OS
ODVUS,SE.D.ODVUS.CASH.IP,Osisko Development Corporation - US,N/A,TRADEABLE,-,SHARES,OS
OSNUS,UC.D.OSNUS.CASH.IP,Ossen Innovation Company Limited,N/A,CLOSED,-,SHARES,OS
OSXOAU,AB.D.OSXOAU.CASH.IP,Osteopore Ltd Options @ AUD 3.375 EXP 13/04/2026,N/A,CLOSED,-,SHARES,OS
5232JT,AJ.D.5232JT.CASH.IP,Sumitomo Osaka Cement Company Limited,N/A,EDITS_ONLY,-,SHARES,OS
622HK,AC.D.622HK.CASH.IP,Oshidori International Holdings Limited,N/A,EDITS_ONLY,-,SHARES,OS
CAPULN,KA.D.CAPULN.CASH.IP,OSSIAM SHILLER BARCLAYS CAPE US SECTOR VALUE TR - GBP,N/A,TRADEABLE,-,SHARES,OS
UCAPLN,KA.D.UCAPLN.CASH.IP,OSSIAM SHILLER BARCLAYS CAPE US SECTOR VALUE TR - USD,N/A,TRADEABLE,-,SHARES,OS
CAPELN,KA.D.CAPELN.CASH.IP,Ossiam Shiller Barclays Cape Europe Sector Value TR,N/A,TRADEABLE,-,SHARES,OS
OTAQLN,KC.D.OTAQLN.CASH.IP,OTAQ PLC,N/A,CLOSED,-,SHARES,OT
OTICUS,UC.D.OTICUS.CASH.IP,Otonomy Inc,N/A,CLOSED,-,SHARES,OT
4768JT,AJ.D.4768JT.CASH.IP,Otsuka Corporation,N/A,EDITS_ONLY,-,SHARES,OT
OELAU,AB.D.OELAU.CASH.IP,Otto Energy Ltd,N/A,EDITS_ONLY,-,SHARES,OT
SDZNYUS,SG.D.SDZNYUS.CASH.IP,Sandoz Group AG - (US) OTC,N/A,OFFLINE,-,SHARES,OT
ZOTSM,EI.D.ZOTSM.CASH.IP,Zardoya Otis SA,N/A,OFFLINE,-,SHARES,OT
9658JT,AJ.D.9658JT.CASH.IP,Business Brain Showa-Ota Inc,N/A,EDITS_ONLY,-,SHARES,OT
FCGVFUV,SC.D.FCGVFUV.CASH.IP,Florida Canyon Gold Inc - US OTC,N/A,CLOSED,-,SHARES,OT
LXXGFUS,SD.D.LXXGFUS.CASH.IP,Lexagene Holdings Inc - OTC,N/A,OFFLINE,-,SHARES,OT
NCMGFUS,SE.D.NCMGFUS.CASH.IP,Newcrest Mining Ltd - US OTC,N/A,CLOSED,-,SHARES,OT
OTGLUS,UC.D.OTGLUS.CASH.IP,OTG Latin America ETF,N/A,TRADEABLE,-,SHARES,OT
OTRAUUS,UC.D.OTRAUUS.CASH.IP,OTR Acquisition Corporation,N/A,CLOSED,-,SHARES,OT
OPERA,EL.D.OPERA.CASH.IP,Otello Corporation ASA,N/A,OFFLINE,-,SHARES,OT
OTISUS,SE.D.OTISUS.CASH.IP,Otis Worldwide Corporation (24 Hours),N/A,TRADEABLE,-,SHARES,OT
SAIIUS,UD.D.SAIIUS.CASH.IP,Otonmo Technologies,N/A,CLOSED,-,SHARES,OT
4578JT,AJ.D.4578JT.CASH.IP,Otsuka Holdings Co Ltd,N/A,EDITS_ONLY,-,SHARES,OT
OTSAV,EK.D.OTSAV.CASH.IP,Ottakringer Getraenke AG,N/A,OFFLINE,-,SHARES,OT
OTTRUS,UC.D.OTTRUS.CASH.IP,Otter Tail Corporation,N/A,TRADEABLE,-,SHARES,OT
ETIVFUS,UB.D.ETIVFUS.CASH.IP,Unbound Group PLC - US OTC,N/A,CLOSED,-,SHARES,OT
VYGVQUS,SH.D.VYGVQUS.CASH.IP,Voyager Digital Ltd - OTC US,N/A,OFFLINE,-,SHARES,OT
ACLLYUS,SA.D.ACLLYUS.CASH.IP,Accelleron Industries Ltd  - US OTC,N/A,OFFLINE,-,SHARES,OT
OASPWUS,UC.D.OASPWUS.CASH.IP,Chord Energy Corp - Warrants OTC,N/A,CLOSED,-,SHARES,OT
OLVAU,AB.D.OLVAU.CASH.IP,OtherLevels Holdings Limited,N/A,CLOSED,-,SHARES,OT
OTMOWUS,UC.D.OTMOWUS.CASH.IP,Otonomo Technologies Ltd - Warrants,N/A,CLOSED,-,SHARES,OT
OTVAV,EK.D.OTVAV.CASH.IP,Ottakringer Getraenke AG - Vorz,N/A,OFFLINE,-,SHARES,OT
PAASFUS,SE.D.PAASFUS.CASH.IP,Pan American Silver Corp - OTC Rights,N/A,OFFLINE,-,SHARES,OT
RYCEYUS,SG.D.RYCEYUS.CASH.IP,Rolls-Royce Holdings PLC - US OTC,N/A,OFFLINE,-,SHARES,OT
WFTUFUS,UD.D.WFTUFUS.CASH.IP,Weatherford International PLC - Warrants OTC,N/A,CLOSED,-,SHARES,OT
CLAUS,SB.D.CLAUS.CASH.IP,Ouster Inc (24 Hours),N/A,TRADEABLE,-,SHARES,OU
OUESP,AG.D.OUESP.CASH.IP,OUE Limited,N/A,EDITS_ONLY,-,SHARES,OU
OBAIUS,UC.D.OBAIUS.CASH.IP,Our Bond Inc,N/A,TRADEABLE,-,SHARES,OU
OUT1V,EB.D.OUT1V.CASH.IP,Outokumpu OYJ,N/A,TRADEABLE,-,SHARES,OU
2427JT,AJ.D.2427JT.CASH.IP,OUTSOURCING Inc,N/A,CLOSED,-,SHARES,OU
CBSOUS,SB.D.CBSOUS.CASH.IP,Outfront Media Inc,N/A,TRADEABLE,-,SHARES,OU
VSTOUS,SH.D.VSTOUS.CASH.IP,Vista Outdoor Inc,N/A,CLOSED,-,SHARES,OU
ASOUS,UA.D.ASOUS.CASH.IP,Academy Sports and Outdoors Inc,N/A,TRADEABLE,-,SHARES,OU
AOUTVUS,UA.D.AOUTVUS.CASH.IP,American Outdoor Brands Inc,N/A,TRADEABLE,-,SHARES,OU
DECKUS,SB.D.DECKUS.CASH.IP,Deckers Outdoor Corp (24 Hours),N/A,TRADEABLE,-,SHARES,OU
RMISJ,AR.D.RMISJ.CASH.IP,OUTsurance Group Limited,N/A,TRADEABLE,-,SHARES,OU
ONSUS,UC.D.ONSUS.CASH.IP,Outlook Therapeutics Inc,N/A,TRADEABLE,-,SHARES,OU
URBN,UD.D.URBN.CASH.IP,Urban Outfitters Inc,N/A,TRADEABLE,-,SHARES,OU
AEO,SA.D.AEO.CASH.IP,American Eagle Outfitters Inc (24 Hours),N/A,TRADEABLE,-,SHARES,OU
XAROAU,AB.D.XAROAU.CASH.IP,Ardea Real Outcome Bond Complex ETF,N/A,EDITS_ONLY,-,SHARES,OU
CCOUS,SB.D.CCOUS.CASH.IP,Clear Channel Outdoor Holdings Inc,N/A,TRADEABLE,-,SHARES,OU
FOIBSS,EH.D.FOIBSS.CASH.IP,Fenix Outdoor International AG,N/A,TRADEABLE,-,SHARES,OU
OUECTSP,AG.D.OUECTSP.CASH.IP,OUE Real Estate Investment Trust,N/A,EDITS_ONLY,-,SHARES,OU
OVSIM,EF.D.OVSIM.CASH.IP,OVS SpA,N/A,TRADEABLE,-,SHARES,OV
OVZONSS,EH.D.OVZONSS.CASH.IP,Ovzon AB (publ),N/A,TRADEABLE,-,SHARES,OV
O4BGY,ED.D.O4BGY.CASH.IP,OVB Holding AG,N/A,OFFLINE,-,SHARES,OV
OVHFP,EC.D.OVHFP.CASH.IP,OVH Groupe SAS,N/A,TRADEABLE,-,SHARES,OV
PMP,AA.D.PMP.CASH.IP,Ovato Limited,N/A,CLOSED,-,SHARES,OV
ECA,SB.D.ECA.CASH.IP,Ovintiv Inc,N/A,TRADEABLE,-,SHARES,OV
ECACT,KN.D.ECACT.CASH.IP,Ovintiv Inc (CA),N/A,TRADEABLE,-,SHARES,OV
OVGID,EE.D.OVGID.CASH.IP,Ovoca Bio PLC,N/A,ON_AUCTION,-,SHARES,OV
ICUAU,AB.D.ICUAU.CASH.IP,Ovanti Limited,N/A,EDITS_ONLY,-,SHARES,OV
OVNAU,AB.D.OVNAU.CASH.IP,Oventus Medical Limited,N/A,CLOSED,-,SHARES,OV
OTWAU,AB.D.OTWAU.CASH.IP,Over the Wire Holdings Limited,N/A,CLOSED,-,SHARES,OV
OVIDUS,UC.D.OVIDUS.CASH.IP,Ovid Therapeutics Inc,N/A,TRADEABLE,-,SHARES,OV
3408JT,AJ.D.3408JT.CASH.IP,Sakai Ovex Company Limited,N/A,CLOSED,-,SHARES,OV
UOBSP,AG.D.UOBSP.CASH.IP,United Overseas Bank Ltd,N/A,EDITS_ONLY,-,SHARES,OV
WBOSJ,AR.D.WBOSJ.CASH.IP,Wilson Bayly Holmes-Ovcon Ltd,N/A,TRADEABLE,-,SHARES,OV
688HK,AC.D.688HK.CASH.IP,China Overseas Land & Investment Ltd,N/A,EDITS_ONLY,-,SHARES,OV
316HK,AC.D.316HK.CASH.IP,Orient Overseas International Ltd,N/A,EDITS_ONLY,-,SHARES,OV
CSHFP,EC.D.CSHFP.CASH.IP,Amundi EUR Overnight Return UCITS ETF,N/A,TRADEABLE,-,SHARES,OV
CSH2FP,EC.D.CSH2FP.CASH.IP,Amundi Smart Overnight Return UCITS ETF,N/A,TRADEABLE,-,SHARES,OV
SMTCLN,KA.D.SMTCLN.CASH.IP,Amundi Smart Overnight Return USD Hedged,N/A,TRADEABLE,-,SHARES,OV
COPLLN,KC.D.COPLLN.CASH.IP,Canadian Overseas Petroleum Ltd,N/A,OFFLINE,-,SHARES,OV
OVTOAU,AB.D.OVTOAU.CASH.IP,Ovanti Ltd Options @ AUD 0.025 EXP 07/05/2030,N/A,EDITS_ONLY,-,SHARES,OV
OVAROFH,EB.D.OVAROFH.CASH.IP,Ovaro Kiinteistosijoitus Oyj,N/A,TRADEABLE,-,SHARES,OV
OCBCSP,AG.D.OCBCSP.CASH.IP,Oversea-Chinese Banking Corp Ltd,N/A,EDITS_ONLY,-,SHARES,OV
OSTKUS,UC.D.OSTKUS.CASH.IP,Overstock.com Inc 1 12/31/49 Pfd,N/A,CLOSED,-,SHARES,OV
RWVUS,SI.D.RWVUS.CASH.IP,RevenueShares Navellier Overall A-100 Fund,N/A,OFFLINE,-,SHARES,OV
UOSAU,AB.D.UOSAU.CASH.IP,United Overseas Australia Limited,N/A,EDITS_ONLY,-,SHARES,OV
XEONGY,ED.D.XEONGY.CASH.IP,Xtrackers II EUR Overnight Rate Swap UCITS ETF,N/A,TRADEABLE,-,SHARES,OV
81HK,AC.D.81HK.CASH.IP,China Overseas Grand Oceans Group Limited,N/A,EDITS_ONLY,-,SHARES,OV
2669HK,AC.D.2669HK.CASH.IP,China Overseas Property Holdings Limited,N/A,EDITS_ONLY,-,SHARES,OV
CSH2LN,KA.D.CSH2LN.CASH.IP,Amundi Smart Overnight Return GBP Hedged UCITS ETF Acc,N/A,TRADEABLE,-,SHARES,OV
OWLTUS,SE.D.OWLTUS.CASH.IP,Owlet Inc,N/A,TRADEABLE,-,SHARES,OW
ORCCUS,SE.D.ORCCUS.CASH.IP,Blue Owl Capital Corporation,N/A,TRADEABLE,-,SHARES,OW
OWLWSUS,SE.D.OWLWSUS.CASH.IP,Blue Owl Capital Inc - Warrants,N/A,CLOSED,-,SHARES,OW
GIGEUS,UB.D.GIGEUS.CASH.IP,SoFi Be Your Own Boss ETF,N/A,CLOSED,-,SHARES,OW
XSOPLN,KA.D.XSOPLN.CASH.IP,WisdomTree Emerging Markets ex-State-Owned Enterprises UCITS ETF,N/A,TRADEABLE,-,SHARES,OW
CXSEUS,UA.D.CXSEUS.CASH.IP,WisdomTree Trust WisdomTree China ex-State-Owned Enterprises Fund,N/A,TRADEABLE,-,SHARES,OW
XSOELN,KA.D.XSOELN.CASH.IP,Wisdomtree Emerging Markets ex-State-Owned Enterprises ESG Screened UCITS ETF,N/A,TRADEABLE,-,SHARES,OW
6521JT,AJ.D.6521JT.CASH.IP,Oxide Corp,N/A,EDITS_ONLY,-,SHARES,OX
OMGLN,KC.D.OMGLN.CASH.IP,Oxford Metrics PLC,N/A,TRADEABLE,-,SHARES,OX
OXBRUS,UC.D.OXBRUS.CASH.IP,Oxbridge Re Holdings Limited,N/A,TRADEABLE,-,SHARES,OX
OXASLN,KA.D.OXASLN.CASH.IP,Oxford Advanced Surfaces Ltd,N/A,OFFLINE,-,SHARES,OX
OBDLN,KA.D.OBDLN.CASH.IP,Oxford BioDynamics Limited,N/A,TRADEABLE,-,SHARES,OX
OXB,KA.D.OXB.CASH.IP,Oxford Biomedica PLC,N/A,TRADEABLE,-,SHARES,OX
OXMUS,SE.D.OXMUS.CASH.IP,Oxford Industries Inc,N/A,TRADEABLE,-,SHARES,OX
OXIG,KA.D.OXIG.CASH.IP,Oxford Instruments PLC,N/A,TRADEABLE,-,SHARES,OX
OXTLN,KC.D.OXTLN.CASH.IP,Oxford Technology VCT PLC,N/A,CLOSED,-,SHARES,OX
OHLSP,AG.D.OHLSP.CASH.IP,Oxley Holdings Limited,N/A,EDITS_ONLY,-,SHARES,OX
IINNUS,UB.D.IINNUS.CASH.IP,Inspira Technologies Oxy B.H.N. Limited,N/A,TRADEABLE,-,SHARES,OX
OXLCUS,UC.D.OXLCUS.CASH.IP,Oxford Lane Capital Corporation,N/A,TRADEABLE,-,SHARES,OX
ONTLN,KA.D.ONTLN.CASH.IP,Oxford Nanopore Technologies PLC,N/A,TRADEABLE,-,SHARES,OX
TICCUS,UD.D.TICCUS.CASH.IP,Oxford Square Capital Corporation,N/A,TRADEABLE,-,SHARES,OX
OXHLN,KC.D.OXHLN.CASH.IP,Oxford Technology 2 Venture Capital Trust PLC,N/A,TRADEABLE,-,SHARES,OX
OXFLN,KC.D.OXFLN.CASH.IP,Oxford Technology 2 Venture Capital Trust PLC,N/A,TRADEABLE,-,SHARES,OX
OTTLN,KC.D.OTTLN.CASH.IP,Oxford Technology 2 Venture Capital Trust PLC,N/A,TRADEABLE,-,SHARES,OX
OCTPLN,KC.D.OCTPLN.CASH.IP,Oxford Cannabinoid Technologies Holdings PLC,N/A,CLOSED,-,SHARES,OX
YTY1V,EB.D.YTY1V.CASH.IP,YIT OYJ,N/A,TRADEABLE,-,SHARES,OY
ASPOFH,EB.D.ASPOFH.CASH.IP,Aspo Oyj,N/A,TRADEABLE,-,SHARES,OY
CAPMANFH,EB.D.CAPMANFH.CASH.IP,CapMan Oyj,N/A,TRADEABLE,-,SHARES,OY
ICP1VFH,EB.D.ICP1VFH.CASH.IP,Incap Oyj,N/A,TRADEABLE,-,SHARES,OY
NOA3GY,ED.D.NOA3GY.CASH.IP,Nokia OYJ (DE),N/A,TRADEABLE,-,SHARES,OY
NOKI,EH.D.NOKI.CASH.IP,Nokia OYJ (SE),N/A,TRADEABLE,-,SHARES,OY
OKDAVFH,EB.D.OKDAVFH.CASH.IP,Oriola Oyj,N/A,OFFLINE,-,SHARES,OY
ORNBVFH,EB.D.ORNBVFH.CASH.IP,Orion Oyj,N/A,TRADEABLE,-,SHARES,OY
ORNAVFH,EB.D.ORNAVFH.CASH.IP,Orion Oyj,N/A,TRADEABLE,-,SHARES,OY
ORTHEXFH,EB.D.ORTHEXFH.CASH.IP,Orthex Oyj,N/A,TRADEABLE,-,SHARES,OY
PON1VFH,EB.D.PON1VFH.CASH.IP,Ponsse Oyj,N/A,TRADEABLE,-,SHARES,OY
PUUILOFH,EB.D.PUUILOFH.CASH.IP,Puuilo Oyj,N/A,TRADEABLE,-,SHARES,OY
RAUTEFH,EB.D.RAUTEFH.CASH.IP,Raute Oyj,N/A,TRADEABLE,-,SHARES,OY
ROBITFH,EB.D.ROBITFH.CASH.IP,Robit Oyj,N/A,TRADEABLE,-,SHARES,OY
SMP0GY,ED.D.SMP0GY.CASH.IP,Sampo Oyj,N/A,TRADEABLE,-,SHARES,OY
SWSBV,EB.D.SWSBV.CASH.IP,Sanoma OYJ,N/A,TRADEABLE,-,SHARES,OY
SOLTEQFH,EB.D.SOLTEQFH.CASH.IP,Solteq Oyj,N/A,TRADEABLE,-,SHARES,OY
TEKOVAFH,EB.D.TEKOVAFH.CASH.IP,Tekova Oyj,N/A,TRADEABLE,-,SHARES,OY
TIE1V,EB.D.TIE1V.CASH.IP,Tieto OYJ (Fin),N/A,TRADEABLE,-,SHARES,OY
OZGAU,AB.D.OZGAU.CASH.IP,Ozgrowth Ltd,N/A,CLOSED,-,SHARES,OZ
OZL,AA.D.OZL.CASH.IP,OZ Minerals Ltd,N/A,CLOSED,-,SHARES,OZ
OFXAU,AB.D.OFXAU.CASH.IP,Ozforex Group Ltd,N/A,EDITS_ONLY,-,SHARES,OZ
7487JT,AJ.D.7487JT.CASH.IP,Ozu Corporation,N/A,EDITS_ONLY,-,SHARES,OZ
OZMAU,AB.D.OZMAU.CASH.IP,OzAurum Resources Limited,N/A,EDITS_ONLY,-,SHARES,OZ
OZZAU,AB.D.OZZAU.CASH.IP,Ozz Resources Limited,N/A,EDITS_ONLY,-,SHARES,OZ
OZZOAU,AB.D.OZZOAU.CASH.IP,OZZ Resources Ltd Options @ AUD 0.25 EXP 25/10/2024,N/A,CLOSED,-,SHARES,OZ
PAEUS,UC.D.PAEUS.CASH.IP,PAE Inc,N/A,CLOSED,-,SHARES,PA
PAR,EC.D.PAR.CASH.IP,PAREF,N/A,TRADEABLE,-,SHARES,PA
PCAR,UC.D.PCAR.CASH.IP,PACCAR Inc (24 Hours),N/A,TRADEABLE,-,SHARES,PA
WNL,KA.D.WNL.CASH.IP,PACSCo Ltd,N/A,TRADEABLE,-,SHARES,PA
PTSIUS,UC.D.PTSIUS.CASH.IP,PAMT Corp,N/A,TRADEABLE,-,SHARES,PA
PAVMUS,UC.D.PAVMUS.CASH.IP,PAVmed Inc,N/A,TRADEABLE,-,SHARES,PA
PCIPLN,KC.D.PCIPLN.CASH.IP,PCI-PAL PLC,N/A,TRADEABLE,-,SHARES,PA
PA8GY,ED.D.PA8GY.CASH.IP,Paion AG,N/A,OFFLINE,-,SHARES,PA
PNDORA,EP.D.PNDORA.CASH.IP,Pandora AS,N/A,TRADEABLE,-,SHARES,PA
PNDXBSS,EH.D.PNDXBSS.CASH.IP,Pandox AB (publ),N/A,TRADEABLE,-,SHARES,PA
PARRO,EC.D.PARRO.CASH.IP,Parrot SA,N/A,TRADEABLE,-,SHARES,PA
PAXSS,EH.D.PAXSS.CASH.IP,Paxman AB,N/A,TRADEABLE,-,SHARES,PA
PARRUS,SI.D.PARRUS.CASH.IP,Par Pacific Holdings Inc,N/A,TRADEABLE,-,SHARES,PA
FTIVUS,UB.D.FTIVUS.CASH.IP,Parella Weinberg Partners,N/A,TRADEABLE,-,SHARES,PA
PPGAU,AB.D.PPGAU.CASH.IP,Pro-Pac Packaging Limited,N/A,EDITS_ONLY,-,SHARES,PA
PACSUS,SE.D.PACSUS.CASH.IP,PACS Group Inc,N/A,TRADEABLE,-,SHARES,PA
PALGY,ED.D.PALGY.CASH.IP,PANTAFLIX AG,N/A,OFFLINE,-,SHARES,PA
SPHREITSP,AG.D.SPHREITSP.CASH.IP,PARAGON REIT,N/A,CLOSED,-,SHARES,PA
MPI,KA.D.MPI.CASH.IP,PageGroup PLC,N/A,TRADEABLE,-,SHARES,PA
PDUS,SE.D.PDUS.CASH.IP,PagerDuty Inc,N/A,TRADEABLE,-,SHARES,PA
EPTAU,AB.D.EPTAU.CASH.IP,Painchek Ltd,N/A,EDITS_ONLY,-,SHARES,PA
PALAV,EK.D.PALAV.CASH.IP,Palfinger AG,N/A,TRADEABLE,-,SHARES,PA
PNA1VFH,EB.D.PNA1VFH.CASH.IP,Panostaja Oyj,N/A,TRADEABLE,-,SHARES,PA
FNAUS,SC.D.FNAUS.CASH.IP,Paragon 28 Inc,N/A,CLOSED,-,SHARES,PA
TEUMUS,SI.D.TEUMUS.CASH.IP,Pareteum Corp,N/A,CLOSED,-,SHARES,PA
PKDAU,AB.D.PKDAU.CASH.IP,Parkd Limited,N/A,EDITS_ONLY,-,SHARES,PA
PLT,EF.D.PLT.CASH.IP,Parmalat SpA,N/A,OFFLINE,-,SHARES,PA
PXMDUS,UC.D.PXMDUS.CASH.IP,PaxMedica Inc,N/A,OFFLINE,-,SHARES,PA
PAY,KA.D.PAY.CASH.IP,PayPoint PLC,N/A,TRADEABLE,-,SHARES,PA
FTACUS,UB.D.FTACUS.CASH.IP,Paya Holdings,N/A,CLOSED,-,SHARES,PA
PAYX,UC.D.PAYX.CASH.IP,Paychex Inc (24 Hours),N/A,TRADEABLE,-,SHARES,PA
TPNLUS,UD.D.TPNLUS.CASH.IP,Paysign Inc,N/A,TRADEABLE,-,SHARES,PA
AIP,KA.D.AIP.CASH.IP,Air Partner PLC,N/A,OFFLINE,-,SHARES,PA
DINSM,EI.D.DINSM.CASH.IP,Alantra Partners SA,N/A,TRADEABLE,-,SHARES,PA
ARPSS,EH.D.ARPSS.CASH.IP,Arctic Paper SA,N/A,TRADEABLE,-,SHARES,PA
PBUS,SE.D.PBUS.CASH.IP,Prosperity Bancshares Inc,N/A,TRADEABLE,-,SHARES,PB
ZVIAUS,SH.D.ZVIAUS.CASH.IP,Zevia PBC,N/A,TRADEABLE,-,SHARES,PB
STRNNA,EG.D.STRNNA.CASH.IP,PB Holding NV,N/A,OFFLINE,-,SHARES,PB
PBFUS,SE.D.PBFUS.CASH.IP,PBF Energy Inc,N/A,TRADEABLE,-,SHARES,PB
OFRMUS,SE.D.OFRMUS.CASH.IP,Once Upon a Farm PBC,N/A,TRADEABLE,-,SHARES,PB
DMYQUS,SB.D.DMYQUS.CASH.IP,Planet Labs PBC,N/A,TRADEABLE,-,SHARES,PB
ENVIUUS,UB.D.ENVIUUS.CASH.IP,GreenLight Biosciences Holdings PBC,N/A,CLOSED,-,SHARES,PB
PCUS,UC.D.PCUS.CASH.IP,Premium Catering Holdings Ltd,N/A,SUSPENDED,-,SHARES,PC
PCTIUS,UC.D.PCTIUS.CASH.IP,PCTEL Inc,N/A,CLOSED,-,SHARES,PC
PGHZLN,KA.D.PGHZLN.CASH.IP,PCGH ZDP PLC,N/A,OFFLINE,-,SHARES,PC
PCCCUS,UC.D.PCCCUS.CASH.IP,PC Connection Inc,N/A,TRADEABLE,-,SHARES,PC
PCPGSP,AG.D.PCPGSP.CASH.IP,PC Partner Group Ltd,N/A,EDITS_ONLY,-,SHARES,PC
THBEV,AG.D.THBEV.CASH.IP,Thai Beverage PCL,N/A,EDITS_ONLY,-,SHARES,PC
1263HK,AC.D.1263HK.CASH.IP,PC Partner Group Limited,N/A,CLOSED,-,SHARES,PC
MCTLN,KA.D.MCTLN.CASH.IP,Middlefield Canadian Income PC,N/A,OFFLINE,-,SHARES,PC
RECILN,KA.D.RECILN.CASH.IP,Real Estate Credit Investments PCC Ltd,N/A,TRADEABLE,-,SHARES,PC
PCFTLN,KA.D.PCFTLN.CASH.IP,PCFT - Polar Capital Global Financials Trust PLC,N/A,TRADEABLE,-,SHARES,PC
PDCN,KN.D.PDCN.CASH.IP,Precision Drilling Corporation,N/A,TRADEABLE,-,SHARES,PD
PDCEUS,UC.D.PDCEUS.CASH.IP,PDC Energy Inc,N/A,CLOSED,-,SHARES,PD
PDDUS,UC.D.PDDUS.CASH.IP,PDD Holdings Inc (24 Hours),N/A,TRADEABLE,-,SHARES,PD
PDFSUS,UC.D.PDFSUS.CASH.IP,PDF Solutions Inc,N/A,TRADEABLE,-,SHARES,PD
PDLI,UC.D.PDLI.CASH.IP,PDL BioPharma Inc,N/A,CLOSED,-,SHARES,PD
EDGEUS,UB.D.EDGEUS.CASH.IP,PDS Biotechnology Corp,N/A,TRADEABLE,-,SHARES,PD
6640JT,AJ.D.6640JT.CASH.IP,I-PEX Inc,N/A,CLOSED,-,SHARES,PE
PPC,AF.D.PPC.CASH.IP,Peet Ltd,N/A,EDITS_ONLY,-,SHARES,PE
IACI,UB.D.IACI.CASH.IP,People Inc,N/A,TRADEABLE,-,SHARES,PE
PEPGUS,UC.D.PEPGUS.CASH.IP,PepGen Inc,N/A,TRADEABLE,-,SHARES,PE
MOSYUS,UC.D.MOSYUS.CASH.IP,Peraso Inc,N/A,TRADEABLE,-,SHARES,PE
PRGOUS,SE.D.PRGOUS.CASH.IP,Perrigo Co,N/A,TRADEABLE,-,SHARES,PE
PETQUS,UC.D.PETQUS.CASH.IP,PetIQ Inc,N/A,CLOSED,-,SHARES,PE
RBS9PERPP,KC.D.RBS9PERPP.CASH.IP,RBS 9 PERP,N/A,TRADEABLE,-,SHARES,PE
PEMBLN,KC.D.PEMBLN.CASH.IP,PEMB - Pembroke VCT PLC,N/A,TRADEABLE,-,SHARES,PE
PKOAU,AB.D.PKOAU.CASH.IP,Peako Limited,N/A,EDITS_ONLY,-,SHARES,PE
PSON,KA.D.PSON.CASH.IP,Pearson PLC,N/A,TRADEABLE,-,SHARES,PE
PNR,SE.D.PNR.CASH.IP,Pentair Ltd (24 Hours),N/A,TRADEABLE,-,SHARES,PE
PENUS,SE.D.PENUS.CASH.IP,Penumbra Inc,N/A,TRADEABLE,-,SHARES,PE
PEP,SE.D.PEP.CASH.IP,PepsiCo Inc (24 Hours),N/A,TRADEABLE,-,SHARES,PE
PAQCUUS,UC.D.PAQCUUS.CASH.IP,Perfect Corp,N/A,TRADEABLE,-,SHARES,PE
PFSWUS,UC.D.PFSWUS.CASH.IP,PFSweb Inc,N/A,CLOSED,-,SHARES,PF
PFE,SE.D.PFE.CASH.IP,Pfizer Inc (24 Hours),N/A,TRADEABLE,-,SHARES,PF
SIX3GY,ED.D.SIX3GY.CASH.IP,Sixt AG - Pfd,N/A,TRADEABLE,-,SHARES,PF
BIO3GY,ED.D.BIO3GY.CASH.IP,Biotest AG - Pfd,N/A,OFFLINE,-,SHARES,PF
SRT3GY,ED.D.SRT3GY.CASH.IP,Sartorius AG - Pfd,N/A,TRADEABLE,-,SHARES,PF
VIB3GY,ED.D.VIB3GY.CASH.IP,Villeroy & Boch AG - Pfd,N/A,TRADEABLE,-,SHARES,PF
AVLN,KC.D.AVLN.CASH.IP,Aviva PLC 8.75 12/31/49 pfd,N/A,OFFLINE,-,SHARES,PF
COREPREFS,EH.D.COREPREFS.CASH.IP,Corem Property Group AB (publ) - Pfd,N/A,TRADEABLE,-,SHARES,PF
PBBGY,ED.D.PBBGY.CASH.IP,Deutsche Pfandbriefbank AG,N/A,TRADEABLE,-,SHARES,PF
MMAT0PFD,UC.D.MMAT0PFD.CASH.IP,Meta Materials Inc - Pfd  31/01/22,N/A,CLOSED,-,SHARES,PF
PFSEGY,ED.D.PFSEGY.CASH.IP,Pfisterer Holding SE,N/A,TRADEABLE,-,SHARES,PF
RELNPF,KA.D.RELNPF.CASH.IP,R.E.A. Holdings PLC Pfd,N/A,TRADEABLE,-,SHARES,PF
SANSP,KC.D.SANSP.CASH.IP,SANTANDER UK 10.375 PFD,N/A,TRADEABLE,-,SHARES,PF
STANP,KC.D.STANP.CASH.IP,Standard Chartered 7.375 PFD,N/A,TRADEABLE,-,SHARES,PF
STANLN825,KC.D.STANLN825.CASH.IP,Standard Chartered 8.25 PFD,N/A,TRADEABLE,-,SHARES,PF
WFCAUS,SH.D.WFCAUS.CASH.IP,Wells Fargo 5.625 PFD,N/A,TRADEABLE,-,SHARES,PF
EP059606E,AB.D.EP059606E.CASH.IP,Westpac Banking Corp - Pfd,N/A,EDITS_ONLY,-,SHARES,PF
ARREIT,SA.D.ARREIT.CASH.IP,ARMOUR Residential REIT Inc 8.25% Pfd,N/A,CLOSED,-,SHARES,PF
ADKPFD,SI.D.ADKPFD.CASH.IP,AdCare Health Systems Inc Pfd 10.875%,N/A,OFFLINE,-,SHARES,PF
AGNCPF,UA.D.AGNCPF.CASH.IP,American Capital Agency 6 ? PERP Pfd,N/A,TRADEABLE,-,SHARES,PF
NLYPFD,SE.D.NLYPFD.CASH.IP,Annaly Capital Management Inc Pfd 7.5%,N/A,CLOSED,-,SHARES,PF
NLYPUS,SE.D.NLYPUS.CASH.IP,Annaly Capital Management Inc Pfd 7.875%,N/A,CLOSED,-,SHARES,PF
BMW3GY,ED.D.BMW3GY.CASH.IP,Bayerische Motoren Werke AG - Pfd,N/A,TRADEABLE,-,SHARES,PF
BWSLN,KC.D.BWSLN.CASH.IP,Bristol & West Plc 8.125% 31/12/49 Pfd,N/A,OFFLINE,-,SHARES,PF
FTRPFD,UB.D.FTRPFD.CASH.IP,Frontier Communications 11.125 PFD,N/A,CLOSED,-,SHARES,PF
AVLN8875P,KC.D.AVLN8875P.CASH.IP,General Accident PLC 8.875 Pfd,N/A,OFFLINE,-,SHARES,PF
FWSDLN,KA.D.FWSDLN.CASH.IP,Invesco FTSE All-World UCITS ETF GBP PFHDG DIST,N/A,TRADEABLE,-,SHARES,PF
IVR2US,SD.D.IVR2US.CASH.IP,Invesco Mortgage Capital Inc Pfd 7.75% 12/31/49 (Series A),N/A,CLOSED,-,SHARES,PF
IVRPUS,SD.D.IVRPUS.CASH.IP,Invesco Mortgage Capital Inc Pfd 7.75% 12/31/49 (Series B),N/A,OFFLINE,-,SHARES,PF
NTEAI,KC.D.NTEAI.CASH.IP,Northern Electric PLC 8.061 Pfd,N/A,TRADEABLE,-,SHARES,PF
PFVGY,ED.D.PFVGY.CASH.IP,Pfeiffer Vacuum Technology AG,N/A,TRADEABLE,-,SHARES,PF
PSHG_p,ED.D.PSHG_p.CASH.IP,Porsche Automobil Holding SE - Pfd,N/A,TRADEABLE,-,SHARES,PF
SMSDLI,PK.D.SMSDLI.CASH.IP,Samsung Electronics Co Ltd - Pfd,N/A,TRADEABLE,-,SHARES,PF
WFCPUS,SH.D.WFCPUS.CASH.IP,Wells Fargo & Company 6 5/8 Pfd 31/12/49,N/A,OFFLINE,-,SHARES,PF
R1JKEXGY,ED.D.R1JKEXGY.CASH.IP,iShares Pfandbriefe UCITS ETF DE,N/A,TRADEABLE,-,SHARES,PF
OAKPUS,SE.D.OAKPUS.CASH.IP,Hunt Companies Finance Trust Inc Pfd 8 3/4 12/31/49,N/A,CLOSED,-,SHARES,PF
EP055567E,SB.D.EP055567E.CASH.IP,Tsakos Energy Navigation Ltd 9.5% Perpetual Pfd,N/A,TRADEABLE,-,SHARES,PF
PG,SE.D.PG.CASH.IP,Procter & Gamble Co (24 Hours),N/A,TRADEABLE,-,SHARES,PG
PCG,SE.D.PCG.CASH.IP,PG&E Corp (24 Hours),N/A,TRADEABLE,-,SHARES,PG
CTRAU,AB.D.CTRAU.CASH.IP,Entyr Limited,N/A,CLOSED,-,SHARES,PG
PGTIUS,UC.D.PGTIUS.CASH.IP,PGT Innovations Inc,N/A,CLOSED,-,SHARES,PG
PULSUS,SI.D.PULSUS.CASH.IP,PGIM Ultra Short Bond ETF,N/A,TRADEABLE,-,SHARES,PG
PH,SE.D.PH.CASH.IP,Parker Hannifin Corp (24 Hours),N/A,TRADEABLE,-,SHARES,PH
PHSCLN,KC.D.PHSCLN.CASH.IP,PHSC PLC,N/A,TRADEABLE,-,SHARES,PH
PHINUS,SE.D.PHINUS.CASH.IP,Phinia Inc,N/A,TRADEABLE,-,SHARES,PH
CNLAU,AB.D.CNLAU.CASH.IP,Phosco Ltd,N/A,EDITS_ONLY,-,SHARES,PH
PHAUNA,EG.D.PHAUNA.CASH.IP,ETFS Physical Gold - PHAU,N/A,TRADEABLE,-,SHARES,PH
PHATUS,UC.D.PHATUS.CASH.IP,Phathom Pharmaceuticals Inc,N/A,TRADEABLE,-,SHARES,PH
RXIIUS,UC.D.RXIIUS.CASH.IP,Phio Pharmaceuticals Corp,N/A,TRADEABLE,-,SHARES,PH
DDDDLN,KA.D.DDDDLN.CASH.IP,4d pharma plc,N/A,CLOSED,-,SHARES,PH
PHILUS,SI.D.PHILUS.CASH.IP,PHI Group Inc,N/A,OFFLINE,-,SHARES,PH
PLXPUS,UC.D.PLXPUS.CASH.IP,PLx Pharma Inc,N/A,OFFLINE,-,SHARES,PH
PHMSM,EI.D.PHMSM.CASH.IP,Pharma Mar SA,N/A,TRADEABLE,-,SHARES,PH
ALPHAFP,EC.D.ALPHAFP.CASH.IP,Pharnext SA,N/A,OFFLINE,-,SHARES,PH
PTCPL,PO.D.PTCPL.CASH.IP,Pharol SGPS SA,N/A,TRADEABLE,-,SHARES,PH
PHVSUS,UC.D.PHVSUS.CASH.IP,Pharvaris NV,N/A,TRADEABLE,-,SHARES,PH
PZRXUS,UC.D.PZRXUS.CASH.IP,PhaseRx Inc,N/A,OFFLINE,-,SHARES,PH
BLIUS,UA.D.BLIUS.CASH.IP,PhenomeX Inc,N/A,CLOSED,-,SHARES,PH
PSXUS,SE.D.PSXUS.CASH.IP,Phillips 66 (24 Hours),N/A,TRADEABLE,-,SHARES,PH
ZBOLN,KC.D.ZBOLN.CASH.IP,Phimedix PLC,N/A,OFFLINE,-,SHARES,PH
PHONO,EL.D.PHONO.CASH.IP,PhotoCure ASA,N/A,TRADEABLE,-,SHARES,PH
PHRUS,SE.D.PHRUS.CASH.IP,Phreesia Inc,N/A,TRADEABLE,-,SHARES,PH
PHUNUS,UC.D.PHUNUS.CASH.IP,Phunware Inc,N/A,TRADEABLE,-,SHARES,PH
LBPSUS,UB.D.LBPSUS.CASH.IP,4d pharma plc - US ADR,N/A,CLOSED,-,SHARES,PH
CXRXUS,UA.D.CXRXUS.CASH.IP,Advanz Pharma Corp. (US),N/A,CLOSED,-,SHARES,PH
ALBOUS,UA.D.ALBOUS.CASH.IP,Albireo Pharma Inc,N/A,CLOSED,-,SHARES,PH
APHLN,KA.D.APHLN.CASH.IP,Alliance Pharma PLC,N/A,OFFLINE,-,SHARES,PH
ALZCURSS,EH.D.ALZCURSS.CASH.IP,Alzecure Pharma AB,N/A,TRADEABLE,-,SHARES,PH
AMYTLN,KC.D.AMYTLN.CASH.IP,Amryt Pharma PLC,N/A,ON_AUCTION,-,SHARES,PH
AMYTUS,UA.D.AMYTUS.CASH.IP,Amryt Pharma PLC - ADR,N/A,CLOSED,-,SHARES,PH
ANAPZ,KC.D.ANAPZ.CASH.IP,Ananda Pharma PLC,N/A,OFFLINE,-,SHARES,PH
ATRSUS,UA.D.ATRSUS.CASH.IP,Antares Pharma Inc,N/A,CLOSED,-,SHARES,PH
ACETO1SS,EH.D.ACETO1SS.CASH.IP,Ascelia Pharma AB (Warrants),N/A,OFFLINE,-,SHARES,PH
ACESS,EH.D.ACESS.CASH.IP,Ascelia Pharma AB (publ),N/A,TRADEABLE,-,SHARES,PH
ASNDUS,UA.D.ASNDUS.CASH.IP,Ascendis Pharma AS,N/A,TRADEABLE,-,SHARES,PH
4503JT,AJ.D.4503JT.CASH.IP,Astellas Pharma Inc,N/A,EDITS_ONLY,-,SHARES,PH
DESTLN,KC.D.DESTLN.CASH.IP,Destiny Pharma PLC,N/A,CLOSED,-,SHARES,PH
PHAUIM,EF.D.PHAUIM.CASH.IP,ETFS Physical Gold (IT),N/A,TRADEABLE,-,SHARES,PH
ERMASS,EH.D.ERMASS.CASH.IP,Enorama Pharma AB (publ),N/A,TRADEABLE,-,SHARES,PH
FWPUS,UB.D.FWPUS.CASH.IP,Forward Pharma A/S,N/A,CLOSED,-,SHARES,PH
HOOKUS,UB.D.HOOKUS.CASH.IP,HOOKIPA Pharma Inc,N/A,OFFLINE,-,SHARES,PH
HRTISFH,EB.D.HRTISFH.CASH.IP,Herantis Pharma Oyj,N/A,TRADEABLE,-,SHARES,PH
5988JT,AJ.D.5988JT.CASH.IP,PIOLAX Inc,N/A,EDITS_ONLY,-,SHARES,PI
PVNIM,EF.D.PVNIM.CASH.IP,Piovan SpA,N/A,OFFLINE,-,SHARES,PI
POOLBSS,EH.D.POOLBSS.CASH.IP,PION GROUP AB,N/A,TRADEABLE,-,SHARES,PI
PIAIM,EF.D.PIAIM.CASH.IP,Piaggio & C SpA,N/A,TRADEABLE,-,SHARES,PI
PCLAUS,UC.D.PCLAUS.CASH.IP,PicoCELA Inc,N/A,TRADEABLE,-,SHARES,PI
PINSUS,SE.D.PINSUS.CASH.IP,Pinterest Inc (24 Hours),N/A,TRADEABLE,-,SHARES,PI
PIPLN,KC.D.PIPLN.CASH.IP,PipeHawk PLC,N/A,TRADEABLE,-,SHARES,PI
PIRCIM,EF.D.PIRCIM.CASH.IP,Pirelli & C. SpA,N/A,TRADEABLE,-,SHARES,PI
PTNMUS,UC.D.PTNMUS.CASH.IP,Pitanium Ltd,N/A,SUSPENDED,-,SHARES,PI
PTDLN,KC.D.PTDLN.CASH.IP,Pittards PLC,N/A,CLOSED,-,SHARES,PI
UNXLUS,UD.D.UNXLUS.CASH.IP,Uni-Pixel Inc,N/A,CLOSED,-,SHARES,PI
DPZ,SB.D.DPZ.CASH.IP,Domino's Pizza Inc (24 Hours),N/A,TRADEABLE,-,SHARES,PI
IPLCT,KN.D.IPLCT.CASH.IP,Inter Pipeline Ltd,N/A,OFFLINE,-,SHARES,PI
4337JT,AJ.D.4337JT.CASH.IP,PIA Corporation,N/A,EDITS_ONLY,-,SHARES,PI
PINAU,AB.D.PINAU.CASH.IP,PINCHme.com Inc,N/A,CLOSED,-,SHARES,PI
PMIUS,SI.D.PMIUS.CASH.IP,Picard Medical Inc,N/A,TRADEABLE,-,SHARES,PI
PR2AU,AB.D.PR2AU.CASH.IP,Piche Resources Ltd,N/A,EDITS_ONLY,-,SHARES,PI
PIKSJ,AR.D.PIKSJ.CASH.IP,Pick n Pay Stores Ltd,N/A,TRADEABLE,-,SHARES,PI
PIERCESS,EH.D.PIERCESS.CASH.IP,Pierce Group AB (publ),N/A,TRADEABLE,-,SHARES,PI
VAC,EC.D.VAC.CASH.IP,Pierre & Vacances SA,N/A,TRADEABLE,-,SHARES,PI
7956JT,AJ.D.7956JT.CASH.IP,Pigeon Corporation,N/A,EDITS_ONLY,-,SHARES,PI
PIHLISFH,EB.D.PIHLISFH.CASH.IP,Pihlajalinna Oyj,N/A,TRADEABLE,-,SHARES,PI
PPCUS,SE.D.PPCUS.CASH.IP,Pilgrim's Pride Corp,N/A,TRADEABLE,-,SHARES,PI
6490JT,AJ.D.6490JT.CASH.IP,Pillar Corporation,N/A,EDITS_ONLY,-,SHARES,PI
7846JT,AJ.D.7846JT.CASH.IP,Pilot Corporation,N/A,EDITS_ONLY,-,SHARES,PI
PINFIM,EF.D.PINFIM.CASH.IP,Pininfarina SpA,N/A,TRADEABLE,-,SHARES,PI
PBI,SE.D.PBI.CASH.IP,Pitney Bowes Inc,N/A,TRADEABLE,-,SHARES,PI
2743JT,AJ.D.2743JT.CASH.IP,Pixel Companyz Inc,N/A,CLOSED,-,SHARES,PI
PXLWUS,UC.D.PXLWUS.CASH.IP,Pixelworks Inc,N/A,TRADEABLE,-,SHARES,PI
RPILN,KC.D.RPILN.CASH.IP,Raspberry PI Ltd,N/A,TRADEABLE,-,SHARES,PI
5288JT,AJ.D.5288JT.CASH.IP,Asia Pile Holdings Corp,N/A,EDITS_ONLY,-,SHARES,PI
BARLN,KC.D.BARLN.CASH.IP,Brighton Pier Group PLC,N/A,OFFLINE,-,SHARES,PI
DMP,AF.D.DMP.CASH.IP,Domino's Pizza Enterprises Ltd,N/A,EDITS_ONLY,-,SHARES,PI
DOM,KA.D.DOM.CASH.IP,Domino's Pizza Group PLC,N/A,TRADEABLE,-,SHARES,PI
PAXSUS,SE.D.PAXSUS.CASH.IP,PIMCO Access Income Fund,N/A,TRADEABLE,-,SHARES,PI
PHKUS,SE.D.PHKUS.CASH.IP,PIMCO High Income Fund,N/A,TRADEABLE,-,SHARES,PI
PPLCT,KN.D.PPLCT.CASH.IP,Pembina Pipeline Corp,N/A,TRADEABLE,-,SHARES,PI
IRET,KA.D.IRET.CASH.IP,Picton Property Income Ltd,N/A,TRADEABLE,-,SHARES,PI
PLLUS,UC.D.PLLUS.CASH.IP,Piedmont Lithium Limited,N/A,CLOSED,-,SHARES,PI
WCPAU,AB.D.WCPAU.CASH.IP,Piedmont Lithium Ltd,N/A,CLOSED,-,SHARES,PI
PDMUS,SE.D.PDMUS.CASH.IP,Piedmont Realty Trust Inc,N/A,TRADEABLE,-,SHARES,PI
YNBAU,AB.D.YNBAU.CASH.IP,Pier 12 Capital Limited,N/A,CLOSED,-,SHARES,PI
KAIAU,AB.D.KAIAU.CASH.IP,Pilbara Gold Limited,N/A,EDITS_ONLY,-,SHARES,PI
PGYAU,AB.D.PGYAU.CASH.IP,Pilot Energy Limited,N/A,EDITS_ONLY,-,SHARES,PI
BONDUS,SI.D.BONDUS.CASH.IP,Pimco Total Return ETF,N/A,TRADEABLE,-,SHARES,PI
PNPCT,KN.D.PNPCT.CASH.IP,Pinetree Capital Ltd,N/A,TRADEABLE,-,SHARES,PI
PLZLLI,PK.D.PLZLLI.CASH.IP,Polyus PJSC,N/A,CLOSED,-,SHARES,PJ
RSTILI,PK.D.RSTILI.CASH.IP,ROSSETI PJSC,N/A,OFFLINE,-,SHARES,PJ
PJTUS,SE.D.PJTUS.CASH.IP,PJT Partners Inc,N/A,TRADEABLE,-,SHARES,PJ
OPYGYUS,SI.D.OPYGYUS.CASH.IP,Polyus Gold PJSC,N/A,CLOSED,-,SHARES,PJ
FEESLI,PK.D.FEESLI.CASH.IP,Federal Grid Co Unified Energy System PJSC,N/A,OFFLINE,-,SHARES,PJ
NCSPLI,PK.D.NCSPLI.CASH.IP,Novorossiysk Commercial Sea Port PJSC,N/A,SUSPENDED,-,SHARES,PJ
PKUS,SE.D.PKUS.CASH.IP,Park Hotels & Resorts Inc,N/A,TRADEABLE,-,SHARES,PK
3993JT,AJ.D.3993JT.CASH.IP,PKSHA Technology Inc,N/A,EDITS_ONLY,-,SHARES,PK
450LN,KC.D.450LN.CASH.IP,450 PLC,N/A,OFFLINE,-,SHARES,PL
GFS,KA.D.GFS.CASH.IP,G4S PLC,N/A,OFFLINE,-,SHARES,PL
ITV,KA.D.ITV.CASH.IP,ITV PLC,N/A,TRADEABLE,-,SHARES,PL
MNGLN,KA.D.MNGLN.CASH.IP,M&G PLC,N/A,TRADEABLE,-,SHARES,PL
RM,KA.D.RM.CASH.IP,RM PLC,N/A,TRADEABLE,-,SHARES,PL
SUSLN,KA.D.SUSLN.CASH.IP,S&U PLC,N/A,TRADEABLE,-,SHARES,PL
SHI,KA.D.SHI.CASH.IP,SIG PLC,N/A,TRADEABLE,-,SHARES,PL
PMUS,SE.D.PMUS.CASH.IP,Philip Morris International Inc (24 Hours),N/A,TRADEABLE,-,SHARES,PM
PMSW,EJ.D.PMSW.CASH.IP,Phoenix Mecano AG,N/A,EDITS_ONLY,-,SHARES,PM
PMTAU,AB.D.PMTAU.CASH.IP,PMET Resources Inc,N/A,EDITS_ONLY,-,SHARES,PM
PMETCN,KN.D.PMETCN.CASH.IP,PMET Resources Inc(CA),N/A,TRADEABLE,-,SHARES,PM
ETPMPMAU,AB.D.ETPMPMAU.CASH.IP,ETFS Physical PM Basket,N/A,EDITS_ONLY,-,SHARES,PM
PMVPUS,UC.D.PMVPUS.CASH.IP,PMV Pharmaceuticals Inc,N/A,TRADEABLE,-,SHARES,PM
PAFAU,AB.D.PAFAU.CASH.IP,PM Capital Asian Opportunities Fund Limited,N/A,CLOSED,-,SHARES,PM
PGFAU,AB.D.PGFAU.CASH.IP,PM Capital Global Opportunities Fund Ltd,N/A,EDITS_ONLY,-,SHARES,PM
PMVCUUS,SE.D.PMVCUUS.CASH.IP,PMV Consumer Acquisition Corporation,N/A,CLOSED,-,SHARES,PM
PNUS,SE.D.PNUS.CASH.IP,Patriot National Inc,N/A,CLOSED,-,SHARES,PN
PNXAU,AB.D.PNXAU.CASH.IP,PNX Metals Limited,N/A,CLOSED,-,SHARES,PN
PNC,SE.D.PNC.CASH.IP,PNC Financial Services Group Inc (24 Hours),N/A,TRADEABLE,-,SHARES,PN
POLAUS,UC.D.POLAUS.CASH.IP,Polar Power Inc,N/A,TRADEABLE,-,SHARES,PO
SDHUS,UD.D.SDHUS.CASH.IP,E-Power Inc,N/A,TRADEABLE,-,SHARES,PO
AFCLN,KA.D.AFCLN.CASH.IP,H-Power plc,N/A,TRADEABLE,-,SHARES,PO
PPUS,SI.D.PPUS.CASH.IP,The Meet Kevin Pricing Power ETF,N/A,CLOSED,-,SHARES,PP
PPDUS,UC.D.PPDUS.CASH.IP,PPD Inc,N/A,CLOSED,-,SHARES,PP
PPL,SE.D.PPL.CASH.IP,PPL Corp (24 Hours),N/A,TRADEABLE,-,SHARES,PP
PPG,SE.D.PPG.CASH.IP,PPG Industries Inc (24 Hours),N/A,TRADEABLE,-,SHARES,PP
PPHLN,KC.D.PPHLN.CASH.IP,PPHE Hotel Group Ltd,N/A,TRADEABLE,-,SHARES,PP
PPKAU,AB.D.PPKAU.CASH.IP,PPK Group Limited,N/A,EDITS_ONLY,-,SHARES,PP
PRNIM,EF.D.PRNIM.CASH.IP,Premuda SpA,N/A,CLOSED,-,SHARES,PR
PRMSM,EI.D.PRMSM.CASH.IP,Prim SA,N/A,TRADEABLE,-,SHARES,PR
PREVBSS,EH.D.PREVBSS.CASH.IP,Prevas AB,N/A,TRADEABLE,-,SHARES,PR
PRICBSS,EH.D.PRICBSS.CASH.IP,Pricer AB,N/A,TRADEABLE,-,SHARES,PR
PROBSS,EH.D.PROBSS.CASH.IP,Probi AB (publ),N/A,OFFLINE,-,SHARES,PR
ALPROFP,EC.D.ALPROFP.CASH.IP,Prodware,N/A,OFFLINE,-,SHARES,PR
PRSNO,EL.D.PRSNO.CASH.IP,Prosafe SE,N/A,TRADEABLE,-,SHARES,PR
BELG,EA.D.BELG.CASH.IP,Proximus,N/A,TRADEABLE,-,SHARES,PR
1913HK,AC.D.1913HK.CASH.IP,Prada SpA,N/A,EDITS_ONLY,-,SHARES,PR
SQFTUS,UD.D.SQFTUS.CASH.IP,Presidio Property Trust Inc,N/A,TRADEABLE,-,SHARES,PR
7893JT,AJ.D.7893JT.CASH.IP,PRONEXUS Inc,N/A,EDITS_ONLY,-,SHARES,PR
PPSAU,AF.D.PPSAU.CASH.IP,Praemium Ltd,N/A,EDITS_ONLY,-,SHARES,PR
PRAGY,ED.D.PRAGY.CASH.IP,Praktiker AG,N/A,OFFLINE,-,SHARES,PR
XONUS,SH.D.XONUS.CASH.IP,Precigen Inc,N/A,TRADEABLE,-,SHARES,PR
PRPOUS,UC.D.PRPOUS.CASH.IP,Precipio Inc,N/A,TRADEABLE,-,SHARES,PR
PINCUS,UC.D.PINCUS.CASH.IP,Premier Inc,N/A,CLOSED,-,SHARES,PR
LENSUS,UB.D.LENSUS.CASH.IP,Presbia PLC,N/A,CLOSED,-,SHARES,PR
OXMUSP,AG.D.OXMUSP.CASH.IP,Prime US REIT,N/A,EDITS_ONLY,-,SHARES,PR
PRIUS,SE.D.PRIUS.CASH.IP,Primerica Inc,N/A,TRADEABLE,-,SHARES,PR
PVNLN,KC.D.PVNLN.CASH.IP,ProVen VCT PLC,N/A,TRADEABLE,-,SHARES,PR
PBPAU,AB.D.PBPAU.CASH.IP,Probiotec Ltd,N/A,CLOSED,-,SHARES,PR
PGYLN,KC.D.PGYLN.CASH.IP,Progility PLC,N/A,OFFLINE,-,SHARES,PR
PGNYUS,UC.D.PGNYUS.CASH.IP,Progyny Inc,N/A,TRADEABLE,-,SHARES,PR
PLD,SE.D.PLD.CASH.IP,Prologis Inc (24 Hours),N/A,TRADEABLE,-,SHARES,PR
PROPSP,AG.D.PROPSP.CASH.IP,Propnex Ltd,N/A,EDITS_ONLY,-,SHARES,PR
5486JT,AJ.D.5486JT.CASH.IP,Proterial Ltd,N/A,CLOSED,-,SHARES,PR
ACTCUS,UA.D.ACTCUS.CASH.IP,Proterra Inc,N/A,CLOSED,-,SHARES,PR
PSUS,UC.D.PSUS.CASH.IP,Pluralsight Inc,N/A,CLOSED,-,SHARES,PS
PSBFP,EC.D.PSBFP.CASH.IP,PSB Industries SA,N/A,OFFLINE,-,SHARES,PS
PSA2GY,ED.D.PSA2GY.CASH.IP,PSI Software AG,N/A,TRADEABLE,-,SHARES,PS
PSB,SE.D.PSB.CASH.IP,PS Business Parks Inc,N/A,CLOSED,-,SHARES,PS
PSIGUS,UC.D.PSIGUS.CASH.IP,PS International Group Ltd,N/A,TRADEABLE,-,SHARES,PS
PSIAU,AB.D.PSIAU.CASH.IP,PSC Insurance Group Limited,N/A,CLOSED,-,SHARES,PS
KSTSJ,AR.D.KSTSJ.CASH.IP,PSG Financial Services,N/A,TRADEABLE,-,SHARES,PS
PSPN,EJ.D.PSPN.CASH.IP,PSP Swiss Property AG,N/A,TRADEABLE,-,SHARES,PS
PMDUS,UC.D.PMDUS.CASH.IP,Psychemedics Corporation,N/A,OFFLINE,-,SHARES,PS
PBMUS,UC.D.PBMUS.CASH.IP,Psyence Biomedical Ltd,N/A,TRADEABLE,-,SHARES,PS
PSILUS,SI.D.PSILUS.CASH.IP,Advisorshares Psychedelics ETF,N/A,TRADEABLE,-,SHARES,PS
DBUS,SB.D.DBUS.CASH.IP,Deutsche Bank AG - ADR,N/A,TRADEABLE,-,SHARES,PT
PMTC,UC.D.PMTC.CASH.IP,PTC Inc (24 Hours),N/A,TRADEABLE,-,SHARES,PT
ATMAU,AB.D.ATMAU.CASH.IP,PT Aneka Tambang Tbk,N/A,EDITS_ONLY,-,SHARES,PT
PTBAU,AB.D.PTBAU.CASH.IP,PTB Group Limited,N/A,CLOSED,-,SHARES,PT
PTRAU,AB.D.PTRAU.CASH.IP,PTR Minerals Ltd,N/A,EDITS_ONLY,-,SHARES,PT
ABTAU,AB.D.ABTAU.CASH.IP,Abundant Produce Pty Limited,N/A,CLOSED,-,SHARES,PT
BLTASP,AG.D.BLTASP.CASH.IP,Berlian Laju Tanker Tbk PT,N/A,CLOSED,-,SHARES,PT
BOCJSP,AG.D.BOCJSP.CASH.IP,Boustead Projects Pte Ltd,N/A,CLOSED,-,SHARES,PT
CSTAU,AB.D.CSTAU.CASH.IP,Castile Resources Pty Ltd,N/A,EDITS_ONLY,-,SHARES,PT
INQOPZ,KC.D.INQOPZ.CASH.IP,Inqo Investments Pty Ltd,N/A,TRADEABLE,-,SHARES,PT
KGNAU,AB.D.KGNAU.CASH.IP,Kogan Australia Pty. Limited,N/A,EDITS_ONLY,-,SHARES,PT
PTCTUS,UC.D.PTCTUS.CASH.IP,PTC Therapeutics Inc,N/A,TRADEABLE,-,SHARES,PT
RFGSJ,AR.D.RFGSJ.CASH.IP,Rhodes Food Group Pty Ltd,N/A,OFFLINE,-,SHARES,PT
LNKAU,AB.D.LNKAU.CASH.IP,Link Administration Holdings Pty Limited,N/A,CLOSED,-,SHARES,PT
LYTUS,UB.D.LYTUS.CASH.IP,Lytus Technologies Holdings PTV Ltd,N/A,OFFLINE,-,SHARES,PT
RVTAU,AB.D.RVTAU.CASH.IP,Richmond Vanadium Technology Pty Ltd,N/A,EDITS_ONLY,-,SHARES,PT
TLKUS,SG.D.TLKUS.CASH.IP,Telekomunikasi Indonesia Persero Tbk PT - ADR,N/A,TRADEABLE,-,SHARES,PT
8YZSP,AG.D.8YZSP.CASH.IP,Yangzijiang Maritime Development Pte Ltd,N/A,EDITS_ONLY,-,SHARES,PT
OPHAU,AB.D.OPHAU.CASH.IP,Ophir Asset Management Pty Ltd - Ophir High Conviction Fund,N/A,EDITS_ONLY,-,SHARES,PT
T92OAU,AB.D.T92OAU.CASH.IP,Terra Uranium Pty Ltd Options @ AUD 0.3 EXP 06/09/2025,N/A,CLOSED,-,SHARES,PT
PUM,ED.D.PUM.CASH.IP,Puma SE,N/A,TRADEABLE,-,SHARES,PU
PBYGY,ED.D.PBYGY.CASH.IP,publity AG,N/A,ON_AUCTION,-,SHARES,PU
PU13LN,KA.D.PU13LN.CASH.IP,PUMA VCT 13 PLC,N/A,TRADEABLE,-,SHARES,PU
PUBMUS,UC.D.PUBMUS.CASH.IP,PubMatic Inc,N/A,TRADEABLE,-,SHARES,PU
PULMUS,UC.D.PULMUS.CASH.IP,Pulmatrix Inc,N/A,TRADEABLE,-,SHARES,PU
PU11LN,KC.D.PU11LN.CASH.IP,Puma VCT 11 PLC,N/A,CLOSED,-,SHARES,PU
WRGAU,AB.D.WRGAU.CASH.IP,Purifloh Ltd,N/A,CLOSED,-,SHARES,PU
NEWUS,SE.D.NEWUS.CASH.IP,Puxin Limited,N/A,CLOSED,-,SHARES,PU
PPCGA,ER.D.PPCGA.CASH.IP,Public Power Corp SA,N/A,ON_AUCTION,-,SHARES,PU
PSA,SE.D.PSA.CASH.IP,Public Storage (24 Hours),N/A,TRADEABLE,-,SHARES,PU
PUB,EC.D.PUB.CASH.IP,Publicis Groupe SA,N/A,TRADEABLE,-,SHARES,PU
ACCLN,KC.D.ACCLN.CASH.IP,Pulsar Group Plc,N/A,TRADEABLE,-,SHARES,PU
PLSRLN,KC.D.PLSRLN.CASH.IP,Pulsar Helium Inc,N/A,TRADEABLE,-,SHARES,PU
PHM,SE.D.PHM.CASH.IP,PulteGroup Inc (24 Hours),N/A,TRADEABLE,-,SHARES,PU
PUALLN,KC.D.PUALLN.CASH.IP,Puma Alpha Vct PLC,N/A,TRADEABLE,-,SHARES,PU
PRTCLN,KA.D.PRTCLN.CASH.IP,PureTech Health Plc,N/A,TRADEABLE,-,SHARES,PU
PURMOFH,EB.D.PURMOFH.CASH.IP,Purmo Group Oyj,N/A,OFFLINE,-,SHARES,PU
KTOVUS,UB.D.KTOVUS.CASH.IP,Purple Biotech Ltd,N/A,TRADEABLE,-,SHARES,PU
IMIAU,AB.D.IMIAU.CASH.IP,Babylon Pump & Power Limited,N/A,EDITS_ONLY,-,SHARES,PU
BMY,KA.D.BMY.CASH.IP,Bloomsbury Publishing PLC,N/A,TRADEABLE,-,SHARES,PU
CFXCN,KN.D.CFXCN.CASH.IP,Canfor Pulp Products Inc,N/A,OFFLINE,-,SHARES,PU
CEPUUS,SB.D.CEPUUS.CASH.IP,Central Puerto SA - ADR,N/A,TRADEABLE,-,SHARES,PU
COFIT,EA.D.COFIT.OPTPUT.IP,Cofinimmo Barrier Put,N/A,TRADEABLE,FEB-27,SHARES,PU
EFRCT,KN.D.EFRCT.OPTPUT.IP,Energy Fuels Inc Barrier Put,N/A,TRADEABLE,FEB-27,SHARES,PU
FBPUS,SC.D.FBPUS.CASH.IP,First BanCorp/Puerto Rico,N/A,TRADEABLE,-,SHARES,PU
HPURNO,EL.D.HPURNO.CASH.IP,Hexagon Purus Holding AS,N/A,TRADEABLE,-,SHARES,PU
PPHCLN,KC.D.PPHCLN.CASH.IP,Public Policy Holding Co Inc,N/A,TRADEABLE,-,SHARES,PU
9264JT,AJ.D.9264JT.CASH.IP,Puequ Company Limited,N/A,EDITS_ONLY,-,SHARES,PU
LUNGUS,UB.D.LUNGUS.CASH.IP,Pulmonx Corporation,N/A,TRADEABLE,-,SHARES,PU
PLSEUS,UC.D.PLSEUS.CASH.IP,Pulse Biosciences Inc,N/A,TRADEABLE,-,SHARES,PU
PBYIUS,SE.D.PBYIUS.CASH.IP,Puma Biotechnology Inc,N/A,TRADEABLE,-,SHARES,PU
COKAU,AB.D.COKAU.CASH.IP,Pure Foods Tasmania Limited,N/A,EDITS_ONLY,-,SHARES,PU
SXAAU,AB.D.SXAAU.CASH.IP,Pure One Corporation Limited,N/A,EDITS_ONLY,-,SHARES,PU
PR1AU,AB.D.PR1AU.CASH.IP,Pure Resources Limited,N/A,EDITS_ONLY,-,SHARES,PU
ROCHUS,UC.D.ROCHUS.CASH.IP,PureCycle Technologies Inc,N/A,TRADEABLE,-,SHARES,PU
BIGDUS,SI.D.BIGDUS.CASH.IP,PureFunds ISE Big Data ETF,N/A,CLOSED,-,SHARES,PU
PPLAU,AB.D.PPLAU.CASH.IP,Pureprofile Limited,N/A,EDITS_ONLY,-,SHARES,PU
PPESJ,AR.D.PPESJ.CASH.IP,Purple Group Limited,N/A,OFFLINE,-,SHARES,PU
PRPLUS,UC.D.PRPLUS.CASH.IP,Purple Innovation Inc,N/A,TRADEABLE,-,SHARES,PU
PURPLN,KA.D.PURPLN.CASH.IP,Purplebricks Group PLC,N/A,CLOSED,-,SHARES,PU
PURAU,AB.D.PURAU.CASH.IP,Pursuit Minerals Limited,N/A,EDITS_ONLY,-,SHARES,PU
PPHAU,AB.D.PPHAU.CASH.IP,Pushpay Holdings Limited,N/A,CLOSED,-,SHARES,PU
PPTUS,SE.D.PPTUS.CASH.IP,Putnam Premier Income Trust,N/A,TRADEABLE,-,SHARES,PU
SGGD,PK.D.SGGD.CASH.IP,Surgutneftegas Public,N/A,CLOSED,-,SHARES,PU
TPCOUS,UD.D.TPCOUS.CASH.IP,Tribune Publishing Company,N/A,CLOSED,-,SHARES,PU
PVH,SE.D.PVH.CASH.IP,PVH Corp,N/A,TRADEABLE,-,SHARES,PV
TPEGY,ED.D.TPEGY.CASH.IP,PVA TePla AG,N/A,TRADEABLE,-,SHARES,PV
MPLAU,AB.D.MPLAU.CASH.IP,Medibank Pvt Ltd,N/A,EDITS_ONLY,-,SHARES,PV
PVCS,KA.D.PVCS.CASH.IP,PV Crystalox Solar PLC,N/A,CLOSED,-,SHARES,PV
PWUS,SI.D.PWUS.CASH.IP,Power REIT,N/A,OFFLINE,-,SHARES,PW
PWHAU,AB.D.PWHAU.CASH.IP,PWR Holdings Limited,N/A,EDITS_ONLY,-,SHARES,PW
PYRCN,KN.D.PYRCN.CASH.IP,PyroGenesis Inc,N/A,TRADEABLE,-,SHARES,PY
PYXSUS,UC.D.PYXSUS.CASH.IP,Pyxis Oncology Inc,N/A,TRADEABLE,-,SHARES,PY
PXSUS,UC.D.PXSUS.CASH.IP,Pyxis Tankers Inc,N/A,TRADEABLE,-,SHARES,PY
PYCAU,AB.D.PYCAU.CASH.IP,PYC Therapeutics Limited,N/A,EDITS_ONLY,-,SHARES,PY
PYXLN,KC.D.PYXLN.CASH.IP,PYX Resources Limited,N/A,SUSPENDED,-,SHARES,PY
SPBAU,AB.D.SPBAU.CASH.IP,PYX Resources Limited (AU),N/A,CLOSED,-,SHARES,PY
PYPYUS,SI.D.PYPYUS.CASH.IP,YieldMax PYPL Option Income Strategy ETF,N/A,TRADEABLE,-,SHARES,PY
PZNUS,SE.D.PZNUS.CASH.IP,Pzena Investment Management Inc,N/A,CLOSED,-,SHARES,PZ
QADAUS,UC.D.QADAUS.CASH.IP,QAD Inc,N/A,CLOSED,-,SHARES,QA
QAN,AA.D.QAN.CASH.IP,Qantas Airways Ltd,N/A,EDITS_ONLY,-,SHARES,QA
QATUS,UC.D.QATUS.CASH.IP,iShares MSCI Qatar Capped ETF,N/A,TRADEABLE,-,SHARES,QA
QIPAU,AB.D.QIPAU.CASH.IP,Qantm Intellectual Property Limited,N/A,CLOSED,-,SHARES,QA
QBENSS,EH.D.QBENSS.CASH.IP,Qben Infra AB,N/A,TRADEABLE,-,SHARES,QB
QBE,AA.D.QBE.CASH.IP,QBE Insurance Group Ltd,N/A,EDITS_ONLY,-,SHARES,QB
QBTZUS,UC.D.QBTZUS.CASH.IP,Defiance Daily Target 2X Short QBTS ETF,N/A,TRADEABLE,-,SHARES,QB
6571JT,AJ.D.6571JT.CASH.IP,QB Net Holdings Company Limited,N/A,EDITS_ONLY,-,SHARES,QB
QCRHUS,UC.D.QCRHUS.CASH.IP,QCR Holdings Inc,N/A,TRADEABLE,-,SHARES,QC
YQCOLN,KA.D.YQCOLN.CASH.IP,IncomeShares QUALCOMM QCOM Options ETP,N/A,TRADEABLE,-,SHARES,QC
QEMAU,AB.D.QEMAU.CASH.IP,QEM Limited,N/A,EDITS_ONLY,-,SHARES,QE
QEMOAU,AB.D.QEMOAU.CASH.IP,QEM Limited Options @AUD 0.14 EXP 30/09/2026,N/A,EDITS_ONLY,-,SHARES,QE
QELLUS,UC.D.QELLUS.CASH.IP,Qell Acquisition Corporation (Ord),N/A,CLOSED,-,SHARES,QE
QELLUUS,UC.D.QELLUUS.CASH.IP,Qell Acquisition Corporation (Unit),N/A,CLOSED,-,SHARES,QE
QRFBB,EA.D.QRFBB.CASH.IP,Qrf SCA,N/A,TRADEABLE,-,SHARES,QF
JFUUS,UB.D.JFUUS.CASH.IP,9F Inc,N/A,TRADEABLE,-,SHARES,QF
VFC,SH.D.VFC.CASH.IP,VF Corp,N/A,TRADEABLE,-,SHARES,QF
SSNTUS,UD.D.SSNTUS.CASH.IP,QXO Inc,N/A,TRADEABLE,-,SHARES,QF
QSCGY,ED.D.QSCGY.CASH.IP,q.beyond AG,N/A,TRADEABLE,-,SHARES,QF
QRVOUS,UC.D.QRVOUS.CASH.IP,Qorvo Inc,N/A,TRADEABLE,-,SHARES,QF
QLIROSS,EH.D.QLIROSS.CASH.IP,Qliro AB (publ),N/A,TRADEABLE,-,SHARES,QF
QRXAU,AF.D.QRXAU.CASH.IP,QRxPharma Ltd,N/A,CLOSED,-,SHARES,QF
QHUS,UC.D.QHUS.CASH.IP,Quhuo Limited ADR,N/A,TRADEABLE,-,SHARES,QH
QIWIUS,UC.D.QIWIUS.CASH.IP,QIWI plc,N/A,CLOSED,-,SHARES,QI
3866HK,AC.D.3866HK.CASH.IP,Bank of Qingdao Co Ltd,N/A,EDITS_ONLY,-,SHARES,QI
QQ,KA.D.QQ.CASH.IP,QinetiQ Group PLC,N/A,TRADEABLE,-,SHARES,QI
866HK,AC.D.866HK.CASH.IP,China Qinfa Group Ltd,N/A,EDITS_ONLY,-,SHARES,QI
QISUS,SI.D.QISUS.CASH.IP,Simplify Multi-Qis Alternative ETF,N/A,TRADEABLE,-,SHARES,QI
6198HK,AC.D.6198HK.CASH.IP,Qingdao Port International Company Limited,N/A,EDITS_ONLY,-,SHARES,QI
QKUS,UC.D.QKUS.CASH.IP,XChange TEC.INC,N/A,TRADEABLE,-,SHARES,QK
QAIRSS,EH.D.QAIRSS.CASH.IP,QleanAir AB,N/A,TRADEABLE,-,SHARES,QL
CDON,EH.D.CDON.CASH.IP,Qliro Group AB,N/A,TRADEABLE,-,SHARES,QL
QLIFESS,EH.D.QLIFESS.CASH.IP,Qlife Holding AB (publ),N/A,TRADEABLE,-,SHARES,QL
QMMMUS,UC.D.QMMMUS.CASH.IP,QMMM Holdings Ltd,N/A,SUSPENDED,-,SHARES,QM
QMLAU,AB.D.QMLAU.CASH.IP,QMines Limited,N/A,EDITS_ONLY,-,SHARES,QM
QNITYUS,SG.D.QNITYUS.CASH.IP,Qnity Electronics Inc (24 Hours),N/A,TRADEABLE,-,SHARES,QN
FZOAU,AB.D.FZOAU.CASH.IP,Qoria Limited,N/A,EDITS_ONLY,-,SHARES,QO
3034JT,AJ.D.3034JT.CASH.IP,Qol Holdings Company Limited,N/A,EDITS_ONLY,-,SHARES,QO
ENLAU,AB.D.ENLAU.CASH.IP,QPM Energy Limited,N/A,EDITS_ONLY,-,SHARES,QP
5595JT,AJ.D.5595JT.CASH.IP,QPS Holdings Inc,N/A,EDITS_ONLY,-,SHARES,QP
PSQUS,SI.D.PSQUS.CASH.IP,ProShares Short QQQ,N/A,TRADEABLE,-,SHARES,QQ
QLDUS,SI.D.QLDUS.CASH.IP,ProShares Ultra QQQ,N/A,TRADEABLE,-,SHARES,QQ
QQQ,UC.D.QQQ.CASH.IP,Invesco QQQ Trust Series 1 (24 Hours),N/A,TRADEABLE,-,SHARES,QQ
TQQQUS,UD.D.TQQQUS.CASH.IP,ProShares UltraPro QQQ (24 Hours),N/A,TRADEABLE,-,SHARES,QQ
SQQQ,UD.D.SQQQ.CASH.IP,ProShares UltraPro Short QQQ (24 Hours),N/A,TRADEABLE,-,SHARES,QQ
QID,SI.D.QID.CASH.IP,ProShares UltraShort QQQ,N/A,TRADEABLE,-,SHARES,QQ
TQQYUS,UD.D.TQQYUS.CASH.IP,GraniteShares YieldBOOST QQQ ETF,N/A,TRADEABLE,-,SHARES,QQ
QQAUS,UC.D.QQAUS.CASH.IP,Invesco QQQ Income Advantage ETF,N/A,TRADEABLE,-,SHARES,QQ
QQ3SLN,KA.D.QQ3SLN.CASH.IP,Leverage Shares -5x Short US Tech 100 ETP Securities - QQ3S,N/A,TRADEABLE,-,SHARES,QQ
KCACUS,SD.D.KCACUS.CASH.IP,Quantumscape Corp (24 Hours),N/A,TRADEABLE,-,SHARES,QS
QTCOMFH,EB.D.QTCOMFH.CASH.IP,Qt Group Oyj,N/A,TRADEABLE,-,SHARES,QT
QTSUS,SG.D.QTSUS.CASH.IP,QTS Realty Trust Inc,N/A,CLOSED,-,SHARES,QT
QTIUS2,UC.D.QTIUS2.CASH.IP,QT Imaging Holdings Inc,N/A,TRADEABLE,-,SHARES,QT
QUIZLN,KA.D.QUIZLN.CASH.IP,QUIZ PLC,N/A,OFFLINE,-,SHARES,QU
NEO,EC.D.NEO.CASH.IP,Quadient,N/A,TRADEABLE,-,SHARES,QU
QALAU,AB.D.QALAU.CASH.IP,Qualitas,N/A,EDITS_ONLY,-,SHARES,QU
QLYSUS,UC.D.QLYSUS.CASH.IP,Qualys Inc,N/A,TRADEABLE,-,SHARES,QU
QUMUUS,UC.D.QUMUUS.CASH.IP,Qumu Corp,N/A,CLOSED,-,SHARES,QU
QCOM,UC.D.QCOM.CASH.IP,QUALCOMM Inc (24 Hours),N/A,TRADEABLE,-,SHARES,QU
QFILN,KA.D.QFILN.CASH.IP,Quadrise PLC,N/A,TRADEABLE,-,SHARES,QU
CAPAUS,UA.D.CAPAUS.CASH.IP,Quantum-Si Inc,N/A,TRADEABLE,-,SHARES,QU
QBRBCN,KN.D.QBRBCN.CASH.IP,Quebecor Inc,N/A,TRADEABLE,-,SHARES,QU
QLTLN,KA.D.QLTLN.CASH.IP,Quilter PLC (LSE),N/A,TRADEABLE,-,SHARES,QU
QLTSJ,AR.D.QLTSJ.CASH.IP,Quilter PLC (SA),N/A,TRADEABLE,-,SHARES,QU
QTTUS,UC.D.QTTUS.CASH.IP,Qutoutiao Inc,N/A,OFFLINE,-,SHARES,QU
SKYQUS,UD.D.SKYQUS.CASH.IP,Sky Quarry Inc,N/A,TRADEABLE,-,SHARES,QU
AQXAU,AB.D.AQXAU.CASH.IP,Alice Queen Limited,N/A,EDITS_ONLY,-,SHARES,QU
ARQQUS,UA.D.ARQQUS.CASH.IP,Arqit Quantum Inc,N/A,TRADEABLE,-,SHARES,QU
XPOAUUS,SH.D.XPOAUUS.CASH.IP,D Wave Quantum Inc (24 Hours),N/A,TRADEABLE,-,SHARES,QU
QLCOGA,ER.D.QLCOGA.CASH.IP,QUALCO GROUP SA,N/A,ON_AUCTION,-,SHARES,QU
QUADUS,SG.D.QUADUS.CASH.IP,Quad Graphics Inc,N/A,TRADEABLE,-,SHARES,QU
PWRUS,SE.D.PWRUS.CASH.IP,Quanta Services Inc (24 Hours),N/A,TRADEABLE,-,SHARES,QU
ALQGCFP,EC.D.ALQGCFP.CASH.IP,Quantum Genomics SA,N/A,SUSPENDED,-,SHARES,QU
MSMNLN,KC.D.MSMNLN.CASH.IP,Quantum Helium Ltd,N/A,TRADEABLE,-,SHARES,QU
WILNUS,UD.D.WILNUS.CASH.IP,Quarterhill Inc,N/A,OFFLINE,-,SHARES,QU
QUBAU,AB.D.QUBAU.CASH.IP,Qube Holdings Ltd,N/A,EDITS_ONLY,-,SHARES,QU
QFEAU,AB.D.QFEAU.CASH.IP,QuickFee Limited,N/A,EDITS_ONLY,-,SHARES,QU
ZQK,SH.D.ZQK.CASH.IP,Quiksilver Inc,N/A,CLOSED,-,SHARES,QU
QNSTUS,UC.D.QNSTUS.CASH.IP,QuinStreet Inc,N/A,TRADEABLE,-,SHARES,QU
917HK2,AC.D.917HK2.CASH.IP,Qunabox Group Ltd,N/A,EDITS_ONLY,-,SHARES,QU
QTNTUS,UC.D.QTNTUS.CASH.IP,Quotient Limited,N/A,CLOSED,-,SHARES,QU
WNNRUS,SH.D.WNNRUS.CASH.IP,Zapata Quantum Inc,N/A,OFFLINE,-,SHARES,QU
BOQ,AA.D.BOQ.CASH.IP,Bank of Queensland Limited,N/A,EDITS_ONLY,-,SHARES,QU
IINDAU,AB.D.IINDAU.CASH.IP,Betashares India Quality ETF,N/A,EDITS_ONLY,-,SHARES,QU
QTUMUS,SI.D.QTUMUS.CASH.IP,Defiance Quantum ETF,N/A,TRADEABLE,-,SHARES,QU
FQVLFUS,SI.D.FQVLFUS.CASH.IP,First Quantum Minerals Ltd,N/A,OFFLINE,-,SHARES,QU
SPHQUS,SI.D.SPHQUS.CASH.IP,Invesco S&P 500 Quality ETF,N/A,TRADEABLE,-,SHARES,QU
ASTSM,EI.D.ASTSM.CASH.IP,Quabit Inmobiliaria SA,N/A,OFFLINE,-,SHARES,QU
BNDDUS,SI.D.BNDDUS.CASH.IP,Quadratic Deflation ETF,N/A,TRADEABLE,-,SHARES,QU
KWRUS,SD.D.KWRUS.CASH.IP,Quaker Chemical Corp,N/A,TRADEABLE,-,SHARES,QU
QBAKUS,UC.D.QBAKUS.CASH.IP,Qualstar Corporation,N/A,OFFLINE,-,SHARES,QU
XMUS,UD.D.XMUS.CASH.IP,Qualtrics International Inc,N/A,CLOSED,-,SHARES,QU
CCACUS,SB.D.CCACUS.CASH.IP,Quanergy Systems Inc,N/A,CLOSED,-,SHARES,QU
QTRXUS,UC.D.QTRXUS.CASH.IP,Quanterix Corporation,N/A,TRADEABLE,-,SHARES,QU
QUBELN,KC.D.QUBELN.CASH.IP,Quantum Base Holdings PLC,N/A,TRADEABLE,-,SHARES,QU
HUGECN,KN.D.HUGECN.CASH.IP,Quantum BioPharma Ltd,N/A,OFFLINE,-,SHARES,QU
HUGEUS,UB.D.HUGEUS.CASH.IP,Quantum BioPharma Ltd,N/A,TRADEABLE,-,SHARES,QU
QUBTUS,UC.D.QUBTUS.CASH.IP,Quantum Computing Inc (24 Hours),N/A,TRADEABLE,-,SHARES,QU
EP059248E,UB.D.EP059248E.CASH.IP,QVC Group Inc,N/A,OFFLINE,-,SHARES,QV
QRTEAUS,UC.D.QRTEAUS.CASH.IP,QVC Group Inc,N/A,OFFLINE,-,SHARES,QV
PQVGLN,KA.D.PQVGLN.CASH.IP,Invesco S&P 500 QVM UCITS ETF,N/A,TRADEABLE,-,SHARES,QV
BMZAU,AB.D.BMZAU.CASH.IP,Qx Resources Ltd,N/A,EDITS_ONLY,-,SHARES,QX
RDNTUS,UC.D.RDNTUS.CASH.IP,RadNet Inc,N/A,TRADEABLE,-,SHARES,RA
RWAYIM,EF.D.RWAYIM.CASH.IP,Rai Way SpA,N/A,TRADEABLE,-,SHARES,RA
RAIVV,EB.D.RAIVV.CASH.IP,Raisio PLC,N/A,TRADEABLE,-,SHARES,RA
4384JT,AJ.D.4384JT.CASH.IP,Raksul Inc,N/A,CLOSED,-,SHARES,RA
RALFP,EC.D.RALFP.CASH.IP,Rallye SA,N/A,OFFLINE,-,SHARES,RA
RMBS,UC.D.RMBS.CASH.IP,Rambus Inc,N/A,TRADEABLE,-,SHARES,RA
RPDUS,UC.D.RPDUS.CASH.IP,Rapid7 Inc,N/A,TRADEABLE,-,SHARES,RA
RATOB,EH.D.RATOB.CASH.IP,Ratos AB (publ),N/A,TRADEABLE,-,SHARES,RA
RATOASS,EH.D.RATOASS.CASH.IP,Ratos AB (publ),N/A,OFFLINE,-,SHARES,RA
RBWLN,KC.D.RBWLN.CASH.IP,Rainbow Rare Earths Limited,N/A,TRADEABLE,-,SHARES,RA
RDWR,UC.D.RDWR.CASH.IP,RADWARE Ltd,N/A,TRADEABLE,-,SHARES,RA
4755JT,AJ.D.4755JT.CASH.IP,Rakuten Inc,N/A,EDITS_ONLY,-,SHARES,RA
RALUS,SG.D.RALUS.CASH.IP,Ralliant Corp,N/A,TRADEABLE,-,SHARES,RA
RLYBUS,UC.D.RLYBUS.CASH.IP,Rallybio Corp,N/A,TRADEABLE,-,SHARES,RA
RSTD,EG.D.RSTD.CASH.IP,Randstad NV,N/A,TRADEABLE,-,SHARES,RA
RNK,KA.D.RNK.CASH.IP,Rank Group PLC,N/A,TRADEABLE,-,SHARES,RA
CLYAU,AB.D.CLYAU.CASH.IP,RareX Limited,N/A,EDITS_ONLY,-,SHARES,RA
RAAGY,ED.D.RAAGY.CASH.IP,Rational AG,N/A,TRADEABLE,-,SHARES,RA
RYN,SG.D.RYN.CASH.IP,Rayonier Inc,N/A,TRADEABLE,-,SHARES,RA
8890JT,AJ.D.8890JT.CASH.IP,Raysum Co Ltd,N/A,CLOSED,-,SHARES,RA
RYZBUS,UC.D.RYZBUS.CASH.IP,RayzeBio Inc,N/A,CLOSED,-,SHARES,RA
TRC,SG.D.TRC.CASH.IP,Tejon Ranch Co,N/A,TRADEABLE,-,SHARES,RA
GDIUS,SC.D.GDIUS.CASH.IP,Ingersoll-Rand plc (24 Hours),N/A,TRADEABLE,-,SHARES,RA
3182JT,AJ.D.3182JT.CASH.IP,Oisix Ra Daichi Inc,N/A,EDITS_ONLY,-,SHARES,RA
RNDAU,AB.D.RNDAU.CASH.IP,RAND Mining Limited,N/A,EDITS_ONLY,-,SHARES,RA
RACAU,AB.D.RACAU.CASH.IP,Racura Oncology Ltd,N/A,EDITS_ONLY,-,SHARES,RA
RDCMUS,UC.D.RDCMUS.CASH.IP,Radcom Limited,N/A,TRADEABLE,-,SHARES,RA
RDN,SG.D.RDN.CASH.IP,Radian Group Inc,N/A,TRADEABLE,-,SHARES,RA
RDUSUS,UC.D.RDUSUS.CASH.IP,Radius Health Inc,N/A,CLOSED,-,SHARES,RA
RFLUS,SI.D.RFLUS.CASH.IP,Rafael Holdings Inc,N/A,TRADEABLE,-,SHARES,RA
RVSNUS,UC.D.RVSNUS.CASH.IP,Rail Vision Ltd,N/A,TRADEABLE,-,SHARES,RA
RAILSS,EH.D.RAILSS.CASH.IP,Railcare Group AB (publ),N/A,TRADEABLE,-,SHARES,RA
RAINUS,UC.D.RAINUS.CASH.IP,Rain Oncology Inc.,N/A,CLOSED,-,SHARES,RA
RBOSJ,AR.D.RBOSJ.CASH.IP,Rainbow Chicken,N/A,TRADEABLE,-,SHARES,RA
RZIAU,AB.D.RZIAU.CASH.IP,Raiz Invest Limited,N/A,EDITS_ONLY,-,SHARES,RA
RB,KA.D.RB.CASH.IP,Reckitt Benckiser Group PLC,N/A,TRADEABLE,-,SHARES,RB
ROLLUS,UC.D.ROLLUS.CASH.IP,RBC Bearings Inc,N/A,TRADEABLE,-,SHARES,RB
RBGPLN,KC.D.RBGPLN.CASH.IP,RBG Holdings PLC,N/A,OFFLINE,-,SHARES,RB
RBRAU,AB.D.RBRAU.CASH.IP,RBR Group Limited,N/A,EDITS_ONLY,-,SHARES,RB
RBACUS,SG.D.RBACUS.CASH.IP,RedBall Acquisition Corporation - RBAC,N/A,CLOSED,-,SHARES,RB
AIRRUS,UA.D.AIRRUS.CASH.IP,First Trust RBA American Industrial Renaissance ETF (USD),N/A,TRADEABLE,-,SHARES,RB
RCUS,SG.D.RCUS.CASH.IP,Ready Capital Corporation,N/A,TRADEABLE,-,SHARES,RC
RCFXLN,KC.D.RCFXLN.CASH.IP,RC Fornax Plc,N/A,TRADEABLE,-,SHARES,RC
RBWSJ,AR.D.RBWSJ.CASH.IP,RCL Foods Ltd,N/A,TRADEABLE,-,SHARES,RC
RCGHLN,KC.D.RCGHLN.CASH.IP,RC365 Holding PLC,N/A,TRADEABLE,-,SHARES,RC
RCSIM,EF.D.RCSIM.CASH.IP,RCS MediaGroup SpA,N/A,TRADEABLE,-,SHARES,RC
RCMTUS,UC.D.RCMTUS.CASH.IP,RCM Technologies Inc,N/A,TRADEABLE,-,SHARES,RC
WICH,KA.D.WICH.CASH.IP,RDI REIT PLC (LSE),N/A,OFFLINE,-,SHARES,RD
RPLSJ,AR.D.RPLSJ.CASH.IP,RDI REIT PLC (ZA),N/A,CLOSED,-,SHARES,RD
RDXSLN,KA.D.RDXSLN.CASH.IP,Invesco RDX UCITS ETF,N/A,OFFLINE,-,SHARES,RD
RDLLN,KA.D.RDLLN.CASH.IP,Ranger Direct Lending Fund PLC - RDL,N/A,CLOSED,-,SHARES,RD
RELN,KA.D.RELN.CASH.IP,REA Holdings PLC,N/A,TRADEABLE,-,SHARES,RE
RENA,EC.D.RENA.CASH.IP,Renault SA,N/A,TRADEABLE,-,SHARES,RE
PLZUCN,KN.D.PLZUCN.CASH.IP,Plaza Retail REIT,N/A,TRADEABLE,-,SHARES,RE
RRRUS,UC.D.RRRUS.CASH.IP,Red Rock Resorts Inc,N/A,TRADEABLE,-,SHARES,RE
RBC,SG.D.RBC.CASH.IP,Regal Rexnord Corp,N/A,TRADEABLE,-,SHARES,RE
RRLAU,AF.D.RRLAU.CASH.IP,Regis Resources Ltd,N/A,EDITS_ONLY,-,SHARES,RE
REY,AB.D.REY.CASH.IP,Rey Resources Ltd,N/A,CLOSED,-,SHARES,RE
REL,KA.D.REL.CASH.IP,RELX PLC,N/A,TRADEABLE,-,SHARES,RE
9519JT,AJ.D.9519JT.CASH.IP,RENOVA Inc,N/A,EDITS_ONLY,-,SHARES,RE
TNI,KA.D.TNI.CASH.IP,Reach PLC,N/A,TRADEABLE,-,SHARES,RE
RKN,AF.D.RKN.CASH.IP,Reckon Ltd,N/A,EDITS_ONLY,-,SHARES,RE
REC,KA.D.REC.CASH.IP,Record PLC,N/A,TRADEABLE,-,SHARES,RE
RXFP,EC.D.RXFP.CASH.IP,Recylex SA,N/A,CLOSED,-,SHARES,RE
RDDTUS,SG.D.RDDTUS.CASH.IP,Reddit Inc (24 Hours),N/A,TRADEABLE,-,SHARES,RE
RDW,KA.D.RDW.CASH.IP,Redrow PLC,N/A,OFFLINE,-,SHARES,RE
REEDUS,SI.D.REEDUS.CASH.IP,Reed's Inc,N/A,TRADEABLE,-,SHARES,RE
RGSUS,SG.D.RGSUS.CASH.IP,Regis Corp,N/A,TRADEABLE,-,SHARES,RE
REJLBSS,EH.D.REJLBSS.CASH.IP,Rejlers AB (publ),N/A,TRADEABLE,-,SHARES,RE
4708JT,AJ.D.4708JT.CASH.IP,Relia Inc,N/A,CLOSED,-,SHARES,RE
RELXUS,SG.D.RELXUS.CASH.IP,Relx PLC,N/A,TRADEABLE,-,SHARES,RE
REMSJ,AR.D.REMSJ.CASH.IP,Remgro Ltd,N/A,TRADEABLE,-,SHARES,RE
SKS,KA.D.SKS.CASH.IP,Renewi PLC,N/A,OFFLINE,-,SHARES,RE
RNOLN,KA.D.RNOLN.CASH.IP,Renold PLC,N/A,OFFLINE,-,SHARES,RE
REYIM,EF.D.REYIM.CASH.IP,Reply SpA,N/A,TRADEABLE,-,SHARES,RE
REP,EI.D.REP.CASH.IP,Repsol SA,N/A,TRADEABLE,-,SHARES,RE
RMD,AA.D.RMD.CASH.IP,ResMed Inc (ASX),N/A,EDITS_ONLY,-,SHARES,RE
RFFP,EC.D.RFFP.CASH.IP,Eurazeo SE,N/A,TRADEABLE,-,SHARES,RF
RF,SG.D.RF.CASH.IP,Regions Financial Corp (24 Hours),N/A,TRADEABLE,-,SHARES,RF
RFACN,KN.D.RFACN.CASH.IP,RFA Financial Inc,N/A,TRADEABLE,-,SHARES,RF
RFILUS,UC.D.RFILUS.CASH.IP,RF Industries Limited,N/A,TRADEABLE,-,SHARES,RF
RGTZUS,UC.D.RGTZUS.CASH.IP,Defiance Daily Target 2X Short RGTI ETF,N/A,TRADEABLE,-,SHARES,RG
RHUS,SG.D.RHUS.CASH.IP,Restoration Hardware Holdings Inc,N/A,TRADEABLE,-,SHARES,RH
RHPAU,AB.D.RHPAU.CASH.IP,rhipe Limited,N/A,CLOSED,-,SHARES,RH
RHPSP,AG.D.RHPSP.CASH.IP,RH PetroGas Ltd,N/A,EDITS_ONLY,-,SHARES,RH
RHIMLN,KA.D.RHIMLN.CASH.IP,RHI Magnesita NV,N/A,TRADEABLE,-,SHARES,RH
RHM,ED.D.RHM.CASH.IP,Rheinmetall AG,N/A,TRADEABLE,-,SHARES,RH
RNOAU,AB.D.RNOAU.CASH.IP,Rhinomed Limited,N/A,CLOSED,-,SHARES,RH
RHYAU,AB.D.RHYAU.CASH.IP,Rhythm Biosciences Limited,N/A,EDITS_ONLY,-,SHARES,RH
RYTMUS,UC.D.RYTMUS.CASH.IP,Rhythm Pharmaceuticals Inc,N/A,TRADEABLE,-,SHARES,RH
RHKGY,ED.D.RHKGY.CASH.IP,RHON-KLINIKUM Aktiengesellschaft,N/A,TRADEABLE,-,SHARES,RH
6272JT,AJ.D.6272JT.CASH.IP,Rheon Automatic Machinery Company Limited,N/A,EDITS_ONLY,-,SHARES,RH
RHYOAU,AB.D.RHYOAU.CASH.IP,Rhythm Biosciences Ltd Options @ AUD 0.20 EXP 31/03/2026,N/A,CLOSED,-,SHARES,RH
RI,EC.D.RI.CASH.IP,Pernod Ricard SA,N/A,TRADEABLE,-,SHARES,RI
RIOCN,KN.D.RIOCN.CASH.IP,Rio2 Ltd,N/A,TRADEABLE,-,SHARES,RI
RIO,KA.D.RIO.CASH.IP,Rio Tinto PLC,N/A,TRADEABLE,-,SHARES,RI
RCDO,KA.D.RCDO.CASH.IP,Ricardo PLC,N/A,OFFLINE,-,SHARES,RI
7752JT,AJ.D.7752JT.CASH.IP,Ricoh Co Ltd,N/A,EDITS_ONLY,-,SHARES,RI
RMV,KA.D.RMV.CASH.IP,Rightmove PLC,N/A,TRADEABLE,-,SHARES,RI
5947JT,AJ.D.5947JT.CASH.IP,Rinnai Corp,N/A,EDITS_ONLY,-,SHARES,RI
RSKDUS,SG.D.RSKDUS.CASH.IP,Riskified Ltd,N/A,TRADEABLE,-,SHARES,RI
RAD,SG.D.RAD.CASH.IP,Rite Aid Corp,N/A,CLOSED,-,SHARES,RI
RIZZOBSS,EH.D.RIZZOBSS.CASH.IP,Rizzo Group AB (publ),N/A,OFFLINE,-,SHARES,RI
ALDDSFP,EC.D.ALDDSFP.CASH.IP,ALD SA - Rights Issue,N/A,OFFLINE,-,SHARES,RI
CCRFLN,KA.D.CCRFLN.CASH.IP,C&C Group PLC - Rights,N/A,OFFLINE,-,SHARES,RI
COIAU,AB.D.COIAU.CASH.IP,Comet Ridge Limited,N/A,EDITS_ONLY,-,SHARES,RI
4763JT,AJ.D.4763JT.CASH.IP,Creek & River Co Ltd,N/A,EDITS_ONLY,-,SHARES,RI
NDXBGY,ED.D.NDXBGY.CASH.IP,Nordex SE - Rights,N/A,OFFLINE,-,SHARES,RI
PRICTRBSS,EH.D.PRICTRBSS.CASH.IP,Pricer AB Tr B Rights,N/A,OFFLINE,-,SHARES,RI
RSTAGY,ED.D.RSTAGY.CASH.IP,RIB Software AG,N/A,OFFLINE,-,SHARES,RI
RIVCN,KN.D.RIVCN.CASH.IP,RIV Capital Inc,N/A,OFFLINE,-,SHARES,RI
RPARUS,SI.D.RPARUS.CASH.IP,RPAR Risk Parity ETF,N/A,TRADEABLE,-,SHARES,RI
LEAPUUS,SD.D.LEAPUUS.CASH.IP,Ribbit LEAP Limited,N/A,CLOSED,-,SHARES,RI
RICLN,KC.D.RICLN.CASH.IP,Richoux Group PLC,N/A,OFFLINE,-,SHARES,RI
RMTSP,AG.D.RMTSP.CASH.IP,Rickmers Maritime,N/A,CLOSED,-,SHARES,RI
RMBLUS,UC.D.RMBLUS.CASH.IP,RideNow Group Inc,N/A,TRADEABLE,-,SHARES,RI
NAKLN,KC.D.NAKLN.CASH.IP,Ridgecrest PLC,N/A,CLOSED,-,SHARES,RI
RIC,AA.D.RIC.CASH.IP,Ridley Corp Ltd,N/A,EDITS_ONLY,-,SHARES,RI
RIEN,EJ.D.RIEN.CASH.IP,Rieter Holding AG,N/A,TRADEABLE,-,SHARES,RI
RIFTLN,KC.D.RIFTLN.CASH.IP,Rift Helium PLC,N/A,TRADEABLE,-,SHARES,RI
RREAU,AB.D.RREAU.CASH.IP,Right Resources Ltd,N/A,EDITS_ONLY,-,SHARES,RI
6462JT,AJ.D.6462JT.CASH.IP,Riken Corporation,N/A,CLOSED,-,SHARES,RI
RMNIUS,UC.D.RMNIUS.CASH.IP,Rimini Street Inc,N/A,TRADEABLE,-,SHARES,RI
REIUS,SI.D.REIUS.CASH.IP,Ring Energy Inc,N/A,TRADEABLE,-,SHARES,RI
RNGUS,SG.D.RNGUS.CASH.IP,RingCentral Inc,N/A,TRADEABLE,-,SHARES,RI
RTPUS,SG.D.RTPUS.CASH.IP,Rio Tinto Group - ADR,N/A,TRADEABLE,-,SHARES,RI
RIO,AA.D.RIO.CASH.IP,Rio Tinto Limited,N/A,EDITS_ONLY,-,SHARES,RI
RNIM,EF.D.RNIM.CASH.IP,Risanamento SpA,N/A,TRADEABLE,-,SHARES,RI
RNLAU,AB.D.RNLAU.CASH.IP,Rision Limited,N/A,CLOSED,-,SHARES,RI
NRZUS,SE.D.NRZUS.CASH.IP,Rithm Capital Corp,N/A,TRADEABLE,-,SHARES,RI
D2OAU,AB.D.D2OAU.CASH.IP,Rivco Australia Ltd,N/A,EDITS_ONLY,-,SHARES,RI
RVRGLN,KC.D.RVRGLN.CASH.IP,River Global PLC (Class A),N/A,TRADEABLE,-,SHARES,RI
RVRBLN,KC.D.RVRBLN.CASH.IP,River Global PLC (Class B),N/A,TRADEABLE,-,SHARES,RI
3RKLLN,KA.D.3RKLLN.CASH.IP,Leverage Shares 3x Long Rocket Lab RKLB ETP - GBp,N/A,TRADEABLE,-,SHARES,RK
RL,SG.D.RL.CASH.IP,Ralph Lauren Corp (24 Hours),N/A,TRADEABLE,-,SHARES,RL
RLIUS,SG.D.RLIUS.CASH.IP,RLI Corp,N/A,TRADEABLE,-,SHARES,RL
RLFAU,AB.D.RLFAU.CASH.IP,RLF AgTech Limited,N/A,EDITS_ONLY,-,SHARES,RL
RLJUS,SG.D.RLJUS.CASH.IP,RLJ Lodging Trust,N/A,TRADEABLE,-,SHARES,RL
RLJEUS,UC.D.RLJEUS.CASH.IP,RLJ Entertainment Inc,N/A,OFFLINE,-,SHARES,RL
RLXUS,SG.D.RLXUS.CASH.IP,RLX Technology Inc - ADR,N/A,TRADEABLE,-,SHARES,RL
RLFOAU,AB.D.RLFOAU.CASH.IP,RLF AgTech Ltd Options @ AUD 0.06 EXP 06/02/2027,N/A,EDITS_ONLY,-,SHARES,RL
RMUS,SG.D.RMUS.CASH.IP,Regional Management Corporation,N/A,TRADEABLE,-,SHARES,RM
RMIM,EF.D.RMIM.CASH.IP,Reno de Medici SpA,N/A,OFFLINE,-,SHARES,RM
RMGAU,AB.D.RMGAU.CASH.IP,RMG Limited,N/A,CLOSED,-,SHARES,RM
RMRUS,UC.D.RMRUS.CASH.IP,The RMR Group Inc,N/A,TRADEABLE,-,SHARES,RM
ENGILN,KC.D.ENGILN.CASH.IP,Acuity RM Group PLC,N/A,TRADEABLE,-,SHARES,RM
RMTAU,AB.D.RMTAU.CASH.IP,RMA Energy Limited,N/A,CLOSED,-,SHARES,RM
RMYAU,AB.D.RMYAU.CASH.IP,RMA Global Limited,N/A,EDITS_ONLY,-,SHARES,RM
RMHSJ,AR.D.RMHSJ.CASH.IP,RMB Holdings Ltd,N/A,TRADEABLE,-,SHARES,RM
RMDLLN,KC.D.RMDLLN.CASH.IP,RM Infrastructure Income Plc,N/A,TRADEABLE,-,SHARES,RM
RMBSAU,AB.D.RMBSAU.CASH.IP,Vaneck Australian RMBS ETF,N/A,EDITS_ONLY,-,SHARES,RM
RMGLN,KA.D.RMGLN.CASH.IP,International Distributions Services PLC,N/A,OFFLINE,-,SHARES,RM
RNY,AA.D.RNY.CASH.IP,RNY Property Trust,N/A,CLOSED,-,SHARES,RN
TITR,EF.D.TITR.CASH.IP,Telecom Italia SpA - RNC,N/A,OFFLINE,-,SHARES,RN
DANR,EF.D.DANR.CASH.IP,Danieli & C Officine Meccaniche SpA - RNC,N/A,TRADEABLE,-,SHARES,RN
ROSW,EJ.D.ROSW.CASH.IP,Roche Holding AG (Ordinary),N/A,TRADEABLE,-,SHARES,RO
RR,KA.D.RR.CASH.IP,Rolls-Royce Holdings PLC,N/A,TRADEABLE,-,SHARES,RO
ASRIM,EF.D.ASRIM.CASH.IP,AS Roma SpA,N/A,OFFLINE,-,SHARES,RO
ROCKADC,EP.D.ROCKADC.CASH.IP,ROCKWOOL A/S,N/A,TRADEABLE,-,SHARES,RO
ROCKB,EP.D.ROCKB.CASH.IP,ROCKWOOL A/S,N/A,TRADEABLE,-,SHARES,RO
6963JT,AJ.D.6963JT.CASH.IP,Rohm Co Ltd,N/A,EDITS_ONLY,-,SHARES,RO
ROKUUS,UC.D.ROKUUS.CASH.IP,Roku Inc (24 Hours),N/A,TRADEABLE,-,SHARES,RO
ROOTUS,UC.D.ROOTUS.CASH.IP,Root Inc,N/A,TRADEABLE,-,SHARES,RO
ROLLN,KC.D.ROLLN.CASH.IP,Rotala PLC,N/A,OFFLINE,-,SHARES,RO
ROR,KA.D.ROR.CASH.IP,Rotork PLC,N/A,TRADEABLE,-,SHARES,RO
ROBOAU,AB.D.ROBOAU.CASH.IP,ETFS Robo Global Rob & Auto (ASX),N/A,EDITS_ONLY,-,SHARES,RO
ORCN,KN.D.ORCN.CASH.IP,OR Royalties Inc,N/A,TRADEABLE,-,SHARES,RO
ORUS,SE.D.ORUS.CASH.IP,OR Royalties Inc,N/A,TRADEABLE,-,SHARES,RO
RDZNUS,UC.D.RDZNUS.CASH.IP,Roadzen Inc,N/A,TRADEABLE,-,SHARES,RO
RBNLN,KC.D.RBNLN.CASH.IP,Robinson PLC,N/A,TRADEABLE,-,SHARES,RO
ESSCUS,UB.D.ESSCUS.CASH.IP,Robo.ai Inc,N/A,TRADEABLE,-,SHARES,RO
HOTHUS,UB.D.HOTHUS.CASH.IP,Rocket One Inc,N/A,TRADEABLE,-,SHARES,RO
PRZAU,AB.D.PRZAU.CASH.IP,RocketDNA Ltd,N/A,EDITS_ONLY,-,SHARES,RO
ROGUS,SG.D.ROGUS.CASH.IP,Rogers Corp,N/A,TRADEABLE,-,SHARES,RO
ROLUS,SG.D.ROLUS.CASH.IP,Rollins Inc (24 Hours),N/A,TRADEABLE,-,SHARES,RO
AGROLI,PK.D.AGROLI.CASH.IP,Ros Agro PLC,N/A,OFFLINE,-,SHARES,RO
RGPLN,KC.D.RGPLN.CASH.IP,Ross Group PLC,N/A,OFFLINE,-,SHARES,RO
RROSSS,EH.D.RROSSS.CASH.IP,Rottneros AB (publ),N/A,TRADEABLE,-,SHARES,RO
ROXGCN,KN.D.ROXGCN.CASH.IP,Roxgold Inc,N/A,OFFLINE,-,SHARES,RO
RBREWDC,EP.D.RBREWDC.CASH.IP,Royal Unibrew AS,N/A,TRADEABLE,-,SHARES,RO
1435JT,AJ.D.1435JT.CASH.IP,robot home inc,N/A,EDITS_ONLY,-,SHARES,RO
247AJT,AJ.D.247AJT.CASH.IP,Ai Robotics Inc,N/A,EDITS_ONLY,-,SHARES,RO
PNGCN,KN.D.PNGCN.CASH.IP,Kraken Robotics Inc,N/A,TRADEABLE,-,SHARES,RO
MTRUS,SE.D.MTRUS.CASH.IP,Mesa Royalty Trust,N/A,TRADEABLE,-,SHARES,RO
NRPSJ,AR.D.NRPSJ.CASH.IP,NEPI Rockcastle N.V.,N/A,TRADEABLE,-,SHARES,RO
NRSNO,EL.D.NRSNO.CASH.IP,Norway Royal Salmon AS,N/A,OFFLINE,-,SHARES,RO
RESUS,SG.D.RESUS.CASH.IP,RPC Inc,N/A,TRADEABLE,-,SHARES,RP
RPC,KA.D.RPC.CASH.IP,RPC Group PLC,N/A,OFFLINE,-,SHARES,RP
RPS,KA.D.RPS.CASH.IP,RPS Group PLC,N/A,OFFLINE,-,SHARES,RP
KIKAU,AB.D.KIKAU.CASH.IP,RPM Automotive Group Limited,N/A,EDITS_ONLY,-,SHARES,RP
RPM,SG.D.RPM.CASH.IP,RPM International Inc,N/A,TRADEABLE,-,SHARES,RP
RULAU,AB.D.RULAU.CASH.IP,RPMGlobal Holdings Limited,N/A,CLOSED,-,SHARES,RP
575HK,AC.D.575HK.CASH.IP,Regent Pacific Group Limited,N/A,EDITS_ONLY,-,SHARES,RP
RTXDC,EP.D.RTXDC.CASH.IP,RTX AS,N/A,TRADEABLE,-,SHARES,RQ
RRUS,UC.D.RRUS.CASH.IP,Richtech Robotics Inc,N/A,TRADEABLE,-,SHARES,RR
RRD,UC.D.RRD.CASH.IP,RR Donnelley & Sons Co,N/A,CLOSED,-,SHARES,RR
RS,SG.D.RS.CASH.IP,Reliance Inc,N/A,TRADEABLE,-,SHARES,RS
ECM,KA.D.ECM.CASH.IP,RS Group PLC,N/A,TRADEABLE,-,SHARES,RS
RSABLN,KC.D.RSABLN.CASH.IP,RSALN 7 3/8 PERP,N/A,OFFLINE,-,SHARES,RS
KMERIM,EF.D.KMERIM.CASH.IP,Intek Group SpA - RSP,N/A,TRADEABLE,-,SHARES,RS
3445JT,AJ.D.3445JT.CASH.IP,RS Technologies Company Limited,N/A,EDITS_ONLY,-,SHARES,RS
RTCLN,KC.D.RTCLN.CASH.IP,RTC Group PLC,N/A,TRADEABLE,-,SHARES,RT
RTGAU,AB.D.RTGAU.CASH.IP,RTG Mining Inc,N/A,EDITS_ONLY,-,SHARES,RT
RRTLGY,ED.D.RRTLGY.CASH.IP,RTL Group SA,N/A,TRADEABLE,-,SHARES,RT
ALIGTRSS,EH.D.ALIGTRSS.CASH.IP,Alimak Group AB RTS,N/A,OFFLINE,-,SHARES,RT
GBOXUS,UB.D.GBOXUS.CASH.IP,RTB Digital Inc,N/A,TRADEABLE,-,SHARES,RT
UTX,SH.D.UTX.CASH.IP,RTX Corporation (24 Hours),N/A,TRADEABLE,-,SHARES,RT
RTWLN,KA.D.RTWLN.CASH.IP,RTW Biotech Opportunities Ltd,N/A,TRADEABLE,-,SHARES,RT
RTWGLN,KA.D.RTWGLN.CASH.IP,RTW Biotech Opportunities Ltd - GBp,N/A,CLOSED,-,SHARES,RT
RUBIUS,UC.D.RUBIUS.CASH.IP,Rubico Inc,N/A,TRADEABLE,-,SHARES,RU
RUIFP,EC.D.RUIFP.CASH.IP,Rubis SCA,N/A,TRADEABLE,-,SHARES,RU
RBRKUS,SG.D.RBRKUS.CASH.IP,Rubrik Inc (24 Hours),N/A,TRADEABLE,-,SHARES,RU
CFVIUS,UA.D.CFVIUS.CASH.IP,Rumble Inc,N/A,TRADEABLE,-,SHARES,RU
RUSTASS,EH.D.RUSTASS.CASH.IP,Rusta AB,N/A,TRADEABLE,-,SHARES,RU
RUSLLN,KA.D.RUSLLN.CASH.IP,Lyxor UCITS ETF Russia (Dow Jones Russia GDR) - RUSL,N/A,CLOSED,-,SHARES,RU
RUSULN,KA.D.RUSULN.CASH.IP,Lyxor UCITS ETF Russia (Dow Jones Russia GDR) - RUSU,N/A,OFFLINE,-,SHARES,RU
BRUNUS,UA.D.BRUNUS.CASH.IP,Boost Run Inc,N/A,TRADEABLE,-,SHARES,RU
RUR,KC.D.RUR.CASH.IP,Rurelec PLC,N/A,CLOSED,-,SHARES,RU
GRCUS,SI.D.GRCUS.CASH.IP,Gorman-Rupp Company,N/A,TRADEABLE,-,SHARES,RU
RENTUS,UC.D.RENTUS.CASH.IP,Rent the Runway Inc,N/A,TRADEABLE,-,SHARES,RU
RUGSS,EH.D.RUGSS.CASH.IP,Rugvista Group AB,N/A,TRADEABLE,-,SHARES,RU
RFFAU,AB.D.RFFAU.CASH.IP,Rural Funds Group,N/A,EDITS_ONLY,-,SHARES,RU
RMLCN,KN.D.RMLCN.CASH.IP,Rusoro Mining Ltd,N/A,TRADEABLE,-,SHARES,RU
RUSCT,KN.D.RUSCT.CASH.IP,Russel Metals Inc,N/A,TRADEABLE,-,SHARES,RU
RGRUS,SG.D.RGRUS.CASH.IP,Sturm Ruger & Co Inc,N/A,TRADEABLE,-,SHARES,RU
CTBUS,SB.D.CTBUS.CASH.IP,Cooper Tire & Rubber Co,N/A,CLOSED,-,SHARES,RU
RUSL,SI.D.RUSL.CASH.IP,Direxion Daily Russia Bull 3x,N/A,CLOSED,-,SHARES,RU
FPIRUSDC,EP.D.FPIRUSDC.CASH.IP,Formuepleje - Rusland,N/A,OFFLINE,-,SHARES,RU
RWMUS,SI.D.RWMUS.CASH.IP,ProShares Short Russell2000,N/A,TRADEABLE,-,SHARES,RU
UWMUS,SI.D.UWMUS.CASH.IP,ProShares Ultra Russell2000,N/A,TRADEABLE,-,SHARES,RU
AOR,KC.D.AOR.CASH.IP,Rua Life Sciences PLC,N/A,TRADEABLE,-,SHARES,RU
RBYUS,SI.D.RBYUS.CASH.IP,Rubicon Minerals Corp,N/A,OFFLINE,-,SHARES,RU
RBCN,UC.D.RBCN.CASH.IP,Rubicon Technology Inc,N/A,OFFLINE,-,SHARES,RU
RWLAU,AB.D.RWLAU.CASH.IP,Rubicon Water Limited,N/A,EDITS_ONLY,-,SHARES,RU
RUBYUS,UC.D.RUBYUS.CASH.IP,Rubius Therapeutics Inc,N/A,CLOSED,-,SHARES,RU
RB6AU,AB.D.RB6AU.CASH.IP,Rubix Resources Limited,N/A,EDITS_ONLY,-,SHARES,RU
RTRAU,AB.D.RTRAU.CASH.IP,Rumble Resources Limited,N/A,EDITS_ONLY,-,SHARES,RU
RWAYUS,UC.D.RWAYUS.CASH.IP,Runway Growth Finance Corp,N/A,TRADEABLE,-,SHARES,RU
RUPCN,KN.D.RUPCN.CASH.IP,Rupert Resources Limited,N/A,TRADEABLE,-,SHARES,RU
RVRCSS,EH.D.RVRCSS.CASH.IP,RVRC Holding AB (publ),N/A,TRADEABLE,-,SHARES,RV
OSMTUS,UC.D.OSMTUS.CASH.IP,RVL Pharmaceuticals Plc,N/A,OFFLINE,-,SHARES,RV
RWUS,SI.D.RWUS.CASH.IP,Rainwater Equity ETF,N/A,TRADEABLE,-,SHARES,RW
RWS,KA.D.RWS.CASH.IP,RWS Holdings PLC,N/A,TRADEABLE,-,SHARES,RW
RXOUS,SG.D.RXOUS.CASH.IP,RXO Inc,N/A,TRADEABLE,-,SHARES,RX
RXSTUS,UC.D.RXSTUS.CASH.IP,RxSight Inc,N/A,TRADEABLE,-,SHARES,RX
RYCT,KN.D.RYCT.CASH.IP,Royal Bank of Canada,N/A,TRADEABLE,-,SHARES,RY
RYUS,SG.D.RYUS.CASH.IP,Royal Bank of Canada (US),N/A,TRADEABLE,-,SHARES,RY
AGFYUS,UA.D.AGFYUS.CASH.IP,Rythm Inc,N/A,TRADEABLE,-,SHARES,RY
167AJT,AJ.D.167AJT.CASH.IP,Ryoyo Ryosan Holdings Inc,N/A,EDITS_ONLY,-,SHARES,RY
RYDEUS,SI.D.RYDEUS.CASH.IP,Ryde Group Ltd,N/A,TRADEABLE,-,SHARES,RY
5851JT,AJ.D.5851JT.CASH.IP,Ryobi Limited,N/A,EDITS_ONLY,-,SHARES,RY
R,SG.D.R.CASH.IP,Ryder System Inc,N/A,TRADEABLE,-,SHARES,RY
8399JT,AJ.D.8399JT.CASH.IP,Bank of The Ryukyus Limited,N/A,EDITS_ONLY,-,SHARES,RY
RYANUS,SG.D.RYANUS.CASH.IP,Ryan Specialty Holdings Inc,N/A,TRADEABLE,-,SHARES,RY
RY4CGY,ED.D.RY4CGY.CASH.IP,Ryanair Holdings PLC (DE),N/A,TRADEABLE,-,SHARES,RY
0RYALN,KC.D.0RYALN.CASH.IP,Ryanair Holdings PLC - GBp,N/A,TRADEABLE,-,SHARES,RY
RYDAU,AB.D.RYDAU.CASH.IP,Ryder Capital Limited,N/A,EDITS_ONLY,-,SHARES,RY
RYIUS,SG.D.RYIUS.CASH.IP,Ryerson Holding Corporation,N/A,TRADEABLE,-,SHARES,RY
8140JT,AJ.D.8140JT.CASH.IP,Ryosan Company Limited,N/A,CLOSED,-,SHARES,RY
8068JT,AJ.D.8068JT.CASH.IP,Ryoyo Electro Corporation,N/A,CLOSED,-,SHARES,RY
MNSAU,AB.D.MNSAU.CASH.IP,Ryzon Materials Limited,N/A,CLOSED,-,SHARES,RY
RHPUS,SG.D.RHPUS.CASH.IP,Ryman Hospitality Properties Inc,N/A,TRADEABLE,-,SHARES,RY
7453JT,AJ.D.7453JT.CASH.IP,Ryohin Keikaku Company Limited,N/A,EDITS_ONLY,-,SHARES,RY
SPM,EF.D.SPM.CASH.IP,Saipem SpA,N/A,TRADEABLE,-,SHARES,SA
TENIM,EF.D.TENIM.CASH.IP,Tenaris SA,N/A,TRADEABLE,-,SHARES,SA
VAL,EI.D.VAL.CASH.IP,Sacyr SA,N/A,TRADEABLE,-,SHARES,SA
SAFFP,EC.D.SAFFP.CASH.IP,Safran SA,N/A,TRADEABLE,-,SHARES,SA
ALBUDFP,EC.D.ALBUDFP.CASH.IP,MINT SA,N/A,TRADEABLE,-,SHARES,SA
OBSGY,ED.D.OBSGY.CASH.IP,ORBI SA,N/A,OFFLINE,-,SHARES,SA
SK,EC.D.SK.CASH.IP,SEB SA,N/A,TRADEABLE,-,SHARES,SA
SGSN,EJ.D.SGSN.CASH.IP,SGS SA,N/A,TRADEABLE,-,SHARES,SA
SPIEFP,EC.D.SPIEFP.CASH.IP,SPIE SA,N/A,TRADEABLE,-,SHARES,SA
STFFP,EC.D.STFFP.CASH.IP,STEF SA,N/A,TRADEABLE,-,SHARES,SA
SUSEGY,ED.D.SUSEGY.CASH.IP,SUSE SA,N/A,ON_AUCTION,-,SHARES,SA
SAMAS,EB.D.SAMAS.CASH.IP,Sampo,N/A,TRADEABLE,-,SHARES,SA
SASY,EC.D.SASY.CASH.IP,Sanofi,N/A,TRADEABLE,-,SHARES,SA
UCBBB,EA.D.UCBBB.CASH.IP,UCB SA,N/A,TRADEABLE,-,SHARES,SA
SFQGY,ED.D.SFQGY.CASH.IP,SAF-Holland SA,N/A,TRADEABLE,-,SHARES,SA
SARGA,ER.D.SARGA.CASH.IP,Sarantis SA,N/A,ON_AUCTION,-,SHARES,SA
STO,AA.D.STO.CASH.IP,Santos Ltd,N/A,EDITS_ONLY,-,SHARES,SA
SKBNNO,EL.D.SKBNNO.CASH.IP,Sbanken ASA,N/A,OFFLINE,-,SHARES,SB
8473JT,AJ.D.8473JT.CASH.IP,SBI Holdings Inc,N/A,EDITS_ONLY,-,SHARES,SB
SBMO,EG.D.SBMO.CASH.IP,SBM Offshore NV,N/A,TRADEABLE,-,SHARES,SB
2384JT,AJ.D.2384JT.CASH.IP,SBS Holdings Inc,N/A,EDITS_ONLY,-,SHARES,SB
SBUSSP,AG.D.SBUSSP.CASH.IP,SBS Transit Ltd,N/A,EDITS_ONLY,-,SHARES,SB
SBBBSS,EH.D.SBBBSS.CASH.IP,Samhallsbyggnadsbolaget i Norden AB (publ) - B,N/A,TRADEABLE,-,SHARES,SB
SBBDSS,EH.D.SBBDSS.CASH.IP,Samhallsbyggnadsbolaget i Norden AB (publ) - D,N/A,TRADEABLE,-,SHARES,SB
SBFGUS,UD.D.SBFGUS.CASH.IP,SB Financial Group Inc,N/A,TRADEABLE,-,SHARES,SB
4726JT,AJ.D.4726JT.CASH.IP,SB Technology Corporation,N/A,CLOSED,-,SHARES,SB
SBAC,UD.D.SBAC.CASH.IP,SBA Communications Corp (24 Hours),N/A,TRADEABLE,-,SHARES,SB
7198JT,AJ.D.7198JT.CASH.IP,SBI ARUHI Corporation,N/A,EDITS_ONLY,-,SHARES,SB
8303JT,AJ.D.8303JT.CASH.IP,SBI Shinsei Bank Limited,N/A,EDITS_ONLY,-,SHARES,SB
7163JT,AJ.D.7163JT.CASH.IP,SBI Sumishin Net Bank Ltd,N/A,CLOSED,-,SHARES,SB
SC,SG.D.SC.CASH.IP,Santander Consumer USA Holdings Inc,N/A,CLOSED,-,SHARES,SC
SCOR,EC.D.SCOR.CASH.IP,SCOR SE,N/A,TRADEABLE,-,SHARES,SC
4845JT,AJ.D.4845JT.CASH.IP,Scala Inc,N/A,EDITS_ONLY,-,SHARES,SC
SCANANO,EL.D.SCANANO.CASH.IP,Scana ASA,N/A,TRADEABLE,-,SHARES,SC
SSONO,EL.D.SSONO.CASH.IP,Scatec ASA,N/A,TRADEABLE,-,SHARES,SC
G24GY,ED.D.G24GY.CASH.IP,Scout24 SE,N/A,TRADEABLE,-,SHARES,SC
TOUPFP,EC.D.TOUPFP.CASH.IP,Touax SCA,N/A,OFFLINE,-,SHARES,SC
SCHNSW,EJ.D.SCHNSW.CASH.IP,SCHN - Schindler Holding AG,N/A,TRADEABLE,-,SHARES,SC
AMMAUS,UA.D.AMMAUS.CASH.IP,SCWorx Corp.,N/A,OFFLINE,-,SHARES,SC
SCYXUS,UD.D.SCYXUS.CASH.IP,SCYNEXIS Inc,N/A,TRADEABLE,-,SHARES,SC
S4AGY,ED.D.S4AGY.CASH.IP,SMT Scharf AG,N/A,OFFLINE,-,SHARES,SC
SCSLN,KA.D.SCSLN.CASH.IP,ScS Group PLC,N/A,OFFLINE,-,SHARES,SC
SCANFLFH,EB.D.SCANFLFH.CASH.IP,Scanfil Oyj,N/A,TRADEABLE,-,SHARES,SC
SCGAU,AA.D.SCGAU.CASH.IP,Scentre Group,N/A,EDITS_ONLY,-,SHARES,SC
SHAGR,ED.D.SHAGR.CASH.IP,Schaeffler AG,N/A,OFFLINE,-,SHARES,SC
SHA0GR,ED.D.SHA0GR.CASH.IP,Schaeffler AG,N/A,TRADEABLE,-,SHARES,SC
PZSGY,ED.D.PZSGY.CASH.IP,Scherzer & Co. AG,N/A,TRADEABLE,-,SHARES,SC
SDR,KA.D.SDR.CASH.IP,Schroders PLC,N/A,TRADEABLE,-,SHARES,SC
TRPXUS,UD.D.TRPXUS.CASH.IP,SciSparc Ltd,N/A,TRADEABLE,-,SHARES,SC
SAGLN,KC.D.SAGLN.CASH.IP,Science Group,N/A,TRADEABLE,-,SHARES,SC
SGEMLN,KC.D.SGEMLN.CASH.IP,ScotGems PLC,N/A,CLOSED,-,SHARES,SC
BNSCT,KN.D.BNSCT.CASH.IP,Bank of Nova Scotia (CA),N/A,TRADEABLE,-,SHARES,SC
SCHWAB,SG.D.SCHWAB.CASH.IP,Charles Schwab Corp (24 Hours),N/A,TRADEABLE,-,SHARES,SC
CORZWUS,UA.D.CORZWUS.CASH.IP,Core Scientific Inc (Warrants - Tranche 1),N/A,TRADEABLE,-,SHARES,SC
CORZZUS,UA.D.CORZZUS.CASH.IP,Core Scientific Inc (Warrants - Tranche 2),N/A,TRADEABLE,-,SHARES,SC
XPDIUS,UD.D.XPDIUS.CASH.IP,Core Scientific inc,N/A,TRADEABLE,-,SHARES,SC
GNTAUS,UB.D.GNTAUS.CASH.IP,Genenta Science SpA,N/A,TRADEABLE,-,SHARES,SC
HSIC,UB.D.HSIC.CASH.IP,Henry Schein Inc (24 Hours),N/A,TRADEABLE,-,SHARES,SC
ROTHFP,EC.D.ROTHFP.CASH.IP,Rothschild & Co SCA,N/A,OFFLINE,-,SHARES,SC
SHMDUS,UD.D.SHMDUS.CASH.IP,SCHMID Group NV,N/A,TRADEABLE,-,SHARES,SC
9719JT,AJ.D.9719JT.CASH.IP,SCSK Corporation,N/A,CLOSED,-,SHARES,SC
SCVXUS,SG.D.SCVXUS.CASH.IP,SCVX Corporation,N/A,CLOSED,-,SHARES,SC
SDUS,SG.D.SDUS.CASH.IP,SandRidge Energy Inc,N/A,TRADEABLE,-,SHARES,SD
SDILN,KC.D.SDILN.CASH.IP,SDI Group PLC,N/A,TRADEABLE,-,SHARES,SD
SDXLN,KC.D.SDXLN.CASH.IP,SDX Energy Inc,N/A,OFFLINE,-,SHARES,SD
SDIPPREFS,EH.D.SDIPPREFS.CASH.IP,Sdiptech AB,N/A,OFFLINE,-,SHARES,SD
4952JT,AJ.D.4952JT.CASH.IP,SDS Biotech K.K.,N/A,CLOSED,-,SHARES,SD
SDVPLN,KC.D.SDVPLN.CASH.IP,SDV 2025 ZDP PLC,N/A,OFFLINE,-,SHARES,SD
SDIPBSS,EH.D.SDIPBSS.CASH.IP,Sdiptech AB (publ)-  Class B,N/A,TRADEABLE,-,SHARES,SD
CSTEUS,UA.D.CSTEUS.CASH.IP,Caesarstone Sdot-Yam Ltd,N/A,TRADEABLE,-,SHARES,SD
3148JT,AJ.D.3148JT.CASH.IP,Create SD Holdings Company Limited,N/A,EDITS_ONLY,-,SHARES,SD
SDICLI,PK.D.SDICLI.CASH.IP,SDIC Power Holdings Company Limited,N/A,TRADEABLE,-,SHARES,SD
SDEULN,KA.D.SDEULN.CASH.IP,iShares Germany Government Bond UCITS ETF - SDEU,N/A,TRADEABLE,-,SHARES,SD
SDHGLN,KA.D.SDHGLN.CASH.IP,iShares $ Short Duration High Yield Corporate Bond UCITS ETF - SDHG,N/A,TRADEABLE,-,SHARES,SD
SDHYLN,KA.D.SDHYLN.CASH.IP,iShares $ Short Duration High Yield Corporate Bond UCITS ETF - SDHY,N/A,TRADEABLE,-,SHARES,SD
SEUS,SG.D.SEUS.CASH.IP,Sea Limited,N/A,TRADEABLE,-,SHARES,SE
EOA,ED.D.EOA.CASH.IP,E.ON SE,N/A,TRADEABLE,-,SHARES,SE
SESG,EC.D.SESG.CASH.IP,SES SA,N/A,TRADEABLE,-,SHARES,SE
SJJGY,ED.D.SJJGY.CASH.IP,Serviceware SE,N/A,TRADEABLE,-,SHARES,SE
AIXGY,ED.D.AIXGY.CASH.IP,AIXTRON SE,N/A,TRADEABLE,-,SHARES,SE
COKGY,ED.D.COKGY.CASH.IP,CANCOM SE,N/A,TRADEABLE,-,SHARES,SE
SFUS,SG.D.SFUS.CASH.IP,Stifel Financial Corp,N/A,TRADEABLE,-,SHARES,SF
F3CGY,ED.D.F3CGY.CASH.IP,SFC Energy AG,N/A,TRADEABLE,-,SHARES,SF
SFSNSW,EJ.D.SFSNSW.CASH.IP,SFS Group AG,N/A,TRADEABLE,-,SHARES,SF
6936HK,AC.D.6936HK.CASH.IP,SF Holding Co Ltd,N/A,EDITS_ONLY,-,SHARES,SF
F3CBGR,ED.D.F3CBGR.CASH.IP,SFC Energy AG rights,N/A,OFFLINE,-,SHARES,SF
COL,EI.D.COL.CASH.IP,Colonial SFL Socimi SA,N/A,TRADEABLE,-,SHARES,SF
3198JT,AJ.D.3198JT.CASH.IP,SFP Holdings Company Limited,N/A,EDITS_ONLY,-,SHARES,SF
9699HK,AC.D.9699HK.CASH.IP,Hangzhou SF Intra-City Industrial Co Ltd,N/A,EDITS_ONLY,-,SHARES,SF
SFRBLN,KA.D.SFRBLN.CASH.IP,iShares France Government Bond UCITS ETF - SFRB,N/A,CLOSED,-,SHARES,SF
SGIM,EF.D.SGIM.CASH.IP,SAES Getters SpA,N/A,OFFLINE,-,SHARES,SG
SGUS,SG.D.SGUS.CASH.IP,Sweetgreen Inc,N/A,TRADEABLE,-,SHARES,SG
ZONPL,PO.D.ZONPL.CASH.IP,NOS SGPS,N/A,TRADEABLE,-,SHARES,SG
ALTRPL,PO.D.ALTRPL.CASH.IP,Altri SGPS SA,N/A,TRADEABLE,-,SHARES,SG
COFIPL,PO.D.COFIPL.CASH.IP,Cofina SGPS SA,N/A,OFFLINE,-,SHARES,SG
SG33LN,KA.D.SG33LN.CASH.IP,SG Issuer SA,N/A,OFFLINE,-,SHARES,SG
SG90LN,KA.D.SG90LN.CASH.IP,SG Issuer SA,N/A,OFFLINE,-,SHARES,SG
SVWAU,AA.D.SVWAU.CASH.IP,SGH Limited,N/A,EDITS_ONLY,-,SHARES,SG
SGL,ED.D.SGL.CASH.IP,SGL Carbon SE,N/A,TRADEABLE,-,SHARES,SG
SONPL,PO.D.SONPL.CASH.IP,Sonae SGPS SA,N/A,TRADEABLE,-,SHARES,SG
GALPPL,PO.D.GALPPL.CASH.IP,Galp Energia SGPS SA,N/A,TRADEABLE,-,SHARES,SG
MARPL,PO.D.MARPL.CASH.IP,Martifer SGPS SA,N/A,TRADEABLE,-,SHARES,SG
EGLPL,PO.D.EGLPL.CASH.IP,Mota-Engil SGPS SA,N/A,TRADEABLE,-,SHARES,SG
NBAPL,PO.D.NBAPL.CASH.IP,Novabase SGPS SA,N/A,TRADEABLE,-,SHARES,SG
SG46LN,KA.D.SG46LN.CASH.IP,SG GOLD X3 DAILY LONG,N/A,OFFLINE,-,SHARES,SG
SNCPL,PO.D.SNCPL.CASH.IP,Sonaecom SGPS SA,N/A,TRADEABLE,-,SHARES,SG
SEAHUS,SG.D.SEAHUS.CASH.IP,Super Group SGHC Ltd,N/A,TRADEABLE,-,SHARES,SG
CORPL,PO.D.CORPL.CASH.IP,Corticeira Amorim SGPS SA,N/A,TRADEABLE,-,SHARES,SG
9143JT,AJ.D.9143JT.CASH.IP,SG Holdings Company Limited,N/A,EDITS_ONLY,-,SHARES,SG
SG20LN,KA.D.SG20LN.CASH.IP,SG NATURAL GAS x5 DAILY LONG,N/A,CLOSED,-,SHARES,SG
SONIPL,PO.D.SONIPL.CASH.IP,Sonae Industria SGPS SA,N/A,CLOSED,-,SHARES,SG
JMSP,AG.D.JMSP.CASH.IP,Jardine Matheson Holdings Limited - SG,N/A,EDITS_ONLY,-,SHARES,SG
SGVLLN,KA.D.SGVLLN.CASH.IP,Lyxor SG Global Value Beta UCITS ETF,N/A,OFFLINE,-,SHARES,SG
RENE,PO.D.RENE.CASH.IP,Redes Energeticas Nacionais SGPS SA,N/A,TRADEABLE,-,SHARES,SG
SG24LN,KA.D.SG24LN.CASH.IP,SG Natural Gas X3 Daily Long USD,N/A,CLOSED,-,SHARES,SG
SHUS,SI.D.SHUS.CASH.IP,ProShares Short S&P500,N/A,TRADEABLE,-,SHARES,SH
SHAKUS,SG.D.SHAKUS.CASH.IP,Shake Shack Inc,N/A,TRADEABLE,-,SHARES,SH
3697JT,AJ.D.3697JT.CASH.IP,SHIFT Inc,N/A,EDITS_ONLY,-,SHARES,SH
6753JT,AJ.D.6753JT.CASH.IP,Sharp Corp,N/A,EDITS_ONLY,-,SHARES,SH
RDSBUS,SG.D.RDSBUS.CASH.IP,Shell PLC,N/A,CLOSED,-,SHARES,SH
RDSAUS,SG.D.RDSAUS.CASH.IP,Shell PLC,N/A,CLOSED,-,SHARES,SH
RDSB,KA.D.RDSB.CASH.IP,Shell PLC,N/A,CLOSED,-,SHARES,SH
SHELWUS,SG.D.SHELWUS.CASH.IP,Shell PLC (ADR),N/A,TRADEABLE,-,SHARES,SH
SHELLN,KA.D.SHELLN.CASH.IP,Shell PLC (LSE),N/A,TRADEABLE,-,SHARES,SH
SHELLNA,EG.D.SHELLNA.CASH.IP,Shell PLC (NL),N/A,TRADEABLE,-,SHARES,SH
SHP,KA.D.SHP.CASH.IP,Shire PLC,N/A,OFFLINE,-,SHARES,SH
7979JT,AJ.D.7979JT.CASH.IP,Shofu Inc,N/A,EDITS_ONLY,-,SHARES,SH
SSGAU,AB.D.SSGAU.CASH.IP,Shaver Shop Group Limited,N/A,EDITS_ONLY,-,SHARES,SH
8141JT,AJ.D.8141JT.CASH.IP,Shinko Shoji Company Limited,N/A,EDITS_ONLY,-,SHARES,SH
SHWGY,ED.D.SHWGY.CASH.IP,SHS Viveon AG,N/A,OFFLINE,-,SHARES,SH
FCACUS,UB.D.FCACUS.CASH.IP,Sharecare Inc,N/A,CLOSED,-,SHARES,SH
MTSLUS,UC.D.MTSLUS.CASH.IP,Sharplink Inc (24 Hours),N/A,TRADEABLE,-,SHARES,SH
4837JT,AJ.D.4837JT.CASH.IP,Shidax Corp,N/A,CLOSED,-,SHARES,SH
PIXYUS,UC.D.PIXYUS.CASH.IP,ShiftPixy Inc,N/A,CLOSED,-,SHARES,SH
7701JT,AJ.D.7701JT.CASH.IP,Shimadzu Corp,N/A,EDITS_ONLY,-,SHARES,SH
7309JT,AJ.D.7309JT.CASH.IP,Shimano Inc,N/A,EDITS_ONLY,-,SHARES,SH
1803JT,AJ.D.1803JT.CASH.IP,Shimizu Corp,N/A,EDITS_ONLY,-,SHARES,SH
TYHTUS,UD.D.TYHTUS.CASH.IP,Shineco Inc,N/A,OFFLINE,-,SHARES,SH
SHOELN,KC.D.SHOELN.CASH.IP,Shoe Zone PLC,N/A,TRADEABLE,-,SHARES,SH
SHOPCN,KN.D.SHOPCN.CASH.IP,Shopify Inc (CA),N/A,TRADEABLE,-,SHARES,SH
SHOPUS,SG.D.SHOPUS.CASH.IP,Shopify Inc - US (24 Hours),N/A,TRADEABLE,-,SHARES,SH
TOPSUS,UD.D.TOPSUS.CASH.IP,Top Ships Inc,N/A,TRADEABLE,-,SHARES,SH
SSHELN,KA.D.SSHELN.CASH.IP,Leverage Shares -1x Short Shopify ETP - EUR,N/A,OFFLINE,-,SHARES,SH
SSHOLN,KA.D.SSHOLN.CASH.IP,Leverage Shares -1x Short Shopify ETP - GBp,N/A,OFFLINE,-,SHARES,SH
SHOSLN,KA.D.SHOSLN.CASH.IP,Leverage Shares -1x Short Shopify ETP - USD,N/A,OFFLINE,-,SHARES,SH
SITIM,EF.D.SITIM.CASH.IP,SIT SpA,N/A,TRADEABLE,-,SHARES,SI
SIBNUS,UD.D.SIBNUS.CASH.IP,SI-BONE Inc,N/A,TRADEABLE,-,SHARES,SI
SIEGn,ED.D.SIEGn.CASH.IP,Siemens AG,N/A,TRADEABLE,-,SHARES,SI
1SIEIM,EF.D.1SIEIM.CASH.IP,Siemens AG (ITA),N/A,TRADEABLE,-,SHARES,SI
SSLAU,AB.D.SSLAU.CASH.IP,Sietel Ltd,N/A,EDITS_ONLY,-,SHARES,SI
SIMDC,EP.D.SIMDC.CASH.IP,SimCorp AS,N/A,OFFLINE,-,SHARES,SI
SINCHSS,EH.D.SINCHSS.CASH.IP,Sinch AB (publ),N/A,TRADEABLE,-,SHARES,SI
SIVLN,KC.D.SIVLN.CASH.IP,Sivota PLC,N/A,OFFLINE,-,SHARES,SI
SIENUS,UD.D.SIENUS.CASH.IP,Sientra Inc,N/A,CLOSED,-,SHARES,SI
SIFGNA,EG.D.SIFGNA.CASH.IP,Sif Holding NV,N/A,TRADEABLE,-,SHARES,SI
MESLN,KC.D.MESLN.CASH.IP,Sigmaroc PLC,N/A,TRADEABLE,-,SHARES,SI
SILCUS,UD.D.SILCUS.CASH.IP,Silicom Ltd,N/A,TRADEABLE,-,SHARES,SI
DESS,EH.D.DESS.CASH.IP,Siljansvik AB,N/A,TRADEABLE,-,SHARES,SI
WAFGY,ED.D.WAFGY.CASH.IP,Siltronic AG,N/A,TRADEABLE,-,SHARES,SI
SIMLN,KC.D.SIMLN.CASH.IP,SimiGon Ltd,N/A,OFFLINE,-,SHARES,SI
SPPLUS,UD.D.SPPLUS.CASH.IP,Simpple Ltd,N/A,TRADEABLE,-,SHARES,SI
SGM,AA.D.SGM.CASH.IP,Sims Limited,N/A,EDITS_ONLY,-,SHARES,SI
SBGIUS,UD.D.SBGIUS.CASH.IP,Sinclair Inc,N/A,TRADEABLE,-,SHARES,SI
SINTSS,EH.D.SINTSS.CASH.IP,SinterCast AB (publ),N/A,TRADEABLE,-,SHARES,SI
SS1AU,AB.D.SS1AU.CASH.IP,Sun Silver Ltd,N/A,EDITS_ONLY,-,SHARES,SI
SPOST,AG.D.SPOST.CASH.IP,Singapore Post Ltd,N/A,EDITS_ONLY,-,SHARES,SI
AGAGCN,KN.D.AGAGCN.CASH.IP,Argenta Silver Corp,N/A,TRADEABLE,-,SHARES,SI
SJUS,UD.D.SJUS.CASH.IP,Scienjoy Holding Corp,N/A,TRADEABLE,-,SHARES,SJ
SJRBSS,EH.D.SJRBSS.CASH.IP,SJR in Scandinavia AB (publ),N/A,OFFLINE,-,SHARES,SJ
880HK,AC.D.880HK.CASH.IP,SJM Holdings Ltd,N/A,EDITS_ONLY,-,SHARES,SJ
SKAB,EH.D.SKAB.CASH.IP,Skanska AB,N/A,TRADEABLE,-,SHARES,SK
SKISB,EH.D.SKISB.CASH.IP,SkiStar AB,N/A,TRADEABLE,-,SHARES,SK
FEACUS,SC.D.FEACUS.CASH.IP,Skillz Inc,N/A,TRADEABLE,-,SHARES,SK
STSSUS,UD.D.STSSUS.CASH.IP,SkyAI Inc,N/A,TRADEABLE,-,SHARES,SK
SKIVEKDC,EP.D.SKIVEKDC.CASH.IP,SKAGEN - Vekst,N/A,TRADEABLE,-,SHARES,SK
SKIFOADC,EP.D.SKIFOADC.CASH.IP,SKAGEN -Focus,N/A,TRADEABLE,-,SHARES,SK
SKJEDC,EP.D.SKJEDC.CASH.IP,Skjern Bank AS,N/A,TRADEABLE,-,SHARES,SK
SKYW,UD.D.SKYW.CASH.IP,SkyWest Inc,N/A,TRADEABLE,-,SHARES,SK
NSKOGNO,EL.D.NSKOGNO.CASH.IP,Norske Skog ASA,N/A,TRADEABLE,-,SHARES,SK
SKM,SG.D.SKM.CASH.IP,SK Telecom Co Ltd - ADR,N/A,TRADEABLE,-,SHARES,SK
SKIKONDC,EP.D.SKIKONDC.CASH.IP,SKAGEN - Kon-Tiki,N/A,TRADEABLE,-,SHARES,SK
SKYXUS,UD.D.SKYXUS.CASH.IP,SKYX Platforms Corp,N/A,TRADEABLE,-,SHARES,SK
SKX,SG.D.SKX.CASH.IP,Skechers U.S.A. Inc,N/A,CLOSED,-,SHARES,SK
SKLLN,KC.D.SKLLN.CASH.IP,Skillcast Group PLC,N/A,TRADEABLE,-,SHARES,SK
CCXUS,SB.D.CCXUS.CASH.IP,Skillsoft Corp,N/A,TRADEABLE,-,SHARES,SK
PGSAU,AB.D.PGSAU.CASH.IP,Sky Metals Limited,N/A,EDITS_ONLY,-,SHARES,SK
SKYEUS,SI.D.SKYEUS.CASH.IP,Skye Bioscience Inc,N/A,TRADEABLE,-,SHARES,SK
SKP,KA.D.SKP.CASH.IP,Skyepharma PLC,N/A,OFFLINE,-,SHARES,SK
BSKYUS,UA.D.BSKYUS.CASH.IP,Big Sky Growth Partners Inc,N/A,CLOSED,-,SHARES,SK
BRE2SS,EH.D.BRE2SS.CASH.IP,Bredband2 i Skandinavien AB,N/A,OFFLINE,-,SHARES,SK
NSGNO,EL.D.NSGNO.CASH.IP,Norske Skogindustrier ASA,N/A,CLOSED,-,SHARES,SK
ROGAU,AB.D.ROGAU.CASH.IP,Red Sky Energy Limited,N/A,EDITS_ONLY,-,SHARES,SK
6677JT,AJ.D.6677JT.CASH.IP,SK-Electronics Co Ltd,N/A,EDITS_ONLY,-,SHARES,SK
SSKNUS,UD.D.SSKNUS.CASH.IP,STRATA Skin Sciences Inc,N/A,OFFLINE,-,SHARES,SK
SKECN,KN.D.SKECN.CASH.IP,Skeena Resources Limited,N/A,TRADEABLE,-,SHARES,SK
SKEUS,SG.D.SKEUS.CASH.IP,Skeena Resources Ltd,N/A,TRADEABLE,-,SHARES,SK
SKNAU,AB.D.SKNAU.CASH.IP,Skin Elements Limited,N/A,EDITS_ONLY,-,SHARES,SK
SBTXLN,KC.D.SBTXLN.CASH.IP,SkinBioTherapeutics PLC,N/A,SUSPENDED,-,SHARES,SK
SASAU,AB.D.SASAU.CASH.IP,Sky and Space Company Limited,N/A,CLOSED,-,SHARES,SK
SKYTUS,UD.D.SKYTUS.CASH.IP,SkyWater Technology Inc,N/A,TRADEABLE,-,SHARES,SK
59HK,AC.D.59HK.CASH.IP,Skyfame Realty (Holdings) Limited,N/A,CLOSED,-,SHARES,SK
IBGAU,AB.D.IBGAU.CASH.IP,Skylark Minerals Limited,N/A,EDITS_ONLY,-,SHARES,SK
SWKS,UD.D.SWKS.CASH.IP,Skyworks Solutions Inc (24 Hours),N/A,TRADEABLE,-,SHARES,SK
SEAUS,SI.D.SEAUS.CASH.IP,US Global Sea to Sky Cargo ETF,N/A,TRADEABLE,-,SHARES,SK
751HK,AC.D.751HK.CASH.IP,Skyworth Group Limited,N/A,EDITS_ONLY,-,SHARES,SK
BLAAU,AB.D.BLAAU.CASH.IP,Blue Sky Alternative Investments Ltd,N/A,CLOSED,-,SHARES,SK
CSCFSP,AG.D.CSCFSP.CASH.IP,China Sky Chemical Fibre Co Ltd,N/A,CLOSED,-,SHARES,SK
SKSAU,AB.D.SKSAU.CASH.IP,SKS Technologies Group Limited,N/A,EDITS_ONLY,-,SHARES,SK
SKTAU,AF.D.SKTAU.CASH.IP,SKY Network Television Limited,N/A,EDITS_ONLY,-,SHARES,SK
SKCAU,AF.D.SKCAU.CASH.IP,SKYCITY Entertainment Group Ltd,N/A,EDITS_ONLY,-,SHARES,SK
SEBa,EH.D.SEBa.CASH.IP,Skandinaviska Enskilda Banken AB (publ.) - A,N/A,TRADEABLE,-,SHARES,SK
SMUS,SG.D.SMUS.CASH.IP,SM Energy Co,N/A,TRADEABLE,-,SHARES,SM
SMWH,KA.D.SMWH.CASH.IP,WH Smith PLC,N/A,TRADEABLE,-,SHARES,SM
LIONUUS,UB.D.LIONUUS.CASH.IP,SMX (Security Matters) Plc,N/A,TRADEABLE,-,SHARES,SM
6273JT,AJ.D.6273JT.CASH.IP,SMC Corp,N/A,EDITS_ONLY,-,SHARES,SM
SMCPFP,EC.D.SMCPFP.CASH.IP,SMCP S.A.S.,N/A,TRADEABLE,-,SHARES,SM
ULSLN,KA.D.ULSLN.CASH.IP,Smoove Plc,N/A,OFFLINE,-,SHARES,SM
SMJLN,KC.D.SMJLN.CASH.IP,J. Smart & Co. (Contractors) PLC,N/A,TRADEABLE,-,SHARES,SM
SNDUS,UD.D.SNDUS.CASH.IP,Smart Sand Inc,N/A,TRADEABLE,-,SHARES,SM
SMFLUS,UD.D.SMFLUS.CASH.IP,Smart for Life Inc,N/A,OFFLINE,-,SHARES,SM
SMRTUS,SG.D.SMRTUS.CASH.IP,SmartRent Inc,N/A,TRADEABLE,-,SHARES,SM
FSTA,KA.D.FSTA.CASH.IP,Fuller Smith & Turner,N/A,TRADEABLE,-,SHARES,SM
1398JT,AJ.D.1398JT.CASH.IP,SMAM REIT Index ETF,N/A,EDITS_ONLY,-,SHARES,SM
6798JT,AJ.D.6798JT.CASH.IP,SMK Corporation,N/A,EDITS_ONLY,-,SHARES,SM
2175JT,AJ.D.2175JT.CASH.IP,SMS Company Limited,N/A,EDITS_ONLY,-,SHARES,SM
CREGUS,UA.D.CREGUS.CASH.IP,Smart Powerr Corp,N/A,TRADEABLE,-,SHARES,SM
SMBKUS,UD.D.SMBKUS.CASH.IP,SmartFinancial Inc,N/A,TRADEABLE,-,SHARES,SM
SIQAU,AB.D.SIQAU.CASH.IP,SmartGroup Corp Ltd,N/A,EDITS_ONLY,-,SHARES,SM
SMCRTSS,EH.D.SMCRTSS.CASH.IP,Smartcraft Group AB,N/A,TRADEABLE,-,SHARES,SM
SMARUS,SG.D.SMARUS.CASH.IP,Smartsheet Inc,N/A,CLOSED,-,SHARES,SM
SN,KA.D.SN.CASH.IP,Smith & Nephew PLC,N/A,TRADEABLE,-,SHARES,SM
SNNUS,SG.D.SNNUS.CASH.IP,Smith & Nephew PLC - ADR,N/A,TRADEABLE,-,SHARES,SM
SMIDUS,UD.D.SMIDUS.CASH.IP,Smith-Midland Corp,N/A,TRADEABLE,-,SHARES,SM
SMIN,KA.D.SMIN.CASH.IP,Smiths Group PLC,N/A,TRADEABLE,-,SHARES,SM
NWS,KA.D.NWS.CASH.IP,Smiths News PLC,N/A,TRADEABLE,-,SHARES,SM
MINGNO,EL.D.MINGNO.CASH.IP,SpareBank 1 SMN,N/A,TRADEABLE,-,SHARES,SM
CSSMI,EJ.D.CSSMI.CASH.IP,iShares SMI ETF (CHF),N/A,TRADEABLE,-,SHARES,SM
DFASUS,SI.D.DFASUS.CASH.IP,Dimensional US Small Cap ETF,N/A,TRADEABLE,-,SHARES,SM
690DGY,ED.D.690DGY.CASH.IP,Haier Smart Home Co Ltd,N/A,TRADEABLE,-,SHARES,SM
KSMAU,AB.D.KSMAU.CASH.IP,K2 Australian Small Cap Fund,N/A,EDITS_ONLY,-,SHARES,SM
PSQAU,AB.D.PSQAU.CASH.IP,Pacific Smiles Group Ltd,N/A,CLOSED,-,SHARES,SM
SAAUS,SI.D.SAAUS.CASH.IP,ProShares Ultra SmallCap600,N/A,TRADEABLE,-,SHARES,SM
S92GY,ED.D.S92GY.CASH.IP,SMA Solar Technology AG,N/A,TRADEABLE,-,SHARES,SM
SMXUS,UD.D.SMXUS.CASH.IP,SMX Security Matters PLC (US),N/A,EDITS_ONLY,-,SHARES,SM
SLYUS,SI.D.SLYUS.CASH.IP,SPDR S&P 600 Small Cap ETF,N/A,CLOSED,-,SHARES,SM
SCHAUS,SI.D.SCHAUS.CASH.IP,Schwab US Small-Cap ETF,N/A,OFFLINE,-,SHARES,SM
SNUS,SG.D.SNUS.CASH.IP,Sanchez Energy Corp,N/A,CLOSED,-,SHARES,SN
SNUUS,SG.D.SNUUS.CASH.IP,SharkNinja Inc,N/A,TRADEABLE,-,SHARES,SN
SNAPUS,SG.D.SNAPUS.CASH.IP,Snap Inc (24 Hours),N/A,TRADEABLE,-,SHARES,SN
SNDLUS,UD.D.SNDLUS.CASH.IP,SNDL Inc,N/A,TRADEABLE,-,SHARES,SN
SNALUS,UD.D.SNALUS.CASH.IP,Snail Inc,N/A,TRADEABLE,-,SHARES,SN
SRGIM,EF.D.SRGIM.CASH.IP,Snam SpA,N/A,TRADEABLE,-,SHARES,SN
SNA,SG.D.SNA.CASH.IP,Snap-on Inc (24 Hours),N/A,TRADEABLE,-,SHARES,SN
7816JT,AJ.D.7816JT.CASH.IP,Snow Peak Inc,N/A,CLOSED,-,SHARES,SN
SNOWNA,EG.D.SNOWNA.CASH.IP,SnowWorld NV,N/A,OFFLINE,-,SHARES,SN
SNOWUS,SG.D.SNOWUS.CASH.IP,Snowflake Inc (24 Hours),N/A,TRADEABLE,-,SHARES,SN
JJSF,UB.D.JJSF.CASH.IP,J&J Snack Foods Corp,N/A,TRADEABLE,-,SHARES,SN
SNXSS,EH.D.SNXSS.CASH.IP,Premium Snacks Nordic AB,N/A,TRADEABLE,-,SHARES,SN
ZZZLN,KC.D.ZZZLN.CASH.IP,Snoozebox Holdings PLC,N/A,OFFLINE,-,SHARES,SN
SNXXUS,SI.D.SNXXUS.CASH.IP,Tradr 2X SNDK Long Daily ETF,N/A,TRADEABLE,-,SHARES,SN
SNDQUS,SI.D.SNDQUS.CASH.IP,Tradr 2X Short SNDK Daily ETF,N/A,TRADEABLE,-,SHARES,SN
3SNDLN,KA.D.3SNDLN.CASH.IP,Leverage Shares 3x Long SanDisk SNDK ETP - GBP,N/A,TRADEABLE,-,SHARES,SN
SND3LN,KA.D.SND3LN.CASH.IP,Leverage Shares 3x Long SanDisk SNDK ETP - USD,N/A,TRADEABLE,-,SHARES,SN
2270JT,AJ.D.2270JT.CASH.IP,Megmilk Snow Brand Company Limited,N/A,EDITS_ONLY,-,SHARES,SN
SHFGY,ED.D.SHFGY.CASH.IP,SNP Schneider-Neureither & Partner SE,N/A,TRADEABLE,-,SHARES,SN
SNPOUS,UD.D.SNPOUS.CASH.IP,Snap One Holdings Corporation,N/A,CLOSED,-,SHARES,SN
SNOYUS,SI.D.SNOYUS.CASH.IP,YieldMax SNOW Option Income Strategy ETF,N/A,TRADEABLE,-,SHARES,SN
SNGBLN,KA.D.SNGBLN.CASH.IP,iShares JP Morgan USD EM Corp Bond UCITS ETF [SNGB],N/A,TRADEABLE,-,SHARES,SN
SGFIIM,EF.D.SGFIIM.CASH.IP,Sogefi SpA,N/A,TRADEABLE,-,SHARES,SO
SO,SG.D.SO.CASH.IP,Southern Co (24 Hours),N/A,TRADEABLE,-,SHARES,SO
SOI,EC.D.SOI.CASH.IP,SOITEC,N/A,TRADEABLE,-,SHARES,SO
SOLIM,EF.D.SOLIM.CASH.IP,SOL SpA,N/A,TRADEABLE,-,SHARES,SO
EXHO,EC.D.EXHO.CASH.IP,Sodexo,N/A,TRADEABLE,-,SHARES,SO
SOLARBDC,EP.D.SOLARBDC.CASH.IP,Solar AS,N/A,TRADEABLE,-,SHARES,SO
WBAIUS,SH.D.WBAIUS.CASH.IP,SOLAI Ltd,N/A,TRADEABLE,-,SHARES,SO
SOFBB,EA.D.SOFBB.CASH.IP,Sofina SA,N/A,TRADEABLE,-,SHARES,SO
SYTGY,ED.D.SYTGY.CASH.IP,Softing AG,N/A,TRADEABLE,-,SHARES,SO
SOGOUS,SG.D.SOGOUS.CASH.IP,Sogou Inc,N/A,CLOSED,-,SHARES,SO
SOO1GY,ED.D.SOO1GY.CASH.IP,Solon SE,N/A,CLOSED,-,SHARES,SO
SOLVBB,EA.D.SOLVBB.CASH.IP,Solvac SA,N/A,TRADEABLE,-,SHARES,SO
SOLB,EA.D.SOLB.CASH.IP,Solvay SA,N/A,TRADEABLE,-,SHARES,SO
SOFP,EC.D.SOFP.CASH.IP,Somfy SA,N/A,OFFLINE,-,SHARES,SO
SOMAU,AB.D.SOMAU.CASH.IP,SomnoMed Ltd,N/A,EDITS_ONLY,-,SHARES,SO
SONOUS,UD.D.SONOUS.CASH.IP,Sonos Inc,N/A,TRADEABLE,-,SHARES,SO
SPUS,UD.D.SPUS.CASH.IP,SP Plus Corporation,N/A,CLOSED,-,SHARES,SP
AEMIM,EF.D.AEMIM.CASH.IP,A2A SpA,N/A,TRADEABLE,-,SHARES,SP
SPX5LN,KA.D.SPX5LN.CASH.IP,SPDR(r) S&P 500 UCITS ETF - SPX5 (GBP),N/A,TRADEABLE,-,SHARES,SP
SPY5LN,KA.D.SPY5LN.CASH.IP,SPDR(r) S&P 500 UCITS ETF - SPY5 (USD),N/A,TRADEABLE,-,SHARES,SP
BFGIM,EF.D.BFGIM.CASH.IP,B.F. SpA,N/A,TRADEABLE,-,SHARES,SP
TIT,EF.D.TIT.CASH.IP,Telecom Italia SpA (IT),N/A,TRADEABLE,-,SHARES,SP
TODIM,EF.D.TODIM.CASH.IP,Tod's SpA,N/A,OFFLINE,-,SHARES,SP
SQIFP,EC.D.SQIFP.CASH.IP,SQLi,N/A,OFFLINE,-,SHARES,SQ
SQXAU,AB.D.SQXAU.CASH.IP,SQX Resources Ltd,N/A,EDITS_ONLY,-,SHARES,SQ
SQSPUS,SG.D.SQSPUS.CASH.IP,Squarespace Inc,N/A,CLOSED,-,SHARES,SQ
VERSM,EI.D.VERSM.CASH.IP,Squirrel Media SA,N/A,TRADEABLE,-,SHARES,SQ
GSQDUS,SC.D.GSQDUS.CASH.IP,G Squared Ascend I Inc,N/A,CLOSED,-,SHARES,SQ
MSGNV,UC.D.MSGNV.CASH.IP,Madison Square Garden Co,N/A,TRADEABLE,-,SHARES,SQ
PSUSUS,SE.D.PSUSUS.CASH.IP,Pershing Square USA Ltd,N/A,TRADEABLE,-,SHARES,SQ
GLAFLN,KC.D.GLAFLN.CASH.IP,SQN Secured Income Fund PLC,N/A,CLOSED,-,SHARES,SQ
SQZUS,SG.D.SQZUS.CASH.IP,SQZ Biotechnologies Company,N/A,OFFLINE,-,SHARES,SQ
9684JT,AJ.D.9684JT.CASH.IP,Square Enix Holdings Co Ltd,N/A,EDITS_ONLY,-,SHARES,SQ
SSQELN,KA.D.SSQELN.CASH.IP,Leverage Shares -1x Short Square ETP - EUR,N/A,TRADEABLE,-,SHARES,SQ
SSQLN,KA.D.SSQLN.CASH.IP,Leverage Shares -1x Short Square ETP - GBp,N/A,TRADEABLE,-,SHARES,SQ
3SQELN,KA.D.3SQELN.CASH.IP,Leverage Shares 3x Square ETP - EUR,N/A,TRADEABLE,-,SHARES,SQ
3SQLN,KA.D.3SQLN.CASH.IP,Leverage Shares 3x Square ETP - GBp,N/A,TRADEABLE,-,SHARES,SQ
SQ3LN,KA.D.SQ3LN.CASH.IP,Leverage Shares 3x Square ETP - USD,N/A,TRADEABLE,-,SHARES,SQ
MSGENUS,SE.D.MSGENUS.CASH.IP,Madison Square Garden Entertainment Corp,N/A,TRADEABLE,-,SHARES,SQ
PSHNA,EG.D.PSHNA.CASH.IP,Pershing Square Holdings Limited,N/A,CLOSED,-,SHARES,SQ
PSHLN,KA.D.PSHLN.CASH.IP,Pershing Square Holdings Limited,N/A,TRADEABLE,-,SHARES,SQ
PSTHUS,SE.D.PSTHUS.CASH.IP,Pershing Square Tontine Holdings Ltd,N/A,CLOSED,-,SHARES,SQ
SQS,KC.D.SQS.CASH.IP,SQS Software Quality Systems AG,N/A,TRADEABLE,-,SHARES,SQ
PSTHWSUS,SE.D.PSTHWSUS.CASH.IP,Pershing Square Tontine Holdings Limited - Warrants,N/A,CLOSED,-,SHARES,SQ
SRAXUS,UD.D.SRAXUS.CASH.IP,SRAX Inc,N/A,OFFLINE,-,SHARES,SR
SRPFP,EC.D.SRPFP.CASH.IP,SRP Groupe SA,N/A,TRADEABLE,-,SHARES,SR
SRV1VFH,EB.D.SRV1VFH.CASH.IP,SRV Yhtiot Oyj,N/A,TRADEABLE,-,SHARES,SR
3817JT,AJ.D.3817JT.CASH.IP,SRA Holdings Inc,N/A,EDITS_ONLY,-,SHARES,SR
2980JT,AJ.D.2980JT.CASH.IP,SRE Holdings Corp,N/A,EDITS_ONLY,-,SHARES,SR
GCSAU,AB.D.GCSAU.CASH.IP,SRG Global Limited,N/A,EDITS_ONLY,-,SHARES,SR
SUSWLN,KA.D.SUSWLN.CASH.IP,MSCI World SRI UCITS ETF Fund,N/A,TRADEABLE,-,SHARES,SR
BIFUS,SA.D.BIFUS.CASH.IP,SRH Total Return Fund Inc,N/A,TRADEABLE,-,SHARES,SR
SRJAU,AB.D.SRJAU.CASH.IP,SRJ Technologies Group PLC,N/A,EDITS_ONLY,-,SHARES,SR
SRTLN,KC.D.SRTLN.CASH.IP,SRT Marine Systems PLC,N/A,TRADEABLE,-,SHARES,SR
8163JT,AJ.D.8163JT.CASH.IP,Srs Holdings Company Limited,N/A,EDITS_ONLY,-,SHARES,SR
SUSMLN,KA.D.SUSMLN.CASH.IP,iShares MSCI EM SRI UCITS ETF,N/A,TRADEABLE,-,SHARES,SR
SUUSLN,KA.D.SUUSLN.CASH.IP,iShares MSCI USA SRI UCITS ETF,N/A,TRADEABLE,-,SHARES,SR
SUAPLN,KA.D.SUAPLN.CASH.IP,iShares MSCI USA SRI UCITS ETF (SUAP),N/A,TRADEABLE,-,SHARES,SR
FLXGLN,KA.D.FLXGLN.CASH.IP,Franklin LibertyQ Global Equity SRI UCITS ETF,N/A,OFFLINE,-,SHARES,SR
SUESLN,KA.D.SUESLN.CASH.IP,iShares MSCI Emerging Markets SRI UCITS ETF,N/A,TRADEABLE,-,SHARES,SR
SUJALN,KA.D.SUJALN.CASH.IP,iShares MSCI Japan SRI UCITS ETF,N/A,TRADEABLE,-,SHARES,SR
SUJPLN,KA.D.SUJPLN.CASH.IP,iShares MSCI Japan SRI UCITS ETF,N/A,TRADEABLE,-,SHARES,SR
SUJSLN,KA.D.SUJSLN.CASH.IP,iShares MSCI Japan SRI UCITS ETF (GBp),N/A,OFFLINE,-,SHARES,SR
SRSALN,KA.D.SRSALN.CASH.IP,iShares MSCI South Africa UCITS ETF - SRSA,N/A,TRADEABLE,-,SHARES,SR
SUWSLN,KA.D.SUWSLN.CASH.IP,iShares MSCI World SRI UCITS ETF,N/A,TRADEABLE,-,SHARES,SR
SUWGLN,KA.D.SUWGLN.CASH.IP,iShares MSCI World SRI UCITS ETF - GBp,N/A,TRADEABLE,-,SHARES,SR
SUASLN,KA.D.SUASLN.CASH.IP,iShares Sustainable MSCI USA SRI UCITS ETF,N/A,TRADEABLE,-,SHARES,SR
ESRGLN,KA.D.ESRGLN.CASH.IP,Amundi MSCI Europe SRI Climate Paris Aligned ETF,N/A,TRADEABLE,-,SHARES,SR
AEGGLN,KA.D.AEGGLN.CASH.IP,iShares Global Aggregate Bond ESG SRI UCITS ETF,N/A,TRADEABLE,-,SHARES,SR
SSE,KA.D.SSE.CASH.IP,SSE PLC,N/A,TRADEABLE,-,SHARES,SS
SSABB,EH.D.SSABB.CASH.IP,SSAB AB (publ) - B,N/A,TRADEABLE,-,SHARES,SS
SSPGLN,KA.D.SSPGLN.CASH.IP,SSP Group Ltd,N/A,TRADEABLE,-,SHARES,SS
SSRI,UD.D.SSRI.CASH.IP,SSR Mining Inc,N/A,TRADEABLE,-,SHARES,SS
SSRAU,AB.D.SSRAU.CASH.IP,SSR Mining Inc,N/A,CLOSED,-,SHARES,SS
SSRMCN,KN.D.SSRMCN.CASH.IP,SSR Mining Inc (CA),N/A,TRADEABLE,-,SHARES,SS
SSABBHFH,EB.D.SSABBHFH.CASH.IP,SSAB AB (publ) - B Shares,N/A,TRADEABLE,-,SHARES,SS
SSHAU,AB.D.SSHAU.CASH.IP,SSH Group Limited,N/A,EDITS_ONLY,-,SHARES,SS
SSLJUS,UD.D.SSLJUS.CASH.IP,SSLJ.com Limited,N/A,CLOSED,-,SHARES,SS
2005HK,AC.D.2005HK.CASH.IP,SSY Group Limited,N/A,EDITS_ONLY,-,SHARES,SS
SPPWGY,ED.D.SPPWGY.CASH.IP,SS SPDR MSCI World UCITS ETF,N/A,TRADEABLE,-,SHARES,SS
USSE50SP,AG.D.USSE50SP.CASH.IP,United SSE 50 China ETF,N/A,CLOSED,-,SHARES,SS
RLYUS,SI.D.RLYUS.CASH.IP,SPDR SSgA Multi-Asset Real Return ETF,N/A,TRADEABLE,-,SHARES,SS
SSIIUS,UD.D.SSIIUS.CASH.IP,SS Innovations International Inc,N/A,TRADEABLE,-,SHARES,SS
ENGWLN,KA.D.ENGWLN.CASH.IP,SS SPDR MSCI World Energy UCITS ETF,N/A,TRADEABLE,-,SHARES,SS
SPX4LN,KA.D.SPX4LN.CASH.IP,SS SPDR S&P 400 US Mid Cap UCITS ETF (GBP),N/A,TRADEABLE,-,SHARES,SS
SSNC,UD.D.SSNC.CASH.IP,SS&C Technologies Holdings Inc,N/A,TRADEABLE,-,SHARES,SS
SSH1VFH,EB.D.SSH1VFH.CASH.IP,SSH Communications Security Oyj,N/A,TRADEABLE,-,SHARES,SS
SSICLN,KC.D.SSICLN.CASH.IP,Seraphim Space Investment Trust PLC [SSIC],N/A,TRADEABLE,-,SHARES,SS
SSACLN,KA.D.SSACLN.CASH.IP,iShares MSCI ACWI UCITS ETF - SSAC,N/A,TRADEABLE,-,SHARES,SS
KSTRLN,KA.D.KSTRLN.CASH.IP,Kraneshares ICBCCS SSE Star Market 50 Index UCITS ETF,N/A,TRADEABLE,-,SHARES,SS
SSHYLN,KA.D.SSHYLN.CASH.IP,PIMCO Short-Term High Yield Corporate Bond - SSHY,N/A,TRADEABLE,-,SHARES,SS
IMIDLN,KA.D.IMIDLN.CASH.IP,SS SPDR MSCI All Country World Investable Market UCITS ETF,N/A,TRADEABLE,-,SHARES,SS
SSXFLN,KA.D.SSXFLN.CASH.IP,iShares (GBP) Corporate Bond ex-Financials UCITS ETF - SSXF,N/A,TRADEABLE,-,SHARES,SS
WHEALN,KA.D.WHEALN.CASH.IP,SSgA SPDR ETFs Europe II Public Limited Company - SPDR MSCI World Health Care UCITS ETF,N/A,TRADEABLE,-,SHARES,SS
STUS,SG.D.STUS.CASH.IP,Sensata Technologies Holding PLC,N/A,TRADEABLE,-,SHARES,ST
STSP,AG.D.STSP.CASH.IP,Singapore Telecommunications Ltd (SGX),N/A,EDITS_ONLY,-,SHARES,ST
SUUS,SG.D.SUUS.CASH.IP,Suncor Energy Inc,N/A,TRADEABLE,-,SHARES,SU
SUCT,KN.D.SUCT.CASH.IP,Suncor Energy Inc (CA),N/A,TRADEABLE,-,SHARES,SU
SU,EC.D.SU.CASH.IP,Schneider Electric SA,N/A,TRADEABLE,-,SHARES,SU
ACYNO,EL.D.ACYNO.CASH.IP,Subsea 7 SA,N/A,TRADEABLE,-,SHARES,SU
SUN,EJ.D.SUN.CASH.IP,Sulzer AG,N/A,TRADEABLE,-,SHARES,SU
3436JT,AJ.D.3436JT.CASH.IP,Sumco Corp,N/A,EDITS_ONLY,-,SHARES,SU
6736JT,AJ.D.6736JT.CASH.IP,Sun Corp,N/A,EDITS_ONLY,-,SHARES,SU
RUNUS,UC.D.RUNUS.CASH.IP,Sunrun Inc (24 Hours),N/A,TRADEABLE,-,SHARES,SU
9229JT,AJ.D.9229JT.CASH.IP,SUNWELS Co Ltd,N/A,EDITS_ONLY,-,SHARES,SU
AEGIRSS,EH.D.AEGIRSS.CASH.IP,Subgen AI AB,N/A,TRADEABLE,-,SHARES,SU
SZUGY,ED.D.SZUGY.CASH.IP,Suedzucker AG,N/A,TRADEABLE,-,SHARES,SU
8053JT,AJ.D.8053JT.CASH.IP,Sumitomo Corp,N/A,EDITS_ONLY,-,SHARES,SU
SUMOLN,KA.D.SUMOLN.CASH.IP,Sumo Group PLC,N/A,OFFLINE,-,SHARES,SU
ROR1AV,EK.D.ROR1AV.CASH.IP,SunMirror AG,N/A,OFFLINE,-,SHARES,SU
STKLUS,UD.D.STKLUS.CASH.IP,SunOpta Inc,N/A,CLOSED,-,SHARES,SU
SOYCN,KN.D.SOYCN.CASH.IP,SunOpta Inc (Canada),N/A,OFFLINE,-,SHARES,SU
SPWR,UD.D.SPWR.CASH.IP,SunPower Corp,N/A,CLOSED,-,SHARES,SU
FACTUS,SC.D.FACTUS.CASH.IP,SunPower Inc,N/A,TRADEABLE,-,SHARES,SU
KNDRPZ,KC.D.KNDRPZ.CASH.IP,Sundae Bar PLC,N/A,TRADEABLE,-,SHARES,SU
SUNWUS,UD.D.SUNWUS.CASH.IP,Sunworks Inc,N/A,OFFLINE,-,SHARES,SU
SUY1VFH,EB.D.SUY1VFH.CASH.IP,Suominen Oyj,N/A,TRADEABLE,-,SHARES,SU
SPCBUS,UD.D.SPCBUS.CASH.IP,SuperCom Ltd,N/A,TRADEABLE,-,SHARES,SU
SGPLN,KA.D.SGPLN.CASH.IP,Superdry Plc,N/A,CLOSED,-,SHARES,SU
SUPLN,KC.D.SUPLN.CASH.IP,Supreme PLC,N/A,TRADEABLE,-,SHARES,SU
SVITZRDC,EP.D.SVITZRDC.CASH.IP,Svitzer A/S,N/A,OFFLINE,-,SHARES,SV
SVOLBSS,EH.D.SVOLBSS.CASH.IP,Svolder AB,N/A,TRADEABLE,-,SHARES,SV
SVOLASS,EH.D.SVOLASS.CASH.IP,Svolder AB,N/A,OFFLINE,-,SHARES,SV
HOVDSS,EH.D.HOVDSS.CASH.IP,Hovding Sverige AB,N/A,CLOSED,-,SHARES,SV
SIVBUS,UD.D.SIVBUS.CASH.IP,SVB Financial Group,N/A,CLOSED,-,SHARES,SV
MAXFSS,EH.D.MAXFSS.CASH.IP,MaxFastigheter i Sverige AB (publ),N/A,OFFLINE,-,SHARES,SV
SVFAUUS,UD.D.SVFAUUS.CASH.IP,SVF Investment Corporation,N/A,CLOSED,-,SHARES,SV
SVMLN,KC.D.SVMLN.CASH.IP,SVM UK Emerging Fund PLC,N/A,OFFLINE,-,SHARES,SV
SVEDBSS,EH.D.SVEDBSS.CASH.IP,Svedbergs i Dalstorp AB (publ),N/A,TRADEABLE,-,SHARES,SV
SHBBSS,EH.D.SHBBSS.CASH.IP,Svenska Handelsbanken AB (publ),N/A,TRADEABLE,-,SHARES,SV
XACTSBXSS,EH.D.XACTSBXSS.CASH.IP,XACT Sverige UCITS ETF,N/A,TRADEABLE,-,SHARES,SV
BRIIM,EF.D.BRIIM.CASH.IP,Brioschi Sviluppo Immobiliare SpA,N/A,TRADEABLE,-,SHARES,SV
SCAASS,EH.D.SCAASS.CASH.IP,Svenska Cellulosa Aktiebolaget SCA (publ),N/A,TRADEABLE,-,SHARES,SV
XACTSMACS,EH.D.XACTSMACS.CASH.IP,XACT Svenska Smabolag UCITS ETF,N/A,TRADEABLE,-,SHARES,SV
SWCN,KN.D.SWCN.CASH.IP,Sierra Wireless Inc (Canada),N/A,OFFLINE,-,SHARES,SW
SWUS,SG.D.SWUS.CASH.IP,Smurfit WestRock PLC - US (24 Hours),N/A,TRADEABLE,-,SHARES,SW
SWECBSS,EH.D.SWECBSS.CASH.IP,Sweco AB,N/A,TRADEABLE,-,SHARES,SW
SWOLBSS,EH.D.SWOLBSS.CASH.IP,Swedol AB,N/A,OFFLINE,-,SHARES,SW
SREN,EJ.D.SREN.CASH.IP,Swiss Re AG,N/A,TRADEABLE,-,SHARES,SW
SWCHUS,SG.D.SWCHUS.CASH.IP,Switch Inc,N/A,CLOSED,-,SHARES,SW
STXSWXSJ,AR.D.STXSWXSJ.CASH.IP,Satrix SWIX,N/A,OFFLINE,-,SHARES,SW
SWMRUS,UD.D.SWMRUS.CASH.IP,Swarmer Inc,N/A,TRADEABLE,-,SHARES,SW
SWEDA,EH.D.SWEDA.CASH.IP,Swedbank AB,N/A,TRADEABLE,-,SHARES,SW
SECARESS,EH.D.SECARESS.CASH.IP,Swedencare AB (publ),N/A,TRADEABLE,-,SHARES,SW
SW1AU,AB.D.SW1AU.CASH.IP,Swift TV Ltd,N/A,EDITS_ONLY,-,SHARES,SW
SCM,EJ.D.SCM.CASH.IP,Swisscom AG,N/A,TRADEABLE,-,SHARES,SW
SWP,EC.D.SWP.CASH.IP,Sword Group,N/A,TRADEABLE,-,SHARES,SW
GENISS,EH.D.GENISS.CASH.IP,Generic Sweden AB,N/A,TRADEABLE,-,SHARES,SW
PCELLSS,EH.D.PCELLSS.CASH.IP,PowerCell Sweden AB,N/A,TRADEABLE,-,SHARES,SW
UHRN,EJ.D.UHRN.CASH.IP,Swatch Group AG,N/A,TRADEABLE,-,SHARES,SW
UHR,EJ.D.UHR.CASH.IP,Swatch Group AG - B,N/A,TRADEABLE,-,SHARES,SW
SWMA,EH.D.SWMA.CASH.IP,Swedish Match AB,N/A,OFFLINE,-,SHARES,SW
SXTCUS,UD.D.SXTCUS.CASH.IP,China SXT Pharmaceuticals Inc,N/A,TRADEABLE,-,SHARES,SX
SXR8GY,ED.D.SXR8GY.CASH.IP,iShares Core S&P 500 UCITS ETF - SXR8,N/A,TRADEABLE,-,SHARES,SX
SYUS,UD.D.SYUS.CASH.IP,So-Young International Inc ADR,N/A,TRADEABLE,-,SHARES,SY
SYENSBB,EA.D.SYENSBB.CASH.IP,Syensqo SA,N/A,TRADEABLE,-,SHARES,SY
SY1GY,ED.D.SY1GY.CASH.IP,Symrise AG,N/A,TRADEABLE,-,SHARES,SY
SYABGY,ED.D.SYABGY.CASH.IP,Synlab AG,N/A,OFFLINE,-,SHARES,SY
SYNSAMSS,EH.D.SYNSAMSS.CASH.IP,Synsam AB (publ),N/A,TRADEABLE,-,SHARES,SY
SYY,SG.D.SYY.CASH.IP,Sysco Corp (24 Hours),N/A,TRADEABLE,-,SHARES,SY
SYZGY,ED.D.SYZGY.CASH.IP,Syzygy AG,N/A,TRADEABLE,-,SHARES,SY
BACTLN,KA.D.BACTLN.CASH.IP,SYNC - Syncona Limited,N/A,TRADEABLE,-,SHARES,SY
SYMXUS,UD.D.SYMXUS.CASH.IP,Synthesis Energy Systems Inc,N/A,OFFLINE,-,SHARES,SY
SVFCUS,UD.D.SVFCUS.CASH.IP,Symbotic Inc,N/A,TRADEABLE,-,SHARES,SY
SNGLN,KC.D.SNGLN.CASH.IP,Synairgen PLC,N/A,OFFLINE,-,SHARES,SY
SYNA,UD.D.SYNA.CASH.IP,Synaptics Inc,N/A,TRADEABLE,-,SHARES,SY
SNXLN,KC.D.SNXLN.CASH.IP,Synectics PLC,N/A,TRADEABLE,-,SHARES,SY
SDGFP,EC.D.SDGFP.CASH.IP,Synergie SA,N/A,TRADEABLE,-,SHARES,SY
SYBXUS,UD.D.SYBXUS.CASH.IP,Synlogic Inc,N/A,OFFLINE,-,SHARES,SY
SNPS,UD.D.SNPS.CASH.IP,Synopsys Inc (24 Hours),N/A,TRADEABLE,-,SHARES,SY
YULC,KA.D.YULC.CASH.IP,Synthomer PLC,N/A,TRADEABLE,-,SHARES,SY
SYSLN,KC.D.SYSLN.CASH.IP,SysGroup PLC,N/A,TRADEABLE,-,SHARES,SY
6869JT,AJ.D.6869JT.CASH.IP,Sysmex Corp,N/A,EDITS_ONLY,-,SHARES,SY
SYSXUS,UD.D.SYSXUS.CASH.IP,Sysorex Inc,N/A,CLOSED,-,SHARES,SY
BJULN,KC.D.BJULN.CASH.IP,System1 Group,N/A,TRADEABLE,-,SHARES,SY
SYSRSS,EH.D.SYSRSS.CASH.IP,Systemair AB,N/A,TRADEABLE,-,SHARES,SY
3179JT,AJ.D.3179JT.CASH.IP,Syuppin Co Ltd,N/A,EDITS_ONLY,-,SHARES,SY
SNXUS,SG.D.SNXUS.CASH.IP,TD SYNNEX Corp,N/A,TRADEABLE,-,SHARES,SY
DDDUS,SB.D.DDDUS.CASH.IP,3D Systems Corp,N/A,TRADEABLE,-,SHARES,SY
ACLNSW,EJ.D.ACLNSW.CASH.IP,ABB Turbo Systems AG,N/A,TRADEABLE,-,SHARES,SY
ADBE,UA.D.ADBE.CASH.IP,Adobe Systems Inc (24 Hours),N/A,TRADEABLE,-,SHARES,SY
ASYSUS,UA.D.ASYSUS.CASH.IP,Amtech Systems Inc,N/A,TRADEABLE,-,SHARES,SY
BSYUS,UA.D.BSYUS.CASH.IP,Bentley Systems Inc,N/A,TRADEABLE,-,SHARES,SY
CASAUS,UA.D.CASAUS.CASH.IP,Casa Systems Inc,N/A,CLOSED,-,SHARES,SY
DCTHUS,UB.D.DCTHUS.CASH.IP,Delcath Systems Inc,N/A,TRADEABLE,-,SHARES,SY
IS3AU,AB.D.IS3AU.CASH.IP,I Synergy Group Ltd,N/A,EDITS_ONLY,-,SHARES,SY
IS7GY,ED.D.IS7GY.CASH.IP,InTiCa System SA,N/A,OFFLINE,-,SHARES,SY
LSTR,UB.D.LSTR.CASH.IP,Landstar System Inc,N/A,TRADEABLE,-,SHARES,SY
MRCY,UC.D.MRCY.CASH.IP,Mercury Systems Inc,N/A,TRADEABLE,-,SHARES,SY
MITKUS,UC.D.MITKUS.CASH.IP,Mitek Systems Inc,N/A,TRADEABLE,-,SHARES,SY
TACT,KN.D.TACT.CASH.IP,TransAlta Corp,N/A,TRADEABLE,-,SHARES,TA
TAIH,KC.D.TAIH.CASH.IP,Taihua PLC,N/A,OFFLINE,-,SHARES,TA
TTKGY,ED.D.TTKGY.CASH.IP,Takkt AG,N/A,TRADEABLE,-,SHARES,TA
TLXGY,ED.D.TLXGY.CASH.IP,Talanx AG,N/A,TRADEABLE,-,SHARES,TA
TLNDUS,UD.D.TLNDUS.CASH.IP,Talend SA,N/A,CLOSED,-,SHARES,TA
TLGOSM,EI.D.TLGOSM.CASH.IP,Talgo SA,N/A,TRADEABLE,-,SHARES,TA
SKT,SG.D.SKT.CASH.IP,Tanger Inc,N/A,TRADEABLE,-,SHARES,TA
TKTTFP,EC.D.TKTTFP.CASH.IP,Tarkett SA,N/A,OFFLINE,-,SHARES,TA
TASKUS,UD.D.TASKUS.CASH.IP,TaskUs Inc,N/A,TRADEABLE,-,SHARES,TA
TEAAU,AB.D.TEAAU.CASH.IP,Tasmea Ltd,N/A,EDITS_ONLY,-,SHARES,TA
TALLINKFH,EB.D.TALLINKFH.CASH.IP,AS Tallink Grupp,N/A,TRADEABLE,-,SHARES,TA
TAALAFH,EB.D.TAALAFH.CASH.IP,Taaleri Oyj,N/A,TRADEABLE,-,SHARES,TA
1801JT,AJ.D.1801JT.CASH.IP,Taisei Corp,N/A,EDITS_ONLY,-,SHARES,TA
4974JT,AJ.D.4974JT.CASH.IP,Takara Bio Inc,N/A,EDITS_ONLY,-,SHARES,TA
9259JT,AJ.D.9259JT.CASH.IP,Takayoshi Inc,N/A,EDITS_ONLY,-,SHARES,TA
TNOMFH,EB.D.TNOMFH.CASH.IP,Talenom Oyj,N/A,TRADEABLE,-,SHARES,TA
HECUS,UB.D.HECUS.CASH.IP,Talkspace Inc,N/A,TRADEABLE,-,SHARES,TA
ACRXUS,UA.D.ACRXUS.CASH.IP,Talphera Inc,N/A,TRADEABLE,-,SHARES,TA
TWDAU,AB.D.TWDAU.CASH.IP,Tamawood Ltd,N/A,EDITS_ONLY,-,SHARES,TA
OBLGUS,SI.D.OBLGUS.CASH.IP,TaoWeave Inc,N/A,TRADEABLE,-,SHARES,TA
CNITUS,UA.D.CNITUS.CASH.IP,Taoping Inc,N/A,TRADEABLE,-,SHARES,TA
COH,SB.D.COH.CASH.IP,Tapestry Inc (24 Hours),N/A,TRADEABLE,-,SHARES,TA
TGT,SG.D.TGT.CASH.IP,Target Corp (24 Hours),N/A,TRADEABLE,-,SHARES,TA
6266JT,AJ.D.6266JT.CASH.IP,Tazmo Co Ltd,N/A,EDITS_ONLY,-,SHARES,TA
ACWGY,ED.D.ACWGY.CASH.IP,AS Creation Tapeten AG,N/A,OFFLINE,-,SHARES,TA
CTR,KA.D.CTR.CASH.IP,Charles Taylor PLC,N/A,OFFLINE,-,SHARES,TA
TAXUS,UD.D.TAXUS.CASH.IP,Liberty Tax Inc,N/A,TRADEABLE,-,SHARES,TA
5932JT,AJ.D.5932JT.CASH.IP,Sankyo Tateyama Inc,N/A,EDITS_ONLY,-,SHARES,TA
STNGUS,SG.D.STNGUS.CASH.IP,Scorpio Tankers Inc,N/A,TRADEABLE,-,SHARES,TA
TEGGY,ED.D.TEGGY.CASH.IP,TAG Immobilien AG,N/A,TRADEABLE,-,SHARES,TA
OVG,KC.D.OVG.CASH.IP,TALISMAN METALS PLC,N/A,TRADEABLE,-,SHARES,TA
SNPXUS,UD.D.SNPXUS.CASH.IP,TAO Synergies Inc,N/A,TRADEABLE,-,SHARES,TA
IACAUS,SD.D.IACAUS.CASH.IP,Taboola.com Ltd,N/A,TRADEABLE,-,SHARES,TA
6395JT,AJ.D.6395JT.CASH.IP,Tadano Limited,N/A,EDITS_ONLY,-,SHARES,TA
1979JT,AJ.D.1979JT.CASH.IP,Taikisha Limited,N/A,EDITS_ONLY,-,SHARES,TA
TLRDUS,SG.D.TLRDUS.CASH.IP,Tailored Brands Inc,N/A,CLOSED,-,SHARES,TA
6976JT,AJ.D.6976JT.CASH.IP,Taiyo Yuden Co Ltd,N/A,EDITS_ONLY,-,SHARES,TA
6617JT,AJ.D.6617JT.CASH.IP,Takaoka Toko Co Ltd,N/A,EDITS_ONLY,-,SHARES,TA
9401JT,AJ.D.9401JT.CASH.IP,TBS Holdings Inc,N/A,EDITS_ONLY,-,SHARES,TB
TDLAU,AB.D.TDLAU.CASH.IP,TBG Diagnostics Limited,N/A,CLOSED,-,SHARES,TB
TCUS,UD.D.TCUS.CASH.IP,Token Cat Limited,N/A,TRADEABLE,-,SHARES,TC
TCSLI,PK.D.TCSLI.CASH.IP,TCS Group Holding PLC,N/A,CLOSED,-,SHARES,TC
TCBPUS,UD.D.TCBPUS.CASH.IP,TC Biopharm (Holdings) PLC,N/A,CLOSED,-,SHARES,TC
TCPCUS,UD.D.TCPCUS.CASH.IP,BlackRock TCP Capital Corp,N/A,TRADEABLE,-,SHARES,TC
TRPCT,KN.D.TRPCT.CASH.IP,TC Energy Corporation,N/A,TRADEABLE,-,SHARES,TC
TRPUS,SG.D.TRPUS.CASH.IP,TC Energy Corporation (US),N/A,TRADEABLE,-,SHARES,TC
CHFCUS,UA.D.CHFCUS.CASH.IP,TCF Financial Corporation,N/A,CLOSED,-,SHARES,TC
TCRRUS,UD.D.TCRRUS.CASH.IP,TCR2 Therapeutics Inc,N/A,CLOSED,-,SHARES,TC
1070HK,AC.D.1070HK.CASH.IP,TCL Electronics Holdings Limited,N/A,EDITS_ONLY,-,SHARES,TC
UCONUS,SI.D.UCONUS.CASH.IP,First Trust Tcw Unconstrained Plus Bond Etf,N/A,TRADEABLE,-,SHARES,TC
FIXDUS,UB.D.FIXDUS.CASH.IP,First Trust TCW Opportunistic Fixed Income ETF,N/A,TRADEABLE,-,SHARES,TC
TDUS,SG.D.TDUS.CASH.IP,The Toronto-Dominion Bank,N/A,TRADEABLE,-,SHARES,TD
TDCT,KN.D.TDCT.CASH.IP,Toronto-Dominion Bank,N/A,TRADEABLE,-,SHARES,TD
TDCXUS,SG.D.TDCXUS.CASH.IP,TDCX Inc,N/A,CLOSED,-,SHARES,TD
6762JT,AJ.D.6762JT.CASH.IP,TDK Corp,N/A,EDITS_ONLY,-,SHARES,TD
PETZUS,UC.D.PETZUS.CASH.IP,TDH Holdings Inc,N/A,TRADEABLE,-,SHARES,TD
TEFP,EC.D.TEFP.CASH.IP,Technip Energies,N/A,TRADEABLE,-,SHARES,TE
ALUSUS,SA.D.ALUSUS.CASH.IP,T1 Energy Inc,N/A,TRADEABLE,-,SHARES,TE
TTEK,UD.D.TTEK.CASH.IP,Tetra Tech Inc,N/A,TRADEABLE,-,SHARES,TE
ITECHSS,EH.D.ITECHSS.CASH.IP,I-Tech AB,N/A,TRADEABLE,-,SHARES,TE
TEAMLN,KC.D.TEAMLN.CASH.IP,TEAM PLC,N/A,TRADEABLE,-,SHARES,TE
TGNAUS,SG.D.TGNAUS.CASH.IP,TEGNA Inc,N/A,CLOSED,-,SHARES,TE
TU,SG.D.TU.CASH.IP,TELUS Corp,N/A,TRADEABLE,-,SHARES,TE
TCT,KN.D.TCT.CASH.IP,TELUS Corp (CA),N/A,TRADEABLE,-,SHARES,TE
TISIUS,SG.D.TISIUS.CASH.IP,Team Inc,N/A,TRADEABLE,-,SHARES,TE
3401JT,AJ.D.3401JT.CASH.IP,Teijin Ltd,N/A,EDITS_ONLY,-,SHARES,TE
TEL2b,EH.D.TEL2b.CASH.IP,Tele2 AB - B,N/A,TRADEABLE,-,SHARES,TE
TLSUS,UD.D.TLSUS.CASH.IP,Telos Corp,N/A,TRADEABLE,-,SHARES,TE
TEMN,EJ.D.TEMN.CASH.IP,Temenos AG,N/A,TRADEABLE,-,SHARES,TE
ASAISS,EH.D.ASAISS.CASH.IP,Teneo AI AB,N/A,TRADEABLE,-,SHARES,TE
TNCUS,SG.D.TNCUS.CASH.IP,Tennant Co,N/A,TRADEABLE,-,SHARES,TE
TEQSS,EH.D.TEQSS.CASH.IP,Teqnion AB (publ),N/A,TRADEABLE,-,SHARES,TE
2MXFP,EC.D.2MXFP.CASH.IP,Teract SA,N/A,OFFLINE,-,SHARES,TE
TEX,SG.D.TEX.CASH.IP,Terex Corp,N/A,TRADEABLE,-,SHARES,TE
TFCN,KN.D.TFCN.CASH.IP,Timbercreek Financial Corporation,N/A,TRADEABLE,-,SHARES,TF
TFFPUS,UD.D.TFFPUS.CASH.IP,TFF Pharmaceuticals Inc,N/A,CLOSED,-,SHARES,TF
TFIIUS,SG.D.TFIIUS.CASH.IP,TFI International Inc,N/A,TRADEABLE,-,SHARES,TF
TFSLUS,UD.D.TFSLUS.CASH.IP,TFS Financial Corporation,N/A,TRADEABLE,-,SHARES,TF
TFI,EC.D.TFI.CASH.IP,Television Francaise 1 SA,N/A,TRADEABLE,-,SHARES,TF
TFGLN,KC.D.TFGLN.CASH.IP,Tetragon Financial Group Limited -TFG,N/A,TRADEABLE,-,SHARES,TF
TG,SG.D.TG.CASH.IP,Tredegar Corp,N/A,TRADEABLE,-,SHARES,TG
TG6AU,AB.D.TG6AU.CASH.IP,TG Metals Limited,N/A,EDITS_ONLY,-,SHARES,TG
TGTXUS,UD.D.TGTXUS.CASH.IP,TG Therapeutics Inc,N/A,TRADEABLE,-,SHARES,TG
TGSNO,EL.D.TGSNO.CASH.IP,TGS Nopec Geophysical Co ASA,N/A,TRADEABLE,-,SHARES,TG
THUS,UD.D.THUS.CASH.IP,Target Hospitality Corporation,N/A,TRADEABLE,-,SHARES,TH
6481JT,AJ.D.6481JT.CASH.IP,THK Co Ltd,N/A,EDITS_ONLY,-,SHARES,TH
ONZLN,KC.D.ONZLN.CASH.IP,Thalia Therapeutics PLC,N/A,TRADEABLE,-,SHARES,TH
TFW,KA.D.TFW.CASH.IP,F.W. Thorpe PLC,N/A,TRADEABLE,-,SHARES,TH
THSLN,KC.D.THSLN.CASH.IP,Tharisa PLC,N/A,TRADEABLE,-,SHARES,TH
THASJ,AR.D.THASJ.CASH.IP,Tharisa PLC (JSE),N/A,TRADEABLE,-,SHARES,TH
NCTY,UC.D.NCTY.CASH.IP,The9 Ltd - ADR,N/A,TRADEABLE,-,SHARES,TH
EVGLN,KC.D.EVGLN.CASH.IP,Theracryf PLC,N/A,TRADEABLE,-,SHARES,TH
TDUPUS,UD.D.TDUPUS.CASH.IP,ThredUp Inc,N/A,TRADEABLE,-,SHARES,TH
THULESS,EH.D.THULESS.CASH.IP,Thule Group AB (publ),N/A,TRADEABLE,-,SHARES,TH
ADCTUS,SA.D.ADCTUS.CASH.IP,ADC Therapeutics SA,N/A,TRADEABLE,-,SHARES,TH
CCCCUS,UA.D.CCCCUS.CASH.IP,C4 Therapeutics Inc,N/A,TRADEABLE,-,SHARES,TH
THWPZ,KC.D.THWPZ.CASH.IP,Daniel Thwaites PLC,N/A,TRADEABLE,-,SHARES,TH
FITB,UB.D.FITB.CASH.IP,Fifth Third Bancorp (24 Hours),N/A,TRADEABLE,-,SHARES,TH
GTHXUS,UB.D.GTHXUS.CASH.IP,G1 Therapeutics Inc,N/A,CLOSED,-,SHARES,TH
GREATSS,EH.D.GREATSS.CASH.IP,Greater Than AB,N/A,TRADEABLE,-,SHARES,TH
NRT,AA.D.NRT.CASH.IP,Kazia Therapeutics,N/A,CLOSED,-,SHARES,TH
THGLN,KA.D.THGLN.CASH.IP,THG Holdings Ltd,N/A,TRADEABLE,-,SHARES,TH
ALTHXFP,EC.D.ALTHXFP.CASH.IP,THX Pharma SACA,N/A,TRADEABLE,-,SHARES,TH
WRKSLN,KA.D.WRKSLN.CASH.IP,TheWorks.co.uk PLC,N/A,TRADEABLE,-,SHARES,TH
TXMDUS,SI.D.TXMDUS.CASH.IP,TherapeuticsMD Inc,N/A,TRADEABLE,-,SHARES,TH
THEP,EC.D.THEP.CASH.IP,Thermador Groupe,N/A,TRADEABLE,-,SHARES,TH
TSLLN,KC.D.TSLLN.CASH.IP,ThinkSmart Limited,N/A,ON_AUCTION,-,SHARES,TH
THRLN,KA.D.THRLN.CASH.IP,Thor Energy PLC,N/A,TRADEABLE,-,SHARES,TH
THRAU,AB.D.THRAU.CASH.IP,Thor Energy PLC,N/A,EDITS_ONLY,-,SHARES,TH
THOUS,SG.D.THOUS.CASH.IP,Thor Industries Inc,N/A,TRADEABLE,-,SHARES,TH
NANONO,EL.D.NANONO.CASH.IP,Thor Medical ASA,N/A,TRADEABLE,-,SHARES,TH
TGA,AB.D.TGA.CASH.IP,Thorn Group Ltd,N/A,CLOSED,-,SHARES,TH
THRYUS,UD.D.THRYUS.CASH.IP,Thryv Holdings Inc,N/A,TRADEABLE,-,SHARES,TH
THUNDRSS,EH.D.THUNDRSS.CASH.IP,Thunderful Group AB,N/A,OFFLINE,-,SHARES,TH
ETXLN,KC.D.ETXLN.CASH.IP,e-Therapeutics PLC,N/A,CLOSED,-,SHARES,TH
TKAG,ED.D.TKAG.CASH.IP,thyssenkrupp AG,N/A,TRADEABLE,-,SHARES,TH
1TKAIM,EF.D.1TKAIM.CASH.IP,thyssenkrupp AG (IT),N/A,TRADEABLE,-,SHARES,TH
ANTXUS,UA.D.ANTXUS.CASH.IP,AN2 Therapeutics Inc,N/A,TRADEABLE,-,SHARES,TH
FAIIUS,SC.D.FAIIUS.CASH.IP,ATI Physical Therapy,N/A,CLOSED,-,SHARES,TH
ABEOUS,UA.D.ABEOUS.CASH.IP,Abeona Therapeutics Inc,N/A,TRADEABLE,-,SHARES,TH
ACERUS,UA.D.ACERUS.CASH.IP,Acer Therapeutic Inc,N/A,CLOSED,-,SHARES,TH
ACHLUS,UA.D.ACHLUS.CASH.IP,Achilles Therapeutics PLC,N/A,CLOSED,-,SHARES,TH
ACRSUS,UA.D.ACRSUS.CASH.IP,Aclaris Therapeutics Inc,N/A,TRADEABLE,-,SHARES,TH
ACOR,UA.D.ACOR.CASH.IP,Acorda Therapeutics Inc,N/A,CLOSED,-,SHARES,TH
TIUS,SG.D.TIUS.CASH.IP,Telecom Italia SpA - ADR,N/A,OFFLINE,-,SHARES,TI
3626JT,AJ.D.3626JT.CASH.IP,TIS Inc,N/A,EDITS_ONLY,-,SHARES,TI
TIVDC,EP.D.TIVDC.CASH.IP,Tivoli AS,N/A,TRADEABLE,-,SHARES,TI
TIENSS,EH.D.TIENSS.CASH.IP,Tieto OYJ (SE),N/A,TRADEABLE,-,SHARES,TI
TLYSUS,SG.D.TLYSUS.CASH.IP,Tilly's Inc,N/A,TRADEABLE,-,SHARES,TI
TLRYUS,UD.D.TLRYUS.CASH.IP,Tilray Inc (24 Hours),N/A,TRADEABLE,-,SHARES,TI
TKR,SG.D.TKR.CASH.IP,Timken Co,N/A,TRADEABLE,-,SHARES,TI
BOXLN,KC.D.BOXLN.CASH.IP,Tintra PLC,N/A,CLOSED,-,SHARES,TI
TNTRUS,UD.D.TNTRUS.CASH.IP,Tintri Inc,N/A,CLOSED,-,SHARES,TI
TITCBB,EA.D.TITCBB.CASH.IP,Titan SA (BE),N/A,TRADEABLE,-,SHARES,TI
TINCBB,EA.D.TINCBB.CASH.IP,TINC Comm. VA,N/A,TRADEABLE,-,SHARES,TI
TDW,SG.D.TDW.CASH.IP,Tidewater Inc,N/A,TRADEABLE,-,SHARES,TI
TIK1VFH,EB.D.TIK1VFH.CASH.IP,Tikkurila Oyj,N/A,OFFLINE,-,SHARES,TI
TECNIM,EF.D.TECNIM.CASH.IP,Tinexta SpA,N/A,TRADEABLE,-,SHARES,TI
TBLSLN,KC.D.TBLSLN.CASH.IP,Tinybuild Inc,N/A,OFFLINE,-,SHARES,TI
TITANFH,EB.D.TITANFH.CASH.IP,Titanium Oyj,N/A,TRADEABLE,-,SHARES,TI
TTTAU,AB.D.TTTAU.CASH.IP,Titomic Ltd,N/A,EDITS_ONLY,-,SHARES,TI
TNG,AF.D.TNG.CASH.IP,Tivan Limited,N/A,EDITS_ONLY,-,SHARES,TI
BRGBSS,EH.D.BRGBSS.CASH.IP,Bergs Timber AB (publ),N/A,OFFLINE,-,SHARES,TI
TIDELN,KC.D.TIDELN.CASH.IP,Crimson Tide PLC,N/A,TRADEABLE,-,SHARES,TI
NYT,SE.D.NYT.CASH.IP,New York Times Co,N/A,TRADEABLE,-,SHARES,TI
SCHPUS,SI.D.SCHPUS.CASH.IP,Schwab US TIPS ETF,N/A,TRADEABLE,-,SHARES,TI
TICUS,SG.D.TICUS.CASH.IP,TIC Solutions Inc,N/A,TRADEABLE,-,SHARES,TI
TSLVFUS,SG.D.TSLVFUS.CASH.IP,Tier One Silver Inc,N/A,OFFLINE,-,SHARES,TI
TIRLN,KC.D.TIRLN.CASH.IP,Tiger Alpha PLC,N/A,SUSPENDED,-,SHARES,TI
TBSSJ,AR.D.TBSSJ.CASH.IP,Tiger Brands Ltd,N/A,TRADEABLE,-,SHARES,TI
TYGOUS,UD.D.TYGOUS.CASH.IP,Tigo Energy Inc,N/A,TRADEABLE,-,SHARES,TI
TKOFP,EC.D.TKOFP.CASH.IP,Tikehau Capital,N/A,TRADEABLE,-,SHARES,TI
LWPAU,AB.D.LWPAU.CASH.IP,Tillegrah Limited,N/A,CLOSED,-,SHARES,TI
TLRYCN,KN.D.TLRYCN.CASH.IP,Tilray Brands Inc,N/A,TRADEABLE,-,SHARES,TI
OPMLN,KC.D.OPMLN.CASH.IP,Time Finance Plc,N/A,TRADEABLE,-,SHARES,TI
MICTUS,UC.D.MICTUS.CASH.IP,Tingo Group Inc,N/A,OFFLINE,-,SHARES,TI
TJX,SG.D.TJX.CASH.IP,TJX Cos Inc (24 Hours),N/A,TRADEABLE,-,SHARES,TJ
TK,SG.D.TK.CASH.IP,Teekay Corp,N/A,TRADEABLE,-,SHARES,TK
TWEKANA,EG.D.TWEKANA.CASH.IP,TKH Group NV,N/A,TRADEABLE,-,SHARES,TK
9746JT,AJ.D.9746JT.CASH.IP,TKC Corporation,N/A,EDITS_ONLY,-,SHARES,TK
3479JT,AJ.D.3479JT.CASH.IP,TKP Corporation,N/A,EDITS_ONLY,-,SHARES,TK
TKOUS,SG.D.TKOUS.CASH.IP,TKO Group Holdings Inc (24 Hours),N/A,TRADEABLE,-,SHARES,TK
TLGGY,ED.D.TLGGY.CASH.IP,TLG Immobilien AG,N/A,OFFLINE,-,SHARES,TL
TLOULN,KC.D.TLOULN.CASH.IP,Tlou Energy Limited (LSE),N/A,CLOSED,-,SHARES,TL
TOUAU,AB.D.TOUAU.CASH.IP,Tlou Energy Limited - (AU),N/A,EDITS_ONLY,-,SHARES,TL
TLTILN,KA.D.TLTILN.CASH.IP,IncomeShares 20+ Year Treasury TLT Options ETP,N/A,TRADEABLE,-,SHARES,TL
TM,SG.D.TM.CASH.IP,Toyota Motor Corp - ADR,N/A,TRADEABLE,-,SHARES,TM
TMDEUS,SI.D.TMDEUS.CASH.IP,TMD Energy Ltd,N/A,TRADEABLE,-,SHARES,TM
XCT,KN.D.XCT.CASH.IP,TMX Group Ltd,N/A,TRADEABLE,-,SHARES,TM
SOACUS,SG.D.SOACUS.CASH.IP,TMC THE METALS CO INC COM,N/A,TRADEABLE,-,SHARES,TM
TMKAU,AB.D.TMKAU.CASH.IP,TMK Energy Limited,N/A,EDITS_ONLY,-,SHARES,TM
TMTLN,KA.D.TMTLN.CASH.IP,TMT Investments PLC,N/A,TRADEABLE,-,SHARES,TM
TMCWWUS,UD.D.TMCWWUS.CASH.IP,TMC the metals company Inc (Warrants),N/A,TRADEABLE,-,SHARES,TM
TMKOAU,AB.D.TMKOAU.CASH.IP,TMK Energy Ltd Options @ 0.44 AUD EXP 30/04/2027,N/A,EDITS_ONLY,-,SHARES,TM
TMKOBAU,AB.D.TMKOBAU.CASH.IP,TMK Energy Limited Option @ AUD 1.375 Exp 30/04/2026,N/A,CLOSED,-,SHARES,TM
MLRUS,SE.D.MLRUS.CASH.IP,Miller Industries Inc/TN,N/A,TRADEABLE,-,SHARES,TN
TPGUS,UD.D.TPGUS.CASH.IP,TPG Inc,N/A,TRADEABLE,-,SHARES,TP
CRALN,KC.D.CRALN.CASH.IP,TP Group PLC,N/A,OFFLINE,-,SHARES,TP
TPVDLN,KA.D.TPVDLN.CASH.IP,TP Income VCT PLC,N/A,OFFLINE,-,SHARES,TP
TPM,AA.D.TPM.CASH.IP,TPG Telecom Limited,N/A,EDITS_ONLY,-,SHARES,TP
TPICUS,UD.D.TPICUS.CASH.IP,TPI Composites Inc,N/A,OFFLINE,-,SHARES,TP
6463JT,AJ.D.6463JT.CASH.IP,TPR Company Limited,N/A,EDITS_ONLY,-,SHARES,TP
TPCAU,AB.D.TPCAU.CASH.IP,TPC Consolidated Limited,N/A,EDITS_ONLY,-,SHARES,TP
TRTXUS,SG.D.TRTXUS.CASH.IP,TPG RE Finance Trust Inc,N/A,TRADEABLE,-,SHARES,TP
TPXLN,KC.D.TPXLN.CASH.IP,TPXImpact Holding PLC,N/A,TRADEABLE,-,SHARES,TP
MITTUS,SE.D.MITTUS.CASH.IP,TPG Mortgage Investment Trust Inc,N/A,TRADEABLE,-,SHARES,TP
TPGYUS,SG.D.TPGYUS.CASH.IP,TPG Pace Beneficial Finance Corporation,N/A,CLOSED,-,SHARES,TP
PACEUUS,SE.D.PACEUUS.CASH.IP,TPG Pace Tech Opportunities Corporation,N/A,CLOSED,-,SHARES,TP
TR,SG.D.TR.CASH.IP,Tootsie Roll Industries Inc,N/A,TRADEABLE,-,SHARES,TR
TRYG,EP.D.TRYG.CASH.IP,Tryg AS,N/A,TRADEABLE,-,SHARES,TR
SGOCUS,UD.D.SGOCUS.CASH.IP,TROOPS Inc,N/A,TRADEABLE,-,SHARES,TR
9164JT,AJ.D.9164JT.CASH.IP,TRYT Inc,N/A,CLOSED,-,SHARES,TR
8TRASS,EH.D.8TRASS.CASH.IP,Traton SE,N/A,TRADEABLE,-,SHARES,TR
8TRAGY,ED.D.8TRAGY.CASH.IP,Traton SE (DE),N/A,TRADEABLE,-,SHARES,TR
TETLN,KC.D.TETLN.CASH.IP,Treatt PLC,N/A,TRADEABLE,-,SHARES,TR
TREXUS,SG.D.TREXUS.CASH.IP,Trex Co Inc,N/A,TRADEABLE,-,SHARES,TR
TRIFP,EC.D.TRIFP.CASH.IP,Trigano SA,N/A,TRADEABLE,-,SHARES,TR
TSEUS,SG.D.TSEUS.CASH.IP,Trinseo SA,N/A,OFFLINE,-,SHARES,TR
SRMUS,UD.D.SRMUS.CASH.IP,Tron Inc,N/A,TRADEABLE,-,SHARES,TR
TROXUS,SG.D.TROXUS.CASH.IP,Tronox Ltd,N/A,TRADEABLE,-,SHARES,TR
TRULN,KC.D.TRULN.CASH.IP,TruFin PLC,N/A,TRADEABLE,-,SHARES,TR
GLS,KA.D.GLS.CASH.IP,Troy Income & Growth Trust PLC,N/A,CLOSED,-,SHARES,TR
MSBUS,SE.D.MSBUS.CASH.IP,Mesabi Trust,N/A,TRADEABLE,-,SHARES,TR
TRCSLN,KC.D.TRCSLN.CASH.IP,Tracsis PLC,N/A,TRADEABLE,-,SHARES,TR
TTDUS,UD.D.TTDUS.CASH.IP,Trade Desk Inc/The (24 Hours),N/A,TRADEABLE,-,SHARES,TR
COOKUS,SB.D.COOKUS.CASH.IP,Traeger Inc,N/A,TRADEABLE,-,SHARES,TR
TRNLN,KA.D.TRNLN.CASH.IP,Trainline PLC,N/A,TRADEABLE,-,SHARES,TR
TRUUS,SG.D.TRUUS.CASH.IP,TransUnion,N/A,TRADEABLE,-,SHARES,TR
TRNSUS,UD.D.TRNSUS.CASH.IP,Transcat Inc,N/A,TRADEABLE,-,SHARES,TR
TNGFP,EC.D.TNGFP.CASH.IP,Transgene SA,N/A,TRADEABLE,-,SHARES,TR
TZOO,UD.D.TZOO.CASH.IP,Travelzoo Inc,N/A,TRADEABLE,-,SHARES,TR
TRELB,EH.D.TRELB.CASH.IP,Trelleborg AB,N/A,TRADEABLE,-,SHARES,TR
TRESJ,AR.D.TRESJ.CASH.IP,Trencor Ltd,N/A,CLOSED,-,SHARES,TR
TRVNUS,UD.D.TRVNUS.CASH.IP,Trevena Inc,N/A,OFFLINE,-,SHARES,TR
TCDAUS,UD.D.TCDAUS.CASH.IP,Tricida Inc,N/A,CLOSED,-,SHARES,TR
TRI,KA.D.TRI.CASH.IP,Trifast PLC,N/A,TRADEABLE,-,SHARES,TR
TS,SG.D.TS.CASH.IP,Tenaris SA - ADR,N/A,TRADEABLE,-,SHARES,TS
TSRIUS,UD.D.TSRIUS.CASH.IP,TSR Inc,N/A,CLOSED,-,SHARES,TS
2510HK,AC.D.2510HK.CASH.IP,TS Lines Ltd,N/A,EDITS_ONLY,-,SHARES,TS
2516JT,AJ.D.2516JT.CASH.IP,TSE Growth 250 ETF,N/A,EDITS_ONLY,-,SHARES,TS
8015JT,AJ.D.8015JT.CASH.IP,Toyota Tsusho Corp,N/A,EDITS_ONLY,-,SHARES,TS
GDFSJ,AR.D.GDFSJ.CASH.IP,Tsogo Sun Limited,N/A,TRADEABLE,-,SHARES,TS
2398JT,AJ.D.2398JT.CASH.IP,Tsukui Corporation,N/A,CLOSED,-,SHARES,TS
4540JT,AJ.D.4540JT.CASH.IP,Tsumura & Company,N/A,EDITS_ONLY,-,SHARES,TS
TSIIUS,SI.D.TSIIUS.CASH.IP,REX TSLA Growth & Income ETF,N/A,TRADEABLE,-,SHARES,TS
7313JT,AJ.D.7313JT.CASH.IP,TS TECH Company Limited,N/A,EDITS_ONLY,-,SHARES,TS
3608JT,AJ.D.3608JT.CASH.IP,TSI Holdings Company Limited,N/A,EDITS_ONLY,-,SHARES,TS
TCRXUS,UD.D.TCRXUS.CASH.IP,TScan Therapeutics Inc,N/A,TRADEABLE,-,SHARES,TS
TSLQUS,UD.D.TSLQUS.CASH.IP,Tradr 2X Short TSLA Daily ETF,N/A,TRADEABLE,-,SHARES,TS
TNPUS,SG.D.TNPUS.CASH.IP,Tsakos Energy Navigation Ltd,N/A,TRADEABLE,-,SHARES,TS
6371JT,AJ.D.6371JT.CASH.IP,Tsubakimoto Chain Company,N/A,EDITS_ONLY,-,SHARES,TS
6101JT,AJ.D.6101JT.CASH.IP,Tsugami Corporation,N/A,EDITS_ONLY,-,SHARES,TS
3391JT,AJ.D.3391JT.CASH.IP,Tsuruha Holdings Inc,N/A,EDITS_ONLY,-,SHARES,TS
XIUCT,KN.D.XIUCT.CASH.IP,iShares S&P TSX 60 Index ETF,N/A,TRADEABLE,-,SHARES,TS
168HK,AC.D.168HK.CASH.IP,Tsingtao Brewery Co Ltd,N/A,EDITS_ONLY,-,SHARES,TS
TSLSUS,UD.D.TSLSUS.CASH.IP,Direxion Daily TSLA Bear 1X Shares,N/A,TRADEABLE,-,SHARES,TS
TSLLUS,UD.D.TSLLUS.CASH.IP,Direxion Daily TSLA Bull 2X Shares,N/A,TRADEABLE,-,SHARES,TS
TSDDUS,UD.D.TSDDUS.CASH.IP,GraniteShares 2x Short TSLA Daily ETF,N/A,TRADEABLE,-,SHARES,TS
TSYYUS,UD.D.TSYYUS.CASH.IP,GraniteShares YieldBOOST TSLA ETF,N/A,TRADEABLE,-,SHARES,TS
TSLILN,KA.D.TSLILN.CASH.IP,IncomeShares Tesla TSLA Options ETP,N/A,TRADEABLE,-,SHARES,TS
IPM,EE.D.IPM.CASH.IP,Permanent TSB Group Holdings PLC (Euronext Dublin),N/A,TRADEABLE,-,SHARES,TS
IL0ALN,KA.D.IL0ALN.CASH.IP,Permanent tsb Group Holdings PLC,N/A,TRADEABLE,-,SHARES,TS
1651HK,AC.D.1651HK.CASH.IP,Precision Tsugami China Corp Ltd,N/A,EDITS_ONLY,-,SHARES,TS
RINFUS,SI.D.RINFUS.CASH.IP,ProShares 30 Year TIPS TSY Spread,N/A,TRADEABLE,-,SHARES,TS
TSIAUUS,UD.D.TSIAUUS.CASH.IP,TS Innovation Acquisitions Corporation,N/A,CLOSED,-,SHARES,TS
TSKSM,EI.D.TSKSM.CASH.IP,TSK Electronica y Electricidad SA,N/A,TRADEABLE,-,SHARES,TS
TSPPZ,KC.D.TSPPZ.CASH.IP,TSP Advanced Technologies PLC,N/A,TRADEABLE,-,SHARES,TS
6464JT,AJ.D.6464JT.CASH.IP,Tsubaki Nakashima Company Limited,N/A,EDITS_ONLY,-,SHARES,TS
8052JT,AJ.D.8052JT.CASH.IP,Tsubakimoto Kogyo Company Limited,N/A,EDITS_ONLY,-,SHARES,TS
2767JT,AJ.D.2767JT.CASH.IP,Tsuburaya Fields Holdings Inc,N/A,EDITS_ONLY,-,SHARES,TS
6332JT,AJ.D.6332JT.CASH.IP,Tsukishima Holdings Company Limited,N/A,EDITS_ONLY,-,SHARES,TS
6351JT,AJ.D.6351JT.CASH.IP,Tsurumi Manufacturing Company Limited,N/A,EDITS_ONLY,-,SHARES,TS
8157JT,AJ.D.8157JT.CASH.IP,Tsuzuki Denki Company Limited,N/A,EDITS_ONLY,-,SHARES,TS
TTG,KA.D.TTG.CASH.IP,TT electronics PLC,N/A,TRADEABLE,-,SHARES,TT
TTEC,UD.D.TTEC.CASH.IP,TTEC Holdings Inc,N/A,TRADEABLE,-,SHARES,TT
TTAAU,AB.D.TTAAU.CASH.IP,TTA Holdings Limited,N/A,CLOSED,-,SHARES,TT
TTMI,UD.D.TTMI.CASH.IP,TTM Technologies Inc,N/A,TRADEABLE,-,SHARES,TT
MIZ,AB.D.MIZ.CASH.IP,Titan Minerals Ltd,N/A,EDITS_ONLY,-,SHARES,TT
TUBSM,EI.D.TUBSM.CASH.IP,Tubacex SA,N/A,TRADEABLE,-,SHARES,TU
TCXUS,UD.D.TCXUS.CASH.IP,Tucows Inc,N/A,TRADEABLE,-,SHARES,TU
TOURUS,UD.D.TOURUS.CASH.IP,Tuniu Corp,N/A,TRADEABLE,-,SHARES,TU
TUYAUS,SG.D.TUYAUS.CASH.IP,Tuya Inc,N/A,TRADEABLE,-,SHARES,TU
AGF,AF.D.AGF.CASH.IP,Tuas Limited,N/A,EDITS_ONLY,-,SHARES,TU
2BEAU,AB.D.2BEAU.CASH.IP,Tubi Limited,N/A,CLOSED,-,SHARES,TU
TUFNUS,SG.D.TUFNUS.CASH.IP,Tufin Limited,N/A,CLOSED,-,SHARES,TU
9690HK,AC.D.9690HK.CASH.IP,Tuhu Car Inc,N/A,EDITS_ONLY,-,SHARES,TU
APPSUS,UA.D.APPSUS.CASH.IP,Digital Turbine Inc (24 Hours),N/A,TRADEABLE,-,SHARES,TU
TLTNA,EG.D.TLTNA.CASH.IP,London Tunnels PLC/The,N/A,CLOSED,-,SHARES,TU
TRGSM,EI.D.TRGSM.CASH.IP,Tubos Reunidos SA,N/A,SUSPENDED,-,SHARES,TU
TULAU,AB.D.TULAU.CASH.IP,Tulla Resources PLC,N/A,CLOSED,-,SHARES,TU
TUNGLN,KA.D.TUNGLN.CASH.IP,Tungsten Corp PLC,N/A,OFFLINE,-,SHARES,TU
TUNLN,KC.D.TUNLN.CASH.IP,Tungsten West PLC,N/A,TRADEABLE,-,SHARES,TU
MSRAU,AB.D.MSRAU.CASH.IP,Turaco Gold Limited,N/A,EDITS_ONLY,-,SHARES,TU
IMHCUS,SD.D.IMHCUS.CASH.IP,TurnOnGreen Inc,N/A,OFFLINE,-,SHARES,TU
DY6AU,AB.D.DY6AU.CASH.IP,Tusker Minerals Ltd,N/A,EDITS_ONLY,-,SHARES,TU
PCRUS,SE.D.PCRUS.CASH.IP,Tutor Perini Corp,N/A,TRADEABLE,-,SHARES,TU
TUNGCN,KN.D.TUNGCN.CASH.IP,American Tungsten Corp,N/A,TRADEABLE,-,SHARES,TU
5463JT,AJ.D.5463JT.CASH.IP,Maruichi Steel Tube Limited,N/A,EDITS_ONLY,-,SHARES,TU
TKFUS,SG.D.TKFUS.CASH.IP,The Turkish Investment Fund Inc,N/A,CLOSED,-,SHARES,TU
TSHSP,AG.D.TSHSP.CASH.IP,Tuan Sing Holdings Ltd,N/A,EDITS_ONLY,-,SHARES,TU
TUDCN,KN.D.TUDCN.CASH.IP,Tudor Gold Corporation,N/A,TRADEABLE,-,SHARES,TU
TUESUS,UD.D.TUESUS.CASH.IP,Tuesday Morning Corp,N/A,OFFLINE,-,SHARES,TU
SHIPLN,KA.D.SHIPLN.CASH.IP,Tufton Assets Limited,N/A,TRADEABLE,-,SHARES,TU
DMPIUS,UB.D.DMPIUS.CASH.IP,Tuhura Biosciences Inc,N/A,TRADEABLE,-,SHARES,TU
TULAVFH,EB.D.TULAVFH.CASH.IP,Tulikivi Corporation,N/A,TRADEABLE,-,SHARES,TU
TUP,SG.D.TUP.CASH.IP,Tupperware Brands Corp,N/A,OFFLINE,-,SHARES,TU
TTRXUS,UD.D.TTRXUS.CASH.IP,Turn Therapeutics Inc,N/A,TRADEABLE,-,SHARES,TU
TV,SG.D.TV.CASH.IP,Grupo Televisa SAB - ADR,N/A,TRADEABLE,-,SHARES,TV
TVCT,KN.D.TVCT.CASH.IP,Trevali Mining Corporation,N/A,CLOSED,-,SHARES,TV
NPTLN,KC.D.NPTLN.CASH.IP,Netplay TV PLC,N/A,OFFLINE,-,SHARES,TV
TV2AU,AB.D.TV2AU.CASH.IP,TV2U International Ltd,N/A,CLOSED,-,SHARES,TV
CARAUS,UA.D.CARAUS.CASH.IP,Tvardi Therapeutics Inc,N/A,TRADEABLE,-,SHARES,TV
9409JT,AJ.D.9409JT.CASH.IP,TV Asahi Holdings Corporation,N/A,EDITS_ONLY,-,SHARES,TV
9413JT,AJ.D.9413JT.CASH.IP,TV TOKYO Holdings Corporation,N/A,EDITS_ONLY,-,SHARES,TV
TWLN,KA.D.TWLN.CASH.IP,Taylor Wimpey PLC,N/A,TRADEABLE,-,SHARES,TW
TWUS,UD.D.TWUS.CASH.IP,Tradeweb Markets Inc,N/A,TRADEABLE,-,SHARES,TW
TWLOUS,SG.D.TWLOUS.CASH.IP,Twilio Inc (24 Hours),N/A,TRADEABLE,-,SHARES,TW
7352JT,AJ.D.7352JT.CASH.IP,TWOSTONE&Sons,N/A,EDITS_ONLY,-,SHARES,TW
TWTRUS,SG.D.TWTRUS.CASH.IP,Twitter Inc,N/A,CLOSED,-,SHARES,TW
VULLN,KC.D.VULLN.CASH.IP,Vulcan Two Group PLC,N/A,TRADEABLE,-,SHARES,TW
DNA2LN,KC.D.DNA2LN.CASH.IP,Doric Nimrod Air Two Limited,N/A,OFFLINE,-,SHARES,TW
L2DSJ,AR.D.L2DSJ.CASH.IP,Liberty Two Degrees Limited,N/A,CLOSED,-,SHARES,TW
CEPUS,UA.D.CEPUS.CASH.IP,Twenty One Capital Inc (24 Hours),N/A,TRADEABLE,-,SHARES,TW
TFIFLN,KA.D.TFIFLN.CASH.IP,TwentyFour Income Fund Ltd,N/A,TRADEABLE,-,SHARES,TW
TWNPUS,UD.D.TWNPUS.CASH.IP,Twin Hospitality Group Inc,N/A,OFFLINE,-,SHARES,TW
VEEEUS,UD.D.VEEEUS.CASH.IP,Twin Vee PowerCats Co,N/A,TRADEABLE,-,SHARES,TW
TWOUS,SG.D.TWOUS.CASH.IP,Two Harbors Investment Corp,N/A,TRADEABLE,-,SHARES,TW
9029JT,AJ.D.9029JT.CASH.IP,Higashi Twenty One Company Limited,N/A,EDITS_ONLY,-,SHARES,TW
TWT3LN,KA.D.TWT3LN.CASH.IP,Leverage Shares 3x Twitter ETP,N/A,OFFLINE,-,SHARES,TW
3TWELN,KA.D.3TWELN.CASH.IP,Leverage Shares 3x Twitter ETP - EUR,N/A,OFFLINE,-,SHARES,TW
3TWTLN,KA.D.3TWTLN.CASH.IP,Leverage Shares 3x Twitter ETP - GBp,N/A,OFFLINE,-,SHARES,TW
TTWO,UD.D.TTWO.CASH.IP,Take-Two Interactive Software Inc (24 Hours),N/A,TRADEABLE,-,SHARES,TW
TWSTUS,UD.D.TWSTUS.CASH.IP,Twist Bioscience Corporation,N/A,TRADEABLE,-,SHARES,TW
SMIFLN,KA.D.SMIFLN.CASH.IP,TwentyFour Select Monthly Income Fund Limited,N/A,TRADEABLE,-,SHARES,TW
TX,SG.D.TX.CASH.IP,Ternium SA - ADR,N/A,TRADEABLE,-,SHARES,TX
PNMUS,SE.D.PNMUS.CASH.IP,TXNM Energy Inc,N/A,TRADEABLE,-,SHARES,TX
YTXNLN,KA.D.YTXNLN.CASH.IP,IncomeShares Texas Instruments TXN Options ETP,N/A,TRADEABLE,-,SHARES,TX
TY,SG.D.TY.CASH.IP,Tri-Continental Corp,N/A,TRADEABLE,-,SHARES,TY
LUP,KA.D.LUP.CASH.IP,Tyman PLC,N/A,OFFLINE,-,SHARES,TY
5363JT,AJ.D.5363JT.CASH.IP,TYK Corporation,N/A,EDITS_ONLY,-,SHARES,TY
TSN,SG.D.TSN.CASH.IP,Tyson Foods Inc (24 Hours),N/A,TRADEABLE,-,SHARES,TY
TYLUS,SG.D.TYLUS.CASH.IP,Tyler Technologies Inc (24 Hours),N/A,TRADEABLE,-,SHARES,TY
TYMEUS,UD.D.TYMEUS.CASH.IP,Tyme Technologies Inc,N/A,CLOSED,-,SHARES,TY
TYRAUS,UD.D.TYRAUS.CASH.IP,Tyra Biosciences Inc,N/A,TRADEABLE,-,SHARES,TY
TYXAU,AB.D.TYXAU.CASH.IP,Tyranna Resources Limited,N/A,EDITS_ONLY,-,SHARES,TY
TYRAU,AB.D.TYRAU.CASH.IP,Tyro Payments Limited,N/A,EDITS_ONLY,-,SHARES,TY
1345JT,AJ.D.1345JT.CASH.IP,Listed Index Fund J-REIT (Tokyo Stock Exchange REIT Index) Bi-Monthly Dividend Payment Type,N/A,EDITS_ONLY,-,SHARES,TY
TZLAU,AB.D.TZLAU.CASH.IP,TZ Limited,N/A,EDITS_ONLY,-,SHARES,TZ
UAUS,SH.D.UAUS.CASH.IP,Under Armour Inc,N/A,TRADEABLE,-,SHARES,UA
5741JT,AJ.D.5741JT.CASH.IP,UACJ Corporation,N/A,EDITS_ONLY,-,SHARES,UA
UAEUS,UD.D.UAEUS.CASH.IP,iShares MSCI UAE Capped ETF,N/A,TRADEABLE,-,SHARES,UA
UBM,KA.D.UBM.CASH.IP,UBM PLC,N/A,OFFLINE,-,SHARES,UB
UBS1US,SH.D.UBS1US.CASH.IP,UBS Group AG,N/A,OFFLINE,-,SHARES,UB
UBSUS,SH.D.UBSUS.CASH.IP,UBS Group AG (US),N/A,TRADEABLE,-,SHARES,UB
UBSAV,EK.D.UBSAV.CASH.IP,UBM Development AG,N/A,TRADEABLE,-,SHARES,UB
4208JT,AJ.D.4208JT.CASH.IP,Ube Industries Ltd,N/A,EDITS_ONLY,-,SHARES,UB
3937JT,AJ.D.3937JT.CASH.IP,Ubicom Holdings Inc,N/A,EDITS_ONLY,-,SHARES,UB
SUBRLN,KA.D.SUBRLN.CASH.IP,Leverage Shares -1x Uber ETP,N/A,TRADEABLE,-,SHARES,UB
2UBRLN,KA.D.2UBRLN.CASH.IP,Leverage Shares 2x Uber ETP,N/A,OFFLINE,-,SHARES,UB
UBR3LN,KA.D.UBR3LN.CASH.IP,Leverage Shares 3x UBER ETP,N/A,TRADEABLE,-,SHARES,UB
UBI,EC.D.UBI.CASH.IP,UBISOFT Entertainment,N/A,TRADEABLE,-,SHARES,UB
WRDALN,KA.D.WRDALN.CASH.IP,UBS Core MSCI World UCITS ETF (Acc),N/A,TRADEABLE,-,SHARES,UB
WRDDLN,KA.D.WRDDLN.CASH.IP,UBS Core MSCI World UCITS ETF (Dist),N/A,TRADEABLE,-,SHARES,UB
UETWGY,ED.D.UETWGY.CASH.IP,UBS Core MSCI World UCITS ETF (Eur),N/A,TRADEABLE,-,SHARES,UB
S5UALN,KA.D.S5UALN.CASH.IP,UBS Core S&P 500 UCITS ETF,N/A,TRADEABLE,-,SHARES,UB
QQQALN,KA.D.QQQALN.CASH.IP,UBS Nasdaq-100 UCITS ETF,N/A,TRADEABLE,-,SHARES,UB
QQQELN,KA.D.QQQELN.CASH.IP,UBS Nasdaq-100 UCITS ETF (Dist) - GBp,N/A,TRADEABLE,-,SHARES,UB
9880HK,AC.D.9880HK.CASH.IP,UBTech Robotics Corp Ltd,N/A,EDITS_ONLY,-,SHARES,UB
UBERUS,SH.D.UBERUS.CASH.IP,Uber Technologies Inc (24 Hours),N/A,TRADEABLE,-,SHARES,UB
UBNTUS,UD.D.UBNTUS.CASH.IP,Ubiquiti Networks Inc,N/A,TRADEABLE,-,SHARES,UB
3858JT,AJ.D.3858JT.CASH.IP,Ubiquitous AI Corporation,N/A,EDITS_ONLY,-,SHARES,UB
2429HK,AC.D.2429HK.CASH.IP,Beijing UBOX Online Technology Corp,N/A,EDITS_ONLY,-,SHARES,UB
3LUBLN,KA.D.3LUBLN.CASH.IP,GraniteShares 3x Long Uber Daily ETP,N/A,TRADEABLE,-,SHARES,UB
3SUBLN,KA.D.3SUBLN.CASH.IP,GraniteShares 3x Short Uber Daily ETP,N/A,CLOSED,-,SHARES,UB
3UBELN,KA.D.3UBELN.CASH.IP,Leverage Shares 3x UBER ETP - EUR,N/A,TRADEABLE,-,SHARES,UB
3UBRLN,KA.D.3UBRLN.CASH.IP,Leverage Shares 3x UBER ETP - GBp,N/A,TRADEABLE,-,SHARES,UB
FBGXUS,SI.D.FBGXUS.CASH.IP,UBS AG FI Enhanced Large Cap Growth ETN,N/A,CLOSED,-,SHARES,UB
SIMASW,EJ.D.SIMASW.CASH.IP,UBS CH Property Fund - Swiss Mixed Sima,N/A,TRADEABLE,-,SHARES,UB
UC94LN,KA.D.UC94LN.CASH.IP,UBS ETF MSCI Switzerland 20/35 UCITS ETF,N/A,TRADEABLE,-,SHARES,UB
UB0ALN,KA.D.UB0ALN.CASH.IP,UBS Irl ETF plc - MSCI USA UCITS ETF,N/A,TRADEABLE,-,SHARES,UB
5ESGLN,KA.D.5ESGLN.CASH.IP,UBS Irl ETF plc - S&P 500 ESG UCITS ETF,N/A,TRADEABLE,-,SHARES,UB
UB23LN,KA.D.UB23LN.CASH.IP,UBS Lux Fund Solutions - MSCI Canada UCITS ETF,N/A,TRADEABLE,-,SHARES,UB
UB0ELN,KA.D.UB0ELN.CASH.IP,UBS Lux Fund Solutions - MSCI EMU UCITS ETF,N/A,TRADEABLE,-,SHARES,UB
UB0DLN,KA.D.UB0DLN.CASH.IP,UBS Lux Fund Solutions - MSCI Japan UCITS ETF,N/A,TRADEABLE,-,SHARES,UB
S5SDLN,KA.D.S5SDLN.CASH.IP,UBS S&P 500 Scored & Screened UCITS ETF,N/A,TRADEABLE,-,SHARES,UB
EGOVLN,KA.D.EGOVLN.CASH.IP,UBS ETF - JP Morgan Global Government ESG Liquid Bond UCITS ETF,N/A,TRADEABLE,-,SHARES,UB
EGOGLN,KA.D.EGOGLN.CASH.IP,UBS ETF - JP Morgan Global Government ESG Liquid Bond UCITS ETF (EGOG),N/A,TRADEABLE,-,SHARES,UB
SPXLLN,KA.D.SPXLLN.CASH.IP,SPDR S&P 500 UCITS ETF (GBP),N/A,TRADEABLE,-,SHARES,UC
SPYLLN,KA.D.SPYLLN.CASH.IP,SPDR S&P 500 UCITS ETF (USD),N/A,TRADEABLE,-,SHARES,UC
ATXEXGY,ED.D.ATXEXGY.CASH.IP,iShares ATX UCITS DE,N/A,TRADEABLE,-,SHARES,UC
ARKKLN,KA.D.ARKKLN.CASH.IP,ARK Innovation UCITS ETF,N/A,TRADEABLE,-,SHARES,UC
ARCKLN,KA.D.ARCKLN.CASH.IP,ARK Innovation UCITS ETF (GBP),N/A,TRADEABLE,-,SHARES,UC
MWOLGY,ED.D.MWOLGY.CASH.IP,Amundi Prime Global UCITS ETF (MWOL GY),N/A,TRADEABLE,-,SHARES,UC
500HFP,EC.D.500HFP.CASH.IP,Amundi S&P 500 Swap UCITS ETF,N/A,TRADEABLE,-,SHARES,UC
500ENA,EG.D.500ENA.CASH.IP,Amundi S&P 500 Swap UCITS ETF (Amsterdam),N/A,TRADEABLE,-,SHARES,UC
500FP,EC.D.500FP.CASH.IP,Amundi S&P 500 UCITS ETF C EUR,N/A,TRADEABLE,-,SHARES,UC
E901GY,ED.D.E901GY.CASH.IP,ComStage 1 Dax UCITS ETF,N/A,OFFLINE,-,SHARES,UC
UB01LN,KA.D.UB01LN.CASH.IP,Euro Stoxx 50 UCITS ETF,N/A,TRADEABLE,-,SHARES,UC
EUGDLN,KA.D.EUGDLN.CASH.IP,European Green Deal UCITS ETF,N/A,OFFLINE,-,SHARES,UC
PLXGY,ED.D.PLXGY.CASH.IP,Expat Poland WIG20 UCITS ETF,N/A,TRADEABLE,-,SHARES,UC
NATPLN,KA.D.NATPLN.CASH.IP,Future of Defence UCITS ETF GBp,N/A,TRADEABLE,-,SHARES,UC
NATOLN,KA.D.NATOLN.CASH.IP,Future of Defence UCITS ETF USD,N/A,TRADEABLE,-,SHARES,UC
BKCGLN,KA.D.BKCGLN.CASH.IP,Global X Blockchain UCITS ETF,N/A,TRADEABLE,-,SHARES,UC
URNGLN,KA.D.URNGLN.CASH.IP,Global X Uranium UCITS ETF,N/A,TRADEABLE,-,SHARES,UC
UDR,SH.D.UDR.CASH.IP,UDR Inc (24 Hours),N/A,TRADEABLE,-,SHARES,UD
UDMYUS,UD.D.UDMYUS.CASH.IP,Udemy Inc,N/A,CLOSED,-,SHARES,UD
UDG,KA.D.UDG.CASH.IP,UDG Healthcare PLC,N/A,OFFLINE,-,SHARES,UD
SEBEUGHID,EP.D.SEBEUGHID.CASH.IP,SEBinvest AKL Europa Hojt Udbytte I,N/A,OFFLINE,-,SHARES,UD
BAIHUDC,EP.D.BAIHUDC.CASH.IP,Investeringsforeningen Bankinvest - Hojt Udbytte Aktier Akk. A,N/A,TRADEABLE,-,SHARES,UD
BAUAKADDC,EP.D.BAUAKADDC.CASH.IP,Investeringsforeningen BankInvest-Globale Aktier Ansvarlig Udvikling KL,N/A,OFFLINE,-,SHARES,UD
BGBABUADC,EP.D.BGBABUADC.CASH.IP,Investeringsforeningen BankInvest-Globale Aktier Ansvarlig Udvikling KL,N/A,OFFLINE,-,SHARES,UD
UFPTUS,UD.D.UFPTUS.CASH.IP,UFP Technologies Inc,N/A,TRADEABLE,-,SHARES,UF
8306JT,AJ.D.8306JT.CASH.IP,Mitsubishi UFJ Financial Group Inc,N/A,EDITS_ONLY,-,SHARES,UF
MTUUS,SE.D.MTUUS.CASH.IP,Mitsubishi UFJ Financial Group Inc - ADR,N/A,TRADEABLE,-,SHARES,UF
8593JT,AJ.D.8593JT.CASH.IP,Mitsubishi UFJ Lease & Finance Co Ltd,N/A,EDITS_ONLY,-,SHARES,UF
UGI,SH.D.UGI.CASH.IP,UGI Corp,N/A,TRADEABLE,-,SHARES,UG
UGHCSP,AG.D.UGHCSP.CASH.IP,UG Healthcare Corp Ltd,N/A,EDITS_ONLY,-,SHARES,UG
USEGY,ED.D.USEGY.CASH.IP,Beate Uhse AG,N/A,CLOSED,-,SHARES,UH
2515JT,AJ.D.2515JT.CASH.IP,NEXT FUNDS International REIT S&P Developed RE exJP Uhedged Exchange Traded Fund,N/A,EDITS_ONLY,-,SHARES,UH
UIEDC,EP.D.UIEDC.CASH.IP,UIE PLC,N/A,TRADEABLE,-,SHARES,UI
PATHUS,SE.D.PATHUS.CASH.IP,UiPath Inc (24 Hours),N/A,TRADEABLE,-,SHARES,UI
UTLFLN,KC.D.UTLFLN.CASH.IP,UIL Finance Limited - UTLF,N/A,OFFLINE,-,SHARES,UI
UTLGLN,KC.D.UTLGLN.CASH.IP,UIL Finance Limited - UTLG,N/A,OFFLINE,-,SHARES,UI
UTLHLN,KC.D.UTLHLN.CASH.IP,UIL Finance Limited - UTLH,N/A,TRADEABLE,-,SHARES,UI
UTLILN,KA.D.UTLILN.CASH.IP,UIL Finance Limited - UTLI,N/A,TRADEABLE,-,SHARES,UI
UIFSLN,KA.D.UIFSLN.CASH.IP,iShares S&P 500 Financials Sector UCITS ETF  -UIFS,N/A,TRADEABLE,-,SHARES,UI
UKUS,UD.D.UKUS.CASH.IP,Ucommune International Limited,N/A,TRADEABLE,-,SHARES,UK
SLGLN,KC.D.SLGLN.CASH.IP,UK Oil & Gas PLC,N/A,TRADEABLE,-,SHARES,UK
NCYTLN,KC.D.NCYTLN.CASH.IP,Novacyt SA - UK,N/A,TRADEABLE,-,SHARES,UK
SNAKLN,KC.D.SNAKLN.CASH.IP,Uvenco UK PLC,N/A,OFFLINE,-,SHARES,UK
0R1OLN,KC.D.0R1OLN.CASH.IP,Amazon.com Inc - UK,N/A,OFFLINE,-,SHARES,UK
ARR,KC.D.ARR.CASH.IP,Aurora UK Alpha PLC,N/A,TRADEABLE,-,SHARES,UK
SFELN,KA.D.SFELN.CASH.IP,Safestyle UK PLC,N/A,CLOSED,-,SHARES,UK
CYBAU,AB.D.CYBAU.CASH.IP,Virgin Money UK PLC (ASX),N/A,CLOSED,-,SHARES,UK
VINOLN,KC.D.VINOLN.CASH.IP,Virgin Wines UK PLC,N/A,TRADEABLE,-,SHARES,UK
UKDVLN,KA.D.UKDVLN.CASH.IP,SPDR(r) S&P UK Dividend Aristocrats UCITS ETF - UKDV,N/A,TRADEABLE,-,SHARES,UK
IPU,KA.D.IPU.CASH.IP,Artemis UK Future Leaders plc,N/A,TRADEABLE,-,SHARES,UK
DCTALN,KC.D.DCTALN.CASH.IP,Directa Plus UK Limited,N/A,OFFLINE,-,SHARES,UK
UKWLN,KA.D.UKWLN.CASH.IP,Greencoat UK Wind PLC,N/A,TRADEABLE,-,SHARES,UK
0A9GLN,KA.D.0A9GLN.CASH.IP,Mereo Biopharma Group PLC - UK,N/A,OFFLINE,-,SHARES,UK
MINILN,KC.D.MINILN.CASH.IP,Miton UK MicroCap Trust PLC,N/A,ON_AUCTION,-,SHARES,UK
RMMCLN,KC.D.RMMCLN.CASH.IP,River UK Micro Cap Ltd,N/A,TRADEABLE,-,SHARES,UK
SCP,KA.D.SCP.CASH.IP,Schroder UK Mid Cap Fund PLC,N/A,TRADEABLE,-,SHARES,UK
UKMLLN,KA.D.UKMLLN.CASH.IP,UK Mortgages Limited,N/A,OFFLINE,-,SHARES,UK
UKRLN,KA.D.UKRLN.CASH.IP,Ukrproduct Group Limited,N/A,TRADEABLE,-,SHARES,UK
VMLN,KA.D.VMLN.CASH.IP,Virgin Money Holdings UK PLC,N/A,OFFLINE,-,SHARES,UK
CSUKLN,KA.D.CSUKLN.CASH.IP,iShares MSCI UK UCITS ETF,N/A,TRADEABLE,-,SHARES,UK
IUKD,KA.D.IUKD.CASH.IP,iShares UK Dividend UCITS ETF,N/A,TRADEABLE,-,SHARES,UK
IQQDGR,ED.D.IQQDGR.CASH.IP,iShares UK Dividend UCITS ETF (EUR),N/A,TRADEABLE,-,SHARES,UK
IUKP,KA.D.IUKP.CASH.IP,iShares UK Property UCITS ETF,N/A,TRADEABLE,-,SHARES,UK
UKRELN,KA.D.UKRELN.CASH.IP,iShares MSCI Target UK Real Estate UCITS ETF - UKRE,N/A,TRADEABLE,-,SHARES,UK
PRUKLN,KA.D.PRUKLN.CASH.IP,Amundi Prime UK Mid & Small Cap - GBp,N/A,TRADEABLE,-,SHARES,UK
SDVLN,KC.D.SDVLN.CASH.IP,Chelverton UK Dividend Trust PLC,N/A,TRADEABLE,-,SHARES,UK
MUSTLN,KC.D.MUSTLN.CASH.IP,DeFi Development Corporation UK PLC,N/A,TRADEABLE,-,SHARES,UK
ULNA,EG.D.ULNA.CASH.IP,Unibail-Rodamco-Westfield,N/A,CLOSED,-,SHARES,UL
ULUS,SH.D.ULUS.CASH.IP,Unilever PLC (ADR),N/A,TRADEABLE,-,SHARES,UL
6728JT,AJ.D.6728JT.CASH.IP,ULVAC Inc,N/A,EDITS_ONLY,-,SHARES,UL
3798JT,AJ.D.3798JT.CASH.IP,ULS Group Inc,N/A,EDITS_ONLY,-,SHARES,UL
YCLUS,SI.D.YCLUS.CASH.IP,ProShares Ultra Yen,N/A,TRADEABLE,-,SHARES,UL
ULSUS,SH.D.ULSUS.CASH.IP,UL Solutions Inc,N/A,TRADEABLE,-,SHARES,UL
ULTAUS,UD.D.ULTAUS.CASH.IP,Ulta Beauty Inc (24 Hours),N/A,TRADEABLE,-,SHARES,UL
BITUUS,SI.D.BITUUS.CASH.IP,ProShares Ultra Bitcoin ETF,N/A,TRADEABLE,-,SHARES,UL
DDMUS,SI.D.DDMUS.CASH.IP,ProShares Ultra Dow30,N/A,TRADEABLE,-,SHARES,UL
DIGUS,SI.D.DIGUS.CASH.IP,ProShares Ultra Energy,N/A,TRADEABLE,-,SHARES,UL
ULEUS,SI.D.ULEUS.CASH.IP,ProShares Ultra Euro,N/A,TRADEABLE,-,SHARES,UL
UYGUS,SI.D.UYGUS.CASH.IP,ProShares Ultra Financials,N/A,TRADEABLE,-,SHARES,UL
UGLUS,SI.D.UGLUS.CASH.IP,ProShares Ultra Gold,N/A,TRADEABLE,-,SHARES,UL
GDXXUS,SI.D.GDXXUS.CASH.IP,ProShares Ultra Gold Miners,N/A,CLOSED,-,SHARES,UL
RXLUS,SI.D.RXLUS.CASH.IP,ProShares Ultra Health Care,N/A,TRADEABLE,-,SHARES,UL
UXIUS,SI.D.UXIUS.CASH.IP,ProShares Ultra Industrials,N/A,TRADEABLE,-,SHARES,UL
EFOUS,SI.D.EFOUS.CASH.IP,ProShares Ultra MSCI EAFE,N/A,TRADEABLE,-,SHARES,UL
EZJUS,SI.D.EZJUS.CASH.IP,ProShares Ultra MSCI Japan,N/A,TRADEABLE,-,SHARES,UL
UYMUS,SI.D.UYMUS.CASH.IP,ProShares Ultra Materials,N/A,TRADEABLE,-,SHARES,UL
MVVUS,SI.D.MVVUS.CASH.IP,ProShares Ultra MidCap400,N/A,TRADEABLE,-,SHARES,UL
UREUS,SI.D.UREUS.CASH.IP,ProShares Ultra Real Estate,N/A,TRADEABLE,-,SHARES,UL
SSOUS,SI.D.SSOUS.CASH.IP,ProShares Ultra S&P500,N/A,TRADEABLE,-,SHARES,UL
AGQUS,SI.D.AGQUS.CASH.IP,ProShares Ultra Silver,N/A,TRADEABLE,-,SHARES,UL
ROMUS,SI.D.ROMUS.CASH.IP,ProShares Ultra Technology,N/A,TRADEABLE,-,SHARES,UL
UPWUS,SI.D.UPWUS.CASH.IP,ProShares Ultra Utilities,N/A,TRADEABLE,-,SHARES,UL
UDOWUS,SI.D.UDOWUS.CASH.IP,ProShares UltraPro Dow30,N/A,TRADEABLE,-,SHARES,UL
UPROUS,SI.D.UPROUS.CASH.IP,ProShares UltraPro S&P 500,N/A,TRADEABLE,-,SHARES,UL
DXDUS,SI.D.DXDUS.CASH.IP,ProShares UltraShort Dow30,N/A,TRADEABLE,-,SHARES,UL
DUGUS,SI.D.DUGUS.CASH.IP,ProShares UltraShort Energy,N/A,TRADEABLE,-,SHARES,UL
GLLUS,SI.D.GLLUS.CASH.IP,ProShares UltraShort Gold,N/A,TRADEABLE,-,SHARES,UL
SDSUS,SI.D.SDSUS.CASH.IP,ProShares UltraShort S&P500,N/A,TRADEABLE,-,SHARES,UL
ZSLUS,SI.D.ZSLUS.CASH.IP,ProShares UltraShort Silver,N/A,TRADEABLE,-,SHARES,UL
YCS,SI.D.YCS.CASH.IP,ProShares UltraShort Yen,N/A,TRADEABLE,-,SHARES,UL
UXRPUS,SI.D.UXRPUS.CASH.IP,Proshares Ultra XRP ETF,N/A,TRADEABLE,-,SHARES,UL
UULAU,AB.D.UULAU.CASH.IP,Ultima United Limited,N/A,CLOSED,-,SHARES,UL
UPGSLN,KA.D.UPGSLN.CASH.IP,Ultimate Products Plc,N/A,TRADEABLE,-,SHARES,UL
UCTTUS,UD.D.UCTTUS.CASH.IP,Ultra Clean Holdings Inc,N/A,TRADEABLE,-,SHARES,UL
UPL,SH.D.UPL.CASH.IP,Ultra Petroleum Corp,N/A,CLOSED,-,SHARES,UL
ULBIUS,UD.D.ULBIUS.CASH.IP,Ultralife Corporation,N/A,TRADEABLE,-,SHARES,UL
UGPUS,SH.D.UGPUS.CASH.IP,Ultrapar Participacoes SA,N/A,TRADEABLE,-,SHARES,UL
ALUMSFP,EC.D.ALUMSFP.CASH.IP,Umanis SA,N/A,OFFLINE,-,SHARES,UM
UMIBB,EA.D.UMIBB.CASH.IP,Umicore SA,N/A,TRADEABLE,-,SHARES,UM
1333JT,AJ.D.1333JT.CASH.IP,Umios Corp,N/A,EDITS_ONLY,-,SHARES,UM
UBKGY,ED.D.UBKGY.CASH.IP,UmweltBank AG,N/A,TRADEABLE,-,SHARES,UM
UMHUS,SH.D.UMHUS.CASH.IP,UMH Properties Inc,N/A,TRADEABLE,-,SHARES,UM
UMBFUS,UD.D.UMBFUS.CASH.IP,UMB Financial Corporation,N/A,TRADEABLE,-,SHARES,UM
UEPLN,KC.D.UEPLN.CASH.IP,UMC Energy Corporation,N/A,OFFLINE,-,SHARES,UM
UMSHSP,AG.D.UMSHSP.CASH.IP,UMS Integration Limited,N/A,EDITS_ONLY,-,SHARES,UM
UMPQ,UD.D.UMPQ.CASH.IP,Umpqua Holdings Corp,N/A,CLOSED,-,SHARES,UM
UMDKGR,ED.D.UMDKGR.CASH.IP,UMT United Mobility Technology AG,N/A,OFFLINE,-,SHARES,UM
UNUS,SH.D.UNUS.CASH.IP,Unilever NV (US),N/A,CLOSED,-,SHARES,UN
2497JT,AJ.D.2497JT.CASH.IP,UNITED Inc,N/A,EDITS_ONLY,-,SHARES,UN
UNBLFP,EC.D.UNBLFP.CASH.IP,Unibel SA,N/A,OFFLINE,-,SHARES,UN
UFIUS,SH.D.UFIUS.CASH.IP,Unifi Inc,N/A,TRADEABLE,-,SHARES,UN
UN01GY,ED.D.UN01GY.CASH.IP,Uniper SE,N/A,TRADEABLE,-,SHARES,UN
UNVRUS,SH.D.UNVRUS.CASH.IP,Univar Inc,N/A,CLOSED,-,SHARES,UN
ITXNO,EL.D.ITXNO.CASH.IP,Univid ASA,N/A,CLOSED,-,SHARES,UN
3800JT,AJ.D.3800JT.CASH.IP,UNIRITA Inc,N/A,EDITS_ONLY,-,SHARES,UN
UNSCN,KN.D.UNSCN.CASH.IP,Uni-Select Inc,N/A,OFFLINE,-,SHARES,UN
CRINGY,ED.D.CRINGY.CASH.IP,UniCredit SpA (Xetra),N/A,TRADEABLE,-,SHARES,UN
UDCGY,ED.D.UDCGY.CASH.IP,UniDevice AG,N/A,OFFLINE,-,SHARES,UN
8113JT,AJ.D.8113JT.CASH.IP,Unicharm Corp,N/A,EDITS_ONLY,-,SHARES,UN
UNIRIM,EF.D.UNIRIM.CASH.IP,Unieuro SpA,N/A,OFFLINE,-,SHARES,UN
UN,EG.D.UN.CASH.IP,Unilever NV,N/A,TRADEABLE,-,SHARES,UN
ULVR,KA.D.ULVR.CASH.IP,Unilever PLC,N/A,TRADEABLE,-,SHARES,UN
UNS,AF.D.UNS.CASH.IP,Unilife Corp (ASX),N/A,CLOSED,-,SHARES,UN
UNISUS,UD.D.UNISUS.CASH.IP,Unilife Corp (US),N/A,CLOSED,-,SHARES,UN
UPRLN,KC.D.UPRLN.CASH.IP,Uniphar PLC - (LSE),N/A,TRADEABLE,-,SHARES,UN
UISUS,SH.D.UISUS.CASH.IP,Unisys Corp,N/A,TRADEABLE,-,SHARES,UN
CM8AU,AB.D.CM8AU.CASH.IP,Unith Limited,N/A,EDITS_ONLY,-,SHARES,UN
QUREUS,UC.D.QUREUS.CASH.IP,uniQure B.V.,N/A,TRADEABLE,-,SHARES,UN
FCUVUS,UB.D.FCUVUS.CASH.IP,Focus Universal Inc,N/A,TRADEABLE,-,SHARES,UN
PANSP,AG.D.PANSP.CASH.IP,Pan-United Corp Ltd,N/A,EDITS_ONLY,-,SHARES,UN
ELTA,KA.D.ELTA.CASH.IP,Unbound Group PLC,N/A,CLOSED,-,SHARES,UN
UACUS,SH.D.UACUS.CASH.IP,Under Armour Inc - C,N/A,TRADEABLE,-,SHARES,UN
UNFUS,SH.D.UNFUS.CASH.IP,UniFirst Corp/MA,N/A,TRADEABLE,-,SHARES,UN
UNISM,EI.D.UNISM.CASH.IP,Unicaja Banco SA,N/A,TRADEABLE,-,SHARES,UN
UAVLN,KC.D.UAVLN.CASH.IP,Unicorn AIM VCT PLC,N/A,TRADEABLE,-,SHARES,UN
UNP,SH.D.UNP.CASH.IP,Union Pacific Corp (24 Hours),N/A,TRADEABLE,-,SHARES,UN
6278JT,AJ.D.6278JT.CASH.IP,Union Tool Company,N/A,EDITS_ONLY,-,SHARES,UN
UPRID,EE.D.UPRID.CASH.IP,Uniphar Group PLC (ISEQ),N/A,TRADEABLE,-,SHARES,UN
3547JT,AJ.D.3547JT.CASH.IP,Unisia Holdings Co,N/A,EDITS_ONLY,-,SHARES,UN
UTG,KA.D.UTG.CASH.IP,Unite Group PLC,N/A,TRADEABLE,-,SHARES,UN
UBCPUS,UD.D.UBCPUS.CASH.IP,United Bancorp Inc (US),N/A,TRADEABLE,-,SHARES,UN
UNITEDFH,EB.D.UNITEDFH.CASH.IP,United Bankers Oyj,N/A,TRADEABLE,-,SHARES,UN
UTDI,ED.D.UTDI.CASH.IP,United Internet AG,N/A,TRADEABLE,-,SHARES,UN
SENLN,KC.D.SENLN.CASH.IP,United Oil & Gas PLC,N/A,OFFLINE,-,SHARES,UN
UOLSP,AG.D.UOLSP.CASH.IP,UOL Group Ltd,N/A,EDITS_ONLY,-,SHARES,UO
UONEUS,UD.D.UONEUS.CASH.IP,Urban One Inc - UONE,N/A,TRADEABLE,-,SHARES,UO
UONEKUS,UD.D.UONEKUS.CASH.IP,Urban One Inc - UONEK,N/A,TRADEABLE,-,SHARES,UO
UOBKSP,AG.D.UOBKSP.CASH.IP,UOB-Kay Hian Holdings Ltd,N/A,EDITS_ONLY,-,SHARES,UO
GRVIUS,UB.D.GRVIUS.CASH.IP,Upexi Inc,N/A,TRADEABLE,-,SHARES,UP
UNR1V,EB.D.UNR1V.CASH.IP,Uponor OYJ,N/A,CLOSED,-,SHARES,UP
UPWKUS,UD.D.UPWKUS.CASH.IP,Upwork Inc,N/A,TRADEABLE,-,SHARES,UP
GIXUS,SC.D.GIXUS.CASH.IP,UpHealth Inc,N/A,OFFLINE,-,SHARES,UP
UPDAU,AB.D.UPDAU.CASH.IP,Updater Inc,N/A,CLOSED,-,SHARES,UP
RCII,UC.D.RCII.CASH.IP,"Upbound Group, Inc",N/A,TRADEABLE,-,SHARES,UP
UPLDUS,UD.D.UPLDUS.CASH.IP,Upland Software Inc,N/A,TRADEABLE,-,SHARES,UP
UPBUS,UD.D.UPBUS.CASH.IP,Upstream Bio Inc,N/A,TRADEABLE,-,SHARES,UP
3661JT,AJ.D.3661JT.CASH.IP,m-up holdings Inc,N/A,EDITS_ONLY,-,SHARES,UP
TIGRUS,UD.D.TIGRUS.CASH.IP,UP Fintech Holding Limited (24 Hours),N/A,TRADEABLE,-,SHARES,UP
UPLLN,KC.D.UPLLN.CASH.IP,Upland Resources Ltd,N/A,TRADEABLE,-,SHARES,UP
UPSTUS,UD.D.UPSTUS.CASH.IP,Upstart Holdings Inc (24 Hours),N/A,TRADEABLE,-,SHARES,UP
ASPLUS,SA.D.ASPLUS.CASH.IP,Wheels Up Experience Inc,N/A,TRADEABLE,-,SHARES,UP
SPUCUS,SI.D.SPUCUS.CASH.IP,Simplify US Equity PLUS Upside Convexity ETF,N/A,TRADEABLE,-,SHARES,UP
KNGSUS,SI.D.KNGSUS.CASH.IP,Upholdings Compound Kings ETF,N/A,CLOSED,-,SHARES,UP
GUNRUS,SI.D.GUNRUS.CASH.IP,FlexShares Morningstar Global Upstream Natural Resources Index Fund,N/A,TRADEABLE,-,SHARES,UP
URCN,KN.D.URCN.CASH.IP,UrtheCast Corporation,N/A,CLOSED,-,SHARES,UR
REYSM,EI.D.REYSM.CASH.IP,Reyal Urbis SA,N/A,CLOSED,-,SHARES,UR
URU,KC.D.URU.CASH.IP,URU Metals Ltd,N/A,TRADEABLE,-,SHARES,UR
URGUS,SI.D.URGUS.CASH.IP,Ur-Energy Inc,N/A,TRADEABLE,-,SHARES,UR
URECN,KN.D.URECN.CASH.IP,Ur-Energy Inc (CA),N/A,TRADEABLE,-,SHARES,UR
ULYUS,UD.D.ULYUS.CASH.IP,Urgent.ly Inc,N/A,OFFLINE,-,SHARES,UR
UGROUS,UD.D.UGROUS.CASH.IP,urban-gro Inc,N/A,ON_AUCTION,-,SHARES,UR
FUUCN,KN.D.FUUCN.CASH.IP,F3 Uranium Corp.,N/A,TRADEABLE,-,SHARES,UR
URAUS,SI.D.URAUS.CASH.IP,Global X Uranium ETF (24 Hours),N/A,TRADEABLE,-,SHARES,UR
GXUCN,KN.D.GXUCN.CASH.IP,GoviEx Uranium Inc,N/A,OFFLINE,-,SHARES,UR
URA,KC.D.URA.CASH.IP,URA Holdings PLC (Old),N/A,OFFLINE,-,SHARES,UR
UECUS,SI.D.UECUS.CASH.IP,Uranium Energy Corp (24 Hours),N/A,TRADEABLE,-,SHARES,UR
UBNAU,AB.D.UBNAU.CASH.IP,Urbanise.com Ltd,N/A,EDITS_ONLY,-,SHARES,UR
GTRAU,AB.D.GTRAU.CASH.IP,American Uranium Limited,N/A,EDITS_ONLY,-,SHARES,UR
MEYAU,AF.D.MEYAU.CASH.IP,Elevate Uranium Limited,N/A,EDITS_ONLY,-,SHARES,UR
FCUCT,KN.D.FCUCT.CASH.IP,Fission Uranium Corp,N/A,OFFLINE,-,SHARES,UR
URNDLN,KA.D.URNDLN.CASH.IP,Global X Uranium UCITS ETF (Dist),N/A,TRADEABLE,-,SHARES,UR
URNULN,KA.D.URNULN.CASH.IP,Global X Uranium UCITS ETF - USD,N/A,TRADEABLE,-,SHARES,UR
AREAU,AB.D.AREAU.CASH.IP,Orpheus Uranium Limited,N/A,EDITS_ONLY,-,SHARES,UR
SRUFLN,KA.D.SRUFLN.CASH.IP,Sprott Physical Uranium ETC (GBP),N/A,TRADEABLE,-,SHARES,UR
SPUTLN,KA.D.SPUTLN.CASH.IP,Sprott Physical Uranium ETC (USD),N/A,TRADEABLE,-,SHARES,UR
URNMUS,SI.D.URNMUS.CASH.IP,Sprott Uranium Miners ETF (US),N/A,TRADEABLE,-,SHARES,UR
UCT,KN.D.UCT.CASH.IP,Uranium Participation Corp,N/A,OFFLINE,-,SHARES,UR
UROYUS,UD.D.UROYUS.CASH.IP,Uranium Royalty Corporation,N/A,TRADEABLE,-,SHARES,UR
SHEDLN,KC.D.SHEDLN.CASH.IP,Urban Logistics REIT PLC,N/A,OFFLINE,-,SHARES,UR
URGNUS,UD.D.URGNUS.CASH.IP,UroGen Pharma Limited,N/A,TRADEABLE,-,SHARES,UR
URNMAU,AB.D.URNMAU.CASH.IP,Betashares Global Uranium ETF,N/A,EDITS_ONLY,-,SHARES,UR
OKRAU,AB.D.OKRAU.CASH.IP,Global Uranium And Enrichment Ltd,N/A,CLOSED,-,SHARES,UR
ATOMAU,AB.D.ATOMAU.CASH.IP,Global X Uranium ETF/Australia,N/A,EDITS_ONLY,-,SHARES,UR
URNYLN,KA.D.URNYLN.CASH.IP,IncomeShares Uranium+ Yield ETP,N/A,TRADEABLE,-,SHARES,UR
YURNLN,KA.D.YURNLN.CASH.IP,IncomeShares Uranium+ Yield ETP - GBp,N/A,TRADEABLE,-,SHARES,UR
URNJUS,UD.D.URNJUS.CASH.IP,Sprott Junior Uranium Miners ETF,N/A,TRADEABLE,-,SHARES,UR
URJPLN,KA.D.URJPLN.CASH.IP,Sprott Junior Uranium Miners UCITS ETF (Acc),N/A,TRADEABLE,-,SHARES,UR
URNJLN,KA.D.URNJLN.CASH.IP,Sprott Junior Uranium Miners UCITS ETF - USD,N/A,TRADEABLE,-,SHARES,UR
UUCN,KN.D.UUCN.CASH.IP,Sprott Physical Uranium Trust Fund,N/A,TRADEABLE,-,SHARES,UR
URNMLN,KA.D.URNMLN.CASH.IP,Sprott Uranium Miners UCITS ETF,N/A,TRADEABLE,-,SHARES,UR
URNPLN,KA.D.URNPLN.CASH.IP,Sprott Uranium Miners UCITS ETF (GBP),N/A,TRADEABLE,-,SHARES,UR
8960JT,AJ.D.8960JT.CASH.IP,United Urban Investment Corporation,N/A,EDITS_ONLY,-,SHARES,UR
UBAUS,SH.D.UBAUS.CASH.IP,Urstadt Biddle Properties Inc,N/A,CLOSED,-,SHARES,UR
NCLRLN,KA.D.NCLRLN.CASH.IP,WisdomTree Uranium and Nuclear Energy UCITS ETF,N/A,TRADEABLE,-,SHARES,UR
GTROCAU,AB.D.GTROCAU.CASH.IP,American Uranium Limited Options @ AUD 0.4 EXP 25/09/2028,N/A,EDITS_ONLY,-,SHARES,UR
3718HK,AC.D.3718HK.CASH.IP,Beijing Enterprises Urban Resources Group Limited,N/A,EDITS_ONLY,-,SHARES,UR
UTMEUS,UD.D.UTMEUS.CASH.IP,UTime Ltd,N/A,TRADEABLE,-,SHARES,UT
UZUGY,ED.D.UZUGY.CASH.IP,Uzin Utz AG,N/A,OFFLINE,-,SHARES,UT
UTWLN,KA.D.UTWLN.CASH.IP,Utilitywise PLC,N/A,ON_AUCTION,-,SHARES,UT
9358JT,AJ.D.9358JT.CASH.IP,Utoc Corporation,N/A,CLOSED,-,SHARES,UT
WTR,SH.D.WTR.CASH.IP,Essential Utilities Inc,N/A,TRADEABLE,-,SHARES,UT
PTEN,UC.D.PTEN.CASH.IP,Patterson-UTI Energy Inc,N/A,TRADEABLE,-,SHARES,UT
PUBUS,UC.D.PUBUS.CASH.IP,People's Utah Ban Corporation,N/A,CLOSED,-,SHARES,UT
UTGUS,SI.D.UTGUS.CASH.IP,Reaves Utility Income Fund,N/A,TRADEABLE,-,SHARES,UT
2146JT,AJ.D.2146JT.CASH.IP,UT Group Company Limited,N/A,EDITS_ONLY,-,SHARES,UT
UTAAUS,UD.D.UTAAUS.CASH.IP,UTA Acquisition Corporation,N/A,CLOSED,-,SHARES,UT
UU,KA.D.UU.CASH.IP,United Utilities Group PLC,N/A,TRADEABLE,-,SHARES,UT
UTMDUS,UD.D.UTMDUS.CASH.IP,Utah Medical Products Inc,N/A,TRADEABLE,-,SHARES,UT
VPUUS,SI.D.VPUUS.CASH.IP,Vanguard Utilities ETF,N/A,TRADEABLE,-,SHARES,UT
JXIUS,SI.D.JXIUS.CASH.IP,iShares Global Utilities ETF,N/A,TRADEABLE,-,SHARES,UT
IDU,SI.D.IDU.CASH.IP,iShares US Utilities ETF,N/A,TRADEABLE,-,SHARES,UT
AQNUS,SA.D.AQNUS.CASH.IP,Algonquin Power & Utilities Corporation,N/A,TRADEABLE,-,SHARES,UT
AQNCT,KN.D.AQNCT.CASH.IP,Algonquin Power & Utilities Corporation,N/A,TRADEABLE,-,SHARES,UT
WELDGY,ED.D.WELDGY.CASH.IP,Amundi S&P Global Utilities Esg Ucits Etf,N/A,TRADEABLE,-,SHARES,UT
CPKUS,SB.D.CPKUS.CASH.IP,Chesapeake Utilities Corporation,N/A,TRADEABLE,-,SHARES,UT
UTIGLN,KA.D.UTIGLN.CASH.IP,Lyxor MSCI World Utilities TR UCITS ETF,N/A,OFFLINE,-,SHARES,UT
SDPUS,SI.D.SDPUS.CASH.IP,ProShares UltraShort Utilities,N/A,TRADEABLE,-,SHARES,UT
UTILLN,KA.D.UTILLN.CASH.IP,SPDR MSCI Europe Utilities UCITS ETF - EUR,N/A,TRADEABLE,-,SHARES,UT
WUTILN,KA.D.WUTILN.CASH.IP,SPDR MSCI World Utilities UCITS ETF,N/A,TRADEABLE,-,SHARES,UT
SXLULN,KA.D.SXLULN.CASH.IP,SPDR S&P U.S. Utilities Select Sector UCITS ETF,N/A,TRADEABLE,-,SHARES,UT
XLU,SI.D.XLU.CASH.IP,State Street Utilities Select Sector SPDR ETF,N/A,TRADEABLE,-,SHARES,UT
UEM,KA.D.UEM.CASH.IP,Utilico Emerging Markets Trust PLC,N/A,TRADEABLE,-,SHARES,UT
IUSULN,KA.D.IUSULN.CASH.IP,iShares S&P 500 Utilities Sector UCITS ETF,N/A,TRADEABLE,-,SHARES,UT
EGLLN,KA.D.EGLLN.CASH.IP,Ecofin Global Utilities and Infrastructure Trust PLC,N/A,TRADEABLE,-,SHARES,UT
XLUPLN,KA.D.XLUPLN.CASH.IP,Invesco Utilities S&P US Select Sector UCITS ETF,N/A,TRADEABLE,-,SHARES,UT
XLUSLN,KA.D.XLUSLN.CASH.IP,Invesco Utilities S&P US Select Sector UCITS ETF - USD,N/A,TRADEABLE,-,SHARES,UT
XS6RLN,KA.D.XS6RLN.CASH.IP,Xtrackers Stoxx Europe 600 Utilities Swap UCITS ETF 1C,N/A,TRADEABLE,-,SHARES,UT
SX6PEXGY,ED.D.SX6PEXGY.CASH.IP,iShares STOXX Europe 600 Utilities UCITS ETF DE,N/A,TRADEABLE,-,SHARES,UT
UTSLUS,SI.D.UTSLUS.CASH.IP,Direxion Shares ETF Trust - Direxion Daily Utilities Bull 3X Shares,N/A,TRADEABLE,-,SHARES,UT
3990JT,AJ.D.3990JT.CASH.IP,UUUM Company Limited,N/A,CLOSED,-,SHARES,UU
GHIVUS,UB.D.GHIVUS.CASH.IP,UWM Holdings Corp,N/A,TRADEABLE,-,SHARES,UW
UXINUS,UD.D.UXINUS.CASH.IP,Uxin Limited,N/A,TRADEABLE,-,SHARES,UX
VTVUS,SI.D.VTVUS.CASH.IP,Vanguard Value ETF,N/A,TRADEABLE,-,SHARES,VA
TMSFP,EC.D.TMSFP.CASH.IP,VANTIVA SA,N/A,TRADEABLE,-,SHARES,VA
VCSAUS,UD.D.VCSAUS.CASH.IP,Vacasa Inc,N/A,CLOSED,-,SHARES,VA
VHI,SH.D.VHI.CASH.IP,Valhi Inc,N/A,TRADEABLE,-,SHARES,VA
VALLN,KC.D.VALLN.CASH.IP,ValiRx PLC,N/A,TRADEABLE,-,SHARES,VA
VLAAV,EK.D.VLAAV.CASH.IP,Valneva SE (AT),N/A,OFFLINE,-,SHARES,VA
VLSFP,EC.D.VLSFP.CASH.IP,Valneva SE (FR),N/A,TRADEABLE,-,SHARES,VA
VALUENA,EG.D.VALUENA.CASH.IP,Value8 NV,N/A,TRADEABLE,-,SHARES,VA
VAOGY,ED.D.VAOGY.CASH.IP,Vapiano SE,N/A,CLOSED,-,SHARES,VA
VAR1GY,ED.D.VAR1GY.CASH.IP,Varta AG,N/A,ON_AUCTION,-,SHARES,VA
NABI,UC.D.NABI.CASH.IP,Vaxart Inc,N/A,OFFLINE,-,SHARES,VA
VQTGY,ED.D.VQTGY.CASH.IP,va-Q-tec AG,N/A,OFFLINE,-,SHARES,VA
MGVUS,SI.D.MGVUS.CASH.IP,Vanguard Mega Cap Value ETF,N/A,TRADEABLE,-,SHARES,VA
VOEUS,SI.D.VOEUS.CASH.IP,Vanguard Mid-Cap Value ETF,N/A,TRADEABLE,-,SHARES,VA
VBRUS,SI.D.VBRUS.CASH.IP,Vanguard Small-Cap Value ETF,N/A,TRADEABLE,-,SHARES,VA
VFVAUS,SI.D.VFVAUS.CASH.IP,Vanguard U.S. Value Factor,N/A,TRADEABLE,-,SHARES,VA
MONTBB,EA.D.MONTBB.CASH.IP,Montea Comm. VA,N/A,TRADEABLE,-,SHARES,VA
VACNSW,EJ.D.VACNSW.CASH.IP,VAT Group AG,N/A,TRADEABLE,-,SHARES,VA
VCNXUS,UD.D.VCNXUS.CASH.IP,Vaccinex Inc,N/A,OFFLINE,-,SHARES,VA
VAIASFH,EB.D.VAIASFH.CASH.IP,Vaisala Oyj,N/A,TRADEABLE,-,SHARES,VA
ESV,SB.D.ESV.CASH.IP,Valaris Plc (OTC - Delisted),N/A,CLOSED,-,SHARES,VA
VLNSUS,UD.D.VLNSUS.CASH.IP,Valens Co Inc/The,N/A,CLOSED,-,SHARES,VA
PCGELN,KC.D.PCGELN.CASH.IP,Valereum PLC,N/A,TRADEABLE,-,SHARES,VA
TIVCUS,UD.D.TIVCUS.CASH.IP,Valion Bio Inc,N/A,TRADEABLE,-,SHARES,VA
VK,EC.D.VK.CASH.IP,Vallourec SA,N/A,TRADEABLE,-,SHARES,VA
VALMTFH,EB.D.VALMTFH.CASH.IP,Valmet Corp,N/A,TRADEABLE,-,SHARES,VA
VALNUS,UD.D.VALNUS.CASH.IP,Valneva SE - ADR,N/A,TRADEABLE,-,SHARES,VA
VALUUS,UD.D.VALUUS.CASH.IP,Value Line Inc,N/A,TRADEABLE,-,SHARES,VA
VVVUS,SH.D.VVVUS.CASH.IP,Valvoline Inc,N/A,TRADEABLE,-,SHARES,VA
VANBB,EA.D.VANBB.CASH.IP,Van de Velde NV,N/A,TRADEABLE,-,SHARES,VA
VAPOUS,SH.D.VAPOUS.CASH.IP,Vapotherm Inc,N/A,CLOSED,-,SHARES,VA
PCVXUS,UC.D.PCVXUS.CASH.IP,Vaxcyte Inc,N/A,TRADEABLE,-,SHARES,VA
VAXXUS,UD.D.VAXXUS.CASH.IP,Vaxxinity Inc,N/A,OFFLINE,-,SHARES,VA
DGVIM,EF.D.DGVIM.CASH.IP,Digital Value SpA,N/A,OFFLINE,-,SHARES,VA
PVEAU,AF.D.PVEAU.CASH.IP,Po Valley Energy Ltd,N/A,EDITS_ONLY,-,SHARES,VA
EGYUS,SB.D.EGYUS.CASH.IP,VAALCO Energy Inc,N/A,TRADEABLE,-,SHARES,VA
VBIVUS,UD.D.VBIVUS.CASH.IP,VBI Vaccines Inc,N/A,CLOSED,-,SHARES,VA
MTNUS,SE.D.MTNUS.CASH.IP,Vail Resorts Inc,N/A,TRADEABLE,-,SHARES,VA
VALUS,SH.D.VALUS.CASH.IP,Valaris Limited - New,N/A,TRADEABLE,-,SHARES,VA
VLO,SH.D.VLO.CASH.IP,Valero Energy Corp (24 Hours),N/A,TRADEABLE,-,SHARES,VA
VLULN,KC.D.VLULN.CASH.IP,Valeura Energy Inc,N/A,OFFLINE,-,SHARES,VA
VLECN,KN.D.VLECN.CASH.IP,Valeura Energy Inc,N/A,TRADEABLE,-,SHARES,VA
VALAU,AB.D.VALAU.CASH.IP,Valiant Gold Ltd,N/A,EDITS_ONLY,-,SHARES,VA
VBUS,SI.D.VBUS.CASH.IP,Vanguard Small-Cap ETF,N/A,TRADEABLE,-,SHARES,VB
VBGBSS,EH.D.VBGBSS.CASH.IP,VBG Group AB (publ),N/A,TRADEABLE,-,SHARES,VB
VCUS,SH.D.VCUS.CASH.IP,Visteon Corp,N/A,TRADEABLE,-,SHARES,VC
VENDLN,KC.D.VENDLN.CASH.IP,Ventus VCT PLC,N/A,CLOSED,-,SHARES,VC
CRWCLN,KC.D.CRWCLN.CASH.IP,Albion Crown VCT PLC,N/A,TRADEABLE,-,SHARES,VC
BVTLN,KC.D.BVTLN.CASH.IP,Baronsmead VCT 2 PLC,N/A,TRADEABLE,-,SHARES,VC
BMDLN,KC.D.BMDLN.CASH.IP,Baronsmead VCT 3 PLC,N/A,TRADEABLE,-,SHARES,VC
CYSLN,KC.D.CYSLN.CASH.IP,Chrysalis VCT PLC,N/A,OFFLINE,-,SHARES,VC
CRWNLN,KC.D.CRWNLN.CASH.IP,Crown Place VCT PLC,N/A,TRADEABLE,-,SHARES,VC
NTVLN,KC.D.NTVLN.CASH.IP,Northern 2 VCT PLC,N/A,TRADEABLE,-,SHARES,VC
NTNLN,KC.D.NTNLN.CASH.IP,Northern 3 VCT PLC,N/A,TRADEABLE,-,SHARES,VC
VNDLN,KC.D.VNDLN.CASH.IP,Ventus 2 VCT PLC,N/A,CLOSED,-,SHARES,VC
VNCLN,KC.D.VNCLN.CASH.IP,Ventus VCT 2 C PLC,N/A,CLOSED,-,SHARES,VC
VENLN,KC.D.VENLN.CASH.IP,Ventus VCT PLC - VEN,N/A,CLOSED,-,SHARES,VC
VEN2LN,KC.D.VEN2LN.CASH.IP,Ventus VCT PLC - VEN2,N/A,CLOSED,-,SHARES,VC
VENCLN,KC.D.VENCLN.CASH.IP,Ventus VCT PLC - VENC,N/A,CLOSED,-,SHARES,VC
AADVLN,KC.D.AADVLN.CASH.IP,Albion Development VCT PLC,N/A,ON_AUCTION,-,SHARES,VC
AAEVLN,KC.D.AAEVLN.CASH.IP,Albion Enterprise VCT PLC,N/A,TRADEABLE,-,SHARES,VC
BFSPLN,KC.D.BFSPLN.CASH.IP,Blackfinch Spring Vct PLC,N/A,TRADEABLE,-,SHARES,VC
D467LN,KC.D.D467LN.CASH.IP,Downing FOUR VCT PLC - D467,N/A,OFFLINE,-,SHARES,VC
FTFLN,KC.D.FTFLN.CASH.IP,Foresight Enterprise VCT PLC,N/A,TRADEABLE,-,SHARES,VC
FTSVLN,KC.D.FTSVLN.CASH.IP,Foresight Solar VCT PLC,N/A,CLOSED,-,SHARES,VC
DDV1LN,KC.D.DDV1LN.CASH.IP,Foresight Ventures VCT PLC,N/A,TRADEABLE,-,SHARES,VC
MAV4LN,KC.D.MAV4LN.CASH.IP,Maven Income And Growth VCT4 PLC,N/A,TRADEABLE,-,SHARES,VC
MIG3LN,KC.D.MIG3LN.CASH.IP,Maven Income and Growth VCT 3 PLC,N/A,TRADEABLE,-,SHARES,VC
MIG5LN,KC.D.MIG5LN.CASH.IP,Maven Income and Growth VCT 5 PLC,N/A,TRADEABLE,-,SHARES,VC
MIG1LN,KC.D.MIG1LN.CASH.IP,Maven Income and Growth VCT PLC,N/A,TRADEABLE,-,SHARES,VC
AT2LN,KC.D.AT2LN.CASH.IP,Maven Renovar VCT PLC,N/A,TRADEABLE,-,SHARES,VC
MIGLN,KC.D.MIGLN.CASH.IP,Mobeus Income & Growth 2 VCT PLC,N/A,OFFLINE,-,SHARES,VC
MIG4LN,KC.D.MIG4LN.CASH.IP,Mobeus Income & Growth 4 VCT PLC,N/A,OFFLINE,-,SHARES,VC
EDVLN,KC.D.EDVLN.CASH.IP,Molten Ventures VCT PLC,N/A,TRADEABLE,-,SHARES,VC
NCA2LN,KC.D.NCA2LN.CASH.IP,New Century AIM VCT 2 PLC,N/A,OFFLINE,-,SHARES,VC
VMGAU,AF.D.VMGAU.CASH.IP,VDM Group Ltd,N/A,CLOSED,-,SHARES,VD
VDEMLN,KA.D.VDEMLN.CASH.IP,VDEM - Vanguard FTSE Emerging Markets UCITS ETF,N/A,TRADEABLE,-,SHARES,VD
VDPXLN,KA.D.VDPXLN.CASH.IP,Vanguard FTSE Developed Asia Pacific ex Japan UCITS ETF - VDPX,N/A,TRADEABLE,-,SHARES,VD
VDUCLN,KA.D.VDUCLN.CASH.IP,Vanguard USD Corporate 1-3 year Bond UCITS ETF - VDUC,N/A,TRADEABLE,-,SHARES,VD
VEUS,SH.D.VEUS.CASH.IP,Veolia Environnement SA - ADR,N/A,OFFLINE,-,SHARES,VE
SSS,SG.D.SSS.CASH.IP,Life Storage Inc,N/A,CLOSED,-,SHARES,VE
DDR,SB.D.DDR.CASH.IP,SITE Centers Corp,N/A,TRADEABLE,-,SHARES,VE
VBKGY,ED.D.VBKGY.CASH.IP,VERBIO SE,N/A,TRADEABLE,-,SHARES,VE
VEEAUS,UD.D.VEEAUS.CASH.IP,Veea Inc,N/A,TRADEABLE,-,SHARES,VE
SPFRUS,SG.D.SPFRUS.CASH.IP,Velo3D Inc,N/A,TRADEABLE,-,SHARES,VE
VTR,SH.D.VTR.CASH.IP,Ventas Inc (24 Hours),N/A,TRADEABLE,-,SHARES,VE
OEEW,EK.D.OEEW.CASH.IP,Verbund AG,N/A,TRADEABLE,-,SHARES,VE
ARCPUS,UA.D.ARCPUS.CASH.IP,Vereit Inc,N/A,CLOSED,-,SHARES,VE
CPGUS,SB.D.CPGUS.CASH.IP,Veren Inc,N/A,CLOSED,-,SHARES,VE
CPGCT,KN.D.CPGCT.CASH.IP,Veren Inc,N/A,OFFLINE,-,SHARES,VE
VERXUS,UD.D.VERXUS.CASH.IP,Vertex Inc,N/A,TRADEABLE,-,SHARES,VE
VERUUS,UD.D.VERUUS.CASH.IP,Veru Inc,N/A,TRADEABLE,-,SHARES,VE
VESTUMSS,EH.D.VESTUMSS.CASH.IP,Vestum AB,N/A,TRADEABLE,-,SHARES,VE
SVENPZ,KC.D.SVENPZ.CASH.IP,S-Ventures PLC,N/A,TRADEABLE,-,SHARES,VE
VEEAU,AB.D.VEEAU.CASH.IP,VEEM Limited,N/A,EDITS_ONLY,-,SHARES,VE
VIPUS,SH.D.VIPUS.CASH.IP,VEON Ltd - ADR,N/A,TRADEABLE,-,SHARES,VE
VEINO,EL.D.VEINO.CASH.IP,Veidekke ASA,N/A,TRADEABLE,-,SHARES,VE
OCG,KA.D.OCG.CASH.IP,Velocys PLC,N/A,OFFLINE,-,SHARES,VE
VELTUS,UD.D.VELTUS.CASH.IP,Velti PLC - ADR,N/A,CLOSED,-,SHARES,VE
VNESDBSS,EH.D.VNESDBSS.CASH.IP,Veoneer Inc (SE),N/A,OFFLINE,-,SHARES,VE
VNEUS,SH.D.VNEUS.CASH.IP,Veoneer Inc (US),N/A,CLOSED,-,SHARES,VE
VCYTUS,UD.D.VCYTUS.CASH.IP,Veracyte Inc,N/A,TRADEABLE,-,SHARES,VE
MDRX,UC.D.MDRX.CASH.IP,Veradigm Inc,N/A,OFFLINE,-,SHARES,VE
VRLAFP,EC.D.VRLAFP.CASH.IP,Verallia SA,N/A,TRADEABLE,-,SHARES,VE
VLTOUS,SH.D.VLTOUS.CASH.IP,Veralto Corp (24 Hours),N/A,TRADEABLE,-,SHARES,VE
VSTMUS,UD.D.VSTMUS.CASH.IP,Verastem Inc,N/A,TRADEABLE,-,SHARES,VE
VRSN,UD.D.VRSN.CASH.IP,VeriSign Inc (24 Hours),N/A,TRADEABLE,-,SHARES,VE
INSDFP,EC.D.INSDFP.CASH.IP,Verimatrix SA,N/A,TRADEABLE,-,SHARES,VE
OTCAU,AB.D.OTCAU.CASH.IP,Veris Limited,N/A,EDITS_ONLY,-,SHARES,VE
VSURESS,EH.D.VSURESS.CASH.IP,Verisure PLC,N/A,TRADEABLE,-,SHARES,VE
VRTVUS,SH.D.VRTVUS.CASH.IP,Veritiv Corp,N/A,CLOSED,-,SHARES,VE
VERIUS,UD.D.VERIUS.CASH.IP,Veritone Inc,N/A,TRADEABLE,-,SHARES,VE
VRSLN,KC.D.VRSLN.CASH.IP,Versarien PLC,N/A,OFFLINE,-,SHARES,VE
VGNTUS,SH.D.VGNTUS.CASH.IP,Versigent Ltd,N/A,TRADEABLE,-,SHARES,VE
VERTSS,EH.D.VERTSS.CASH.IP,Vertiseit AB (publ),N/A,TRADEABLE,-,SHARES,VE
BCKGY,ED.D.BCKGY.CASH.IP,Verve Group SE,N/A,TRADEABLE,-,SHARES,VE
M8GSS,EH.D.M8GSS.CASH.IP,Verve Group SE,N/A,TRADEABLE,-,SHARES,VE
VSTSWUS,SH.D.VSTSWUS.CASH.IP,Vestis Corp,N/A,TRADEABLE,-,SHARES,VE
VFEMLN,KA.D.VFEMLN.CASH.IP,Vanguard FTSE Emerging Markets UCITS ETF - VFEM,N/A,TRADEABLE,-,SHARES,VF
VGUS,SH.D.VGUS.CASH.IP,Venture Global Inc,N/A,TRADEABLE,-,SHARES,VG
VGACUUS,SH.D.VGACUUS.CASH.IP,VG Acquisition Corporation,N/A,CLOSED,-,SHARES,VG
VHMAU,AB.D.VHMAU.CASH.IP,VHM Limited,N/A,EDITS_ONLY,-,SHARES,VH
GSEOLN,KA.D.GSEOLN.CASH.IP,VH Global Energy Infrastructure PLC,N/A,TRADEABLE,-,SHARES,VH
V3VGY,ED.D.V3VGY.CASH.IP,VITA 34 AG,N/A,OFFLINE,-,SHARES,VI
VIADFP,EC.D.VIADFP.CASH.IP,Viadeo SA,N/A,CLOSED,-,SHARES,VI
VSAT,UD.D.VSAT.CASH.IP,Viasat Inc,N/A,TRADEABLE,-,SHARES,VI
VIDSM,EI.D.VIDSM.CASH.IP,Vidrala SA,N/A,TRADEABLE,-,SHARES,VI
CFIIUS,UA.D.CFIIUS.CASH.IP,View Inc,N/A,CLOSED,-,SHARES,VI
VMEOUS,UD.D.VMEOUS.CASH.IP,Vimeo Inc,N/A,CLOSED,-,SHARES,VI
VINCITFH,EB.D.VINCITFH.CASH.IP,Vincit Oyj,N/A,TRADEABLE,-,SHARES,VI
VTSIUS,UD.D.VTSIUS.CASH.IP,VirTra Inc,N/A,TRADEABLE,-,SHARES,VI
VIRP,EC.D.VIRP.CASH.IP,Virbac SA,N/A,TRADEABLE,-,SHARES,VI
GAFP,EC.D.GAFP.CASH.IP,Viridien,N/A,TRADEABLE,-,SHARES,VI
VUS,SH.D.VUS.CASH.IP,Visa Inc (24 Hours),N/A,TRADEABLE,-,SHARES,VI
V6CGY,ED.D.V6CGY.CASH.IP,Viscom AG,N/A,OFFLINE,-,SHARES,VI
VIVFP,EC.D.VIVFP.CASH.IP,Vivendi SA,N/A,TRADEABLE,-,SHARES,VI
OASMSS,EH.D.OASMSS.CASH.IP,Vivesto AB,N/A,TRADEABLE,-,SHARES,VI
ISRGY,ED.D.ISRGY.CASH.IP,Isra Vision AG,N/A,OFFLINE,-,SHARES,VI
RDVTUS,UC.D.RDVTUS.CASH.IP,Red Violet Inc,N/A,TRADEABLE,-,SHARES,VI
VTC,KA.D.VTC.CASH.IP,VIDENDUM PLC,N/A,TRADEABLE,-,SHARES,VI
VTRSUS,UD.D.VTRSUS.CASH.IP,Viatris Inc (24 Hours),N/A,TRADEABLE,-,SHARES,VI
VCPLN,KC.D.VCPLN.CASH.IP,Victoria PLC,N/A,TRADEABLE,-,SHARES,VI
VCT,KA.D.VCT.CASH.IP,Victrex PLC,N/A,TRADEABLE,-,SHARES,VI
VRAYUS,UD.D.VRAYUS.CASH.IP,ViewRay Inc,N/A,OFFLINE,-,SHARES,VI
HEADSS,EH.D.HEADSS.CASH.IP,Vimab Group AB,N/A,TRADEABLE,-,SHARES,VI
VIOBB,EA.D.VIOBB.CASH.IP,Viohalco SA,N/A,TRADEABLE,-,SHARES,VI
VIOGA,ER.D.VIOGA.CASH.IP,Viohalco SA,N/A,EDITS_ONLY,-,SHARES,VI
VISSM,EI.D.VISSM.CASH.IP,Viscofan SA,N/A,TRADEABLE,-,SHARES,VI
ALVIVFP,EC.D.ALVIVFP.CASH.IP,Visiativ SA,N/A,OFFLINE,-,SHARES,VI
VJPNLN,KA.D.VJPNLN.CASH.IP,Vanguard FTSE Japan UCITS ETF - VJPN,N/A,TRADEABLE,-,SHARES,VJ
MAILLI,PK.D.MAILLI.CASH.IP,VK Co Ltd,N/A,CLOSED,-,SHARES,VK
VMW,SH.D.VMW.CASH.IP,VMware Inc,N/A,CLOSED,-,SHARES,VM
VMTTAU,AB.D.VMTTAU.CASH.IP,Vmoto Limited,N/A,EDITS_ONLY,-,SHARES,VM
RAP1VFH,EB.D.RAP1VFH.CASH.IP,Rapala VMC Corporation,N/A,TRADEABLE,-,SHARES,VM
VMGAUUS,UD.D.VMGAUUS.CASH.IP,VMG Consumer Acquisition Corporation,N/A,CLOSED,-,SHARES,VM
VNRGLN,KA.D.VNRGLN.CASH.IP,Vanguard FTSE North America UCITS ETF - VNRG,N/A,TRADEABLE,-,SHARES,VN
VOUS,SI.D.VOUS.CASH.IP,Vanguard Mid-Cap ETF,N/A,TRADEABLE,-,SHARES,VO
SSHIPNO,EL.D.SSHIPNO.CASH.IP,VOW ASA,N/A,TRADEABLE,-,SHARES,VO
VOCSM,EI.D.VOCSM.CASH.IP,Vocento SA,N/A,TRADEABLE,-,SHARES,VO
VOLOPREFS,EH.D.VOLOPREFS.CASH.IP,Volati AB,N/A,TRADEABLE,-,SHARES,VO
VOLOSS,EH.D.VOLOSS.CASH.IP,Volati AB,N/A,TRADEABLE,-,SHARES,VO
VLX,KA.D.VLX.CASH.IP,Volex PLC,N/A,TRADEABLE,-,SHARES,VO
SNPRUS,SG.D.SNPRUS.CASH.IP,Volta Inc,N/A,CLOSED,-,SHARES,VO
VLTAWSUS,SH.D.VLTAWSUS.CASH.IP,Volta Inc (Warrnats),N/A,CLOSED,-,SHARES,VO
VOLVA,EH.D.VOLVA.CASH.IP,Volvo AB - A,N/A,TRADEABLE,-,SHARES,VO
VOLVB,EH.D.VOLVB.CASH.IP,Volvo AB - B,N/A,TRADEABLE,-,SHARES,VO
ANNGY,ED.D.ANNGY.CASH.IP,Vonovia SE,N/A,TRADEABLE,-,SHARES,VO
VOSGY,ED.D.VOSGY.CASH.IP,Vossloh AG,N/A,TRADEABLE,-,SHARES,VO
VOW3GY,ED.D.VOW3GY.CASH.IP,Volkswagen AG (Pfd),N/A,TRADEABLE,-,SHARES,VO
VLTSAFP,EC.D.VLTSAFP.CASH.IP,Voltalia SA,N/A,TRADEABLE,-,SHARES,VO
VBXGY,ED.D.VBXGY.CASH.IP,Voltatron AG,N/A,TRADEABLE,-,SHARES,VO
ALVTXFP,EC.D.ALVTXFP.CASH.IP,Voluntis SA,N/A,OFFLINE,-,SHARES,VO
VLELN,KC.D.VLELN.CASH.IP,Volvere PLC,N/A,TRADEABLE,-,SHARES,VO
VOLCARBSS,EH.D.VOLCARBSS.CASH.IP,Volvo Car AB (publ.),N/A,TRADEABLE,-,SHARES,VO
VN8AU,AB.D.VN8AU.CASH.IP,Vonex Limited,N/A,CLOSED,-,SHARES,VO
ACOLN,KC.D.ACOLN.CASH.IP,Vordere PLC,N/A,OFFLINE,-,SHARES,VO
VJETUS,SH.D.VJETUS.CASH.IP,voxeljet AG,N/A,CLOSED,-,SHARES,VO
NWSLVAU,AB.D.NWSLVAU.CASH.IP,News Corp Non Vot,N/A,EDITS_ONLY,-,SHARES,VO
VO2SS,EH.D.VO2SS.CASH.IP,Vo2 Cap Holding AB,N/A,TRADEABLE,-,SHARES,VO
VOCUS,SH.D.VOCUS.CASH.IP,Voc Energy Trust,N/A,TRADEABLE,-,SHARES,VO
VODSJ,AR.D.VODSJ.CASH.IP,Vodacom Group Ltd,N/A,TRADEABLE,-,SHARES,VO
VODIGY,ED.D.VODIGY.CASH.IP,Vodafone Group PLC (DE),N/A,TRADEABLE,-,SHARES,VO
VOE,EK.D.VOE.CASH.IP,Voestalpine AG,N/A,TRADEABLE,-,SHARES,VO
VNRXUS,SI.D.VNRXUS.CASH.IP,VolitionRX Limited,N/A,TRADEABLE,-,SHARES,VO
ERJAU,AB.D.ERJAU.CASH.IP,Volt Group Limited,N/A,EDITS_ONLY,-,SHARES,VO
VTASLN,KA.D.VTASLN.CASH.IP,Volta Finance Ltd (LSE),N/A,TRADEABLE,-,SHARES,VO
VTANA,EG.D.VTANA.CASH.IP,Volta Finance Ltd (NL),N/A,TRADEABLE,-,SHARES,VO
FANLN,KA.D.FANLN.CASH.IP,Volution Group PLC,N/A,TRADEABLE,-,SHARES,VO
ROL,EJ.D.ROL.CASH.IP,Von Roll Holding AG,N/A,OFFLINE,-,SHARES,VO
VONN,EJ.D.VONN.CASH.IP,Vontobel Holding AG,N/A,TRADEABLE,-,SHARES,VO
VORUS,UD.D.VORUS.CASH.IP,Vor Biopharma Inc,N/A,TRADEABLE,-,SHARES,VO
VP,KA.D.VP.CASH.IP,Vp PLC,N/A,TRADEABLE,-,SHARES,VP
VSLLN,KA.D.VSLLN.CASH.IP,VPC Specialty Lending Investments PLC,N/A,TRADEABLE,-,SHARES,VP
VRMUS,UD.D.VRMUS.CASH.IP,Vroom Inc,N/A,TRADEABLE,-,SHARES,VR
VRXAU,AB.D.VRXAU.CASH.IP,VRX Silica Limited,N/A,EDITS_ONLY,-,SHARES,VR
VRAPFP,EC.D.VRAPFP.CASH.IP,Vranken-Pommery Monopole - SA,N/A,OFFLINE,-,SHARES,VR
VSUS,UD.D.VSUS.CASH.IP,Versus Systems Inc,N/A,TRADEABLE,-,SHARES,VS
VSECUS,UD.D.VSECUS.CASH.IP,VSE Corp,N/A,TRADEABLE,-,SHARES,VS
856HK,AC.D.856HK.CASH.IP,VSTECS Holdings Limited,N/A,EDITS_ONLY,-,SHARES,VS
EVIXUS,SI.D.EVIXUS.CASH.IP,VelocityShares 1X Long VSTOXX Futures ETN,N/A,OFFLINE,-,SHARES,VS
EXIVUS,SI.D.EXIVUS.CASH.IP,VelocityShares 1X Daily Inverse VSTOXX Futures ETN,N/A,CLOSED,-,SHARES,VS
VTUS,SI.D.VTUS.CASH.IP,Vanguard Total World Stock ETF,N/A,TRADEABLE,-,SHARES,VT
VTEXUS,SH.D.VTEXUS.CASH.IP,VTEX,N/A,TRADEABLE,-,SHARES,VT
303HK,AC.D.303HK.CASH.IP,VTech Holdings Ltd,N/A,EDITS_ONLY,-,SHARES,VT
SDRC,KA.D.SDRC.CASH.IP,Schroders PLC - Non Vtg,N/A,OFFLINE,-,SHARES,VT
7593JT,AJ.D.7593JT.CASH.IP,Vt Holdings Company Limited,N/A,EDITS_ONLY,-,SHARES,VT
V33GY,ED.D.V33GY.CASH.IP,Vtion Wireless Technology AG,N/A,CLOSED,-,SHARES,VT
VTVTUS,UD.D.VTVTUS.CASH.IP,vTv Therapeutics Inc,N/A,TRADEABLE,-,SHARES,VT
VTIUS,SI.D.VTIUS.CASH.IP,Vanguard Total Stock Market Index Fund ETF Sh AE - VTI,N/A,TRADEABLE,-,SHARES,VT
VMC,SH.D.VMC.CASH.IP,Vulcan Materials Co (24 Hours),N/A,TRADEABLE,-,SHARES,VU
SESLFP,EC.D.SESLFP.CASH.IP,Vusiongroup SA,N/A,TRADEABLE,-,SHARES,VU
VUZIUS,UD.D.VUZIUS.CASH.IP,Vuzix Corporation,N/A,TRADEABLE,-,SHARES,VU
VKESJ,AR.D.VKESJ.CASH.IP,Vukile Property Fund Limited,N/A,TRADEABLE,-,SHARES,VU
VULGY,ED.D.VULGY.CASH.IP,Vulcan Energy Resources Ltd,N/A,TRADEABLE,-,SHARES,VU
VULCPZ,KC.D.VULCPZ.CASH.IP,Vulcan Industries PLC,N/A,OFFLINE,-,SHARES,VU
VSLAU,AB.D.VSLAU.CASH.IP,Vulcan Steel Limited,N/A,EDITS_ONLY,-,SHARES,VU
KRXAU,AB.D.KRXAU.CASH.IP,Vulcan Energy Resources Limited,N/A,EDITS_ONLY,-,SHARES,VU
VUSCLN,KA.D.VUSCLN.CASH.IP,Vanguard USD Corporate 1-3 year Bond UCITS ETF - VUSC,N/A,TRADEABLE,-,SHARES,VU
VVUS,SI.D.VVUS.CASH.IP,Vanguard Large-Cap ETF,N/A,TRADEABLE,-,SHARES,VV
VVVPZ,KC.D.VVVPZ.CASH.IP,VVV Sports Limited,N/A,TRADEABLE,-,SHARES,VV
VWRDLN,KA.D.VWRDLN.CASH.IP,Vanguard FTSE All-World UCITS ETF - VWRD,N/A,TRADEABLE,-,SHARES,VW
VWRLLN,KA.D.VWRLLN.CASH.IP,Vanguard FTSE All-World UCITS ETF - VWRL,N/A,TRADEABLE,-,SHARES,VW
CGIXUS,UA.D.CGIXUS.CASH.IP,Vyant Bio Inc,N/A,CLOSED,-,SHARES,VY
VYGGUS,SH.D.VYGGUS.CASH.IP,Vy Global Growth,N/A,CLOSED,-,SHARES,VY
OBLNUS,UC.D.OBLNUS.CASH.IP,Vyome Holdings Inc,N/A,TRADEABLE,-,SHARES,VY
MHM,AB.D.MHM.CASH.IP,Vysarn Limited,N/A,EDITS_ONLY,-,SHARES,VY
MNLOUS,UC.D.MNLOUS.CASH.IP,VYNE Therapeutics Inc,N/A,TRADEABLE,-,SHARES,VY
VZ,SH.D.VZ.CASH.IP,Verizon Communications Inc (24 Hours),N/A,TRADEABLE,-,SHARES,VZ
WFSL,UD.D.WFSL.CASH.IP,"WaFd, Inc",N/A,TRADEABLE,-,SHARES,WA
WBXUS,SH.D.WBXUS.CASH.IP,Wallbox NV,N/A,TRADEABLE,-,SHARES,WA
WSUGY,ED.D.WSUGY.CASH.IP,Washtec AG,N/A,TRADEABLE,-,SHARES,WA
WSO,SH.D.WSO.CASH.IP,Watsco Inc,N/A,TRADEABLE,-,SHARES,WA
WTS,SH.D.WTS.CASH.IP,Watts Water Technologies Inc,N/A,TRADEABLE,-,SHARES,WA
4088JT,AJ.D.4088JT.CASH.IP,Air Water Inc,N/A,EDITS_ONLY,-,SHARES,WA
WAB,SH.D.WAB.CASH.IP,Wabtec Corp (24 Hours),N/A,TRADEABLE,-,SHARES,WA
WAGAFP,EC.D.WAGAFP.CASH.IP,Waga Energy SA,N/A,TRADEABLE,-,SHARES,WA
WALLB,EH.D.WALLB.CASH.IP,Wallenstam AB,N/A,TRADEABLE,-,SHARES,WA
151HK,AC.D.151HK.CASH.IP,Want Want China Holdings Ltd,N/A,EDITS_ONLY,-,SHARES,WA
WRNTUS,UD.D.WRNTUS.CASH.IP,Warrantee Inc,N/A,CLOSED,-,SHARES,WA
WAT,SH.D.WAT.CASH.IP,Waters Corp (24 Hours),N/A,TRADEABLE,-,SHARES,WA
WAVEFP,EC.D.WAVEFP.CASH.IP,Wavestone SA,N/A,TRADEABLE,-,SHARES,WA
WUS,SH.D.WUS.CASH.IP,Wayfair Inc,N/A,TRADEABLE,-,SHARES,WA
YORWUS,UD.D.YORWUS.CASH.IP,York Water Co/The,N/A,TRADEABLE,-,SHARES,WA
ARVLWUS,UA.D.ARVLWUS.CASH.IP,Arrival - Warrants,N/A,CLOSED,-,SHARES,WA
BOXDWSUS,SA.D.BOXDWSUS.CASH.IP,Boxed Inc Warrants,N/A,CLOSED,-,SHARES,WA
CPTNWUS,UA.D.CPTNWUS.CASH.IP,Cepton Inc - Warrants,N/A,CLOSED,-,SHARES,WA
GGROWUS,UB.D.GGROWUS.CASH.IP,Gogoro Inc - Warrants,N/A,TRADEABLE,-,SHARES,WA
LTCHWUS,UB.D.LTCHWUS.CASH.IP,Latch Inc -  Warrants,N/A,ON_AUCTION,-,SHARES,WA
LILMWUS,UB.D.LILMWUS.CASH.IP,Lilium NV Warrants,N/A,OFFLINE,-,SHARES,WA
MCWUS,SE.D.MCWUS.CASH.IP,Mister Car Wash Inc,N/A,OFFLINE,-,SHARES,WA
NRDYWSUS,SE.D.NRDYWSUS.CASH.IP,Nerdy Inc - Warrants,N/A,CLOSED,-,SHARES,WA
NEWABSS,EH.D.NEWABSS.CASH.IP,New Wave Group AB (publ),N/A,TRADEABLE,-,SHARES,WA
WAGNUS,SH.D.WAGNUS.CASH.IP,Pabrai Wagons ETF,N/A,TRADEABLE,-,SHARES,WA
COT,SB.D.COT.CASH.IP,Primo Water Corp,N/A,OFFLINE,-,SHARES,WA
RWA,KA.D.RWA.CASH.IP,Robert Walters PLC,N/A,TRADEABLE,-,SHARES,WA
CHEFUS,UA.D.CHEFUS.CASH.IP,The Chefs' Warehouse Inc,N/A,TRADEABLE,-,SHARES,WA
BMGAU,AB.D.BMGAU.CASH.IP,WA Gold Limited,N/A,EDITS_ONLY,-,SHARES,WA
WAKAU,AB.D.WAKAU.CASH.IP,WA Kaolin Limited,N/A,EDITS_ONLY,-,SHARES,WA
ALLIXFP,EC.D.ALLIXFP.CASH.IP,WALLIX GROUP SA,N/A,TRADEABLE,-,SHARES,WA
WAAAU,AB.D.WAAAU.CASH.IP,WAM Active Limited,N/A,EDITS_ONLY,-,SHARES,WA
WAM,AF.D.WAM.CASH.IP,WAM Capital Ltd,N/A,EDITS_ONLY,-,SHARES,WA
WGBAU,AB.D.WGBAU.CASH.IP,WAM Global Limited,N/A,EDITS_ONLY,-,SHARES,WA
WGBAU,AB.D.WGBAU.JUN.IP,WAM Global Limited,N/A,EDITS_ONLY,JUN-26,SHARES,WA
WGBAU,AB.D.WGBAU.SEP.IP,WAM Global Limited,N/A,EDITS_ONLY,SEP-26,SHARES,WA
WGBAU,AB.D.WGBAU.DEC.IP,WAM Global Limited,N/A,EDITS_ONLY,DEC-26,SHARES,WA
WLEAU,AB.D.WLEAU.CASH.IP,WAM Leaders Limited,N/A,EDITS_ONLY,-,SHARES,WA
WBUS,UD.D.WBUS.CASH.IP,Weibo Corp,N/A,TRADEABLE,-,SHARES,WB
CQGAU,AB.D.CQGAU.CASH.IP,WCM Global Growth Ltd,N/A,EDITS_ONLY,-,SHARES,WC
CIEAU,AB.D.CIEAU.CASH.IP,WCM Global Long Short Limited,N/A,CLOSED,-,SHARES,WC
WCMKGY,ED.D.WCMKGY.CASH.IP,WCM Beteiligungs- und Grundbesitz-AG,N/A,OFFLINE,-,SHARES,WC
WCMQAU,AB.D.WCMQAU.CASH.IP,WCM Quality Global Growth Fund,N/A,EDITS_ONLY,-,SHARES,WC
WQGOAAU,AB.D.WQGOAAU.CASH.IP,WCM Global Growth Ltd Options AUD 1.50 Exp 31//08/2022,N/A,CLOSED,-,SHARES,WC
WDFCUS,UD.D.WDFCUS.CASH.IP,WD-40 Co,N/A,TRADEABLE,-,SHARES,WD
2475JT,AJ.D.2475JT.CASH.IP,WDB Holdings Company Limited,N/A,EDITS_ONLY,-,SHARES,WD
WEXUS,SH.D.WEXUS.CASH.IP,WEX Inc,N/A,TRADEABLE,-,SHARES,WE
WEN,UD.D.WEN.CASH.IP,Wendy's Co,N/A,TRADEABLE,-,SHARES,WE
FIREPZ,KC.D.FIREPZ.CASH.IP,WeCap PLC,N/A,TRADEABLE,-,SHARES,WE
WRDUS,UD.D.WRDUS.CASH.IP,WeRide Inc (24 Hours),N/A,TRADEABLE,-,SHARES,WE
BOWXUS,UA.D.BOWXUS.CASH.IP,WeWork Inc,N/A,CLOSED,-,SHARES,WE
WEBRUS,SH.D.WEBRUS.CASH.IP,Weber Inc,N/A,CLOSED,-,SHARES,WE
6556JT,AJ.D.6556JT.CASH.IP,Welbe Inc,N/A,CLOSED,-,SHARES,WE
WEZSJ,AR.D.WEZSJ.CASH.IP,Wesizwe,N/A,SUSPENDED,-,SHARES,WE
2013HK,AC.D.2013HK.CASH.IP,Weimob Inc,N/A,EDITS_ONLY,-,SHARES,WE
WEG1GY,ED.D.WEG1GY.CASH.IP,WESTGRUND AG,N/A,OFFLINE,-,SHARES,WE
IPGIM,EF.D.IPGIM.CASH.IP,Webuild SpA,N/A,TRADEABLE,-,SHARES,WE
BULLUS,UA.D.BULLUS.CASH.IP,Webull Corp (24 Hours),N/A,TRADEABLE,-,SHARES,WE
WEIR,KA.D.WEIR.CASH.IP,Weir Group PLC,N/A,TRADEABLE,-,SHARES,WE
WBTUS,SH.D.WBTUS.CASH.IP,Welbilt Inc,N/A,CLOSED,-,SHARES,WE
WHANA,EG.D.WHANA.CASH.IP,Wereldhave NV,N/A,TRADEABLE,-,SHARES,WE
WSBCUS,UD.D.WSBCUS.CASH.IP,WesBanco Inc,N/A,TRADEABLE,-,SHARES,WE
WEDCN,KN.D.WEDCN.CASH.IP,Westaim Corp/The,N/A,TRADEABLE,-,SHARES,WE
WLKUS,SH.D.WLKUS.CASH.IP,Westlake Corp,N/A,TRADEABLE,-,SHARES,WE
WTSLUS,UD.D.WTSLUS.CASH.IP,Wet Seal Inc/The,N/A,CLOSED,-,SHARES,WE
WNCT,KN.D.WNCT.CASH.IP,George Weston Ltd,N/A,TRADEABLE,-,SHARES,WE
SWM,AA.D.SWM.CASH.IP,Seven West Media Ltd,N/A,CLOSED,-,SHARES,WE
WSGSS,EH.D.WSGSS.CASH.IP,WS WeSports Group AB,N/A,TRADEABLE,-,SHARES,WE
WSHPUS,UD.D.WSHPUS.CASH.IP,WeShop Holdings Ltd,N/A,TRADEABLE,-,SHARES,WE
7342JT,AJ.D.7342JT.CASH.IP,WealthNavi Inc,N/A,CLOSED,-,SHARES,WE
4825JT,AJ.D.4825JT.CASH.IP,Weathernews Inc,N/A,EDITS_ONLY,-,SHARES,WE
BET,KC.D.BET.CASH.IP,Webis Holdings PLC,N/A,CLOSED,-,SHARES,WE
WFUS,SH.D.WFUS.CASH.IP,Woori Bank Company Limited,N/A,TRADEABLE,-,SHARES,WF
RYFUS,SI.D.RYFUS.CASH.IP,Invesco S&P 500 Eql Wght Financials ETF,N/A,TRADEABLE,-,SHARES,WG
WHUS,SH.D.WHUS.CASH.IP,Wyndham Hotels & Resorts Inc,N/A,TRADEABLE,-,SHARES,WH
4HK,AC.D.4HK.CASH.IP,Wharf (Holdings) Limited,N/A,EDITS_ONLY,-,SHARES,WH
WTB,KA.D.WTB.CASH.IP,Whitbread PLC,N/A,TRADEABLE,-,SHARES,WH
WEATUS,SI.D.WEATUS.CASH.IP,Teucrium Wheat Fund,N/A,TRADEABLE,-,SHARES,WH
WHR,SH.D.WHR.CASH.IP,Whirlpool Corp (24 Hours),N/A,TRADEABLE,-,SHARES,WH
WSPAU,AB.D.WSPAU.CASH.IP,Whispir Limited,N/A,CLOSED,-,SHARES,WH
WECAU,AF.D.WECAU.CASH.IP,White Energy Co Ltd,N/A,EDITS_ONLY,-,SHARES,WH
WHKAU,AB.D.WHKAU.CASH.IP,WhiteHawk Limited,N/A,EDITS_ONLY,-,SHARES,WH
WYFIUS,UD.D.WYFIUS.CASH.IP,Whitefiber Inc,N/A,TRADEABLE,-,SHARES,WH
WHC,AF.D.WHC.CASH.IP,Whitehaven Coal Ltd,N/A,EDITS_ONLY,-,SHARES,WH
WSRUS,SH.D.WSRUS.CASH.IP,Whitestone REIT,N/A,TRADEABLE,-,SHARES,WH
ECWEAT,KA.D.ECWEAT.CASH.IP,WisdomTree Wheat,N/A,TRADEABLE,-,SHARES,WH
288HK,AC.D.288HK.CASH.IP,WH Group Limited,N/A,EDITS_ONLY,-,SHARES,WH
COST,UA.D.COST.CASH.IP,Costco Wholesale Corp (24 Hours),N/A,TRADEABLE,-,SHARES,WH
HBHCUS,UB.D.HBHCUS.CASH.IP,Hancock Whitney Corporation,N/A,TRADEABLE,-,SHARES,WH
SLWCT,KN.D.SLWCT.CASH.IP,Wheaton Precious Metals Corp (CA),N/A,TRADEABLE,-,SHARES,WH
SLW,SG.D.SLW.CASH.IP,Wheaton Precious Metals Corp (US),N/A,TRADEABLE,-,SHARES,WH
WCNAU,AB.D.WCNAU.CASH.IP,White Cliff Minerals Limited,N/A,EDITS_ONLY,-,SHARES,WH
WRMAU,AB.D.WRMAU.CASH.IP,White Rock Minerals Limited,N/A,CLOSED,-,SHARES,WH
WHFUS,UD.D.WHFUS.CASH.IP,WhiteHorse Finance Inc,N/A,TRADEABLE,-,SHARES,WH
WCPCN,KN.D.WCPCN.CASH.IP,Whitecap Resources Inc (CA),N/A,TRADEABLE,-,SHARES,WH
SPGYFUS,SI.D.SPGYFUS.CASH.IP,Whitecap Resources Inc (US OTC),N/A,OFFLINE,-,SHARES,WH
WHIAU,AB.D.WHIAU.CASH.IP,Whitefield Income Ltd,N/A,EDITS_ONLY,-,SHARES,WH
WHF,AF.D.WHF.CASH.IP,Whitefield Industrials Ltd,N/A,EDITS_ONLY,-,SHARES,WH
ARPOUS,UA.D.ARPOUS.CASH.IP,Whitehawk Therapeutics Inc,N/A,TRADEABLE,-,SHARES,WH
WLL,SH.D.WLL.CASH.IP,Whiting Petroleum Corp,N/A,CLOSED,-,SHARES,WH
ACTTUS,UA.D.ACTTUS.CASH.IP,Whole Earth Brands Inc,N/A,CLOSED,-,SHARES,WH
AWEMLN,KA.D.AWEMLN.CASH.IP,Ashoka Whiteoak Emerging Markets Trust PLC,N/A,TRADEABLE,-,SHARES,WH
B4BGY,ED.D.B4BGY.CASH.IP,Metro Wholesale & Food Specialist AG,N/A,OFFLINE,-,SHARES,WH
9351JT,AJ.D.9351JT.CASH.IP,Toyo Wharf & Warehouse Company Limited,N/A,EDITS_ONLY,-,SHARES,WH
WPMLN,KA.D.WPMLN.CASH.IP,Wheaton Precious Metals Corporation (LSE),N/A,TRADEABLE,-,SHARES,WH
WHLRUS,UD.D.WHLRUS.CASH.IP,Wheeler Real Estate Investment Trust Inc,N/A,TRADEABLE,-,SHARES,WH
WTMUS,SH.D.WTMUS.CASH.IP,White Mountains Insurance Group Ltd,N/A,TRADEABLE,-,SHARES,WH
LWEALN,KA.D.LWEALN.CASH.IP,WisdomTree 2X Daily Long Wheat,N/A,TRADEABLE,-,SHARES,WH
3WHLLN,KA.D.3WHLLN.CASH.IP,WisdomTree Wheat 3x Daily Leve,N/A,TRADEABLE,-,SHARES,WH
1997HK,AC.D.1997HK.CASH.IP,Wharf Real Estate Investment Company Limited,N/A,EDITS_ONLY,-,SHARES,WH
WRMOBAU,AB.D.WRMOBAU.CASH.IP,White Rock Minerals Limited option @ AUD 0.12 exp 31/01/2023,N/A,CLOSED,-,SHARES,WH
WIITIM,EF.D.WIITIM.CASH.IP,Wiit SpA,N/A,TRADEABLE,-,SHARES,WI
WISELN,KA.D.WISELN.CASH.IP,Wise PLC,N/A,TRADEABLE,-,SHARES,WI
WINAU,AB.D.WINAU.CASH.IP,WIN Metals Ltd,N/A,EDITS_ONLY,-,SHARES,WI
DHXBCN,KN.D.DHXBCN.CASH.IP,WildBrain Ltd,N/A,TRADEABLE,-,SHARES,WI
WIN,KA.D.WIN.CASH.IP,Wincanton PLC,N/A,OFFLINE,-,SHARES,WI
WNWDLN,KC.D.WNWDLN.CASH.IP,Windward Ltd,N/A,OFFLINE,-,SHARES,WI
WINGUS,UD.D.WINGUS.CASH.IP,Wingstop Inc,N/A,TRADEABLE,-,SHARES,WI
WINAUS,UD.D.WINAUS.CASH.IP,Winmark Corp,N/A,TRADEABLE,-,SHARES,WI
WIT,SH.D.WIT.CASH.IP,Wipro Ltd - ADR,N/A,TRADEABLE,-,SHARES,WI
IGPGY,ED.D.IGPGY.CASH.IP,Wirecard AG,N/A,OFFLINE,-,SHARES,WI
WISESS,EH.D.WISESS.CASH.IP,Wise Group AB (publ),N/A,TRADEABLE,-,SHARES,WI
WSEUS,UD.D.WSEUS.CASH.IP,Wise Group PLC,N/A,TRADEABLE,-,SHARES,WI
DM1AU,AB.D.DM1AU.CASH.IP,Wisr Limited,N/A,EDITS_ONLY,-,SHARES,WI
WIXUS,UD.D.WIXUS.CASH.IP,Wix.com Ltd,N/A,TRADEABLE,-,SHARES,WI
ATST,KA.D.ATST.CASH.IP,Alliance Witan PLC,N/A,TRADEABLE,-,SHARES,WI
WIFIUS,UD.D.WIFIUS.CASH.IP,Boingo Wireless Inc,N/A,CLOSED,-,SHARES,WI
WIRE,UD.D.WIRE.CASH.IP,Encore Wire Corp,N/A,CLOSED,-,SHARES,WI
WINKLN,KC.D.WINKLN.CASH.IP,M Winkworth PLC,N/A,TRADEABLE,-,SHARES,WI
MJW,KA.D.MJW.CASH.IP,Naked Wines PLC,N/A,TRADEABLE,-,SHARES,WI
SHW,SG.D.SHW.CASH.IP,Sherwin-Williams Co (24 Hours),N/A,TRADEABLE,-,SHARES,WI
SWIR,UD.D.SWIR.CASH.IP,Sierra Wireless Inc,N/A,CLOSED,-,SHARES,WI
BPMXUS,SA.D.BPMXUS.CASH.IP,Trex Wind-down Inc,N/A,CLOSED,-,SHARES,WI
VWSGY,ED.D.VWSGY.CASH.IP,Vestas Wind Systems AS,N/A,TRADEABLE,-,SHARES,WI
VEST,EP.D.VEST.CASH.IP,Vestas Wind Systems AS,N/A,TRADEABLE,-,SHARES,WI
VIVASS,EH.D.VIVASS.CASH.IP,Viva Wine Group AB,N/A,TRADEABLE,-,SHARES,WI
TRLAU,AB.D.TRLAU.CASH.IP,WIA Gold Limited,N/A,EDITS_ONLY,-,SHARES,WI
WOWUS,SH.D.WOWUS.CASH.IP,WideOpenWest Inc,N/A,CLOSED,-,SHARES,WI
WIE,EK.D.WIE.CASH.IP,Wienerberger AG,N/A,TRADEABLE,-,SHARES,WI
DHXMUS,UB.D.DHXMUS.CASH.IP,WildBrain Limited,N/A,OFFLINE,-,SHARES,WI
WLDNUS,UD.D.WLDNUS.CASH.IP,Willdan Group Inc,N/A,TRADEABLE,-,SHARES,WI
WMBUS,SH.D.WMBUS.CASH.IP,Williams Cos Inc (24 Hours),N/A,TRADEABLE,-,SHARES,WI
WSM,SH.D.WSM.CASH.IP,Williams-Sonoma Inc (24 Hours),N/A,TRADEABLE,-,SHARES,WI
4432JT,AJ.D.4432JT.CASH.IP,WingArc1st Inc,N/A,EDITS_ONLY,-,SHARES,WI
WNRAU,AB.D.WNRAU.CASH.IP,Wingara AG Limited,N/A,EDITS_ONLY,-,SHARES,WI
WKSLN,KC.D.WKSLN.CASH.IP,Winking Studios Ltd,N/A,TRADEABLE,-,SHARES,WI
WTNAU,AB.D.WTNAU.CASH.IP,Winton Land Limited,N/A,EDITS_ONLY,-,SHARES,WI
BTCWSW,EJ.D.BTCWSW.CASH.IP,WisdomTree Bitcoin,N/A,TRADEABLE,-,SHARES,WI
COCOLN,KA.D.COCOLN.CASH.IP,WisdomTree Cocoa,N/A,TRADEABLE,-,SHARES,WI
ECCOFF,KA.D.ECCOFF.CASH.IP,WisdomTree Coffee,N/A,TRADEABLE,-,SHARES,WI
ECCOPA,KA.D.ECCOPA.CASH.IP,WisdomTree Copper,N/A,TRADEABLE,-,SHARES,WI
ECCORN,KA.D.ECCORN.CASH.IP,WisdomTree Corn,N/A,TRADEABLE,-,SHARES,WI
ECCOTN,KA.D.ECCOTN.CASH.IP,WisdomTree Cotton,N/A,TRADEABLE,-,SHARES,WI
WKUS,SH.D.WKUS.CASH.IP,Workiva Inc,N/A,TRADEABLE,-,SHARES,WK
WLDDLN,KA.D.WLDDLN.CASH.IP,Lyxor UCITS ETF MSCI World D-USD - WLDD,N/A,TRADEABLE,-,SHARES,WL
WLDLLN,KA.D.WLDLLN.CASH.IP,Lyxor UCITS ETF MSCI World D-USD - WLDL,N/A,TRADEABLE,-,SHARES,WL
WMCN,KN.D.WMCN.CASH.IP,Wallbridge Mining Company Limited,N/A,TRADEABLE,-,SHARES,WM
WMI,SH.D.WMI.CASH.IP,Waste Management Inc (24 Hours),N/A,TRADEABLE,-,SHARES,WM
SSPKUS,UD.D.SSPKUS.CASH.IP,WM Technology Inc,N/A,OFFLINE,-,SHARES,WM
MRW,KA.D.MRW.CASH.IP,Morrison WM Supermarkets,N/A,OFFLINE,-,SHARES,WM
WNSUS,SH.D.WNSUS.CASH.IP,WNS Holdings Ltd - ADR,N/A,CLOSED,-,SHARES,WN
BWRAU,AB.D.BWRAU.CASH.IP,WOTSO,N/A,EDITS_ONLY,-,SHARES,WO
WOLAV,EK.D.WOLAV.CASH.IP,Wolford AG,N/A,TRADEABLE,-,SHARES,WO
4839JT,AJ.D.4839JT.CASH.IP,Wowow Inc,N/A,EDITS_ONLY,-,SHARES,WO
WWW,SH.D.WWW.CASH.IP,Wolverine World Wide Inc,N/A,TRADEABLE,-,SHARES,WO
CREE,UA.D.CREE.CASH.IP,Wolfspeed Inc,N/A,TRADEABLE,-,SHARES,WO
WGOV,UD.D.WGOV.CASH.IP,Woodward Inc,N/A,TRADEABLE,-,SHARES,WO
WDAY,SI.D.WDAY.CASH.IP,Workday Inc (24 Hours),N/A,TRADEABLE,-,SHARES,WO
7564JT,AJ.D.7564JT.CASH.IP,Workman Co Ltd,N/A,EDITS_ONLY,-,SHARES,WO
WKSPUS,UD.D.WKSPUS.CASH.IP,Worksport Ltd,N/A,TRADEABLE,-,SHARES,WO
WLNFP,EC.D.WLNFP.CASH.IP,Worldline SA,N/A,TRADEABLE,-,SHARES,WO
VNTVUS,SH.D.VNTVUS.CASH.IP,Worldpay Inc,N/A,CLOSED,-,SHARES,WO
LTD,SD.D.LTD.CASH.IP,Bath & Body Works Inc (24 Hours),N/A,TRADEABLE,-,SHARES,WO
DWNIGY,ED.D.DWNIGY.CASH.IP,Deutsche Wohnen SE,N/A,TRADEABLE,-,SHARES,WO
SGMS,UD.D.SGMS.CASH.IP,Light & Wonder Inc,N/A,OFFLINE,-,SHARES,WO
LNWAU,AB.D.LNWAU.CASH.IP,Light & Wonder Inc,N/A,EDITS_ONLY,-,SHARES,WO
MTWLN,KC.D.MTWLN.CASH.IP,Mattioli Woods PLC,N/A,OFFLINE,-,SHARES,WO
NWORLN,KC.D.NWORLN.CASH.IP,National World PLC,N/A,OFFLINE,-,SHARES,WO
WTRLN,KA.D.WTRLN.CASH.IP,The World Trust Fund,N/A,OFFLINE,-,SHARES,WO
WLFELN,KC.D.WLFELN.CASH.IP,Wolf Minerals Ltd,N/A,ON_AUCTION,-,SHARES,WO
WLCAU,AB.D.WLCAU.CASH.IP,Wollongong Coal Ltd,N/A,CLOSED,-,SHARES,WO
OBT,KC.D.OBT.CASH.IP,Woodbois Limited,N/A,OFFLINE,-,SHARES,WO
WKHSUS,UD.D.WKHSUS.CASH.IP,Workhorse Group Inc,N/A,TRADEABLE,-,SHARES,WO
WKP,KA.D.WKP.CASH.IP,Workspace Group PLC,N/A,TRADEABLE,-,SHARES,WO
CHSSLN,KC.D.CHSSLN.CASH.IP,World Chess PLC,N/A,TRADEABLE,-,SHARES,WO
WSLLN,KC.D.WSLLN.CASH.IP,Worldsec Limited,N/A,TRADEABLE,-,SHARES,WO
WOR,AA.D.WOR.CASH.IP,Worley Limited,N/A,EDITS_ONLY,-,SHARES,WO
ARCWUS,UA.D.ARCWUS.CASH.IP,ARC Group Worldwide Inc,N/A,OFFLINE,-,SHARES,WO
AWKUS,SA.D.AWKUS.CASH.IP,American Water Works Co Inc (24 Hours),N/A,TRADEABLE,-,SHARES,WO
AMWDUS,UA.D.AMWDUS.CASH.IP,American Woodmark Corp,N/A,OFFLINE,-,SHARES,WO
VRMLUS,UD.D.VRMLUS.CASH.IP,Aspira Women's Health Inc,N/A,OFFLINE,-,SHARES,WO
BESTSP,AG.D.BESTSP.CASH.IP,Best World International Ltd,N/A,CLOSED,-,SHARES,WO
BIOWKSSS,EH.D.BIOWKSSS.CASH.IP,Bio-Works Technologies AB,N/A,OFFLINE,-,SHARES,WO
CHRW,UA.D.CHRW.CASH.IP,CH Robinson Worldwide Inc (24 Hours),N/A,TRADEABLE,-,SHARES,WO
WPP,KA.D.WPP.CASH.IP,WPP PLC,N/A,TRADEABLE,-,SHARES,WP
WPCUS,SH.D.WPCUS.CASH.IP,WP Carey Inc,N/A,TRADEABLE,-,SHARES,WP
WIRUCN,KN.D.WIRUCN.CASH.IP,WPT Industrial Real Estate Investment Trust,N/A,OFFLINE,-,SHARES,WP
IP1AU,AB.D.IP1AU.CASH.IP,wrkr Limited,N/A,EDITS_ONLY,-,SHARES,WR
WRBUS,SH.D.WRBUS.CASH.IP,WR Berkley Corp (24 Hours),N/A,TRADEABLE,-,SHARES,WR
WRTCUS,UD.D.WRTCUS.CASH.IP,Wrap Technologies Inc,N/A,TRADEABLE,-,SHARES,WR
AADRUS,SI.D.AADRUS.CASH.IP,AdvisorShares Dorsey Wright ADR ETF,N/A,TRADEABLE,-,SHARES,WR
DWSHUS,UB.D.DWSHUS.CASH.IP,AdvisorShares Dorsey Wright Short ETF,N/A,TRADEABLE,-,SHARES,WR
AUPAU,AB.D.AUPAU.CASH.IP,Aurora Property Buy-Write Income Trust,N/A,CLOSED,-,SHARES,WR
GXTGUS,UB.D.GXTGUS.CASH.IP,Global X Dorsey Wright Thematic ETF,N/A,TRADEABLE,-,SHARES,WR
PXIUS,UC.D.PXIUS.CASH.IP,Invesco Dorsey Wright Energy Momentum ETF,N/A,TRADEABLE,-,SHARES,WR
WWEUS,SH.D.WWEUS.CASH.IP,World Wrestling Entertainment Inc,N/A,OFFLINE,-,SHARES,WR
ETWUS,SB.D.ETWUS.CASH.IP,Eaton Vance Tax Managed Global Buy Write Opportunities Fund,N/A,TRADEABLE,-,SHARES,WR
DWPPUS,UB.D.DWPPUS.CASH.IP,First Trust Dorsey Wright People's Portfolio ETF,N/A,CLOSED,-,SHARES,WR
PTHUS,UC.D.PTHUS.CASH.IP,Invesco Dorsey Wright Healthcare Momentum ETF,N/A,TRADEABLE,-,SHARES,WR
PTFUS,SI.D.PTFUS.CASH.IP,Invesco Dorsey Wright Technology Momentum ETF,N/A,TRADEABLE,-,SHARES,WR
PRNUS,UC.D.PRNUS.CASH.IP,Invesco Exchange-Traded Fund Trust Invesco Dorsey Wright Industrials Momentum ET,N/A,TRADEABLE,-,SHARES,WR
WSUS,SH.D.WSUS.CASH.IP,Worthington Steel Inc,N/A,TRADEABLE,-,SHARES,WS
WSFSUS,UD.D.WSFSUS.CASH.IP,WSFS Financial Corp,N/A,TRADEABLE,-,SHARES,WS
SFLAU,AB.D.SFLAU.CASH.IP,WT Financial Group Limited,N/A,EDITS_ONLY,-,SHARES,WT
ECCRUD,KA.D.ECCRUD.CASH.IP,WisdomTree WTI Crude Oil,N/A,TRADEABLE,-,SHARES,WT
3OILIM,EF.D.3OILIM.CASH.IP,Boost WTI Oil 3x Leverage Daily ETP,N/A,TRADEABLE,-,SHARES,WT
WTIYLN,KA.D.WTIYLN.CASH.IP,IncomeShares WTI Oil+ Yield ETP,N/A,OFFLINE,-,SHARES,WT
YWTILN,KA.D.YWTILN.CASH.IP,IncomeShares WTI Oil+ Yield ETP - YWTI,N/A,TRADEABLE,-,SHARES,WT
SWTOLN,KA.D.SWTOLN.CASH.IP,Leverage Shares -3x Short WTI Oil ETC - GBP,N/A,TRADEABLE,-,SHARES,WT
WTOSLN,KA.D.WTOSLN.CASH.IP,Leverage Shares -3x Short WTI Oil ETC - USD,N/A,TRADEABLE,-,SHARES,WT
3WTILN,KA.D.3WTILN.CASH.IP,Leverage Shares 3x Long WTI Oil ETC - GBP,N/A,TRADEABLE,-,SHARES,WT
WTI3LN,KA.D.WTI3LN.CASH.IP,Leverage Shares 3x Long WTI Oil ETC - USD,N/A,TRADEABLE,-,SHARES,WT
PCRDLN,KA.D.PCRDLN.CASH.IP,WisdomTree GBP Daily Hedged WTI Crude Oil,N/A,TRADEABLE,-,SHARES,WT
ECSOIL,KA.D.ECSOIL.CASH.IP,WisdomTree Short WTI Crude Oil,N/A,TRADEABLE,-,SHARES,WT
FCRULN,KA.D.FCRULN.CASH.IP,WisdomTree WTI Crude Oil Longe,N/A,TRADEABLE,-,SHARES,WT
WTIBLN,KA.D.WTIBLN.CASH.IP,WisdomTree WTI Crude Oil Pre-roll - gbp,N/A,OFFLINE,-,SHARES,WT
3LOILN,KA.D.3LOILN.CASH.IP,WisdomTree WTI Oil 3x Leverage Daily ETP (GBP),N/A,TRADEABLE,-,SHARES,WT
3OILLN,KA.D.3OILLN.CASH.IP,WisdomTree WTI Oil 3x Leverage Daily ETP (USD),N/A,TRADEABLE,-,SHARES,WT
3OISIM,EF.D.3OISIM.CASH.IP,WisdomTree WTI Oil 3x Short Daily ETP,N/A,TRADEABLE,-,SHARES,WT
3SOILN,KA.D.3SOILN.CASH.IP,WisdomTree WTI Oil 3x Short Daily ETP (GBP),N/A,TRADEABLE,-,SHARES,WT
3OISLN,KA.D.3OISLN.CASH.IP,WisdomTree WTI Oil 3x Short Daily ETP (USD),N/A,TRADEABLE,-,SHARES,WT
XCT9LN,KA.D.XCT9LN.CASH.IP,Xtrackers WTI Crude Oil Optimum Yield ETC,N/A,OFFLINE,-,SHARES,WT
CDCUS,UA.D.CDCUS.CASH.IP,VictoryShares US EQ Income Enhanced Volatility Wtd ETF,N/A,TRADEABLE,-,SHARES,WT
OIL2LN,KA.D.OIL2LN.CASH.IP,WisdomTree WTI Crude Oil 2x Daily Leveraged - GBp,N/A,TRADEABLE,-,SHARES,WT
ECLOIL,KA.D.ECLOIL.CASH.IP,WisdomTree WTI Crude Oil 2x Daily Leveraged - USD,N/A,TRADEABLE,-,SHARES,WT
WUUS,SH.D.WUUS.CASH.IP,Western Union Co (24 Hours),N/A,TRADEABLE,-,SHARES,WU
2269HK,AC.D.2269HK.CASH.IP,WuXi Biologics (Cayman) Inc,N/A,EDITS_ONLY,-,SHARES,WU
2268HK,AC.D.2268HK.CASH.IP,WuXi XDC Cayman Inc,N/A,EDITS_ONLY,-,SHARES,WU
WUF1VFH,EB.D.WUF1VFH.CASH.IP,Wulff-Yhtiot Oyj,N/A,TRADEABLE,-,SHARES,WU
WUWGY,ED.D.WUWGY.CASH.IP,Wuestenrot & Wuerttembergische AG,N/A,TRADEABLE,-,SHARES,WU
2496HK,AC.D.2496HK.CASH.IP,Wuhan YZY Biopharma Co Ltd,N/A,EDITS_ONLY,-,SHARES,WU
2359HK,AC.D.2359HK.CASH.IP,WuXi AppTec Company Limited,N/A,EDITS_ONLY,-,SHARES,WU
305HK,AC.D.305HK.CASH.IP,Wuling Motors Holdings Limited,N/A,EDITS_ONLY,-,SHARES,WU
EBKGY,ED.D.EBKGY.CASH.IP,EnBW Energie Baden-Wuerttemberg AG,N/A,TRADEABLE,-,SHARES,WU
WVFCUS,UD.D.WVFCUS.CASH.IP,WVS Financial Corporation,N/A,OFFLINE,-,SHARES,WV
WTW,SH.D.WTW.CASH.IP,WW International Inc,N/A,TRADEABLE,-,SHARES,WW
GWW,SC.D.GWW.CASH.IP,WW Grainger Inc (24 Hours),N/A,TRADEABLE,-,SHARES,WW
WY,SH.D.WY.CASH.IP,Weyerhaeuser Co (24 Hours),N/A,TRADEABLE,-,SHARES,WY
WYLDSS,EH.D.WYLDSS.CASH.IP,Wyld Networks AB,N/A,TRADEABLE,-,SHARES,WY
WYNN,UD.D.WYNN.CASH.IP,Wynn Resorts Ltd (24 Hours),N/A,TRADEABLE,-,SHARES,WY
WYNLN,KC.D.WYNLN.CASH.IP,Wynnstay Group PLC,N/A,TRADEABLE,-,SHARES,WY
1128HK,AC.D.1128HK.CASH.IP,Wynn Macau Ltd,N/A,EDITS_ONLY,-,SHARES,WY
WSPLN,KC.D.WSPLN.CASH.IP,Wynnstay Properties PLC,N/A,TRADEABLE,-,SHARES,WY
MWYLN,KC.D.MWYLN.CASH.IP,Mid Wynd International Investment Trust PLC,N/A,TRADEABLE,-,SHARES,WY
XACBEA,EH.D.XACBEA.CASH.IP,XACT Bear,N/A,TRADEABLE,-,SHARES,XA
XAR,KA.D.XAR.CASH.IP,Xaar PLC,N/A,TRADEABLE,-,SHARES,XA
XACTVINXS,EH.D.XACTVINXS.CASH.IP,XACT Norden,N/A,OFFLINE,-,SHARES,XA
XANOBSS,EH.D.XANOBSS.CASH.IP,XANO Industri AB (publ),N/A,TRADEABLE,-,SHARES,XA
XAM,AB.D.XAM.CASH.IP,Xanadu Mines Ltd,N/A,CLOSED,-,SHARES,XA
NCLAU,AB.D.NCLAU.CASH.IP,Xamble Group Limited,N/A,EDITS_ONLY,-,SHARES,XA
XNDUCN,KN.D.XNDUCN.CASH.IP,Xanadu Quantum Technologies Ltd,N/A,TRADEABLE,-,SHARES,XA
XNDUUS,UD.D.XNDUUS.CASH.IP,Xanadu Quantum Technologies Ltd (US),N/A,TRADEABLE,-,SHARES,XA
XACTHDIVS,EH.D.XACTHDIVS.CASH.IP,XACT Nordic High Dividend Low Volatility UCITS ETF,N/A,TRADEABLE,-,SHARES,XA
XFLTUS,SH.D.XFLTUS.CASH.IP,XAI Octagon Floating Rate & Alternative Income Trust,N/A,TRADEABLE,-,SHARES,XA
XGLOAU,AB.D.XGLOAU.CASH.IP,Xamble Group Ltd Options @ AUD 0.025 EXP 31/08/2028,N/A,EDITS_ONLY,-,SHARES,XA
XBITUS,UD.D.XBITUS.CASH.IP,XBiotech Inc,N/A,TRADEABLE,-,SHARES,XB
XBRANESS,EH.D.XBRANESS.CASH.IP,Xbrane Biopharma AB (publ),N/A,TRADEABLE,-,SHARES,XB
XBPUS,UD.D.XBPUS.CASH.IP,XBP Europe Holdings Inc,N/A,ON_AUCTION,-,SHARES,XB
XELBUS,UD.D.XELBUS.CASH.IP,Xcel Brands Inc,N/A,ON_AUCTION,-,SHARES,XC
XEL,SH.D.XEL.CASH.IP,Xcel Energy Inc (24 Hours),N/A,TRADEABLE,-,SHARES,XC
2400HK,AC.D.2400HK.CASH.IP,XD Inc,N/A,EDITS_ONLY,-,SHARES,XD
XEUS,UD.D.XEUS.CASH.IP,X-Energy Inc,N/A,TRADEABLE,-,SHARES,XE
XNCRUS,UD.D.XNCRUS.CASH.IP,Xencor Inc,N/A,TRADEABLE,-,SHARES,XE
XROAU,AB.D.XROAU.CASH.IP,Xero Ltd,N/A,EDITS_ONLY,-,SHARES,XE
XRX,SH.D.XRX.CASH.IP,Xerox Corp,N/A,TRADEABLE,-,SHARES,XE
RORGY,ED.D.RORGY.CASH.IP,SunMirror AG - Xetra,N/A,CLOSED,-,SHARES,XE
OEWAGY,ED.D.OEWAGY.CASH.IP,VERBUND AG - Xetra,N/A,TRADEABLE,-,SHARES,XE
AU8AU,AB.D.AU8AU.CASH.IP,Xenitra Limited,N/A,EDITS_ONLY,-,SHARES,XE
XRXDWUS,UD.D.XRXDWUS.CASH.IP,Xerox Holdings Corp,N/A,TRADEABLE,-,SHARES,XE
XBCCN,KN.D.XBCCN.CASH.IP,Xebec Adsorption Inc,N/A,OFFLINE,-,SHARES,XE
XBIOUS,SH.D.XBIOUS.CASH.IP,Xenetic Biosciences Inc,N/A,TRADEABLE,-,SHARES,XE
XHRUS,SH.D.XHRUS.CASH.IP,Xenia Hotels & Resorts Inc,N/A,TRADEABLE,-,SHARES,XE
XENEUS,UD.D.XENEUS.CASH.IP,Xenon Pharmaceuticals Inc,N/A,TRADEABLE,-,SHARES,XE
TRTAU,AB.D.TRTAU.CASH.IP,Xenora Minerals Limited,N/A,EDITS_ONLY,-,SHARES,XE
XERSUS,UD.D.XERSUS.CASH.IP,Xeris Pharmaceuticals Inc,N/A,TRADEABLE,-,SHARES,XE
XSGLN,KA.D.XSGLN.CASH.IP,Xeros Technology Group PLC,N/A,TRADEABLE,-,SHARES,XE
DES2GY,ED.D.DES2GY.CASH.IP,ETFS DAX Daily 2x Short GO UCITS - XETRA,N/A,TRADEABLE,-,SHARES,XE
8281JT,AJ.D.8281JT.CASH.IP,Xebio Holdings Company Limited,N/A,EDITS_ONLY,-,SHARES,XE
AIXIUS,UA.D.AIXIUS.CASH.IP,Xiao I Corp,N/A,TRADEABLE,-,SHARES,XI
XLNX,UD.D.XLNX.CASH.IP,Xilinx Inc,N/A,CLOSED,-,SHARES,XI
XINTSS,EH.D.XINTSS.CASH.IP,Xintela AB,N/A,TRADEABLE,-,SHARES,XI
XILFP,EC.D.XILFP.CASH.IP,Xilam Animation,N/A,TRADEABLE,-,SHARES,XI
1810HK,AC.D.1810HK.CASH.IP,Xiaomi Corporation,N/A,EDITS_ONLY,-,SHARES,XI
XLOUS,UD.D.XLOUS.CASH.IP,Xilio Therapeutics Inc,N/A,TRADEABLE,-,SHARES,XI
XIORBB,EA.D.XIORBB.CASH.IP,Xior Student Housing NV,N/A,TRADEABLE,-,SHARES,XI
1571HK,AC.D.1571HK.CASH.IP,Xin Point Holdings Limited,N/A,EDITS_ONLY,-,SHARES,XI
868HK,AC.D.868HK.CASH.IP,Xinyi Glass Holdings Ltd,N/A,EDITS_ONLY,-,SHARES,XI
719HK,AC.D.719HK.CASH.IP,Shandong Xinhua Pharmaceutical Co Ltd,N/A,EDITS_ONLY,-,SHARES,XI
1899HK,AC.D.1899HK.CASH.IP,Xingda International Holdings Ltd,N/A,EDITS_ONLY,-,SHARES,XI
1799HK,AC.D.1799HK.CASH.IP,Xinte Energy Company Limited,N/A,EDITS_ONLY,-,SHARES,XI
3868HK,AC.D.3868HK.CASH.IP,Xinyi Energy Holdings Limited,N/A,EDITS_ONLY,-,SHARES,XI
968HK,AC.D.968HK.CASH.IP,Xinyi Solar Holdings Limited,N/A,EDITS_ONLY,-,SHARES,XI
1266HK,AC.D.1266HK.CASH.IP,Xiwang Special Steel Company Limited,N/A,CLOSED,-,SHARES,XI
DXFAU,AB.D.DXFAU.CASH.IP,Ding Sheng Xin Finance Company Limited,N/A,CLOSED,-,SHARES,XI
XINUS,SH.D.XINUS.CASH.IP,Xinyuan Real Estate Company Limited,N/A,CLOSED,-,SHARES,XI
811HK,AC.D.811HK.CASH.IP,Xinhua Winshare Publishing and Media Company Limited,N/A,EDITS_ONLY,-,SHARES,XI
2208HK,AC.D.2208HK.CASH.IP,Xinjiang Goldwind Science & Technology Company Limited,N/A,EDITS_ONLY,-,SHARES,XI
520HK,AC.D.520HK.CASH.IP,Xiabuxiabu Catering Management (China) Holdings Company Limited,N/A,EDITS_ONLY,-,SHARES,XI
XLMLN,KC.D.XLMLN.CASH.IP,XLMedia PLC,N/A,OFFLINE,-,SHARES,XL
XLSSW,EJ.D.XLSSW.CASH.IP,Xlife Sciences AG,N/A,TRADEABLE,-,SHARES,XL
DXLGUS,UB.D.DXLGUS.CASH.IP,Destination XL Group Inc,N/A,TRADEABLE,-,SHARES,XL
XLGUS,SI.D.XLGUS.CASH.IP,Guggenheim Russell Top 50 Mega Cap ETF XLG US Capital Markets,N/A,TRADEABLE,-,SHARES,XL
XLFQLN,KA.D.XLFQLN.CASH.IP,Invesco Financials S&P US Select Sector UCITS ETF - XLFQ,N/A,TRADEABLE,-,SHARES,XL
NVFYUS,UC.D.NVFYUS.CASH.IP,XMax Inc,N/A,TRADEABLE,-,SHARES,XM
XMRSS,EH.D.XMRSS.CASH.IP,XmReality AB,N/A,TRADEABLE,-,SHARES,XM
SIRI,UD.D.SIRI.CASH.IP,Sirius XM Holdings Inc,N/A,TRADEABLE,-,SHARES,XM
NGACUS,UC.D.NGACUS.CASH.IP,XOS Inc,N/A,TRADEABLE,-,SHARES,XO
XMTRUS,UD.D.XMTRUS.CASH.IP,Xometry Inc,N/A,TRADEABLE,-,SHARES,XO
XOSWWUS,UD.D.XOSWWUS.CASH.IP,Xos Inc - Warrants,N/A,TRADEABLE,-,SHARES,XO
XOMAUS,UD.D.XOMAUS.CASH.IP,XOMA Royalty Corporation,N/A,TRADEABLE,-,SHARES,XO
XOMOUS,SI.D.XOMOUS.CASH.IP,YieldMax Xom Option Income Strategy ETF,N/A,TRADEABLE,-,SHARES,XO
XPUS,UD.D.XPUS.CASH.IP,XP Inc,N/A,TRADEABLE,-,SHARES,XP
XPOUS,SH.D.XPOUS.CASH.IP,"XPO, Inc.",N/A,TRADEABLE,-,SHARES,XP
XPELUS,UD.D.XPELUS.CASH.IP,XPEL Inc,N/A,TRADEABLE,-,SHARES,XP
9868HK,AC.D.9868HK.CASH.IP,XPeng Inc (HK),N/A,EDITS_ONLY,-,SHARES,XP
XPP,KA.D.XPP.CASH.IP,XP Power Ltd,N/A,TRADEABLE,-,SHARES,XP
XPEVUS,SH.D.XPEVUS.CASH.IP,XPeng Inc - US (24 Hours),N/A,TRADEABLE,-,SHARES,XP
XPDLN,KC.D.XPDLN.CASH.IP,Xpediator PLC,N/A,OFFLINE,-,SHARES,XP
XPLLN,KC.D.XPLLN.CASH.IP,Xplorer PLC,N/A,OFFLINE,-,SHARES,XP
KATLN,KC.D.KATLN.CASH.IP,Focus Xplore PLC,N/A,TRADEABLE,-,SHARES,XP
XPDAU,AB.D.XPDAU.CASH.IP,XPD Soccer Gear Group Limited,N/A,CLOSED,-,SHARES,XP
NEPUS,SE.D.NEPUS.CASH.IP,XPLR Infrastructure LP,N/A,TRADEABLE,-,SHARES,XP
GND,EC.D.GND.CASH.IP,XPO Logistics Europe SADIR,N/A,OFFLINE,-,SHARES,XP
XAFLN,KA.D.XAFLN.CASH.IP,XPS Pensions Group PLC,N/A,TRADEABLE,-,SHARES,XP
VORAU,AF.D.VORAU.CASH.IP,Xpedra Resources Limited,N/A,EDITS_ONLY,-,SHARES,XP
XPOFUS,SH.D.XPOFUS.CASH.IP,Xponential Fitness Inc,N/A,TRADEABLE,-,SHARES,XP
SXPELN,KA.D.SXPELN.CASH.IP,Leverage Shares -3x Short Xpeng ETP Securities,N/A,OFFLINE,-,SHARES,XP
XPNAU,AB.D.XPNAU.CASH.IP,XPON Technologies Group Limited,N/A,EDITS_ONLY,-,SHARES,XP
XF1AU,AB.D.XF1AU.CASH.IP,Xref Limited,N/A,EDITS_ONLY,-,SHARES,XR
IDZAU,AB.D.IDZAU.CASH.IP,XReality Group Ltd,N/A,EDITS_ONLY,-,SHARES,XR
AXRPNA,EG.D.AXRPNA.CASH.IP,21Shares Ripple XRP ETP,N/A,TRADEABLE,-,SHARES,XR
VRELN,KC.D.VRELN.CASH.IP,Engage XR Holdings PLC,N/A,TRADEABLE,-,SHARES,XR
XXRPUS,SI.D.XXRPUS.CASH.IP,Teucrium 2x Long Daily XRP ETF,N/A,EDITS_ONLY,-,SHARES,XR
XRFAU,AB.D.XRFAU.CASH.IP,XRF Scientific Limited,N/A,EDITS_ONLY,-,SHARES,XR
XSPRAYSS,EH.D.XSPRAYSS.CASH.IP,XSpray Pharma AB,N/A,TRADEABLE,-,SHARES,XS
XSTAU,AB.D.XSTAU.CASH.IP,Xstate Resources Limited,N/A,EDITS_ONLY,-,SHARES,XS
XTUS,SI.D.XTUS.CASH.IP,iShares Future Exponential Technologies ETF,N/A,TRADEABLE,-,SHARES,XT
PSMAU,AB.D.PSMAU.CASH.IP,XTC Lithium Limited,N/A,CLOSED,-,SHARES,XT
2228HK,AC.D.2228HK.CASH.IP,XtalPi Holdings Ltd,N/A,EDITS_ONLY,-,SHARES,XT
XTMTLN,KA.D.XTMTLN.CASH.IP,Xtrackers MSCI Taiwan UCITS ETF [XTMT],N/A,TRADEABLE,-,SHARES,XT
XTNTUS,SH.D.XTNTUS.CASH.IP,Xtant Medical Holdings Inc,N/A,TRADEABLE,-,SHARES,XT
XCOMUS,UD.D.XCOMUS.CASH.IP,Xtera Communications Inc,N/A,CLOSED,-,SHARES,XT
XB4AGY,ED.D.XB4AGY.CASH.IP,Xtrackers ATX UCITS ETF 1C,N/A,TRADEABLE,-,SHARES,XT
XDDXLN,KA.D.XDDXLN.CASH.IP,Xtrackers DAX ESG Screened,N/A,TRADEABLE,-,SHARES,XT
XDAXLN,KA.D.XDAXLN.CASH.IP,Xtrackers DAX UCITS ETF (GBP),N/A,TRADEABLE,-,SHARES,XT
XDAXGY,ED.D.XDAXGY.CASH.IP,Xtrackers DAX UCITS ETF 1C,N/A,TRADEABLE,-,SHARES,XT
XAXJLN,KA.D.XAXJLN.CASH.IP,Xtrackers MSCI AC Asia ex Japa,N/A,TRADEABLE,-,SHARES,XT
XMASLN,KA.D.XMASLN.CASH.IP,Xtrackers MSCI EM Asia ESG Scr,N/A,TRADEABLE,-,SHARES,XT
XD5DLN,KA.D.XD5DLN.CASH.IP,Xtrackers MSCI EMU UCITS ETF,N/A,TRADEABLE,-,SHARES,XT
XGLDLN,KA.D.XGLDLN.CASH.IP,Xtrackers Physical Gold ETC,N/A,TRADEABLE,-,SHARES,XT
XDPULN,KA.D.XDPULN.CASH.IP,Xtrackers S&P 500 UCITS ETF - USD,N/A,TRADEABLE,-,SHARES,XT
XESPGY,ED.D.XESPGY.CASH.IP,Xtrackers Spain UCITS ETF,N/A,TRADEABLE,-,SHARES,XT
PATCN,KN.D.PATCN.CASH.IP,Xtract One Technologies Inc,N/A,TRADEABLE,-,SHARES,XT
XTR,KC.D.XTR.CASH.IP,Xtract Resources PLC,N/A,TRADEABLE,-,SHARES,XT
1368HK,AC.D.1368HK.CASH.IP,Xtep International Holdings Limited,N/A,EDITS_ONLY,-,SHARES,XT
SCXWLN,KA.D.SCXWLN.CASH.IP,Scalable MSCI AC World Xtrackers UCITS ETF (GBP),N/A,TRADEABLE,-,SHARES,XT
XESXLN,KA.D.XESXLN.CASH.IP,Xtrackers - Euro Stoxx 50 UCITS ETF,N/A,TRADEABLE,-,SHARES,XT
XCX4LN,KA.D.XCX4LN.CASH.IP,Xtrackers - MSCI Thailand UCITS ETF,N/A,TRADEABLE,-,SHARES,XT
D3V3GY,ED.D.D3V3GY.CASH.IP,Xtrackers EUR Credit 12.5 Swap UCITS ETF,N/A,OFFLINE,-,SHARES,XT
XESXGY,ED.D.XESXGY.CASH.IP,Xtrackers Euro Stoxx 50 UCITS ETF,N/A,TRADEABLE,-,SHARES,XT
XESCLN,KA.D.XESCLN.CASH.IP,Xtrackers Euro Stoxx 50 UCITS ETF 1C,N/A,TRADEABLE,-,SHARES,XT
DXETGY,ED.D.DXETGY.CASH.IP,Xtrackers Euro Stoxx 50 UCITS ETF 1C,N/A,TRADEABLE,-,SHARES,XT
XUKXLN,KA.D.XUKXLN.CASH.IP,Xtrackers FTSE 100 Income UCITS ETF,N/A,TRADEABLE,-,SHARES,XT
XMCXLN,KA.D.XMCXLN.CASH.IP,Xtrackers FTSE 250 UCITS ETF 1D,N/A,TRADEABLE,-,SHARES,XT
ALLWLN,KA.D.ALLWLN.CASH.IP,Xtrackers FTSE All-World UCITS ETF,N/A,TRADEABLE,-,SHARES,XT
XDEXLN,KA.D.XDEXLN.CASH.IP,Xtrackers FTSE All-World ex UK UCITS ETF 1C,N/A,TRADEABLE,-,SHARES,XT
AWEXLN,KA.D.AWEXLN.CASH.IP,Xtrackers FTSE All-World ex US UCITS ETF,N/A,TRADEABLE,-,SHARES,XT
XX25LN,KA.D.XX25LN.CASH.IP,Xtrackers FTSE China 50 UCITS ETF (Lon),N/A,TRADEABLE,-,SHARES,XT
XFVTLN,KA.D.XFVTLN.CASH.IP,Xtrackers FTSE Vietnam Swap UCITS ETF 1C,N/A,TRADEABLE,-,SHARES,XT
XB4FGY,ED.D.XB4FGY.CASH.IP,Xtrackers II ESG EUR Corporate Bond UCITS ETF,N/A,TRADEABLE,-,SHARES,XT
XSTRLN,KA.D.XSTRLN.CASH.IP,Xtrackers II GBP Cash Swap UCITS ETF 1D,N/A,TRADEABLE,-,SHARES,XT
XJSEIM,EF.D.XJSEIM.CASH.IP,Xtrackers II Japan Government Bond UCITS ETF,N/A,TRADEABLE,-,SHARES,XT
XDNSLN,KA.D.XDNSLN.CASH.IP,Xtrackers JPX-Nikkei 400 UCITS ETF 1D,N/A,TRADEABLE,-,SHARES,XT
XLPELN,KA.D.XLPELN.CASH.IP,Xtrackers LPX Private Equity Swap UCITS ETF 1C,N/A,TRADEABLE,-,SHARES,XT
XLDXLN,KA.D.XLDXLN.CASH.IP,Xtrackers LevDAX Daily Swap UCITS ETF 1C,N/A,TRADEABLE,-,SHARES,XT
HYDWUS,SI.D.HYDWUS.CASH.IP,Xtrackers Low Beta High Yield Bond ETF,N/A,TRADEABLE,-,SHARES,XT
XMAWLN,KA.D.XMAWLN.CASH.IP,Xtrackers MSCI AC World UCITS ETF 1C,N/A,TRADEABLE,-,SHARES,XT
XMAFLN,KA.D.XMAFLN.CASH.IP,Xtrackers MSCI Africa Top 50 Swap UCITS ETF 1C,N/A,TRADEABLE,-,SHARES,XT
XNETUS,UD.D.XNETUS.CASH.IP,Xunlei Ltd,N/A,TRADEABLE,-,SHARES,XU
2506HK,AC.D.2506HK.CASH.IP,Xunfei Healthcare Technology Co Ltd,N/A,EDITS_ONLY,-,SHARES,XU
XVIVOSS,EH.D.XVIVOSS.CASH.IP,Xvivo Perfusion AB (publ),N/A,TRADEABLE,-,SHARES,XV
XSPAUS,UD.D.XSPAUS.CASH.IP,"XWELL, Inc",N/A,TRADEABLE,-,SHARES,XW
XXLNO,EL.D.XXLNO.CASH.IP,XXL ASA,N/A,OFFLINE,-,SHARES,XX
CPX,KC.D.CPX.CASH.IP,CAP-XX Limited,N/A,TRADEABLE,-,SHARES,XX
XYLUS,SH.D.XYLUS.CASH.IP,Xylem Inc (24 Hours),N/A,TRADEABLE,-,SHARES,XY
MDGSUS,UC.D.MDGSUS.CASH.IP,Xylo Technologies Ltd,N/A,CLOSED,-,SHARES,XY
3488JT,AJ.D.3488JT.CASH.IP,XYMAX REIT Investment Corporation,N/A,EDITS_ONLY,-,SHARES,XY
SQYUS,SI.D.SQYUS.CASH.IP,YieldMax XYZ Option Income Strategy ETF,N/A,TRADEABLE,-,SHARES,XY
4168JT,AJ.D.4168JT.CASH.IP,Yappli Inc,N/A,EDITS_ONLY,-,SHARES,YA
6630JT,AJ.D.6630JT.CASH.IP,Ya-Man Limited,N/A,EDITS_ONLY,-,SHARES,YA
7271JT,AJ.D.7271JT.CASH.IP,Yasunaga Corp,N/A,EDITS_ONLY,-,SHARES,YA
2267JT,AJ.D.2267JT.CASH.IP,Yakult Honsha Co Ltd,N/A,EDITS_ONLY,-,SHARES,YA
YALAUS,SH.D.YALAUS.CASH.IP,Yalla Group Limited,N/A,TRADEABLE,-,SHARES,YA
7951JT,AJ.D.7951JT.CASH.IP,Yamaha Corporation,N/A,EDITS_ONLY,-,SHARES,YA
7272JT,AJ.D.7272JT.CASH.IP,Yamaha Motor Co Ltd,N/A,EDITS_ONLY,-,SHARES,YA
YRICT,KN.D.YRICT.CASH.IP,Yamana Gold Inc (CA),N/A,OFFLINE,-,SHARES,YA
AUYLN,KC.D.AUYLN.CASH.IP,Yamana Gold Inc (LSE),N/A,OFFLINE,-,SHARES,YA
AUYUS,SA.D.AUYUS.CASH.IP,Yamana Gold Inc (US),N/A,CLOSED,-,SHARES,YA
1967JT,AJ.D.1967JT.CASH.IP,Yamato Corporation,N/A,EDITS_ONLY,-,SHARES,YA
YATRANA,EG.D.YATRANA.CASH.IP,Yatra Capital Ltd,N/A,CLOSED,-,SHARES,YA
YTRAUS,UD.D.YTRAUS.CASH.IP,Yatra Online Inc,N/A,TRADEABLE,-,SHARES,YA
LIGOSP,AG.D.LIGOSP.CASH.IP,Shen Yao Holdings Limited,N/A,CLOSED,-,SHARES,YA
SYBTUS,UD.D.SYBTUS.CASH.IP,Stock Yards Bancorp Inc,N/A,TRADEABLE,-,SHARES,YA
8344JT,AJ.D.8344JT.CASH.IP,The Yamagata Bank Limited,N/A,EDITS_ONLY,-,SHARES,YA
8360JT,AJ.D.8360JT.CASH.IP,The Yamanashi Chuo Bank Limited,N/A,EDITS_ONLY,-,SHARES,YA
7679JT,AJ.D.7679JT.CASH.IP,YAKUODO Holdings Co Ltd,N/A,EDITS_ONLY,-,SHARES,YA
6250JT,AJ.D.6250JT.CASH.IP,Yamabiko Corporation,N/A,EDITS_ONLY,-,SHARES,YA
6240JT,AJ.D.6240JT.CASH.IP,Yamashin-Filter Corporation,N/A,EDITS_ONLY,-,SHARES,YA
9064JT,AJ.D.9064JT.CASH.IP,Yamato Holdings Co Ltd,N/A,EDITS_ONLY,-,SHARES,YA
5444JT,AJ.D.5444JT.CASH.IP,Yamato Kogyo Company Limited,N/A,EDITS_ONLY,-,SHARES,YA
8051JT,AJ.D.8051JT.CASH.IP,Yamazen Corporation,N/A,EDITS_ONLY,-,SHARES,YA
YAL,AB.D.YAL.CASH.IP,Yancoal Australia Ltd,N/A,EDITS_ONLY,-,SHARES,YA
3668HK,AC.D.3668HK.CASH.IP,Yancoal Australia Ltd (HK),N/A,EDITS_ONLY,-,SHARES,YA
YRLAU,AB.D.YRLAU.CASH.IP,Yandal Resources Limited,N/A,EDITS_ONLY,-,SHARES,YA
YLLGSP,AG.D.YLLGSP.CASH.IP,Yanlord Land Group Ltd,N/A,EDITS_ONLY,-,SHARES,YA
YZCUS,SH.D.YZCUS.CASH.IP,Yanzhou Coal Mining Co Ltd - ADR,N/A,OFFLINE,-,SHARES,YA
8279JT,AJ.D.8279JT.CASH.IP,Yaoko Company Limited,N/A,CLOSED,-,SHARES,YA
YARNO,EL.D.YARNO.CASH.IP,Yara International ASA,N/A,TRADEABLE,-,SHARES,YA
CZLAU,AB.D.CZLAU.CASH.IP,Yari Minerals Limited,N/A,EDITS_ONLY,-,SHARES,YA
6506JT,AJ.D.6506JT.CASH.IP,Yaskawa Electric Corp,N/A,EDITS_ONLY,-,SHARES,YA
YSGUS,SH.D.YSGUS.CASH.IP,Yatsen Holding Limited,N/A,TRADEABLE,-,SHARES,YA
1585HK,AC.D.1585HK.CASH.IP,Yadea Group Holdings Limited,N/A,EDITS_ONLY,-,SHARES,YA
1171HK,AC.D.1171HK.CASH.IP,Yankuang Energy Group Company Limited,N/A,EDITS_ONLY,-,SHARES,YA
5480JT,AJ.D.5480JT.CASH.IP,Nippon Yakin Kogyo Company Limited,N/A,EDITS_ONLY,-,SHARES,YA
4792JT,AJ.D.4792JT.CASH.IP,YAMADA Consulting Group Company Limited,N/A,EDITS_ONLY,-,SHARES,YA
1870JT,AJ.D.1870JT.CASH.IP,Yahagi Construction Company Limited,N/A,EDITS_ONLY,-,SHARES,YA
9831JT,AJ.D.9831JT.CASH.IP,Yamada Holdings Company Limited,N/A,EDITS_ONLY,-,SHARES,YA
8418JT,AJ.D.8418JT.CASH.IP,Yamaguchi Financial Group Inc,N/A,EDITS_ONLY,-,SHARES,YA
6941JT,AJ.D.6941JT.CASH.IP,Yamaichi Electronics Company Limited,N/A,EDITS_ONLY,-,SHARES,YA
9265JT,AJ.D.9265JT.CASH.IP,Yamashita Health Care Holdings Inc,N/A,EDITS_ONLY,-,SHARES,YA
2212JT,AJ.D.2212JT.CASH.IP,Yamazaki Baking Company Limited,N/A,EDITS_ONLY,-,SHARES,YA
YERRUS,UD.D.YERRUS.CASH.IP,Yangtze River Port and Logistics Limited,N/A,OFFLINE,-,SHARES,YA
YZJFHSP,AG.D.YZJFHSP.CASH.IP,Yangzijiang Financial Holding Limited,N/A,EDITS_ONLY,-,SHARES,YA
YZJSP,AG.D.YZJSP.CASH.IP,Yangzijiang Shipbuilding Holdings Ltd,N/A,EDITS_ONLY,-,SHARES,YA
CZLOBAU,AB.D.CZLOBAU.CASH.IP,Yari Minerals Ltd @AUD 0.009 EXP 01 Jun 2023,N/A,CLOSED,-,SHARES,YA
BREZUS,UA.D.BREZUS.CASH.IP,YD Biopharma Limited,N/A,TRADEABLE,-,SHARES,YD
BREZWUS,UA.D.BREZWUS.CASH.IP,YD Biopharma Limited Warrant,N/A,CLOSED,-,SHARES,YD
YELP,SH.D.YELP.CASH.IP,Yelp Inc,N/A,TRADEABLE,-,SHARES,YE
YEXTUS,SH.D.YEXTUS.CASH.IP,Yext Inc,N/A,TRADEABLE,-,SHARES,YE
BYG,KA.D.BYG.CASH.IP,Big Yellow Group PLC,N/A,TRADEABLE,-,SHARES,YE
DYL,AF.D.DYL.CASH.IP,Deep Yellow Ltd,N/A,EDITS_ONLY,-,SHARES,YE
YETIUS,SH.D.YETIUS.CASH.IP,YETI Holdings Inc,N/A,TRADEABLE,-,SHARES,YE
YCALN,KA.D.YCALN.CASH.IP,Yellow Cake PLC,N/A,TRADEABLE,-,SHARES,YE
YRCW,UD.D.YRCW.CASH.IP,Yellow Corporation,N/A,OFFLINE,-,SHARES,YE
9882JT,AJ.D.9882JT.CASH.IP,Yellow Hat Limited,N/A,EDITS_ONLY,-,SHARES,YE
YCT,KN.D.YCT.CASH.IP,Yellow Media Ltd,N/A,TRADEABLE,-,SHARES,YE
YEWID,EE.D.YEWID.CASH.IP,Yew Grove REIT PLC,N/A,OFFLINE,-,SHARES,YE
YEWLN,KC.D.YEWLN.CASH.IP,Yew Grove REIT PLC,N/A,OFFLINE,-,SHARES,YE
9923HK,AC.D.9923HK.CASH.IP,Yeahka Limited,N/A,EDITS_ONLY,-,SHARES,YE
GYENUS,SI.D.GYENUS.CASH.IP,AdvisorShares Gold Yen ETF,N/A,CLOSED,-,SHARES,YE
YIUS,UD.D.YIUS.CASH.IP,111 Inc,N/A,TRADEABLE,-,SHARES,YI
YRDUS,SH.D.YRDUS.CASH.IP,Yirendai Limited,N/A,TRADEABLE,-,SHARES,YI
2158HK,AC.D.2158HK.CASH.IP,Yidu Tech Inc,N/A,EDITS_ONLY,-,SHARES,YI
2858HK,AC.D.2858HK.CASH.IP,Yixin Group Limited,N/A,EDITS_ONLY,-,SHARES,YI
HHYAU,AF.D.HHYAU.CASH.IP,Hastings High Yield Fund,N/A,CLOSED,-,SHARES,YI
GLDELN,KA.D.GLDELN.CASH.IP,IncomeShares Gold+ Yield ETP,N/A,TRADEABLE,-,SHARES,YI
YGLDGY,ED.D.YGLDGY.CASH.IP,IncomeShares Gold+ Yield ETP (DE),N/A,TRADEABLE,-,SHARES,YI
GLDYNA,EG.D.GLDYNA.CASH.IP,IncomeShares Gold+ Yield ETP (NL),N/A,TRADEABLE,-,SHARES,YI
GLDILN,KA.D.GLDILN.CASH.IP,IncomeShares Gold+ Yield ETP (USD),N/A,TRADEABLE,-,SHARES,YI
NCYF,KA.D.NCYF.CASH.IP,New City High Yield Fund Ltd,N/A,TRADEABLE,-,SHARES,YI
SJBUS,SI.D.SJBUS.CASH.IP,ProShares Short High Yield,N/A,TRADEABLE,-,SHARES,YI
SCYBUS,SI.D.SCYBUS.CASH.IP,Schwab High Yield Bond ETF,N/A,TRADEABLE,-,SHARES,YI
THYFUS,SI.D.THYFUS.CASH.IP,T Rowe Price US High Yield ETF,N/A,TRADEABLE,-,SHARES,YI
YTENUS,UD.D.YTENUS.CASH.IP,Yield10 Bioscience Inc,N/A,OFFLINE,-,SHARES,YI
IYLDAU,AB.D.IYLDAU.CASH.IP,iShares Yield Plus ETF,N/A,EDITS_ONLY,-,SHARES,YI
1579HK,AC.D.1579HK.CASH.IP,Yihai International Holding Limited,N/A,EDITS_ONLY,-,SHARES,YI
PREFTXSJ,AR.D.PREFTXSJ.CASH.IP,10X Yield Selected Bond Exchange Traded Fund,N/A,TRADEABLE,-,SHARES,YI
ZYAUAU,AB.D.ZYAUAU.CASH.IP,ANZ ETFS S&P ASX 300 High Yield Plus ETF,N/A,EDITS_ONLY,-,SHARES,YI
GYLDUS,SI.D.GYLDUS.CASH.IP,Arrow Dow Jones Global Yield ETF,N/A,TRADEABLE,-,SHARES,YI
UMAXAU,AB.D.UMAXAU.CASH.IP,BetaShares S&P 500 Yield Maximiser Fund,N/A,EDITS_ONLY,-,SHARES,YI
QMAXAU,AB.D.QMAXAU.CASH.IP,Betashares Nasdaq 100 Yield Maximiser Fund,N/A,EDITS_ONLY,-,SHARES,YI
HYTUS,SC.D.HYTUS.CASH.IP,BlackRock Corporate High Yield Fund Inc,N/A,TRADEABLE,-,SHARES,YI
EYLDUS,SB.D.EYLDUS.CASH.IP,Cambria Emerging Shareholder Yield ETF,N/A,TRADEABLE,-,SHARES,YI
FYLDUS,SC.D.FYLDUS.CASH.IP,Cambria Foreign Shareholder Yield ETF,N/A,TRADEABLE,-,SHARES,YI
SYLDUS,SI.D.SYLDUS.CASH.IP,Cambria Shareholder Yield ETF,N/A,TRADEABLE,-,SHARES,YI
CYN,KA.D.CYN.CASH.IP,City Natural Resources High Yield Trust PLC,N/A,TRADEABLE,-,SHARES,YI
DHYUS,SI.D.DHYUS.CASH.IP,Credit Suisse High Yield Credit Fund,N/A,TRADEABLE,-,SHARES,YI
DHYRUS,SI.D.DHYRUS.CASH.IP,Credit Suisse High Yield Credit Fund (Rights Issue),N/A,OFFLINE,-,SHARES,YI
DLYUS,SB.D.DLYUS.CASH.IP,DoubleLine Yield Opportunities Fund,N/A,TRADEABLE,-,SHARES,YI
ZYUSAU,AB.D.ZYUSAU.CASH.IP,ETFS S&P 500 High Yield Low Volatility ETF,N/A,EDITS_ONLY,-,SHARES,YI
XBTYUS,UD.D.XBTYUS.CASH.IP,GraniteShares YieldBOOST Bitcoin ETF,N/A,TRADEABLE,-,SHARES,YI
COYYUS,UA.D.COYYUS.CASH.IP,GraniteShares YieldBOOST COIN ETF,N/A,TRADEABLE,-,SHARES,YI
NVYYUS,UC.D.NVYYUS.CASH.IP,GraniteShares YieldBOOST NVDA ETF,N/A,TRADEABLE,-,SHARES,YI
SIHYUS,SI.D.SIHYUS.CASH.IP,Harbor Scientific Alpha High-Yield ETF,N/A,TRADEABLE,-,SHARES,YI
YCPRLN,KA.D.YCPRLN.CASH.IP,IncomeShares Copper Miners+ Yield ETP,N/A,TRADEABLE,-,SHARES,YI
CPRYLN,KA.D.CPRYLN.CASH.IP,IncomeShares Copper Miners+ Yield ETP - USD,N/A,TRADEABLE,-,SHARES,YI
GLMYLN,KA.D.GLMYLN.CASH.IP,IncomeShares Gold Miners+ Yield ETP,N/A,TRADEABLE,-,SHARES,YI
YGLMLN,KA.D.YGLMLN.CASH.IP,IncomeShares Gold Miners+ Yield ETP - GBp,N/A,TRADEABLE,-,SHARES,YI
SLMYLN,KA.D.SLMYLN.CASH.IP,IncomeShares Silver Miners+ Yield ETP,N/A,TRADEABLE,-,SHARES,YI
YSLMLN,KA.D.YSLMLN.CASH.IP,IncomeShares Silver Miners+ Yield ETP - GBp,N/A,TRADEABLE,-,SHARES,YI
YSLVGY,ED.D.YSLVGY.CASH.IP,IncomeShares Silver+ Yield ETP (EUR Ger),N/A,TRADEABLE,-,SHARES,YI
SLVILN,KA.D.SLVILN.CASH.IP,IncomeShares Silver+ Yield ETP (GBP Lon),N/A,TRADEABLE,-,SHARES,YI
SLVYLN,KA.D.SLVYLN.CASH.IP,IncomeShares Silver+ Yield ETP - USD,N/A,TRADEABLE,-,SHARES,YI
YJUS,UD.D.YJUS.CASH.IP,Yunji Inc - ADR,N/A,TRADEABLE,-,SHARES,YJ
YOU,KC.D.YOU.CASH.IP,YouGov PLC,N/A,TRADEABLE,-,SHARES,YO
DAOUS,SB.D.DAOUS.CASH.IP,Youdao Inc,N/A,TRADEABLE,-,SHARES,YO
YOGAUS,UD.D.YOGAUS.CASH.IP,YogaWorks Inc,N/A,CLOSED,-,SHARES,YO
YOJAU,AB.D.YOJAU.CASH.IP,Yojee Limited,N/A,EDITS_ONLY,-,SHARES,YO
6800JT,AJ.D.6800JT.CASH.IP,Yokowo Co Ltd,N/A,EDITS_ONLY,-,SHARES,YO
YOUGY,ED.D.YOUGY.CASH.IP,ABOUT YOU Holding AG,N/A,OFFLINE,-,SHARES,YO
7294JT,AJ.D.7294JT.CASH.IP,Yorozu Corporation,N/A,EDITS_ONLY,-,SHARES,YO
YNGA,KA.D.YNGA.CASH.IP,Young & Co's Brewery PLC,N/A,TRADEABLE,-,SHARES,YO
VIYLN,KC.D.VIYLN.CASH.IP,Yourgene Health PLC,N/A,OFFLINE,-,SHARES,YO
YOWAU,AB.D.YOWAU.CASH.IP,Yowie Group Ltd,N/A,EDITS_ONLY,-,SHARES,YO
BK,SA.D.BK.CASH.IP,Bank of New York Mellon Corp (24 Hours),N/A,TRADEABLE,-,SHARES,YO
2296JT,AJ.D.2296JT.CASH.IP,Itoham Yonekyu Holdings Inc,N/A,EDITS_ONLY,-,SHARES,YO
8057JT,AJ.D.8057JT.CASH.IP,Uchida Yoko Company Limited,N/A,EDITS_ONLY,-,SHARES,YO
7906JT,AJ.D.7906JT.CASH.IP,YONEX Company Limited,N/A,EDITS_ONLY,-,SHARES,YO
5451JT,AJ.D.5451JT.CASH.IP,Yodogawa Steel Works Limited,N/A,EDITS_ONLY,-,SHARES,YO
6841JT,AJ.D.6841JT.CASH.IP,Yokogawa Electric Corp,N/A,EDITS_ONLY,-,SHARES,YO
5101JT,AJ.D.5101JT.CASH.IP,Yokohama Rubber Co Ltd,N/A,EDITS_ONLY,-,SHARES,YO
YOMA,AG.D.YOMA.CASH.IP,Yoma Strategic Holdings Ltd,N/A,EDITS_ONLY,-,SHARES,YO
1939JT,AJ.D.1939JT.CASH.IP,Yondenko Corporation,N/A,EDITS_ONLY,-,SHARES,YO
8008JT,AJ.D.8008JT.CASH.IP,Yondoshi Holdings Inc,N/A,EDITS_ONLY,-,SHARES,YO
YNHSP,AG.D.YNHSP.CASH.IP,Yongnam Holdings Ltd,N/A,CLOSED,-,SHARES,YO
YSSUS,SH.D.YSSUS.CASH.IP,York Space Systems Inc,N/A,TRADEABLE,-,SHARES,YO
YORKUUS,UD.D.YORKUUS.CASH.IP,Yorkville Acquisition Corp,N/A,TRADEABLE,-,SHARES,YO
YFZAU,AB.D.YFZAU.CASH.IP,Youfoodz Holdings Limited,N/A,CLOSED,-,SHARES,YO
YNGNLN,KA.D.YNGNLN.CASH.IP,Young & Co.'s Brewery PLC - N/V,N/A,TRADEABLE,-,SHARES,YO
8083HK,AC.D.8083HK.CASH.IP,Youzan Technology Limited,N/A,EDITS_ONLY,-,SHARES,YO
9858HK,AC.D.9858HK.CASH.IP,China Youran Dairy Group Limited,N/A,EDITS_ONLY,-,SHARES,YO
4248JT,AJ.D.4248JT.CASH.IP,Takemoto Yohki Company Limited,N/A,EDITS_ONLY,-,SHARES,YO
5911JT,AJ.D.5911JT.CASH.IP,Yokogawa Bridge Holdings Corporation,N/A,EDITS_ONLY,-,SHARES,YO
2874JT,AJ.D.2874JT.CASH.IP,Yokohama Reito Company Limited,N/A,EDITS_ONLY,-,SHARES,YO
9861JT,AJ.D.9861JT.CASH.IP,Yoshinoya Holdings Company Limited,N/A,EDITS_ONLY,-,SHARES,YO
5357JT,AJ.D.5357JT.CASH.IP,Yotai Refractories Company Limited,N/A,EDITS_ONLY,-,SHARES,YO
YGYIUS,UD.D.YGYIUS.CASH.IP,Youngevity International Inc,N/A,CLOSED,-,SHARES,YO
3669HK,AC.D.3669HK.CASH.IP,China Yongda Automobiles Services Holdings Limited,N/A,EDITS_ONLY,-,SHARES,YO
YPSNSW,EJ.D.YPSNSW.CASH.IP,Ypsomed Holding AG - Reg,N/A,TRADEABLE,-,SHARES,YP
YQUS,UD.D.YQUS.CASH.IP,17 Education & Technology Group Inc,N/A,TRADEABLE,-,SHARES,YQ
IS04GY,ED.D.IS04GY.CASH.IP,iShares $ Treasury Bond 20+yr UCITS ETF (DE),N/A,TRADEABLE,-,SHARES,YR
IDTLLN,KA.D.IDTLLN.CASH.IP,iShares $ Treasury Bond 20+yr UCITS ETF (LSE),N/A,TRADEABLE,-,SHARES,YR
DTLALN,KA.D.DTLALN.CASH.IP,iShares $ Treasury Bond 20+yr UCITS ETF USD (Acc),N/A,TRADEABLE,-,SHARES,YR
IDGALN,KA.D.IDGALN.CASH.IP,iShares USD Treasury Bond 20+yr UCITS ETF,N/A,TRADEABLE,-,SHARES,YR
TJULUS,SI.D.TJULUS.CASH.IP,Innovator Equity Defined Protection ETF - 2 Yr to July 2027,N/A,TRADEABLE,-,SHARES,YR
IDTGLN,KA.D.IDTGLN.CASH.IP,iShares $ Treasury Bond 20+yr UCITS ETF GBP Hedged (Dist),N/A,TRADEABLE,-,SHARES,YR
TLTUSsi07200R6,ON.D.TLTUSsi07200R6.CASH.IP,iShares 20+ Yr T-Bond ETF 7200 PUT,N/A,OFFLINE,JUN-26,OPT_SHARES,YR
TLTUSsi07300F6,ON.D.TLTUSsi07300F6.CASH.IP,iShares 20+ Yr T-Bond ETF 7300 CALL,N/A,TRADEABLE,JUN-26,OPT_SHARES,YR
TLTUSsi07300S6,ON.D.TLTUSsi07300S6.CASH.IP,iShares 20+ Yr T-Bond ETF 7300 PUT,N/A,TRADEABLE,JUL-26,OPT_SHARES,YR
TLTUSsi07300R6,ON.D.TLTUSsi07300R6.CASH.IP,iShares 20+ Yr T-Bond ETF 7300 PUT,N/A,OFFLINE,JUN-26,OPT_SHARES,YR
TLTUSsi07400F6,ON.D.TLTUSsi07400F6.CASH.IP,iShares 20+ Yr T-Bond ETF 7400 CALL,N/A,TRADEABLE,JUN-26,OPT_SHARES,YR
TLTUSsi07400S6,ON.D.TLTUSsi07400S6.CASH.IP,iShares 20+ Yr T-Bond ETF 7400 PUT,N/A,TRADEABLE,JUL-26,OPT_SHARES,YR
TLTUSsi07400R6,ON.D.TLTUSsi07400R6.CASH.IP,iShares 20+ Yr T-Bond ETF 7400 PUT,N/A,OFFLINE,JUN-26,OPT_SHARES,YR
TLTUSsi07500G6,ON.D.TLTUSsi07500G6.CASH.IP,iShares 20+ Yr T-Bond ETF 7500 CALL,N/A,TRADEABLE,JUL-26,OPT_SHARES,YR
TLTUSsi07500F6,ON.D.TLTUSsi07500F6.CASH.IP,iShares 20+ Yr T-Bond ETF 7500 CALL,N/A,TRADEABLE,JUN-26,OPT_SHARES,YR
TLTUSsi07500R6,ON.D.TLTUSsi07500R6.CASH.IP,iShares 20+ Yr T-Bond ETF 7500 PUT,N/A,OFFLINE,JUN-26,OPT_SHARES,YR
TLTUSsi07500S6,ON.D.TLTUSsi07500S6.CASH.IP,iShares 20+ Yr T-Bond ETF 7500 PUT,N/A,TRADEABLE,JUL-26,OPT_SHARES,YR
TLTUSsi07600F6,ON.D.TLTUSsi07600F6.CASH.IP,iShares 20+ Yr T-Bond ETF 7600 CALL,N/A,TRADEABLE,JUN-26,OPT_SHARES,YR
TLTUSsi07600G6,ON.D.TLTUSsi07600G6.CASH.IP,iShares 20+ Yr T-Bond ETF 7600 CALL,N/A,TRADEABLE,JUL-26,OPT_SHARES,YR
TLTUSsi07600S6,ON.D.TLTUSsi07600S6.CASH.IP,iShares 20+ Yr T-Bond ETF 7600 PUT,N/A,TRADEABLE,JUL-26,OPT_SHARES,YR
TLTUSsi07600R6,ON.D.TLTUSsi07600R6.CASH.IP,iShares 20+ Yr T-Bond ETF 7600 PUT,N/A,TRADEABLE,JUN-26,OPT_SHARES,YR
TLTUSsi07700F6,ON.D.TLTUSsi07700F6.CASH.IP,iShares 20+ Yr T-Bond ETF 7700 CALL,N/A,TRADEABLE,JUN-26,OPT_SHARES,YR
TLTUSsi07700G6,ON.D.TLTUSsi07700G6.CASH.IP,iShares 20+ Yr T-Bond ETF 7700 CALL,N/A,TRADEABLE,JUL-26,OPT_SHARES,YR
TLTUSsi07700R6,ON.D.TLTUSsi07700R6.CASH.IP,iShares 20+ Yr T-Bond ETF 7700 PUT,N/A,TRADEABLE,JUN-26,OPT_SHARES,YR
TLTUSsi07700S6,ON.D.TLTUSsi07700S6.CASH.IP,iShares 20+ Yr T-Bond ETF 7700 PUT,N/A,TRADEABLE,JUL-26,OPT_SHARES,YR
TLTUSsi07800G6,ON.D.TLTUSsi07800G6.CASH.IP,iShares 20+ Yr T-Bond ETF 7800 CALL,N/A,TRADEABLE,JUL-26,OPT_SHARES,YR
TLTUSsi07800F6,ON.D.TLTUSsi07800F6.CASH.IP,iShares 20+ Yr T-Bond ETF 7800 CALL,N/A,TRADEABLE,JUN-26,OPT_SHARES,YR
TLTUSsi07800R6,ON.D.TLTUSsi07800R6.CASH.IP,iShares 20+ Yr T-Bond ETF 7800 PUT,N/A,TRADEABLE,JUN-26,OPT_SHARES,YR
TLTUSsi07800S6,ON.D.TLTUSsi07800S6.CASH.IP,iShares 20+ Yr T-Bond ETF 7800 PUT,N/A,TRADEABLE,JUL-26,OPT_SHARES,YR
TLTUSsi07900G6,ON.D.TLTUSsi07900G6.CASH.IP,iShares 20+ Yr T-Bond ETF 7900 CALL,N/A,TRADEABLE,JUL-26,OPT_SHARES,YR
TLTUSsi07900F6,ON.D.TLTUSsi07900F6.CASH.IP,iShares 20+ Yr T-Bond ETF 7900 CALL,N/A,TRADEABLE,JUN-26,OPT_SHARES,YR
TLTUSsi07900S6,ON.D.TLTUSsi07900S6.CASH.IP,iShares 20+ Yr T-Bond ETF 7900 PUT,N/A,TRADEABLE,JUL-26,OPT_SHARES,YR
TLTUSsi07900R6,ON.D.TLTUSsi07900R6.CASH.IP,iShares 20+ Yr T-Bond ETF 7900 PUT,N/A,TRADEABLE,JUN-26,OPT_SHARES,YR
TLTUSsi08000F6,ON.D.TLTUSsi08000F6.CASH.IP,iShares 20+ Yr T-Bond ETF 8000 CALL,N/A,TRADEABLE,JUN-26,OPT_SHARES,YR
TLTUSsi08000G6,ON.D.TLTUSsi08000G6.CASH.IP,iShares 20+ Yr T-Bond ETF 8000 CALL,N/A,TRADEABLE,JUL-26,OPT_SHARES,YR
TLTUSsi08000R6,ON.D.TLTUSsi08000R6.CASH.IP,iShares 20+ Yr T-Bond ETF 8000 PUT,N/A,TRADEABLE,JUN-26,OPT_SHARES,YR
TLTUSsi08000S6,ON.D.TLTUSsi08000S6.CASH.IP,iShares 20+ Yr T-Bond ETF 8000 PUT,N/A,TRADEABLE,JUL-26,OPT_SHARES,YR
TLTUSsi08100F6,ON.D.TLTUSsi08100F6.CASH.IP,iShares 20+ Yr T-Bond ETF 8100 CALL,N/A,TRADEABLE,JUN-26,OPT_SHARES,YR
TLTUSsi08100G6,ON.D.TLTUSsi08100G6.CASH.IP,iShares 20+ Yr T-Bond ETF 8100 CALL,N/A,TRADEABLE,JUL-26,OPT_SHARES,YR
TLTUSsi08100R6,ON.D.TLTUSsi08100R6.CASH.IP,iShares 20+ Yr T-Bond ETF 8100 PUT,N/A,TRADEABLE,JUN-26,OPT_SHARES,YR
TLTUSsi08100S6,ON.D.TLTUSsi08100S6.CASH.IP,iShares 20+ Yr T-Bond ETF 8100 PUT,N/A,TRADEABLE,JUL-26,OPT_SHARES,YR
TLTUSsi08200G6,ON.D.TLTUSsi08200G6.CASH.IP,iShares 20+ Yr T-Bond ETF 8200 CALL,N/A,TRADEABLE,JUL-26,OPT_SHARES,YR
TLTUSsi08200F6,ON.D.TLTUSsi08200F6.CASH.IP,iShares 20+ Yr T-Bond ETF 8200 CALL,N/A,TRADEABLE,JUN-26,OPT_SHARES,YR
TLTUSsi08200R6,ON.D.TLTUSsi08200R6.CASH.IP,iShares 20+ Yr T-Bond ETF 8200 PUT,N/A,TRADEABLE,JUN-26,OPT_SHARES,YR
TLTUSsi08200S6,ON.D.TLTUSsi08200S6.CASH.IP,iShares 20+ Yr T-Bond ETF 8200 PUT,N/A,TRADEABLE,JUL-26,OPT_SHARES,YR
TLTUSsi08300G6,ON.D.TLTUSsi08300G6.CASH.IP,iShares 20+ Yr T-Bond ETF 8300 CALL,N/A,TRADEABLE,JUL-26,OPT_SHARES,YR
TLTUSsi08300F6,ON.D.TLTUSsi08300F6.CASH.IP,iShares 20+ Yr T-Bond ETF 8300 CALL,N/A,TRADEABLE,JUN-26,OPT_SHARES,YR
TLTUSsi08300S6,ON.D.TLTUSsi08300S6.CASH.IP,iShares 20+ Yr T-Bond ETF 8300 PUT,N/A,TRADEABLE,JUL-26,OPT_SHARES,YR
TLTUSsi08300R6,ON.D.TLTUSsi08300R6.CASH.IP,iShares 20+ Yr T-Bond ETF 8300 PUT,N/A,TRADEABLE,JUN-26,OPT_SHARES,YR
YULN,KC.D.YULN.CASH.IP,Yu Group Plc,N/A,TRADEABLE,-,SHARES,YU
YUBICOSS,EH.D.YUBICOSS.CASH.IP,Yubico AB,N/A,TRADEABLE,-,SHARES,YU
4334JT,AJ.D.4334JT.CASH.IP,Yuke's Co Ltd,N/A,EDITS_ONLY,-,SHARES,YU
5013JT,AJ.D.5013JT.CASH.IP,Yushiro Inc,N/A,EDITS_ONLY,-,SHARES,YU
4216JT,AJ.D.4216JT.CASH.IP,ASAHI YUKIZAI CORP,N/A,EDITS_ONLY,-,SHARES,YU
551HK,AC.D.551HK.CASH.IP,Yue Yuen Industrial Holdings Ltd,N/A,EDITS_ONLY,-,SHARES,YU
LYKAU,AB.D.LYKAU.CASH.IP,Yugo Metals Limited,N/A,EDITS_ONLY,-,SHARES,YU
YUMAUS,SI.D.YUMAUS.CASH.IP,Yuma Energy Inc,N/A,OFFLINE,-,SHARES,YU
1934JT,AJ.D.1934JT.CASH.IP,Yurtec Corporation,N/A,EDITS_ONLY,-,SHARES,YU
6482JT,AJ.D.6482JT.CASH.IP,Yushin Company,N/A,EDITS_ONLY,-,SHARES,YU
FUYUSP,AG.D.FUYUSP.CASH.IP,Fu Yu Corporation Limited,N/A,EDITS_ONLY,-,SHARES,YU
CYBUS,SI.D.CYBUS.CASH.IP,WisdomTree Chinese Yuan Fund,N/A,CLOSED,-,SHARES,YU
AMCN,UA.D.AMCN.CASH.IP,Yueda Digital Holding - ADR,N/A,TRADEABLE,-,SHARES,YU
YUMCUS,SH.D.YUMCUS.CASH.IP,Yum! China Holding Inc,N/A,TRADEABLE,-,SHARES,YU
376HK,AC.D.376HK.CASH.IP,Yunfeng Financial Group Ltd,N/A,EDITS_ONLY,-,SHARES,YU
ZGYHUS,UD.D.ZGYHUS.CASH.IP,Yunhong International,N/A,CLOSED,-,SHARES,YU
9987HK,AC.D.9987HK.CASH.IP,Yum China Holdings Inc,N/A,EDITS_ONLY,-,SHARES,YU
1448HK,AC.D.1448HK.CASH.IP,Fu Shou Yuan International Group Ltd,N/A,SUSPENDED,-,SHARES,YU
909HK,AC.D.909HK.CASH.IP,Ming Yuan Cloud Group Holdings Limited,N/A,EDITS_ONLY,-,SHARES,YU
123HK,AC.D.123HK.CASH.IP,Yuexiu Property Company Limited,N/A,EDITS_ONLY,-,SHARES,YU
405HK,AC.D.405HK.CASH.IP,Yuexiu Real Estate Investment Trust,N/A,EDITS_ONLY,-,SHARES,YU
1052HK,AC.D.1052HK.CASH.IP,Yuexiu Transport Infrastructure Ltd,N/A,EDITS_ONLY,-,SHARES,YU
2670HK,AC.D.2670HK.CASH.IP,Beijing Yunji Technology Co Ltd,N/A,EDITS_ONLY,-,SHARES,YU
CYDUS,SB.D.CYDUS.CASH.IP,China Yuchai International Ltd,N/A,TRADEABLE,-,SHARES,YU
DSUMUS,SI.D.DSUMUS.CASH.IP,Invesco Chinese Yuan Dim Sum Bond Portfolio,N/A,CLOSED,-,SHARES,YU
8074JT,AJ.D.8074JT.CASH.IP,Yuasa Trading Company Limited,N/A,EDITS_ONLY,-,SHARES,YU
2484JT,AJ.D.2484JT.CASH.IP,Yume No Machi Souzou Iinkai Co Ltd,N/A,EDITS_ONLY,-,SHARES,YU
YUZSP,AG.D.YUZSP.CASH.IP,YuuZoo Networks Group Corporation,N/A,CLOSED,-,SHARES,YU
6169HK,AC.D.6169HK.CASH.IP,China YuHua Education Corporation Limited,N/A,EDITS_ONLY,-,SHARES,YU
ZAPMENO,EL.D.ZAPMENO.CASH.IP,Zaptec AS,N/A,TRADEABLE,-,SHARES,ZA
ZALGY,ED.D.ZALGY.CASH.IP,Zalando SE,N/A,TRADEABLE,-,SHARES,ZA
7917JT,AJ.D.7917JT.CASH.IP,ZACROS Corporation,N/A,EDITS_ONLY,-,SHARES,ZA
TRGLUS,UD.D.TRGLUS.CASH.IP,ZaZa Energy Corp,N/A,OFFLINE,-,SHARES,ZA
ZLABUS,UD.D.ZLABUS.CASH.IP,Zai Lab Limited,N/A,TRADEABLE,-,SHARES,ZA
ITXSM,EI.D.ITXSM.CASH.IP,Inditex SA,N/A,TRADEABLE,-,SHARES,ZA
ZAMAU,AB.D.ZAMAU.CASH.IP,Zamanco Minerals Limited,N/A,CLOSED,-,SHARES,ZA
ZAMLN,KC.D.ZAMLN.CASH.IP,Zambeef Products PLC,N/A,TRADEABLE,-,SHARES,ZA
SDCSJ,AR.D.SDCSJ.CASH.IP,Zarclear Holdings Inc,N/A,CLOSED,-,SHARES,ZA
2098HK,AC.D.2098HK.CASH.IP,Zall Smart Commerce Group Limited,N/A,EDITS_ONLY,-,SHARES,ZA
ZLRGUS,SI.D.ZLRGUS.CASH.IP,ETFS Zacks Earnings Large-Cap U.S. Index Fund,N/A,OFFLINE,-,SHARES,ZA
KFYPUS,SI.D.KFYPUS.CASH.IP,KraneShares Zacks New China ETF,N/A,CLOSED,-,SHARES,ZA
ZNTEUUS,UD.D.ZNTEUUS.CASH.IP,Zanite Acquisition Corporation,N/A,CLOSED,-,SHARES,ZA
ZNTEUS,UD.D.ZNTEUS.CASH.IP,Zanite Acquisition Corporation (Ords),N/A,OFFLINE,-,SHARES,ZA
ZAPPUS,UD.D.ZAPPUS.CASH.IP,Zapp Electric Vehicles Group Ltd,N/A,OFFLINE,-,SHARES,ZA
MLZAMFP,EC.D.MLZAMFP.CASH.IP,ZCCM Investments Holdings PLC,N/A,OFFLINE,-,SHARES,ZC
INLZLN,KC.D.INLZLN.CASH.IP,Inland ZDP PLC,N/A,OFFLINE,-,SHARES,ZD
GLIZLN,KC.D.GLIZLN.CASH.IP,Sancus Lend ZDP,N/A,CLOSED,-,SHARES,ZD
ZBTAU,AB.D.ZBTAU.CASH.IP,Zebit Inc,N/A,CLOSED,-,SHARES,ZE
ZDGEUS,SI.D.ZDGEUS.CASH.IP,Zedge Inc,N/A,TRADEABLE,-,SHARES,ZE
ZENVUS,UD.D.ZENVUS.CASH.IP,Zenvia Inc,N/A,OFFLINE,-,SHARES,ZE
4205JT,AJ.D.4205JT.CASH.IP,Zeon Corp,N/A,EDITS_ONLY,-,SHARES,ZE
ULTIMONO,EL.D.ULTIMONO.CASH.IP,Zelluna ASA,N/A,TRADEABLE,-,SHARES,ZE
ZENAUS,UD.D.ZENAUS.CASH.IP,ZenaTech Inc,N/A,TRADEABLE,-,SHARES,ZE
ZENUS,SH.D.ZENUS.CASH.IP,Zendesk Inc,N/A,CLOSED,-,SHARES,ZE
VML,KC.D.VML.CASH.IP,Zephyr Energy,N/A,TRADEABLE,-,SHARES,ZE
OHGLN,KC.D.OHGLN.CASH.IP,ZENTRA GROUP PLC,N/A,TRADEABLE,-,SHARES,ZE
TIMGY,ED.D.TIMGY.CASH.IP,Zeal Networks SE,N/A,TRADEABLE,-,SHARES,ZE
ZEALUS,UD.D.ZEALUS.CASH.IP,Zealand Pharma AS,N/A,CLOSED,-,SHARES,ZE
ZEAL,EP.D.ZEAL.CASH.IP,Zealand Pharma AS,N/A,TRADEABLE,-,SHARES,ZE
ZEHNSW,EJ.D.ZEHNSW.CASH.IP,Zehnder Group AG,N/A,TRADEABLE,-,SHARES,ZE
ZENACN,KN.D.ZENACN.CASH.IP,Zenabis Global Inc,N/A,OFFLINE,-,SHARES,ZE
ZBIOUS,UD.D.ZBIOUS.CASH.IP,Zenas Biopharma Inc,N/A,TRADEABLE,-,SHARES,ZE
ZENANO,EL.D.ZENANO.CASH.IP,Zenith Energy Ltd,N/A,TRADEABLE,-,SHARES,ZE
ZEDLN,KC.D.ZEDLN.CASH.IP,Zenova Group Plc,N/A,SUSPENDED,-,SHARES,ZE
ZEOUS,UD.D.ZEOUS.CASH.IP,Zeo Energy Corp,N/A,TRADEABLE,-,SHARES,ZE
HMIUS,SC.D.HMIUS.CASH.IP,Zepp Health Corp,N/A,TRADEABLE,-,SHARES,ZE
FLGCUS,UB.D.FLGCUS.CASH.IP,ZeroStack Corp,N/A,TRADEABLE,-,SHARES,ZE
CADCUS,UA.D.CADCUS.CASH.IP,Zeta Network Group,N/A,TRADEABLE,-,SHARES,ZE
ZETASS,EH.D.ZETASS.CASH.IP,ZetaDisplay AB (publ),N/A,OFFLINE,-,SHARES,ZE
AIZAU,AF.D.AIZAU.CASH.IP,Air New Zealand Limited,N/A,EDITS_ONLY,-,SHARES,ZE
AFXGY,ED.D.AFXGY.CASH.IP,Carl Zeiss Meditec AG,N/A,TRADEABLE,-,SHARES,ZE
SPKAU,AB.D.SPKAU.CASH.IP,Spark New Zealand Limited,N/A,EDITS_ONLY,-,SHARES,ZE
4559JT,AJ.D.4559JT.CASH.IP,ZERIA Pharmaceutical Co Ltd,N/A,EDITS_ONLY,-,SHARES,ZE
ZBRA,UD.D.ZBRA.CASH.IP,Zebra Technologies Corp (24 Hours),N/A,TRADEABLE,-,SHARES,ZE
ZEDSJ,AR.D.ZEDSJ.CASH.IP,Zeder Investments Ltd,N/A,TRADEABLE,-,SHARES,ZE
ZEGLN,KC.D.ZEGLN.CASH.IP,Zegona Communications plc,N/A,TRADEABLE,-,SHARES,ZE
ZENL,KC.D.ZENL.CASH.IP,Zenith Energy Limited,N/A,TRADEABLE,-,SHARES,ZE
ZNCAU,AB.D.ZNCAU.CASH.IP,Zenith Minerals Limited,N/A,EDITS_ONLY,-,SHARES,ZE
9474JT,AJ.D.9474JT.CASH.IP,Zenrin Company Limited,N/A,EDITS_ONLY,-,SHARES,ZE
ZFOXUS,UD.D.ZFOXUS.CASH.IP,ZeroFox Holdings Inc,N/A,CLOSED,-,SHARES,ZE
ZERAU,AB.D.ZERAU.CASH.IP,Zeta Resources Limited,N/A,CLOSED,-,SHARES,ZE
ZEUAU,AB.D.ZEUAU.CASH.IP,Zeus Resources Limited,N/A,EDITS_ONLY,-,SHARES,ZE
KMPHUS,UB.D.KMPHUS.CASH.IP,Zevra Therapeutics Inc,N/A,TRADEABLE,-,SHARES,ZE
AZN,KA.D.AZN.CASH.IP,AstraZeneca PLC,N/A,TRADEABLE,-,SHARES,ZE
BRLAU,AB.D.BRLAU.CASH.IP,Bathurst Resources New Zealand Ltd,N/A,EDITS_ONLY,-,SHARES,ZE
ZXUS,SH.D.ZXUS.CASH.IP,China Zenix Auto International Limited,N/A,CLOSED,-,SHARES,ZE
XTVAU,AB.D.XTVAU.CASH.IP,New Zealand Coastal Seafoods Limited,N/A,CLOSED,-,SHARES,ZE
NZKAU,AB.D.NZKAU.CASH.IP,New Zealand King Salmon Investments Limited,N/A,EDITS_ONLY,-,SHARES,ZE
ZKUS,SH.D.ZKUS.CASH.IP,ZEEKR Intelligent Technology Holding Ltd,N/A,CLOSED,-,SHARES,ZE
7164JT,AJ.D.7164JT.CASH.IP,ZENKOKU HOSHO Company Limited,N/A,EDITS_ONLY,-,SHARES,ZE
7550JT,AJ.D.7550JT.CASH.IP,Zensho Holdings Company Limited,N/A,EDITS_ONLY,-,SHARES,ZE
ZGUS,UD.D.ZGUS.CASH.IP,Zillow Group Inc - A,N/A,TRADEABLE,-,SHARES,ZG
ZHUS,SH.D.ZHUS.CASH.IP,Zhihu Inc,N/A,TRADEABLE,-,SHARES,ZH
8283HK,AC.D.8283HK.CASH.IP,Zheng Li Holdings Limited,N/A,EDITS_ONLY,-,SHARES,ZH
ZEFGY,ED.D.ZEFGY.CASH.IP,Zhongde Waste Technology Ag,N/A,OFFLINE,-,SHARES,ZH
576HK,AC.D.576HK.CASH.IP,Zhejiang Expressway Co Ltd,N/A,EDITS_ONLY,-,SHARES,ZH
1818HK,AC.D.1818HK.CASH.IP,Zhaojin Mining Industry Co Ltd,N/A,EDITS_ONLY,-,SHARES,ZH
6158HK,AC.D.6158HK.CASH.IP,Zhenro Properties Group Limited,N/A,EDITS_ONLY,-,SHARES,ZH
881HK,AC.D.881HK.CASH.IP,Zhongsheng Group Holdings Limited,N/A,EDITS_ONLY,-,SHARES,ZH
3633HK,AC.D.3633HK.CASH.IP,Zhongyu Gas Holdings Limited,N/A,EDITS_ONLY,-,SHARES,ZH
6196HK,AC.D.6196HK.CASH.IP,Bank of Zhengzhou Company Limited,N/A,EDITS_ONLY,-,SHARES,ZH
2016HK,AC.D.2016HK.CASH.IP,China Zheshang Bank Company Limited,N/A,EDITS_ONLY,-,SHARES,ZH
2650HK,AC.D.2650HK.CASH.IP,Shanghai Zhida Technology Development Co Ltd,N/A,EDITS_ONLY,-,SHARES,ZH
2729HK,AC.D.2729HK.CASH.IP,Zhejiang Galaxis Technology Group Co Ltd,N/A,EDITS_ONLY,-,SHARES,ZH
9863HK,AC.D.9863HK.CASH.IP,Zhejiang Leapmotor Technology Co Ltd,N/A,EDITS_ONLY,-,SHARES,ZH
6958HK,AC.D.6958HK.CASH.IP,Zhenro Services Group Limited,N/A,EDITS_ONLY,-,SHARES,ZH
1274HK,AC.D.1274HK.CASH.IP,Zhixing Automotive Technology Suzhou Co Ltd,N/A,EDITS_ONLY,-,SHARES,ZH
1728HK,AC.D.1728HK.CASH.IP,China Zhengtong Auto Services Holdings Limited,N/A,SUSPENDED,-,SHARES,ZH
1660HK,AC.D.1660HK.CASH.IP,Zhaobangji Lifestyle Holdings Limited,N/A,EDITS_ONLY,-,SHARES,ZH
564HK,AC.D.564HK.CASH.IP,Zhengzhou Coal Mining Machinery Group Company Limited,N/A,EDITS_ONLY,-,SHARES,ZH
6060HK,AC.D.6060HK.CASH.IP,ZhongAn Online P & C Insurance Company Limited,N/A,EDITS_ONLY,-,SHARES,ZH
2772HK,AC.D.2772HK.CASH.IP,Zhongliang Holdings Group Company Limited,N/A,EDITS_ONLY,-,SHARES,ZH
1458HK,AC.D.1458HK.CASH.IP,Zhou Hei Ya International Holdings Company Limited,N/A,EDITS_ONLY,-,SHARES,ZH
1349HK,AC.D.1349HK.CASH.IP,Shanghai Fudan-Zhangjiang Bio-Pharmaceutical Company Limited,N/A,EDITS_ONLY,-,SHARES,ZH
NTG,KA.D.NTG.CASH.IP,ZIGUP PLC,N/A,TRADEABLE,-,SHARES,ZI
ZICCSS,EH.D.ZICCSS.CASH.IP,Ziccum AB,N/A,OFFLINE,-,SHARES,ZI
ZIGNSS,EH.D.ZIGNSS.CASH.IP,ZignSec AB (publ),N/A,OFFLINE,-,SHARES,ZI
ZIMVUS,UD.D.ZIMVUS.CASH.IP,ZimVie Inc,N/A,CLOSED,-,SHARES,ZI
ZZBSS,EH.D.ZZBSS.CASH.IP,Zinzino AB,N/A,TRADEABLE,-,SHARES,ZI
ZINLN,KC.D.ZINLN.CASH.IP,ZIN - Zinc Media Group PLC,N/A,TRADEABLE,-,SHARES,ZI
WHN,AB.D.WHN.CASH.IP,ZIMI Limited,N/A,EDITS_ONLY,-,SHARES,ZI
ECZINC,KA.D.ECZINC.CASH.IP,WisdomTree Zinc,N/A,TRADEABLE,-,SHARES,ZI
ZGLAU,AB.D.ZGLAU.CASH.IP,Zicom Group Limited,N/A,EDITS_ONLY,-,SHARES,ZI
ZVIM,EF.D.ZVIM.CASH.IP,Zignago Vetro SpA,N/A,TRADEABLE,-,SHARES,ZI
ZMH,SH.D.ZMH.CASH.IP,Zimmer Holdings Inc (24 Hours),N/A,TRADEABLE,-,SHARES,ZI
ZNUS,UD.D.ZNUS.CASH.IP,Zion Oil & Gas Inc,N/A,OFFLINE,-,SHARES,ZI
ZMLAU,AB.D.ZMLAU.CASH.IP,Zip Company Limited,N/A,EDITS_ONLY,-,SHARES,ZI
ZIPUS,SH.D.ZIPUS.CASH.IP,ZipRecruiter Inc,N/A,TRADEABLE,-,SHARES,ZI
ZIXIUS,UD.D.ZIXIUS.CASH.IP,Zix Corporation,N/A,CLOSED,-,SHARES,ZI
ANOAU,AB.D.ANOAU.CASH.IP,Advance Zinctek Limited,N/A,EDITS_ONLY,-,SHARES,ZI
SZIC,KA.D.SZIC.CASH.IP,ETFS Daily Short Zinc,N/A,OFFLINE,-,SHARES,ZI
5707JT,AJ.D.5707JT.CASH.IP,Toho Zinc Company Limited,N/A,EDITS_ONLY,-,SHARES,ZI
3679JT,AJ.D.3679JT.CASH.IP,ZIGExN Company Limited,N/A,EDITS_ONLY,-,SHARES,ZI
ZUS,UD.D.ZUS.CASH.IP,Zillow Group Inc - C,N/A,TRADEABLE,-,SHARES,ZI
ZIMAU,AB.D.ZIMAU.CASH.IP,Zimplats Holdings Limited,N/A,EDITS_ONLY,-,SHARES,ZI
ZOX,KC.D.ZOX.CASH.IP,ZincOx Resources PLC,N/A,CLOSED,-,SHARES,ZI
ERISLN,KC.D.ERISLN.CASH.IP,Zinnwald Lithium PLC,N/A,TRADEABLE,-,SHARES,ZI
ZION,UD.D.ZION.CASH.IP,Zions Bancorporation,N/A,TRADEABLE,-,SHARES,ZI
2899HK,AC.D.2899HK.CASH.IP,Zijin Mining Group Co Ltd,N/A,EDITS_ONLY,-,SHARES,ZI
ZIMUS,SH.D.ZIMUS.CASH.IP,ZIM Integrated Shipping Services Limited (24 Hours),N/A,TRADEABLE,-,SHARES,ZI
2259HK,AC.D.2259HK.CASH.IP,Zijin Gold International Co Ltd,N/A,EDITS_ONLY,-,SHARES,ZI
QFYOBAU,AB.D.QFYOBAU.CASH.IP,Zimi Limited Option @ AUD 0.01 EXP 13/08/2021,N/A,CLOSED,-,SHARES,ZI
ZMMOCAU,AB.D.ZMMOCAU.CASH.IP,Zimi Limited Option @ AUD 0.1 Exp 26/02/2022,N/A,CLOSED,-,SHARES,ZI
6979HK,AC.D.6979HK.CASH.IP,ZJLD Group Inc,N/A,EDITS_ONLY,-,SHARES,ZJ
ZJKUS,UD.D.ZJKUS.CASH.IP,ZJK Industrial Co Ltd,N/A,TRADEABLE,-,SHARES,ZJ
ZSILEUSW,EJ.D.ZSILEUSW.CASH.IP,ZKB Silver ETF - EUR,N/A,TRADEABLE,-,SHARES,ZK
ZKINUS,UD.D.ZKINUS.CASH.IP,ZK International Group Company Limited,N/A,TRADEABLE,-,SHARES,ZK
ZMUS,UD.D.ZMUS.CASH.IP,Zoom Video Communications Inc (24 Hours),N/A,TRADEABLE,-,SHARES,ZM
ZTSUS,SH.D.ZTSUS.CASH.IP,Zoetis Inc (24 Hours),N/A,TRADEABLE,-,SHARES,ZO
ZO1GY,ED.D.ZO1GY.CASH.IP,zooplus AG,N/A,OFFLINE,-,SHARES,ZO
ZGNXUS,UD.D.ZGNXUS.CASH.IP,Zogenix Inc,N/A,CLOSED,-,SHARES,ZO
ZOMUS,SI.D.ZOMUS.CASH.IP,Zomedica Corp,N/A,OFFLINE,-,SHARES,ZO
ZTF,KA.D.ZTF.CASH.IP,Zotefoams PLC,N/A,TRADEABLE,-,SHARES,ZO
3092JT,AJ.D.3092JT.CASH.IP,Zozo Inc,N/A,EDITS_ONLY,-,SHARES,ZO
ZNOAU,AB.D.ZNOAU.CASH.IP,Zoono Group Limited,N/A,EDITS_ONLY,-,SHARES,ZO
7965JT,AJ.D.7965JT.CASH.IP,Zojirushi Corporation,N/A,EDITS_ONLY,-,SHARES,ZO
CSB,KC.D.CSB.CASH.IP,Zoltav Resources Inc,N/A,ON_AUCTION,-,SHARES,ZO
ZOO,KC.D.ZOO.CASH.IP,Zoo Digital Group PLC,N/A,TRADEABLE,-,SHARES,ZO
ZIUS,UD.D.ZIUS.CASH.IP,ZoomInfo Technologies Inc,N/A,TRADEABLE,-,SHARES,ZO
ZSANUS,UD.D.ZSANUS.CASH.IP,Zosano Pharma Corporation,N/A,CLOSED,-,SHARES,ZO
SZMELN,KA.D.SZMELN.CASH.IP,Leverage Shares -1x Short Zoom ETP - EUR,N/A,OFFLINE,-,SHARES,ZO
SZMLN,KA.D.SZMLN.CASH.IP,Leverage Shares -1x Short Zoom ETP - GBp,N/A,OFFLINE,-,SHARES,ZO
ZMSLN,KA.D.ZMSLN.CASH.IP,Leverage Shares -1x Short Zoom ETP - USD,N/A,OFFLINE,-,SHARES,ZO
3ZMELN,KA.D.3ZMELN.CASH.IP,Leverage Shares 3x Zoom ETP - EUR,N/A,OFFLINE,-,SHARES,ZO
3ZMLN,KA.D.3ZMLN.CASH.IP,Leverage Shares 3x Zoom ETP - GBp,N/A,OFFLINE,-,SHARES,ZO
ZM3LN,KA.D.ZM3LN.CASH.IP,Leverage Shares 3x Zoom ETP - USD,N/A,OFFLINE,-,SHARES,ZO
1157HK,AC.D.1157HK.CASH.IP,Zoomlion Heavy Industry Science and Technology Co Ltd,N/A,EDITS_ONLY,-,SHARES,ZO
ZPRGGY,ED.D.ZPRGGY.CASH.IP,SPDR(r) S&P Global Dividend Aristocrats UCITS ETF - ZPRG,N/A,TRADEABLE,-,SHARES,ZP
ZSUS,UD.D.ZSUS.CASH.IP,Zscaler Inc (24 Hours),N/A,TRADEABLE,-,SHARES,ZS
763HK,AC.D.763HK.CASH.IP,ZTE Corp,N/A,EDITS_ONLY,-,SHARES,ZT
ZTOUS,SH.D.ZTOUS.CASH.IP,ZTO Express Cayman Inc,N/A,TRADEABLE,-,SHARES,ZT
6947JT,AJ.D.6947JT.CASH.IP,Zuken Inc,N/A,EDITS_ONLY,-,SHARES,ZU
ZUMZ,UD.D.ZUMZ.CASH.IP,Zumiez Inc,N/A,TRADEABLE,-,SHARES,ZU
ZUOUS,SH.D.ZUOUS.CASH.IP,Zuora Inc,N/A,CLOSED,-,SHARES,ZU
ZAG,EK.D.ZAG.CASH.IP,Zumtobel AG,N/A,TRADEABLE,-,SHARES,ZU
ZURAUS,UD.D.ZURAUS.CASH.IP,Zura Bio Ltd,N/A,TRADEABLE,-,SHARES,ZU
FHZN,EJ.D.FHZN.CASH.IP,Flughafen Zuerich AG,N/A,TRADEABLE,-,SHARES,ZU
DAUAU,AB.D.DAUAU.CASH.IP,Zuleika Gold Limited,N/A,EDITS_ONLY,-,SHARES,ZU
ZURZ,EJ.D.ZURZ.CASH.IP,Zurich Insurance Group AG,N/A,TRADEABLE,-,SHARES,ZU
RXNUS,SG.D.RXNUS.CASH.IP,Zurn Elkay Water Solutions Corporation,N/A,TRADEABLE,-,SHARES,ZU
CNETUS,UA.D.CNETUS.CASH.IP,ZW Data Action Technologies Inc,N/A,TRADEABLE,-,SHARES,ZW
9890HK,AC.D.9890HK.CASH.IP,Zx Inc,N/A,EDITS_ONLY,-,SHARES,ZX
ZYUS,UD.D.ZYUS.CASH.IP,Zymergen Inc,N/A,CLOSED,-,SHARES,ZY
ZYXIUS,UD.D.ZYXIUS.CASH.IP,Zynex Inc,N/A,CLOSED,-,SHARES,ZY
ZNGA,UD.D.ZNGA.CASH.IP,Zynga Inc,N/A,CLOSED,-,SHARES,ZY
ZYMEUS,SH.D.ZYMEUS.CASH.IP,Zymeworks Inc,N/A,TRADEABLE,-,SHARES,ZY
ZYTLN,KC.D.ZYTLN.CASH.IP,Zytronic PLC,N/A,OFFLINE,-,SHARES,ZY
ZYBAU,AB.D.ZYBAU.CASH.IP,Zyber Holdings Limited,N/A,CLOSED,-,SHARES,ZY
ZYNEUS,UD.D.ZYNEUS.CASH.IP,Zynerba Pharmaceuticals Inc,N/A,CLOSED,-,SHARES,ZY
TXGUS,UD.D.TXGUS.CASH.IP,10x Genomics Inc,N/A,TRADEABLE,-,SHARES,10
N100AU,AB.D.N100AU.CASH.IP,Global X US 100 ETF,N/A,EDITS_ONLY,-,SHARES,10
EP060856E,UB.D.EP060856E.CASH.IP,Strategy Inc (STRD) 10 PERP,N/A,TRADEABLE,-,SHARES,10
EP060807E,UB.D.EP060807E.CASH.IP,Strategy Inc (STRF) 10 PERP,N/A,TRADEABLE,-,SHARES,10
OEFUS,SI.D.OEFUS.CASH.IP,iShares S&P 100 ETF,N/A,TRADEABLE,-,SHARES,10
HODLXNA,EG.D.HODLXNA.CASH.IP,21Shares Crypto Basket 10 ETP,N/A,TRADEABLE,-,SHARES,10
ANXULN,KA.D.ANXULN.CASH.IP,Amundi Nasdaq-100 ETF-C USD,N/A,TRADEABLE,-,SHARES,10
NDQAU,AB.D.NDQAU.CASH.IP,BetaShares NASDAQ 100 ETF,N/A,EDITS_ONLY,-,SHARES,10
GVLUUS,SI.D.GVLUUS.CASH.IP,Gotham 1000 Value ETF,N/A,TRADEABLE,-,SHARES,10
QQQMUS,UC.D.QQQMUS.CASH.IP,Invesco Nasdaq 100 ETF,N/A,TRADEABLE,-,SHARES,10
USTLN,KA.D.USTLN.CASH.IP,Lyxor UCITS ETF Nasdaq-100 - UST,N/A,OFFLINE,-,SHARES,10
TMFCUS,SI.D.TMFCUS.CASH.IP,Motley Fool 100 Index ETF,N/A,TRADEABLE,-,SHARES,10
PTNQUS,SI.D.PTNQUS.CASH.IP,Pacer Trendpilot 100 ETF,N/A,TRADEABLE,-,SHARES,10
COWZUS,SB.D.COWZUS.CASH.IP,Pacer US Cash Cows 100 ETF,N/A,TRADEABLE,-,SHARES,10
TBXUS,SI.D.TBXUS.CASH.IP,ProShares Short 7-10 Treasury,N/A,TRADEABLE,-,SHARES,10
SCHKUS,SI.D.SCHKUS.CASH.IP,Schwab 1000 Index ETF,N/A,TRADEABLE,-,SHARES,10
EP060888E,UB.D.EP060888E.CASH.IP,Strategy Inc (STRC) 10.5 PERP,N/A,TRADEABLE,-,SHARES,10
UTENUS,UD.D.UTENUS.CASH.IP,US Treasury 10 Year Note ETF,N/A,TRADEABLE,-,SHARES,10
AIDXUS,UA.D.AIDXUS.CASH.IP,20/20 Biolabs Inc,N/A,TRADEABLE,-,SHARES,20
STWAU,AF.D.STWAU.CASH.IP,SPDR S&P/ASX 200 Fund,N/A,EDITS_ONLY,-,SHARES,20
ILCAU,AB.D.ILCAU.CASH.IP,iShares S&P/ASX 20 ETF,N/A,EDITS_ONLY,-,SHARES,20
A200AU,AB.D.A200AU.CASH.IP,BetaShares Australia 200 ETF,N/A,EDITS_ONLY,-,SHARES,20
2244JT,AJ.D.2244JT.CASH.IP,Global X US Tech Top 20 ETF,N/A,EDITS_ONLY,-,SHARES,20
NIWMUS,SI.D.NIWMUS.CASH.IP,Nightshares 2000 ETF,N/A,CLOSED,-,SHARES,20
OZRAU,AB.D.OZRAU.CASH.IP,SPDR S&P ASX 200 Resources Fund,N/A,EDITS_ONLY,-,SHARES,20
E200AU,AB.D.E200AU.CASH.IP,SPDR S&P/ASX 200 ESG Fund,N/A,EDITS_ONLY,-,SHARES,20
SVREUS,UD.D.SVREUS.CASH.IP,SaverOne 2014 Limited,N/A,TRADEABLE,-,SHARES,20
P4FGR,ED.D.P4FGR.CASH.IP,Seadrill 2021 Limited,N/A,TRADEABLE,-,SHARES,20
TPVCLN,KA.D.TPVCLN.CASH.IP,Triple Point VCT 2011 PLC,N/A,OFFLINE,-,SHARES,20
VTWOUS,UD.D.VTWOUS.CASH.IP,Vanguard Russell 2000 ETF,N/A,TRADEABLE,-,SHARES,20
VTWGUS,UD.D.VTWGUS.CASH.IP,Vanguard Russell 2000 Growth,N/A,TRADEABLE,-,SHARES,20
IOZAU,AB.D.IOZAU.CASH.IP,iShares Core S&P ASX 200 ETF,N/A,EDITS_ONLY,-,SHARES,20
IWM,SI.D.IWM.CASH.IP,iShares Russell 2000 ETF (24 Hours),N/A,TRADEABLE,-,SHARES,20
SP20LN,KA.D.SP20LN.CASH.IP,iShares S&P 500 Top 20 UCITS ETF,N/A,TRADEABLE,-,SHARES,20
AHNOAU,AB.D.AHNOAU.CASH.IP,Athena Resources Limited Options @ AUD 0.018 EXP 20/10/2025,N/A,CLOSED,-,SHARES,20
CDROAU,AB.D.CDROAU.CASH.IP,Codrus Minerals Ltd Options @ AUD 0.125 EXP 20/09/2024,N/A,CLOSED,-,SHARES,20
GLNOBAU,AB.D.GLNOBAU.CASH.IP,Galan Lithium Ltd Options @ AUD 0.65 EXP 20/03/2029,N/A,EDITS_ONLY,-,SHARES,20
KATOAU,AB.D.KATOAU.CASH.IP,Katana Capital Ltd/Fund Options @ AUD 1.25 EXP 20/08/2025,N/A,CLOSED,-,SHARES,20
MGTOEAU,AB.D.MGTOEAU.CASH.IP,Magnetite Mines Limited Options @ AUD 2.5 EXP 20/5/2023,N/A,CLOSED,-,SHARES,20
MRROAU,AB.D.MRROAU.CASH.IP,MinRex Resources Ltd Options @ AUD 0.02 EXP 20/01/2030,N/A,EDITS_ONLY,-,SHARES,20
ALS30FP,EC.D.ALS30FP.CASH.IP,Solutions 30 S.E.,N/A,TRADEABLE,-,SHARES,30
UTHYUS,UD.D.UTHYUS.CASH.IP,US Treasury 30 Year Bond ETF,N/A,TRADEABLE,-,SHARES,30
ITEKAU,AB.D.ITEKAU.CASH.IP,iShares Nasdaq Top 30 ETF,N/A,EDITS_ONLY,-,SHARES,30
IWVUS,SI.D.IWVUS.CASH.IP,iShares Russell 3000 ETF,N/A,TRADEABLE,-,SHARES,30
AAUOCAU,AB.D.AAUOCAU.CASH.IP,Antilles Gold Ltd @ AUD 0.10 EXP 30/06/2025,N/A,CLOSED,-,SHARES,30
AQDOCAU,AB.D.AQDOCAU.CASH.IP,AusQuest Ltd Options @ AUD 0.025 EXP 30/11/2021,N/A,CLOSED,-,SHARES,30
SPYAU,AB.D.SPYAU.CASH.IP,SPDR S&P 500 ETF Trust,N/A,EDITS_ONLY,-,SHARES,50
SFYAU,AB.D.SFYAU.CASH.IP,SPDR S&P/ASX 50 Fund,N/A,EDITS_ONLY,-,SHARES,50
STX500SJ,AR.D.STX500SJ.CASH.IP,Satrix S&P 500 ETF,N/A,TRADEABLE,-,SHARES,50
VOO,SI.D.VOO.CASH.IP,Vanguard S&P 500 ETF (24 Hours),N/A,TRADEABLE,-,SHARES,50
IAAAU,AB.D.IAAAU.CASH.IP,iShares Asia 50 ETF (AU),N/A,EDITS_ONLY,-,SHARES,50
FXIUS,SI.D.FXIUS.CASH.IP,iShares China 50 ETF,N/A,TRADEABLE,-,SHARES,50
INDYUS,UB.D.INDYUS.CASH.IP,iShares India 50 ETF,N/A,TRADEABLE,-,SHARES,50
1655JT,AJ.D.1655JT.CASH.IP,iShares S&P 500 ETF,N/A,EDITS_ONLY,-,SHARES,50
IVVAU,AB.D.IVVAU.CASH.IP,iShares S&P 500 ETF,N/A,EDITS_ONLY,-,SHARES,50
BGZUS,SI.D.BGZUS.CASH.IP,Direxion Daily S&P 500 Bear 3x,N/A,TRADEABLE,-,SHARES,50
BGUUS,SI.D.BGUUS.CASH.IP,Direxion Daily S&P 500 Bull 3x,N/A,TRADEABLE,-,SHARES,50
CHNXLN,KA.D.CHNXLN.CASH.IP,Invesco ChiNext 50 UCITS ETF,N/A,TRADEABLE,-,SHARES,50
SPMOUS,SI.D.SPMOUS.CASH.IP,Invesco S&P 500 Momentum ETF,N/A,TRADEABLE,-,SHARES,50
D500GY,ED.D.D500GY.CASH.IP,Invesco S&P 500 UCITS ETF,N/A,TRADEABLE,-,SHARES,50
SPXPLN,KA.D.SPXPLN.CASH.IP,Invesco S&P 500 UCITS ETF,N/A,TRADEABLE,-,SHARES,50
SPXSLN,KA.D.SPXSLN.CASH.IP,Invesco S&P 500 UCITS ETF,N/A,TRADEABLE,-,SHARES,50
G500LN,KA.D.G500LN.CASH.IP,Invesco S&P 500 UCITS ETF (GBP),N/A,TRADEABLE,-,SHARES,50
SUK1LN,KA.D.SUK1LN.CASH.IP,WisdomTree FTSE 100 1x Daily S,N/A,TRADEABLE,-,SHARES,100
2UKSLN,KA.D.2UKSLN.CASH.IP,WisdomTree FTSE 100 2x Daily S,N/A,TRADEABLE,-,SHARES,100
3UKLLN,KA.D.3UKLLN.CASH.IP,WisdomTree FTSE 100 3x Daily L,N/A,TRADEABLE,-,SHARES,100
3UKSLN,KA.D.3UKSLN.CASH.IP,WisdomTree FTSE 100 3x Daily S,N/A,TRADEABLE,-,SHARES,100
CUKXLN,KA.D.CUKXLN.CASH.IP,iShares FTSE 100 UCITS ETF (Acc),N/A,TRADEABLE,-,SHARES,100
SXRWGY,ED.D.SXRWGY.CASH.IP,iShares FTSE 100 UCITS ETF (Acc) (Euro),N/A,TRADEABLE,-,SHARES,100
IOOAU,AB.D.IOOAU.CASH.IP,iShares Global 100 ETF (AU),N/A,EDITS_ONLY,-,SHARES,100
IWBUS,SI.D.IWBUS.CASH.IP,iShares Russell 1000 ETF,N/A,TRADEABLE,-,SHARES,100
ANXGLN,KA.D.ANXGLN.CASH.IP,Amundi Nasdaq-100 Swap UCITS ETF (GBP),N/A,TRADEABLE,-,SHARES,100
QUSAU,AB.D.QUSAU.CASH.IP,BetaShares FTSE RAFI U.S. 1000 ETF,N/A,EDITS_ONLY,-,SHARES,100
HNDQAU,AB.D.HNDQAU.CASH.IP,Betashares Nasdaq 100 ETF - Currency Hedged,N/A,EDITS_ONLY,-,SHARES,100
QNDQAU,AB.D.QNDQAU.CASH.IP,Betashares Nasdaq 100 Equal Weight ETF,N/A,EDITS_ONLY,-,SHARES,100
ASG,KC.D.ASG.CASH.IP,Insetco PLC,N/A,OFFLINE,-,SHARES,Inc
TWOUUS,UD.D.TWOUUS.CASH.IP,2U Inc,N/A,CLOSED,-,SHARES,Inc
EGHTUS,UB.D.EGHTUS.CASH.IP,8x8 Inc,N/A,TRADEABLE,-,SHARES,Inc
CAEUS,SB.D.CAEUS.CASH.IP,CAE Inc,N/A,TRADEABLE,-,SHARES,Inc
699HK,AC.D.699HK.CASH.IP,CAR Inc,N/A,EDITS_ONLY,-,SHARES,Inc
DOWWUS,SB.D.DOWWUS.CASH.IP,Dow Inc (24 Hours),N/A,TRADEABLE,-,SHARES,Inc
FFIV,UB.D.FFIV.CASH.IP,F5 Inc (24 Hours),N/A,TRADEABLE,-,SHARES,Inc
2413JT,AJ.D.2413JT.CASH.IP,M3 Inc,N/A,EDITS_ONLY,-,SHARES,Inc
CORPLN,KA.D.CORPLN.CASH.IP,iShares Global Corporate Bond UCITS ETF,N/A,TRADEABLE,-,SHARES,Corp
9696JT,AJ.D.9696JT.CASH.IP,With us Corp,N/A,CLOSED,-,SHARES,Corp
7936JT,AJ.D.7936JT.CASH.IP,Asics Corp,N/A,EDITS_ONLY,-,SHARES,Corp
CBT,SB.D.CBT.CASH.IP,Cabot Corp,N/A,TRADEABLE,-,SHARES,Corp
CTRUS,SB.D.CTRUS.CASH.IP,Cato Corp,N/A,TRADEABLE,-,SHARES,Corp
FLTUS,SC.D.FLTUS.CASH.IP,Corpay Inc (24 Hours),N/A,TRADEABLE,-,SHARES,Corp
DOV,SB.D.DOV.CASH.IP,Dover Corp (24 Hours),N/A,TRADEABLE,-,SHARES,Corp
ANN,AA.D.ANN.CASH.IP,Ansell Ltd,N/A,EDITS_ONLY,-,SHARES,Ltd
GGHAU,AB.D.GGHAU.CASH.IP,PLC Financial Solutions Limited,N/A,CLOSED,-,SHARES,PLC
PLCCN,KN.D.PLCCN.CASH.IP,Park Lawn Corporation,N/A,OFFLINE,-,SHARES,PLC
S3NAU,AB.D.S3NAU.CASH.IP,Premier Lithium Limited,N/A,EDITS_ONLY,-,SHARES,PLC
FAMLN,KC.D.FAMLN.CASH.IP,80 Mile PLC,N/A,TRADEABLE,-,SHARES,PLC
STHOUS,UD.D.STHOUS.CASH.IP,Star Holdings,N/A,TRADEABLE,-,SHARES,Holdings
VIIAUUS,UD.D.VIIAUUS.CASH.IP,7GC & Co. Holdings Inc (Unit),N/A,CLOSED,-,SHARES,Holdings
8IHAU,AB.D.8IHAU.CASH.IP,8I Holdings Limited,N/A,EDITS_ONLY,-,SHARES,Holdings
9202JT,AJ.D.9202JT.CASH.IP,ANA Holdings Inc,N/A,EDITS_ONLY,-,SHARES,Holdings
ARMUS,UA.D.ARMUS.CASH.IP,ARM Holdings PLC ADR (24 Hours),N/A,TRADEABLE,-,SHARES,Holdings
ABPUS,UA.D.ABPUS.CASH.IP,Abpro Holdings Inc,N/A,OFFLINE,-,SHARES,Holdings
ADRSJ,AR.D.ADRSJ.CASH.IP,Adcorp Holdings Ltd,N/A,TRADEABLE,-,SHARES,Holdings
7373JT,AJ.D.7373JT.CASH.IP,Aidma Holdings Inc,N/A,EDITS_ONLY,-,SHARES,Holdings
9627JT,AJ.D.9627JT.CASH.IP,Ain Holdings Inc,N/A,EDITS_ONLY,-,SHARES,Holdings
LSRLN,KA.D.LSRLN.CASH.IP,Alina Holdings PLC,N/A,TRADEABLE,-,SHARES,Holdings
EATSM,EI.D.EATSM.CASH.IP,AmRest Holdings SE,N/A,TRADEABLE,-,SHARES,Holdings
AMGOLN,KA.D.AMGOLN.CASH.IP,Amigo Holdings PLC,N/A,TRADEABLE,-,SHARES,Holdings
7071JT,AJ.D.7071JT.CASH.IP,Amvis Holdings Inc,N/A,EDITS_ONLY,-,SHARES,Holdings
8715JT,AJ.D.8715JT.CASH.IP,Anicom Holdings Inc,N/A,EDITS_ONLY,-,SHARES,Holdings
AVHUS,SA.D.AVHUS.CASH.IP,Avianca Holdings SA,N/A,CLOSED,-,SHARES,Holdings
VLOXLN,KC.D.VLOXLN.CASH.IP,B90 Holdings PLC,N/A,TRADEABLE,-,SHARES,Holdings
CCCRUS,UA.D.CCCRUS.CASH.IP,BAIYU Holdings Inc,N/A,CLOSED,-,SHARES,Holdings
BILLUS,SA.D.BILLUS.CASH.IP,"BILL Holdings, Inc",N/A,TRADEABLE,-,SHARES,Holdings
BNXACN,KN.D.BNXACN.CASH.IP,Banxa Holdings Inc,N/A,OFFLINE,-,SHARES,Holdings
BTGOUS,SA.D.BTGOUS.CASH.IP,Bitgo Holdings Inc,N/A,TRADEABLE,-,SHARES,Holdings
CDREUS,SB.D.CDREUS.CASH.IP,Cadre Holdings Inc,N/A,TRADEABLE,-,SHARES,Holdings
CNNEUS,SB.D.CNNEUS.CASH.IP,Cannae Holdings Inc,N/A,TRADEABLE,-,SHARES,Holdings
KORS,SD.D.KORS.CASH.IP,Capri Holdings Ltd,N/A,TRADEABLE,-,SHARES,Holdings
CENERGA,ER.D.CENERGA.CASH.IP,Cenergy Holdings SA,N/A,EDITS_ONLY,-,SHARES,Holdings
CHAUS,UA.D.CHAUS.CASH.IP,Chagee Holdings Ltd,N/A,TRADEABLE,-,SHARES,Holdings
3962JT,AJ.D.3962JT.CASH.IP,Change Holdings Inc,N/A,EDITS_ONLY,-,SHARES,Holdings
CHUYUS,UA.D.CHUYUS.CASH.IP,Chuy's Holdings Inc,N/A,CLOSED,-,SHARES,Holdings
IFONUS,UB.D.IFONUS.CASH.IP,Cool Holdings Inc,N/A,OFFLINE,-,SHARES,Holdings
SIXH,KC.D.SIXH.CASH.IP,600 Group PLC,N/A,CLOSED,-,SHARES,Group
ALBK,EE.D.ALBK.CASH.IP,AIB Group PLC (Euronext Dublin),N/A,TRADEABLE,-,SHARES,Group
ALBKLN,KA.D.ALBKLN.CASH.IP,AIB Group PLC (LSE),N/A,TRADEABLE,-,SHARES,Group
ABP,AF.D.ABP.CASH.IP,Abacus Group,N/A,EDITS_ONLY,-,SHARES,Group
PHYFP,EC.D.PHYFP.CASH.IP,Ales Groupe,N/A,OFFLINE,-,SHARES,Group
ALPUS,UA.D.ALPUS.CASH.IP,Alps Group Inc,N/A,TRADEABLE,-,SHARES,Group
ALU,KC.D.ALU.CASH.IP,Alumasc Group,N/A,TRADEABLE,-,SHARES,Group
ANOTSS,EH.D.ANOTSS.CASH.IP,Anoto Group AB (publ),N/A,TRADEABLE,-,SHARES,Group
APZ,AF.D.APZ.CASH.IP,Aspen Group,N/A,EDITS_ONLY,-,SHARES,Group
TECH,UD.D.TECH.CASH.IP,Techne Corp (24 Hours),N/A,TRADEABLE,-,SHARES,Tech
TECHLN,KC.D.TECHLN.CASH.IP,TechFinancials Inc,N/A,OFFLINE,-,SHARES,Tech
TECHAU,AB.D.TECHAU.CASH.IP,ETFS Morningstar Global Technology ETF,N/A,EDITS_ONLY,-,SHARES,Tech
HEBTUS,UB.D.HEBTUS.CASH.IP,AIOS Tech Inc,N/A,TRADEABLE,-,SHARES,Tech
MTEKUS,UC.D.MTEKUS.CASH.IP,MARIS - TECH LTD,N/A,TRADEABLE,-,SHARES,Tech
TGYMIM,EF.D.TGYMIM.CASH.IP,Technogym SpA,N/A,TRADEABLE,-,SHARES,Tech
APTUS,SI.D.APTUS.CASH.IP,Alpha Pro Tech Ltd,N/A,TRADEABLE,-,SHARES,Tech
AVIDUS,UA.D.AVIDUS.CASH.IP,Avid Technology Inc,N/A,CLOSED,-,SHARES,Tech
DXYZUS,SB.D.DXYZUS.CASH.IP,Destiny Tech100 Inc,N/A,TRADEABLE,-,SHARES,Tech
HITUS,UB.D.HITUS.CASH.IP,Health In Tech Inc,N/A,TRADEABLE,-,SHARES,Tech
ITPUS,SD.D.ITPUS.CASH.IP,IT Tech Packaging Inc,N/A,TRADEABLE,-,SHARES,Tech
MINDUS,UC.D.MINDUS.CASH.IP,MIND Technology Inc,N/A,TRADEABLE,-,SHARES,Tech
MTECLN,KC.D.MTECLN.CASH.IP,Made Tech Group PLC,N/A,TRADEABLE,-,SHARES,Tech
REDUUS,UC.D.REDUUS.CASH.IP,NaaS Technology INC,N/A,TRADEABLE,-,SHARES,Tech
SPAQLN,KC.D.SPAQLN.CASH.IP,ONDO INSUR TECH PLC,N/A,TRADEABLE,-,SHARES,Tech
ORAPZ,KC.D.ORAPZ.CASH.IP,Ora Technology PLC,N/A,OFFLINE,-,SHARES,Tech
AKERUS,UA.D.AKERUS.CASH.IP,Q/C Technologies Inc,N/A,TRADEABLE,-,SHARES,Tech
SCOAUUS,UD.D.SCOAUUS.CASH.IP,Scion Tech Growth I (Unit),N/A,CLOSED,-,SHARES,Tech
TPCSUS,UD.D.TPCSUS.CASH.IP,TechPrecision Corp,N/A,TRADEABLE,-,SHARES,Tech
TTGTUS,UD.D.TTGTUS.CASH.IP,TechTarget Inc,N/A,TRADEABLE,-,SHARES,Tech
TCNAU,AB.D.TCNAU.CASH.IP,Techniche Limited,N/A,CLOSED,-,SHARES,Tech
DERRLN,KC.D.DERRLN.CASH.IP,S4 Capital PLC,N/A,TRADEABLE,-,SHARES,Capital
TOTAU,AB.D.TOTAU.CASH.IP,360 Capital REIT,N/A,EDITS_ONLY,-,SHARES,Capital
ARCC,UA.D.ARCC.CASH.IP,Ares Capital Corp,N/A,TRADEABLE,-,SHARES,Capital
BAYLN,KC.D.BAYLN.CASH.IP,Bay Capital PLC,N/A,TRADEABLE,-,SHARES,Capital
CDMAU,AB.D.CDMAU.CASH.IP,Cadence Capital Ltd,N/A,EDITS_ONLY,-,SHARES,Capital
CAPLSP,AG.D.CAPLSP.CASH.IP,CapitaLand Ltd,N/A,CLOSED,-,SHARES,Capital
PAL,KC.D.PAL.CASH.IP,Capital Metals PLC,N/A,TRADEABLE,-,SHARES,Capital
DEAIM,EF.D.DEAIM.CASH.IP,DeA Capital SpA,N/A,TRADEABLE,-,SHARES,Capital
FOSAU,AB.D.FOSAU.CASH.IP,FOS Capital Limited,N/A,EDITS_ONLY,-,SHARES,Capital
FCAPUS,UB.D.FCAPUS.CASH.IP,First Capital Inc,N/A,TRADEABLE,-,SHARES,Capital
CGEOLN,KA.D.CGEOLN.CASH.IP,Georgia Capital PLC,N/A,TRADEABLE,-,SHARES,Capital
K3CLN,KC.D.K3CLN.CASH.IP,K3 Capital Group PLC,N/A,OFFLINE,-,SHARES,Capital
MAHAASS,EH.D.MAHAASS.CASH.IP,Maha Capital AB,N/A,TRADEABLE,-,SHARES,Capital
MIILN,KC.D.MIILN.CASH.IP,Milton Capital PLC,N/A,TRADEABLE,-,SHARES,Capital
PCALN,KC.D.PCALN.CASH.IP,Palace Capital PLC,N/A,TRADEABLE,-,SHARES,Capital
SIVAU,AB.D.SIVAU.CASH.IP,SIV Capital Limited,N/A,EDITS_ONLY,-,SHARES,Capital
SACHUS,SI.D.SACHUS.CASH.IP,Sachem Capital Corp,N/A,TRADEABLE,-,SHARES,Capital
SECCN,KN.D.SECCN.CASH.IP,Senvest Capital Inc,N/A,TRADEABLE,-,SHARES,Capital
SLRC,UD.D.SLRC.CASH.IP,Solar Capital Ltd,N/A,TRADEABLE,-,SHARES,Capital
TAULN,KC.D.TAULN.CASH.IP,Tau Capital PLC,N/A,OFFLINE,-,SHARES,Capital
TRINUS,UD.D.TRINUS.CASH.IP,Trinity Capital Inc,N/A,TRADEABLE,-,SHARES,Capital
HEVPZ,KC.D.HEVPZ.CASH.IP,Vaultz Capital PLC,N/A,TRADEABLE,-,SHARES,Capital
VCAPLN,KC.D.VCAPLN.CASH.IP,Vector Capital PLC,N/A,CLOSED,-,SHARES,Capital
TGP,AF.D.TGP.CASH.IP,360 Capital Group Limited,N/A,CLOSED,-,SHARES,Capital
AYFAU,AB.D.AYFAU.CASH.IP,360 Capital Mortgage REIT,N/A,EDITS_ONLY,-,SHARES,Capital
PTGEFUS,UC.D.PTGEFUS.CASH.IP,AlphaTON Capital Corp,N/A,TRADEABLE,-,SHARES,Capital
ACGL,UA.D.ACGL.CASH.IP,Arch Capital Group Ltd (24 Hours),N/A,TRADEABLE,-,SHARES,Capital
ACPLN,KC.D.ACPLN.CASH.IP,Armadale Capital PLC,N/A,CLOSED,-,SHARES,Capital
AUSACN,KN.D.AUSACN.CASH.IP,Australis Capital Inc,N/A,OFFLINE,-,SHARES,Capital
2868HK,AC.D.2868HK.CASH.IP,Beijing Capital Land Limited,N/A,CLOSED,-,SHARES,Capital
HZNPUS,UB.D.HZNPUS.CASH.IP,Horizon Pharma Inc,N/A,CLOSED,-,SHARES,Pharma
INITSS,EH.D.INITSS.CASH.IP,Initiator Pharma AS,N/A,TRADEABLE,-,SHARES,Pharma
IPHAUS,UB.D.IPHAUS.CASH.IP,Innate Pharma SA,N/A,TRADEABLE,-,SHARES,Pharma
IPHFP,EC.D.IPHFP.CASH.IP,Innate Pharma SA,N/A,TRADEABLE,-,SHARES,Pharma
INZYUS,UB.D.INZYUS.CASH.IP,Inozyme Pharma Inc,N/A,CLOSED,-,SHARES,Pharma
LTRNUS,UB.D.LTRNUS.CASH.IP,Lantern Pharma Inc,N/A,TRADEABLE,-,SHARES,Pharma
MOBSS,EH.D.MOBSS.CASH.IP,Moberg Pharma AB (publ),N/A,TRADEABLE,-,SHARES,Pharma
NXTCLSS,EH.D.NXTCLSS.CASH.IP,NextCell Pharma AB,N/A,TRADEABLE,-,SHARES,Pharma
KANSS,EH.D.KANSS.CASH.IP,Novakand Pharma AB,N/A,OFFLINE,-,SHARES,Pharma
PHNIM,EF.D.PHNIM.CASH.IP,Pharmanutra SpA,N/A,TRADEABLE,-,SHARES,Pharma
POLBLN,KC.D.POLBLN.CASH.IP,Poolbeg Pharma PLC,N/A,TRADEABLE,-,SHARES,Pharma
REDXLN,KC.D.REDXLN.CASH.IP,Redx Pharma PLC,N/A,CLOSED,-,SHARES,Pharma
RPRX,UC.D.RPRX.CASH.IP,Royalty Pharma PLC,N/A,TRADEABLE,-,SHARES,Pharma
SILOUS,UD.D.SILOUS.CASH.IP,Silo Pharma Inc,N/A,TRADEABLE,-,SHARES,Pharma
BIOUS,SA.D.BIOUS.CASH.IP,Bio-Rad Laboratories Inc,N/A,TRADEABLE,-,SHARES,Bio
BIOAU,AB.D.BIOAU.CASH.IP,Biome Australia Limited,N/A,EDITS_ONLY,-,SHARES,Bio
BTLSBB,EA.D.BTLSBB.CASH.IP,Biotalys NV,N/A,TRADEABLE,-,SHARES,Bio
BVXPLN,KC.D.BVXPLN.CASH.IP,Bioventix PLC,N/A,TRADEABLE,-,SHARES,Bio
BVSUS,UA.D.BVSUS.CASH.IP,Bioventus Inc,N/A,TRADEABLE,-,SHARES,Bio
INMBUS,UB.D.INMBUS.CASH.IP,INmune Bio Inc,N/A,TRADEABLE,-,SHARES,Bio
TILUS,UD.D.TILUS.CASH.IP,Instil Bio Inc,N/A,TRADEABLE,-,SHARES,Bio
MTFBLN,KA.D.MTFBLN.CASH.IP,Motif Bio PLC,N/A,ON_AUCTION,-,SHARES,Bio
HEALTHFH,EB.D.HEALTHFH.CASH.IP,Nightingale Health OYJ,N/A,TRADEABLE,-,SHARES,Health
JWSUS,SD.D.JWSUS.CASH.IP,Cano Health Inc,N/A,CLOSED,-,SHARES,Health
CAJ,AB.D.CAJ.CASH.IP,Capitol Health Ltd,N/A,CLOSED,-,SHARES,Health
CAH,SB.D.CAH.CASH.IP,Cardinal Health Inc (24 Hours),N/A,TRADEABLE,-,SHARES,Health
COSMUS,UA.D.COSMUS.CASH.IP,Cosmos Health Inc,N/A,TRADEABLE,-,SHARES,Health
GDBYPZ,KC.D.GDBYPZ.CASH.IP,Goodbody Health Ltd,N/A,CLOSED,-,SHARES,Health
HCATUS,UB.D.HCATUS.CASH.IP,Health Catalyst Inc,N/A,TRADEABLE,-,SHARES,Health
HQYUS,UB.D.HQYUS.CASH.IP,HealthEquity Inc,N/A,TRADEABLE,-,SHARES,Health
HSTMUS,UB.D.HSTMUS.CASH.IP,HealthStream Inc,N/A,TRADEABLE,-,SHARES,Health
HLAAU,AB.D.HLAAU.CASH.IP,Healthia Limited,N/A,CLOSED,-,SHARES,Health
2587HK,AC.D.2587HK.CASH.IP,HealthyWay Inc,N/A,EDITS_ONLY,-,SHARES,Health
OHGRPZ,KC.D.OHGRPZ.CASH.IP,One Health Group PLC,N/A,TRADEABLE,-,SHARES,Health
RNVAUS,UC.D.RNVAUS.CASH.IP,Rennova Health Inc,N/A,OFFLINE,-,SHARES,Health
SGFYUS,SG.D.SGFYUS.CASH.IP,Signify Health Inc,N/A,CLOSED,-,SHARES,Health
SYNHUS,UD.D.SYNHUS.CASH.IP,Syneos Health Inc,N/A,CLOSED,-,SHARES,Health
SYRAUS,UD.D.SYRAUS.CASH.IP,Syra Health Corp,N/A,OFFLINE,-,SHARES,Health
TDOCUS,SG.D.TDOCUS.CASH.IP,Teladoc Health Inc,N/A,TRADEABLE,-,SHARES,Health
AMHC,UA.D.AMHC.CASH.IP,Tivity Health Inc,N/A,CLOSED,-,SHARES,Health
TRLSLN,KC.D.TRLSLN.CASH.IP,Trellus Health PLC,N/A,SUSPENDED,-,SHARES,Health
2GB,ED.D.2GB.CASH.IP,2G Energy AG,N/A,TRADEABLE,-,SHARES,Energy
TPET,KC.D.TPET.CASH.IP,88 Energy Ltd,N/A,TRADEABLE,-,SHARES,Energy
AGLAU,AA.D.AGLAU.CASH.IP,AGL Energy Ltd,N/A,EDITS_ONLY,-,SHARES,Energy
D3EAU,AB.D.D3EAU.CASH.IP,D3 Energy Ltd,N/A,EDITS_ONLY,-,SHARES,Energy
HFIPZ,KC.D.HFIPZ.CASH.IP,Energy B PLC,N/A,TRADEABLE,-,SHARES,Energy
I3ELN,KC.D.I3ELN.CASH.IP,I3 Energy PLC,N/A,OFFLINE,-,SHARES,Energy
SRE,SG.D.SRE.CASH.IP,Sempra Energy (24 Hours),N/A,TRADEABLE,-,SHARES,Energy
TPT,AB.D.TPT.CASH.IP,88 Energy Limited,N/A,EDITS_ONLY,-,SHARES,Energy
92EAU,AB.D.92EAU.CASH.IP,92 Energy Limited,N/A,CLOSED,-,SHARES,Energy
ACBAU,AB.D.ACBAU.CASH.IP,A-Cap Energy Limited,N/A,CLOSED,-,SHARES,Energy
ADSEUS,UA.D.ADSEUS.CASH.IP,ADS-TEC Energy PLC,N/A,TRADEABLE,-,SHARES,Energy
ADXAU,AB.D.ADXAU.CASH.IP,ADX Energy Limited,N/A,EDITS_ONLY,-,SHARES,Energy
LNT,SD.D.LNT.CASH.IP,Alliant Energy Corp (24 Hours),N/A,TRADEABLE,-,SHARES,Energy
TELLGA,ER.D.TELLGA.CASH.IP,Bank of Greece,N/A,EDITS_ONLY,-,SHARES,Bank
BKT,EI.D.BKT.CASH.IP,Bankinter SA,N/A,TRADEABLE,-,SHARES,Bank
BXS,SA.D.BXS.CASH.IP,Cadence Bank,N/A,CLOSED,-,SHARES,Bank
8331JT,AJ.D.8331JT.CASH.IP,Chiba Bank Ltd,N/A,EDITS_ONLY,-,SHARES,Bank
MTB,SE.D.MTB.CASH.IP,M&T Bank Corp (24 Hours),N/A,TRADEABLE,-,SHARES,Bank
MTROLN,KA.D.MTROLN.CASH.IP,Metro Bank PLC,N/A,TRADEABLE,-,SHARES,Bank
MORROWSS,EH.D.MORROWSS.CASH.IP,Morrow Bank AB,N/A,TRADEABLE,-,SHARES,Bank
NDA1V,EB.D.NDA1V.CASH.IP,Nordea Bank AB (Fin),N/A,TRADEABLE,-,SHARES,Bank
COLLSS,EH.D.COLLSS.CASH.IP,Norion Bank AB,N/A,TRADEABLE,-,SHARES,Bank
SPNODC,EP.D.SPNODC.CASH.IP,Spar Nord Bank AS,N/A,OFFLINE,-,SHARES,Bank
VJBADC,EP.D.VJBADC.CASH.IP,Vestjysk Bank AS,N/A,OFFLINE,-,SHARES,Bank
ABSPSJ,AR.D.ABSPSJ.CASH.IP,Absa Bank Limited,N/A,CLOSED,-,SHARES,Bank
WBB,AF.D.WBB.CASH.IP,Auswide Bank Ltd,N/A,CLOSED,-,SHARES,Bank
BANONO,EL.D.BANONO.CASH.IP,Bank Norwegian ASA,N/A,OFFLINE,-,SHARES,Bank
BAC,SA.D.BAC.CASH.IP,Bank of America Corp (24 Hours),N/A,TRADEABLE,-,SHARES,Bank
BFINUS,UA.D.BFINUS.CASH.IP,BankFinancial Corp,N/A,CLOSED,-,SHARES,Bank
BKUUS,SA.D.BKUUS.CASH.IP,BankUnited Inc,N/A,TRADEABLE,-,SHARES,Bank
CMBNSW,EJ.D.CMBNSW.CASH.IP,Cembra Money Bank AG,N/A,TRADEABLE,-,SHARES,Bank
CHYMUS,UA.D.CHYMUS.CASH.IP,Chime Financial Inc,N/A,TRADEABLE,-,SHARES,Financial
VIRTUS,UD.D.VIRTUS.CASH.IP,Virtu Financial Inc,N/A,TRADEABLE,-,SHARES,Financial
VOYAUS,SH.D.VOYAUS.CASH.IP,Voya Financial Inc,N/A,TRADEABLE,-,SHARES,Financial
SFI,SG.D.SFI.CASH.IP,iStar Financial Inc,N/A,CLOSED,-,SHARES,Financial
7389JT,AJ.D.7389JT.CASH.IP,Aichi Financial Group Inc,N/A,EDITS_ONLY,-,SHARES,Financial
AMALUS,UA.D.AMALUS.CASH.IP,Amalgamated Financial Corp,N/A,TRADEABLE,-,SHARES,Financial
AFGUS,SA.D.AFGUS.CASH.IP,American Financial Group Inc,N/A,TRADEABLE,-,SHARES,Financial
AMP,SA.D.AMP.CASH.IP,Ameriprise Financial Inc (24 Hours),N/A,TRADEABLE,-,SHARES,Financial
AROWUS,UA.D.AROWUS.CASH.IP,Arrow Financial Corporation,N/A,TRADEABLE,-,SHARES,Financial
AFHUS,UA.D.AFHUS.CASH.IP,Atlas Financial Holdings Inc,N/A,CLOSED,-,SHARES,Financial
BWFGUS,UA.D.BWFGUS.CASH.IP,Bankwell Financial Group Inc,N/A,TRADEABLE,-,SHARES,Financial
BFG,AB.D.BFG.CASH.IP,Bell Financial Group Ltd,N/A,EDITS_ONLY,-,SHARES,Financial
ADS,SA.D.ADS.CASH.IP,Bread Financial Holdings Inc,N/A,TRADEABLE,-,SHARES,Financial
BHFWV,UA.D.BHFWV.CASH.IP,Brighthouse Financial Inc,N/A,TRADEABLE,-,SHARES,Financial
CIXCN,KN.D.CIXCN.CASH.IP,CI Financial Corporation,N/A,OFFLINE,-,SHARES,Financial
COF,SB.D.COF.CASH.IP,Capital One Financial Corp (24 Hours),N/A,TRADEABLE,-,SHARES,Financial
CCAAU,AB.D.CCAAU.CASH.IP,Change Financial Limited,N/A,EDITS_ONLY,-,SHARES,Financial
CINF,UA.D.CINF.CASH.IP,Cincinnati Financial Corp (24 Hours),N/A,TRADEABLE,-,SHARES,Financial
CFGUS,SB.D.CFGUS.CASH.IP,Citizens Financial Group Inc (24 Hours),N/A,TRADEABLE,-,SHARES,Financial
CRBGUS,SB.D.CRBGUS.CASH.IP,Corebridge Financial Inc,N/A,TRADEABLE,-,SHARES,Financial
DFSUS,SB.D.DFSUS.CASH.IP,Discover Financial Services,N/A,CLOSED,-,SHARES,Financial
ED1AU,AB.D.ED1AU.CASH.IP,E&P Financial Group Limited,N/A,CLOSED,-,SHARES,Financial
FISIUS,UB.D.FISIUS.CASH.IP,Financial Institutions Inc,N/A,TRADEABLE,-,SHARES,Financial
GSHDUS,UB.D.GSHDUS.CASH.IP,Goosehead Insurance Inc,N/A,TRADEABLE,-,SHARES,Insurance
THGUS,SG.D.THGUS.CASH.IP,Hanover Insurance Group Inc,N/A,TRADEABLE,-,SHARES,Insurance
HIG,SC.D.HIG.CASH.IP,Hartford Insurance Group Inc (24 Hours),N/A,TRADEABLE,-,SHARES,Insurance
7181JT,AJ.D.7181JT.CASH.IP,Japan Post Insurance Co Ltd,N/A,EDITS_ONLY,-,SHARES,Insurance
7157JT,AJ.D.7157JT.CASH.IP,Lifenet Insurance Company,N/A,EDITS_ONLY,-,SHARES,Insurance
RQIHLN,KC.D.RQIHLN.CASH.IP,R&Q Insurance Holdings Ltd,N/A,CLOSED,-,SHARES,Insurance
SBRELN,KA.D.SBRELN.CASH.IP,Sabre Insurance Group PLC,N/A,TRADEABLE,-,SHARES,Insurance
SAFT,UD.D.SAFT.CASH.IP,Safety Insurance Group Inc,N/A,TRADEABLE,-,SHARES,Insurance
BRPUS,UA.D.BRPUS.CASH.IP,The Baldwin Insurance Group Inc,N/A,TRADEABLE,-,SHARES,Insurance
TIGUS,UD.D.TIGUS.CASH.IP,Trean Insurance Group Inc,N/A,CLOSED,-,SHARES,Insurance
UQA,EK.D.UQA.CASH.IP,UNIQA Insurance Group AG,N/A,TRADEABLE,-,SHARES,Insurance
VIGAV,EK.D.VIGAV.CASH.IP,Vienna Insurance Group AG,N/A,TRADEABLE,-,SHARES,Insurance
IAKUS,SI.D.IAKUS.CASH.IP,iShares US Insurance ETF,N/A,TRADEABLE,-,SHARES,Insurance
2628HK,AC.D.2628HK.CASH.IP,China Life Insurance Co Ltd,N/A,EDITS_ONLY,-,SHARES,Insurance
2601HK,AC.D.2601HK.CASH.IP,China Pacific Insurance Group Co Ltd,N/A,EDITS_ONLY,-,SHARES,Insurance
1336HK,AC.D.1336HK.CASH.IP,New China Life Insurance Co Ltd,N/A,EDITS_ONLY,-,SHARES,Insurance
1339HK,AC.D.1339HK.CASH.IP,People's Insurance Co Group of China Ltd,N/A,EDITS_ONLY,-,SHARES,Insurance
2318HK,AC.D.2318HK.CASH.IP,Ping An Insurance Group Co of China Ltd,N/A,EDITS_ONLY,-,SHARES,Insurance
UIHCUS,UD.D.UIHCUS.CASH.IP,American Coastal Insurance Corporation,N/A,TRADEABLE,-,SHARES,Insurance
ANAT,UA.D.ANAT.CASH.IP,American National Insurance Co,N/A,CLOSED,-,SHARES,Insurance
LFC,SD.D.LFC.CASH.IP,China Life Insurance Co Ltd - ADR,N/A,CLOSED,-,SHARES,Insurance
DWINUUS,SB.D.DWINUUS.CASH.IP,Delwinds Insurance Acquisition Corporation (unit),N/A,CLOSED,-,SHARES,Insurance
DLGLN,KA.D.DLGLN.CASH.IP,Direct Line Insurance Group PLC,N/A,OFFLINE,-,SHARES,Insurance
FIGAU,AB.D.FIGAU.CASH.IP,Freedom Insurance Group Limited,N/A,CLOSED,-,SHARES,Insurance
HRTGUS,SC.D.HRTGUS.CASH.IP,Heritage Insurance Holdings Inc,N/A,TRADEABLE,-,SHARES,Insurance
IAG,AA.D.IAG.CASH.IP,Insurance Australia Group Ltd,N/A,EDITS_ONLY,-,SHARES,Insurance
INSXLN,KA.D.INSXLN.CASH.IP,Invesco Dow Jones US Insurance UCITS ETF,N/A,TRADEABLE,-,SHARES,Insurance
8725JT,AJ.D.8725JT.CASH.IP,MS&AD Insurance Group Holdings Inc,N/A,EDITS_ONLY,-,SHARES,Insurance
FIHLUS,SC.D.FIHLUS.CASH.IP,Pelagos Insurance Capital Limited,N/A,TRADEABLE,-,SHARES,Insurance
PTVCAUS,UC.D.PTVCAUS.CASH.IP,Protective Insurance Corporation,N/A,CLOSED,-,SHARES,Insurance
SIGI,UD.D.SIGI.CASH.IP,Selective Insurance Group Inc,N/A,TRADEABLE,-,SHARES,Insurance
SKWDUS,UD.D.SKWDUS.CASH.IP,Skyward Specialty Insurance Group Inc,N/A,TRADEABLE,-,SHARES,Insurance
KIEUS,SI.D.KIEUS.CASH.IP,State Street SPDR S&P Insurance ETF,N/A,TRADEABLE,-,SHARES,Insurance
6963HK,AC.D.6963HK.CASH.IP,Sunshine Insurance Group Co Ltd,N/A,EDITS_ONLY,-,SHARES,Insurance
UVEUS,SH.D.UVEUS.CASH.IP,Universal Insurance Holdings Inc,N/A,TRADEABLE,-,SHARES,Insurance
966HK,AC.D.966HK.CASH.IP,China Taiping Insurance Holdings Co Ltd,N/A,EDITS_ONLY,-,SHARES,Insurance
XX301282E,KC.D.XX301282E.CASH.IP,Ecclesiastical Insurance Office Plc 8.625% Non Cum IRRD PREF,N/A,TRADEABLE,-,SHARES,Insurance
IAGCT,KN.D.IAGCT.CASH.IP,Industrial Alliance Insurance & Financial Services Inc,N/A,TRADEABLE,-,SHARES,Insurance
IGICUS,UB.D.IGICUS.CASH.IP,International General Insurance Holdings Limited,N/A,TRADEABLE,-,SHARES,Insurance
SXIPEXGY,ED.D.SXIPEXGY.CASH.IP,iShares STOXX Europe 600 Insurance UCITS ETF DE,N/A,TRADEABLE,-,SHARES,Insurance
REALUS,UC.D.REALUS.CASH.IP,The RealReal Inc,N/A,TRADEABLE,-,SHARES,Real
REALCN,KN.D.REALCN.CASH.IP,Real Matters Inc,N/A,TRADEABLE,-,SHARES,Real
RTCGY,ED.D.RTCGY.CASH.IP,REALTECH AG,N/A,TRADEABLE,-,SHARES,Real
BLBXUS,UA.D.BLBXUS.CASH.IP,REalloys Inc,N/A,TRADEABLE,-,SHARES,Real
ADCUS,SA.D.ADCUS.CASH.IP,Agree Realty Corp,N/A,TRADEABLE,-,SHARES,Real
PDXLN,KA.D.PDXLN.CASH.IP,Gaming Realms PLC,N/A,TRADEABLE,-,SHARES,Real
GTY,SC.D.GTY.CASH.IP,Getty Realty Corp,N/A,TRADEABLE,-,SHARES,Real
RGD,KC.D.RGD.CASH.IP,Real Good Food Co PLC,N/A,CLOSED,-,SHARES,Real
RGSEUS,UC.D.RGSEUS.CASH.IP,Real Goods Solar Inc,N/A,CLOSED,-,SHARES,Real
RMSGUS,UC.D.RMSGUS.CASH.IP,Real Messenger Corp,N/A,TRADEABLE,-,SHARES,Real
RNWK,UC.D.RNWK.CASH.IP,RealNetworks Inc,N/A,CLOSED,-,SHARES,Real
O,SE.D.O.CASH.IP,Realty Income Corp (24 Hours),N/A,TRADEABLE,-,SHARES,Real
SLG,SG.D.SLG.CASH.IP,SL Green Realty Corp,N/A,TRADEABLE,-,SHARES,Real
REAXUS,UC.D.REAXUS.CASH.IP,The Real Brokerage Inc,N/A,TRADEABLE,-,SHARES,Real
AIREUS,UA.D.AIREUS.CASH.IP,reAlpha Tech Corp,N/A,TRADEABLE,-,SHARES,Real
RSOUS,SG.D.RSOUS.CASH.IP,ACRES Commerical Realty Corp,N/A,TRADEABLE,-,SHARES,Real
ARTLLN,KC.D.ARTLLN.CASH.IP,Alpha Real Trust Limited,N/A,OFFLINE,-,SHARES,Real
COLDUS,SB.D.COLDUS.CASH.IP,Americold Realty Trust Inc,N/A,TRADEABLE,-,SHARES,Real
ABRUS,SA.D.ABRUS.CASH.IP,Arbor Realty Trust Inc,N/A,TRADEABLE,-,SHARES,Real
BDN,SA.D.BDN.CASH.IP,Brandywine Realty Trust,N/A,TRADEABLE,-,SHARES,Real
BRMKUS,SA.D.BRMKUS.CASH.IP,Broadmark Realty Capital Inc,N/A,CLOSED,-,SHARES,Real
CDRUS,SB.D.CDRUS.CASH.IP,Cedar Realty Trust Inc,N/A,CLOSED,-,SHARES,Real
CORSUS,SB.D.CORSUS.CASH.IP,CoreSite Realty Corp,N/A,TRADEABLE,-,SHARES,Real
CREXUS,UA.D.CREXUS.CASH.IP,Creative Realities Inc,N/A,TRADEABLE,-,SHARES,Real
ADJGY,ED.D.ADJGY.CASH.IP,ADO Properties SA,N/A,TRADEABLE,-,SHARES,Properties
LII,KA.D.LII.CASH.IP,Intu Properties PLC (LSE),N/A,OFFLINE,-,SHARES,Properties
LTCUS,SD.D.LTCUS.CASH.IP,LTC Properties Inc,N/A,TRADEABLE,-,SHARES,Properties
VICIUS,SH.D.VICIUS.CASH.IP,VICI Properties Inc (24 Hours),N/A,TRADEABLE,-,SHARES,Properties
3279JT,AJ.D.3279JT.CASH.IP,Activia Properties Inc,N/A,EDITS_ONLY,-,SHARES,Properties
ASPL,KC.D.ASPL.CASH.IP,Aseana Properties Ltd,N/A,TRADEABLE,-,SHARES,Properties
OFC,SE.D.OFC.CASH.IP,COPT Defense Properties,N/A,TRADEABLE,-,SHARES,Properties
CWP,AF.D.CWP.CASH.IP,Cedar Woods Properties Ltd,N/A,EDITS_ONLY,-,SHARES,Properties
CUZ,SB.D.CUZ.CASH.IP,Cousins Properties Inc,N/A,TRADEABLE,-,SHARES,Properties
CURBUS,SB.D.CURBUS.CASH.IP,Curbline Properties Corp,N/A,TRADEABLE,-,SHARES,Properties
DIBSJ,AR.D.DIBSJ.CASH.IP,Dipula Properties Limited,N/A,OFFLINE,-,SHARES,Properties
PHMDUS,UC.D.PHMDUS.CASH.IP,Gadsden Properties Inc,N/A,OFFLINE,-,SHARES,Properties
GLVID,EE.D.GLVID.CASH.IP,Glenveagh Properties PLC (Euronext Dublin),N/A,TRADEABLE,-,SHARES,Properties
GLVLN,KA.D.GLVLN.CASH.IP,Glenveagh Properties PLC (LSE),N/A,TRADEABLE,-,SHARES,Properties
GYCGY,ED.D.GYCGY.CASH.IP,Grand City Properties SA,N/A,TRADEABLE,-,SHARES,Properties
GRTSJ,AR.D.GRTSJ.CASH.IP,Growthpoint Properties Ltd,N/A,TRADEABLE,-,SHARES,Properties
HCP,SC.D.HCP.CASH.IP,Healthpeak Properties Inc (24 Hours),N/A,TRADEABLE,-,SHARES,Properties
HIW,SC.D.HIW.CASH.IP,Highwoods Properties Inc,N/A,TRADEABLE,-,SHARES,Properties
MPWUS,SE.D.MPWUS.CASH.IP,Medical Properties Trust Inc,N/A,TRADEABLE,-,SHARES,Properties
MRLSM,EI.D.MRLSM.CASH.IP,Merlin Properties Socimi SA,N/A,TRADEABLE,-,SHARES,Properties
MRPWUS,SE.D.MRPWUS.CASH.IP,Millrose Properties Inc,N/A,TRADEABLE,-,SHARES,Properties
NLOPUS,SE.D.NLOPUS.CASH.IP,NET Lease Office Properties,N/A,TRADEABLE,-,SHARES,Properties
OLPUS,SE.D.OLPUS.CASH.IP,One Liberty Properties Inc,N/A,TRADEABLE,-,SHARES,Properties
ONLUS,SE.D.ONLUS.CASH.IP,Orion Properties Inc,N/A,TRADEABLE,-,SHARES,Properties
RDFSJ,AR.D.RDFSJ.CASH.IP,Redefine Properties Ltd,N/A,TRADEABLE,-,SHARES,Properties
SMP,KA.D.SMP.CASH.IP,ST Modwen Properties PLC,N/A,OFFLINE,-,SHARES,Properties
SRGUS,SG.D.SRGUS.CASH.IP,Seritage Growth Properties,N/A,TRADEABLE,-,SHARES,Properties
HPTUS,UB.D.HPTUS.CASH.IP,Service Properties Trust,N/A,TRADEABLE,-,SHARES,Properties
SPRLN,KC.D.SPRLN.CASH.IP,Springfield Properties PLC,N/A,TRADEABLE,-,SHARES,Properties
INNUS,SD.D.INNUS.CASH.IP,Summit Hotel Properties Inc,N/A,TRADEABLE,-,SHARES,Properties
SMTGLN,KC.D.SMTGLN.CASH.IP,Summit Properties Ltd,N/A,OFFLINE,-,SHARES,Properties
101HK,AC.D.101HK.CASH.IP,Hang Lung Properties Ltd,N/A,EDITS_ONLY,-,SHARES,Properties
16HK,AC.D.16HK.CASH.IP,Sun Hung Kai Properties Ltd,N/A,EDITS_ONLY,-,SHARES,Properties
1972HK,AC.D.1972HK.CASH.IP,Swire Properties Limited,N/A,EDITS_ONLY,-,SHARES,Properties
2777HK,AC.D.2777HK.CASH.IP,Guangzhou R&F Properties Co Ltd,N/A,EDITS_ONLY,-,SHARES,Properties
1622HK,AC.D.1622HK.CASH.IP,Redco Properties Group Limited,N/A,EDITS_ONLY,-,SHARES,Properties
ADRAU,AB.D.ADRAU.CASH.IP,Adherium Limited,N/A,EDITS_ONLY,-,SHARES,ADR
BIDU,UA.D.BIDU.CASH.IP,Baidu Inc ADR (24 Hours),N/A,TRADEABLE,-,SHARES,ADR
CAJUS,SB.D.CAJUS.CASH.IP,Canon Inc - ADR,N/A,OFFLINE,-,SHARES,ADR
CSANUS,SB.D.CSANUS.CASH.IP,Cosan SA - ADR,N/A,TRADEABLE,-,SHARES,ADR
CRESY,UA.D.CRESY.CASH.IP,Cresud SA - ADR,N/A,TRADEABLE,-,SHARES,ADR
ENI,SB.D.ENI.CASH.IP,Enersis SA - ADR,N/A,CLOSED,-,SHARES,ADR
GGB,SC.D.GGB.CASH.IP,Gerdau SA - ADR,N/A,TRADEABLE,-,SHARES,ADR
GRFSUS,UB.D.GRFSUS.CASH.IP,Grifols SA - ADR,N/A,TRADEABLE,-,SHARES,ADR
NOK,SE.D.NOK.CASH.IP,Nokia OYJ - ADR,N/A,TRADEABLE,-,SHARES,ADR
FTEUS,SC.D.FTEUS.CASH.IP,Orange SA - ADR,N/A,OFFLINE,-,SHARES,ADR
SPPUS,SG.D.SPPUS.CASH.IP,Sappi Ltd - ADR,N/A,OFFLINE,-,SHARES,ADR
SSLUS,SG.D.SSLUS.CASH.IP,Sasol Ltd - ADR,N/A,TRADEABLE,-,SHARES,ADR
SNE,SG.D.SNE.CASH.IP,Sony Corp - ADR,N/A,TRADEABLE,-,SHARES,ADR
ADSPZ,KC.D.ADSPZ.CASH.IP,Adsure Services PLC,N/A,TRADEABLE,-,SHARES,ADS
ADSCMENO,EL.D.ADSCMENO.CASH.IP,ADS Crude Carriers PLC,N/A,TRADEABLE,-,SHARES,ADS
